# This file uses centimeters as units for non-parametric coordinates.

mtllib 11wells.mtl
g default
v -0.142118 1.661045 1.878503
v -0.148957 1.661045 1.871664
v -0.148957 6.401561 1.871664
v -0.142118 6.401561 1.878503
v 0.148957 1.661045 1.871664
v 0.142118 1.661045 1.878503
v 0.142118 6.401561 1.878503
v 0.148957 6.401561 1.871664
v -0.142118 6.401561 1.707530
v -0.148957 6.401561 1.714368
v -0.148957 1.661045 1.714368
v -0.142118 1.661045 1.707530
v 0.148957 6.401561 1.714368
v 0.142118 6.401561 1.707530
v 0.142118 1.661045 1.707530
v 0.148957 1.661045 1.714368
v 0.176926 3.056903 1.680558
v 0.122437 2.988577 1.680558
v 0.043697 2.950658 1.680558
v -0.043697 2.950658 1.680558
v -0.122437 2.988577 1.680558
v -0.176926 3.056903 1.680558
v -0.196373 3.142107 1.680558
v -0.176926 3.227310 1.680558
v -0.122437 3.295638 1.680558
v -0.043697 3.333557 1.680558
v 0.043697 3.333557 1.680558
v 0.122437 3.295638 1.680558
v 0.176926 3.227310 1.680558
v 0.196373 3.142107 1.680558
v 0.000000 3.142107 1.680558
v 0.000000 3.142107 -1.938686
v 0.176926 3.056903 0.428084
v 0.196373 3.142107 0.428084
v 0.176926 3.227310 0.428084
v 0.122437 3.295638 0.428084
v 0.043697 3.333557 0.428084
v -0.043697 3.333557 0.428084
v -0.122437 3.295638 0.428084
v -0.176926 3.227310 0.445136
v -0.197545 3.139156 0.475754
v -0.176926 3.056903 0.392357
v -0.122437 2.988577 0.421538
v -0.043697 2.950658 0.428084
v 0.043697 2.950658 0.428084
v 0.122437 2.988577 0.428084
v 0.176926 3.056903 0.388196
v 0.196373 3.142107 0.388196
v 0.176926 3.227310 0.388196
v 0.122437 3.295638 0.388196
v 0.043697 3.333557 0.388196
v -0.043697 3.333557 0.388196
v -0.122437 3.295638 0.388196
v -0.176926 3.227310 0.405249
v -0.189715 3.140211 0.435444
v -0.176926 3.056903 0.352470
v -0.122437 2.988577 0.381651
v -0.043697 2.950658 0.388196
v 0.043697 2.950658 0.388196
v 0.122437 2.988577 0.388196
v 0.176926 3.056903 0.330100
v 0.196373 3.142107 0.330100
v 0.176926 3.227310 0.330100
v 0.122437 3.295638 0.330100
v 0.043697 3.333557 0.330100
v -0.043697 3.333557 0.330100
v -0.122437 3.295638 0.330100
v -0.176926 3.227310 0.341733
v -0.188172 3.142107 0.247862
v -0.176926 3.056903 0.299235
v -0.122437 2.988577 0.330100
v -0.043697 2.950658 0.330100
v 0.043697 2.950658 0.330100
v 0.122437 2.988577 0.330100
v 0.176926 3.056903 0.292510
v 0.196373 3.142107 0.292510
v 0.176926 3.227310 0.292510
v 0.122437 3.295638 0.292510
v 0.043697 3.333557 0.292510
v -0.043697 3.333557 0.292510
v -0.122437 3.295638 0.292510
v -0.176926 3.225652 0.303269
v -0.185226 3.142107 0.209373
v -0.176926 3.056903 0.261645
v -0.122437 2.988577 0.292510
v -0.043697 2.950658 0.292510
v 0.043697 2.950658 0.292510
v 0.122437 2.988577 0.292510
v 0.176926 3.056903 0.567639
v 0.196373 3.142107 0.567639
v 0.176926 3.227310 0.567639
v 0.122437 3.295638 0.567639
v 0.043697 3.333557 0.567639
v -0.043697 3.333557 0.567639
v -0.122437 3.295638 0.567639
v -0.176926 3.227310 0.567639
v -0.192051 3.063232 0.517815
v -0.122437 2.988577 0.557037
v -0.043697 2.950658 0.567639
v 0.043697 2.950658 0.567639
v 0.122437 2.988577 0.567639
v 0.176926 3.056903 0.527147
v 0.196373 3.142107 0.527147
v 0.176926 3.227310 0.527147
v 0.122437 3.295638 0.527147
v 0.043697 3.333557 0.527147
v -0.043697 3.333557 0.527147
v -0.122437 3.295638 0.527147
v -0.176926 3.227310 0.527147
v -0.176926 3.056903 0.477323
v -0.122437 2.988577 0.516546
v -0.043697 2.950658 0.527147
v 0.043697 2.950658 0.527147
v 0.122437 2.988577 0.527147
v 0.176926 3.056903 -0.253187
v 0.196373 3.142107 -0.253187
v 0.176926 3.227310 -0.253187
v 0.122437 3.295638 -0.253187
v 0.043697 3.333557 -0.253187
v -0.043697 3.333557 -0.253187
v -0.122437 3.295638 -0.253187
v -0.176926 3.227310 -0.253187
v -0.196373 3.142107 -0.253187
v -0.176926 3.056903 -0.253187
v -0.122437 2.988577 -0.253187
v -0.043697 2.950658 -0.253187
v 0.043697 2.950658 -0.253187
v 0.122437 2.988577 -0.253187
v 0.176926 3.056903 0.101895
v 0.196373 3.142107 0.101895
v 0.176926 3.227310 0.101895
v 0.122437 3.295638 0.101895
v 0.043697 3.333557 0.101895
v -0.043697 3.333557 0.114864
v -0.122437 3.295638 0.146364
v -0.185419 3.142107 0.078172
v -0.176926 3.056903 0.101895
v -0.122437 2.988577 0.101895
v -0.043697 2.950658 0.101895
v 0.043697 2.950658 0.101895
v 0.122437 2.988577 0.101895
v -0.189220 3.139719 0.363848
v -0.189220 3.139719 0.322102
v -0.174309 3.229342 0.193785
v -0.174400 3.226539 0.154621
v 0.176926 3.056903 0.061156
v 0.196373 3.142107 0.061156
v 0.176926 3.056903 0.046066
v 0.196373 3.142107 0.046066
v 0.176926 3.227310 0.061156
v 0.176926 3.227310 0.046066
v 0.122437 3.295637 0.061156
v 0.122437 3.295637 0.046066
v 0.043697 3.333556 0.061156
v 0.043697 3.333556 0.046066
v -0.043697 3.333556 0.074125
v -0.043697 3.333556 0.046066
v -0.122437 3.295637 0.105625
v -0.122437 3.295637 0.046066
v -0.176926 3.227310 0.046067
v -0.185419 3.142107 0.037434
v -0.196373 3.142107 0.046067
v -0.176926 3.056903 0.061156
v -0.176926 3.056903 0.046067
v -0.122437 2.988577 0.061156
v -0.122437 2.988576 0.046067
v -0.043697 2.950658 0.061156
v -0.043697 2.950658 0.046066
v 0.043697 2.950658 0.061156
v 0.043697 2.950658 0.046066
v 0.122437 2.988576 0.061156
v 0.122437 2.988576 0.046066
v 0.176926 3.056903 0.006221
v 0.196373 3.142107 0.006221
v 0.176926 3.056903 0.001775
v 0.196373 3.142107 0.001775
v 0.176926 3.227310 0.006221
v 0.176926 3.227310 0.001775
v 0.122437 3.295637 0.006221
v 0.122437 3.295637 0.001775
v 0.043697 3.333556 0.006221
v 0.043697 3.333556 0.001775
v -0.043697 3.333556 0.006221
v -0.043697 3.333556 0.001775
v -0.122437 3.295637 0.006221
v -0.122437 3.295637 0.001775
v -0.176926 3.227310 0.006221
v -0.176926 3.227310 0.001776
v -0.196373 3.142107 0.006221
v -0.196373 3.142107 0.001775
v -0.176926 3.056903 0.006221
v -0.176926 3.056903 0.001775
v -0.122437 2.988576 0.006221
v -0.122437 2.988576 0.001775
v -0.043697 2.950658 0.006221
v -0.043697 2.950658 0.001775
v 0.043697 2.950658 0.006221
v 0.043697 2.950658 0.001775
v 0.122437 2.988576 0.006221
v 0.122437 2.988576 0.001775
v 0.176926 3.056903 -0.041188
v 0.196373 3.142107 -0.041188
v 0.176926 3.056903 -0.051655
v 0.196373 3.142107 -0.051655
v 0.176926 3.227310 -0.041188
v 0.176926 3.227310 -0.051655
v 0.122437 3.295637 -0.041188
v 0.122437 3.295637 -0.051655
v 0.043697 3.333556 -0.041188
v 0.043697 3.333556 -0.051655
v -0.043697 3.333556 -0.041188
v -0.043697 3.333556 -0.051655
v -0.122437 3.295637 -0.041188
v -0.122437 3.295637 -0.051655
v -0.176926 3.227310 -0.041188
v -0.176926 3.227310 -0.051655
v -0.196373 3.142107 -0.041188
v -0.196373 3.142107 -0.051655
v -0.176926 3.056903 -0.041188
v -0.176926 3.056903 -0.051655
v -0.122437 2.988576 -0.041188
v -0.122437 2.988576 -0.051655
v -0.043697 2.950658 -0.041188
v -0.043697 2.950658 -0.051655
v 0.043697 2.950658 -0.041188
v 0.043697 2.950658 -0.051655
v 0.122437 2.988577 -0.041188
v 0.122437 2.988577 -0.051655
v 0.176926 3.056903 -0.092594
v 0.196373 3.142107 -0.092594
v 0.176926 3.056903 -0.118789
v 0.196373 3.142107 -0.118789
v 0.176926 3.227310 -0.092594
v 0.176926 3.227310 -0.118789
v 0.122437 3.295637 -0.092594
v 0.122437 3.295637 -0.118789
v 0.043697 3.333556 -0.092594
v 0.043697 3.333556 -0.118789
v -0.043697 3.333556 -0.092594
v -0.043697 3.333556 -0.118789
v -0.122437 3.295637 -0.092594
v -0.122437 3.295637 -0.118789
v -0.176926 3.227310 -0.092594
v -0.176926 3.227310 -0.118789
v -0.196373 3.142107 -0.092594
v -0.196373 3.142107 -0.118789
v -0.176926 3.056903 -0.092594
v -0.176926 3.056903 -0.118789
v -0.122437 2.988576 -0.092594
v -0.122437 2.988576 -0.118789
v -0.043697 2.950658 -0.092594
v -0.043697 2.950658 -0.118789
v 0.043697 2.950658 -0.092594
v 0.043697 2.950658 -0.118789
v 0.122437 2.988576 -0.092594
v 0.122437 2.988576 -0.118789
v 0.176926 3.056903 -0.160012
v 0.196373 3.142107 -0.160012
v 0.176926 3.056903 -0.164852
v 0.196373 3.142107 -0.164852
v 0.176926 3.227310 -0.160012
v 0.176926 3.227310 -0.164852
v 0.122437 3.295637 -0.160012
v 0.122437 3.295637 -0.164852
v 0.043697 3.333556 -0.160012
v 0.043697 3.333556 -0.164852
v -0.043697 3.333556 -0.160012
v -0.043697 3.333556 -0.164852
v -0.122437 3.295637 -0.160012
v -0.122437 3.295637 -0.164852
v -0.176926 3.227310 -0.160012
v -0.176926 3.227310 -0.164852
v -0.196373 3.142107 -0.160012
v -0.196373 3.142107 -0.164852
v -0.176926 3.056903 -0.160012
v -0.176926 3.056903 -0.164852
v -0.122437 2.988577 -0.160012
v -0.122437 2.988577 -0.164852
v -0.043697 2.950658 -0.160012
v -0.043697 2.950658 -0.164852
v 0.043697 2.950658 -0.160012
v 0.043697 2.950658 -0.164852
v 0.122437 2.988576 -0.160012
v 0.122437 2.988576 -0.164852
v 0.176926 3.056903 -0.204757
v 0.196373 3.142107 -0.204757
v 0.176926 3.056903 -0.213047
v 0.196373 3.142107 -0.213047
v 0.176926 3.227310 -0.204757
v 0.176926 3.227310 -0.213047
v 0.122437 3.295637 -0.204757
v 0.122437 3.295637 -0.213047
v 0.043697 3.333556 -0.204757
v 0.043697 3.333556 -0.213047
v -0.043697 3.333556 -0.204757
v -0.043697 3.333556 -0.213047
v -0.122437 3.295637 -0.204757
v -0.122437 3.295637 -0.213047
v -0.176926 3.227310 -0.204757
v -0.176926 3.227310 -0.213047
v -0.196373 3.142107 -0.204757
v -0.196373 3.142107 -0.213047
v -0.176926 3.056903 -0.204757
v -0.176926 3.056903 -0.213047
v -0.122437 2.988577 -0.204757
v -0.122437 2.988577 -0.213047
v -0.043697 2.950658 -0.204757
v -0.043697 2.950658 -0.213047
v 0.043697 2.950658 -0.204757
v 0.043697 2.950658 -0.213047
v 0.122437 2.988576 -0.204757
v 0.122437 2.988577 -0.213047
v -0.196373 2.119967 0.567638
v -0.196373 2.119967 0.527147
v -0.152175 2.119967 0.567638
v -0.152175 2.119967 0.527147
v -0.152175 2.160479 0.567638
v -0.152175 2.160479 0.527147
v -0.195897 2.160481 0.567638
v -0.195897 2.160481 0.527147
v 0.205977 3.042913 0.556523
v 0.195705 3.047859 0.567639
v 0.217216 3.142107 0.567639
v 0.228617 3.142107 0.556523
v 0.195705 3.047859 0.527147
v 0.205977 3.042913 0.538263
v 0.228617 3.142107 0.538263
v 0.217216 3.142107 0.527147
v 0.195705 3.236354 0.567639
v 0.205977 3.241300 0.556523
v 0.205977 3.241300 0.538263
v 0.195705 3.236354 0.527147
v 0.135432 3.311933 0.567639
v 0.142540 3.320847 0.556523
v 0.142540 3.320847 0.538263
v 0.135432 3.311933 0.527147
v 0.048335 3.353877 0.567639
v 0.050872 3.364992 0.556523
v 0.050872 3.364992 0.538263
v 0.048335 3.353877 0.527147
v -0.048335 3.353877 0.567639
v -0.050872 3.364992 0.556523
v -0.050872 3.364992 0.538263
v -0.048335 3.353877 0.527147
v -0.135432 3.311933 0.567639
v -0.142540 3.320847 0.556523
v -0.142540 3.320847 0.538263
v -0.135432 3.311933 0.527147
v -0.195705 3.236353 0.567639
v -0.205977 3.241300 0.556523
v -0.205977 3.241300 0.538263
v -0.195705 3.236354 0.527147
v -0.217500 3.140864 0.567639
v -0.228617 3.142107 0.556523
v -0.228617 3.142107 0.538263
v -0.217500 3.140864 0.527147
v -0.205977 3.042913 0.506255
v -0.195817 3.047806 0.517815
v -0.135433 2.972279 0.557037
v -0.142540 2.963367 0.545838
v -0.195144 3.048130 0.477323
v -0.205977 3.042913 0.488787
v -0.142540 2.963367 0.528085
v -0.135218 2.972549 0.516546
v -0.048347 2.930285 0.567639
v -0.050872 2.919221 0.556573
v -0.050872 2.919221 0.538345
v -0.048317 2.930417 0.527147
v 0.048335 2.930337 0.567639
v 0.050872 2.919221 0.556524
v 0.050872 2.919221 0.538263
v 0.048335 2.930337 0.527147
v 0.135432 2.972281 0.567639
v 0.142540 2.963367 0.556523
v 0.142540 2.963367 0.538263
v 0.135432 2.972281 0.527147
v 0.205977 3.042913 0.416968
v 0.195705 3.047859 0.428084
v 0.217216 3.142107 0.428084
v 0.228617 3.142107 0.416968
v 0.195705 3.047859 0.388196
v 0.205977 3.042913 0.399312
v 0.228617 3.142107 0.399312
v 0.217216 3.142107 0.388196
v 0.195705 3.236354 0.428083
v 0.205977 3.241300 0.416968
v 0.205977 3.241300 0.399312
v 0.195705 3.236353 0.388196
v 0.135432 3.311933 0.428083
v 0.142540 3.320847 0.416968
v 0.142540 3.320847 0.399312
v 0.135432 3.311933 0.388196
v 0.048335 3.353877 0.428083
v 0.050872 3.364992 0.416968
v 0.050872 3.364992 0.399312
v 0.048335 3.353877 0.388196
v -0.048335 3.353877 0.428084
v -0.050872 3.364992 0.416968
v -0.050872 3.364992 0.399312
v -0.048335 3.353877 0.388196
v -0.135341 3.311819 0.428083
v -0.142540 3.320847 0.416821
v -0.142540 3.320847 0.399248
v -0.135476 3.311988 0.388196
v -0.195391 3.236202 0.445136
v -0.205977 3.241300 0.433640
v -0.205977 3.241300 0.416460
v -0.195640 3.236322 0.405249
v -0.216808 3.134948 0.479993
v -0.228854 3.127905 0.471553
v -0.228854 3.126442 0.455996
v -0.219889 3.129697 0.441154
v -0.205977 3.042913 0.380780
v -0.196032 3.047702 0.392357
v -0.135457 2.972250 0.421538
v -0.142540 2.963367 0.410424
v -0.195297 3.048056 0.352470
v -0.205977 3.042913 0.364098
v -0.142540 2.963367 0.393041
v -0.135281 2.972470 0.381651
v -0.048335 2.930337 0.428084
v -0.050872 2.919222 0.417003
v -0.050872 2.919222 0.399359
v -0.048335 2.930337 0.388196
v 0.048335 2.930337 0.428084
v 0.050872 2.919222 0.416968
v 0.050872 2.919222 0.399312
v 0.048335 2.930337 0.388196
v 0.135432 2.972281 0.428084
v 0.142540 2.963367 0.416968
v 0.142540 2.963367 0.399312
v 0.135432 2.972281 0.388196
v 0.205977 3.042913 0.318985
v 0.195705 3.047859 0.330100
v 0.217216 3.142107 0.330100
v 0.228617 3.142107 0.318985
v 0.195705 3.047859 0.292510
v 0.205977 3.042913 0.303625
v 0.228617 3.142107 0.303625
v 0.217216 3.142107 0.292510
v 0.195705 3.236354 0.330100
v 0.205977 3.241300 0.318985
v 0.205977 3.241300 0.303625
v 0.195705 3.236354 0.292510
v 0.135432 3.311933 0.330100
v 0.142540 3.320847 0.318985
v 0.142540 3.320847 0.303625
v 0.135432 3.311933 0.292510
v 0.048335 3.353877 0.330100
v 0.050872 3.364992 0.318985
v 0.050872 3.364992 0.303625
v 0.048335 3.353877 0.292510
v -0.048335 3.353877 0.330100
v -0.050872 3.364992 0.318985
v -0.050872 3.364992 0.303625
v -0.048335 3.353877 0.292510
v -0.135375 3.311862 0.330100
v -0.142540 3.320847 0.318893
v -0.142540 3.320847 0.303575
v -0.135465 3.311975 0.292510
v -0.195310 3.236163 0.341733
v -0.205977 3.241300 0.330417
v -0.205977 3.241300 0.314423
v -0.195706 3.236354 0.303269
v -0.229003 3.142107 0.235261
v -0.218074 3.142107 0.247862
v -0.195646 3.047888 0.299235
v -0.205977 3.042913 0.287494
v -0.216843 3.142107 0.209373
v -0.229003 3.142107 0.222041
v -0.205977 3.042913 0.273622
v -0.195440 3.047987 0.261645
v -0.135478 2.972224 0.330100
v -0.142540 2.963367 0.319041
v -0.142540 2.963367 0.303945
v -0.135238 2.972524 0.292510
v -0.048335 2.930337 0.330100
v -0.050872 2.919222 0.318985
v -0.050872 2.919222 0.303625
v -0.048335 2.930337 0.292510
v 0.048335 2.930337 0.330100
v 0.050872 2.919222 0.318985
v 0.050872 2.919222 0.303625
v 0.048335 2.930337 0.292510
v 0.135432 2.972281 0.330100
v 0.142540 2.963367 0.318985
v 0.142540 2.963367 0.303625
v 0.135432 2.972281 0.292510
v 0.203548 3.044083 0.090779
v 0.193276 3.049030 0.101895
v 0.214520 3.142107 0.101895
v 0.225921 3.142107 0.090779
v 0.193276 3.049030 -0.253187
v 0.203548 3.044083 -0.242072
v 0.214520 3.142107 -0.253187
v 0.225921 3.142107 -0.242072
v 0.193276 3.235183 0.101895
v 0.203548 3.240131 0.090779
v 0.193276 3.235183 -0.253187
v 0.203548 3.240131 -0.242072
v 0.133751 3.309825 0.101895
v 0.140860 3.318739 0.090779
v 0.133751 3.309825 -0.253187
v 0.140860 3.318739 -0.242071
v 0.047712 3.351145 0.101895
v 0.050272 3.362364 0.090673
v 0.047735 3.351249 -0.253187
v 0.050272 3.362364 -0.242071
v -0.047656 3.350900 0.114864
v -0.050272 3.362364 0.103357
v -0.047735 3.351249 -0.253187
v -0.050272 3.362364 -0.242071
v -0.129971 3.304961 0.146364
v -0.137427 3.314187 0.134532
v -0.133751 3.309825 -0.253187
v -0.140860 3.318739 -0.242071
v -0.193276 3.235183 -0.253187
v -0.203548 3.240131 -0.242072
v -0.203634 3.142107 0.078172
v -0.214967 3.142107 0.067124
v -0.214520 3.142107 -0.253187
v -0.225921 3.142107 -0.242072
v -0.193276 3.049030 0.101895
v -0.203548 3.044083 0.090779
v -0.193276 3.049030 -0.253187
v -0.203548 3.044083 -0.242072
v -0.133751 2.974389 0.101895
v -0.140860 2.965475 0.090779
v -0.133751 2.974389 -0.253187
v -0.140859 2.965475 -0.242072
v -0.047735 2.932966 0.101895
v -0.050272 2.921850 0.090779
v -0.047735 2.932966 -0.253187
v -0.050272 2.921850 -0.242072
v 0.047735 2.932966 0.101895
v 0.050272 2.921850 0.090779
v 0.047735 2.932966 -0.253187
v 0.050272 2.921850 -0.242072
v 0.133751 2.974389 0.101895
v 0.140860 2.965475 0.090779
v 0.133751 2.974389 -0.253187
v 0.140860 2.965475 -0.242071
v -0.215020 3.139179 0.363848
v -0.226766 3.138933 0.352397
v -0.226766 3.138933 0.333441
v -0.215385 3.139171 0.322102
v -0.209902 3.239544 0.181705
v -0.199666 3.236142 0.193785
v -0.198469 3.235744 0.154621
v -0.209902 3.239544 0.167487
v -0.196373 3.142107 0.556523
v -0.190297 3.141510 0.546381
v -0.195897 2.187515 0.556513
v -0.207017 2.176629 0.567638
v -0.227022 2.187548 0.556523
v -0.215907 2.187537 0.567638
v -0.192576 2.101439 0.567638
v -0.196373 2.090323 0.556523
v -0.212886 2.103098 0.556579
v -0.204530 2.110705 0.567673
v -0.196373 3.142107 0.538263
v -0.201056 3.140881 0.527147
v -0.195897 2.187515 0.538262
v -0.207007 2.176639 0.527147
v -0.215907 2.187537 0.527147
v -0.227022 2.187548 0.538262
v -0.196373 2.090323 0.538262
v -0.192576 2.101439 0.527147
v -0.204530 2.110705 0.527112
v -0.212886 2.103098 0.538206
v 0.203548 3.044083 0.072272
v 0.193276 3.049030 0.061156
v 0.225921 3.142107 0.072272
v 0.214520 3.142107 0.061156
v 0.203548 3.240131 0.072272
v 0.193276 3.235183 0.061156
v 0.140860 3.318739 0.072271
v 0.133751 3.309825 0.061156
v 0.050272 3.362364 0.072215
v 0.047749 3.351308 0.061156
v -0.050272 3.362364 0.085297
v -0.047732 3.351233 0.074125
v -0.137427 3.314187 0.117383
v -0.130297 3.305363 0.105625
v -0.214967 3.142107 0.050064
v -0.202012 3.142107 0.037434
v -0.203548 3.044083 0.072272
v -0.193276 3.049030 0.061156
v -0.140860 2.965475 0.072272
v -0.133751 2.974389 0.061156
v -0.050272 2.921850 0.072272
v -0.047735 2.932966 0.061156
v 0.050272 2.921850 0.072272
v 0.047735 2.932966 0.061156
v 0.140860 2.965475 0.072272
v 0.133751 2.974389 0.061156
v 0.203548 3.044083 0.034951
v 0.193276 3.049030 0.046066
v 0.225921 3.142107 0.034951
v 0.214520 3.142107 0.046066
v 0.203548 3.240131 0.034951
v 0.193276 3.235183 0.046066
v 0.140860 3.318739 0.034951
v 0.133751 3.309825 0.046066
v 0.050272 3.362364 0.034951
v 0.047735 3.351248 0.046066
v -0.050272 3.362364 0.034951
v -0.047735 3.351248 0.046066
v -0.140860 3.318739 0.034951
v -0.133751 3.309825 0.046066
v -0.203548 3.240131 0.034951
v -0.193276 3.235183 0.046066
v -0.225921 3.142107 0.034951
v -0.214520 3.142107 0.046066
v -0.203548 3.044083 0.034951
v -0.193276 3.049029 0.046067
v -0.140860 2.965475 0.034951
v -0.133751 2.974389 0.046067
v -0.050272 2.921850 0.034951
v -0.047735 2.932966 0.046066
v 0.050272 2.921850 0.034951
v 0.047735 2.932966 0.046066
v 0.140860 2.965475 0.034951
v 0.133751 2.974389 0.046066
v 0.203548 3.044083 0.017336
v 0.193276 3.049030 0.006221
v 0.225921 3.142107 0.017336
v 0.214520 3.142107 0.006221
v 0.203548 3.240131 0.017336
v 0.193276 3.235183 0.006221
v 0.140860 3.318739 0.017336
v 0.133751 3.309825 0.006221
v 0.050272 3.362364 0.017336
v 0.047735 3.351248 0.006221
v -0.050272 3.362364 0.017336
v -0.047735 3.351248 0.006221
v -0.140860 3.318739 0.017336
v -0.133751 3.309825 0.006221
v -0.203548 3.240131 0.017336
v -0.193276 3.235183 0.006221
v -0.225921 3.142107 0.017336
v -0.214520 3.142107 0.006221
v -0.203548 3.044083 0.017336
v -0.193276 3.049030 0.006221
v -0.140860 2.965475 0.017336
v -0.133751 2.974389 0.006221
v -0.050272 2.921850 0.017336
v -0.047735 2.932966 0.006221
v 0.050272 2.921850 0.017336
v 0.047735 2.932966 0.006221
v 0.140860 2.965475 0.017336
v 0.133751 2.974389 0.006221
v 0.203548 3.044083 -0.009340
v 0.193276 3.049030 0.001775
v 0.225921 3.142107 -0.009340
v 0.214520 3.142107 0.001775
v 0.203548 3.240131 -0.009340
v 0.193276 3.235183 0.001775
v 0.140860 3.318739 -0.009340
v 0.133751 3.309825 0.001775
v 0.050272 3.362363 -0.009340
v 0.047735 3.351248 0.001775
v -0.050272 3.362363 -0.009340
v -0.047735 3.351248 0.001775
v -0.140860 3.318739 -0.009340
v -0.133751 3.309825 0.001775
v -0.203548 3.240131 -0.009340
v -0.193276 3.235183 0.001776
v -0.225921 3.142107 -0.009340
v -0.214520 3.142107 0.001775
v -0.203548 3.044083 -0.009340
v -0.193276 3.049030 0.001775
v -0.140860 2.965475 -0.009340
v -0.133751 2.974389 0.001775
v -0.050272 2.921850 -0.009340
v -0.047735 2.932966 0.001775
v 0.050272 2.921850 -0.009340
v 0.047735 2.932966 0.001775
v 0.140860 2.965475 -0.009340
v 0.133751 2.974389 0.001775
v 0.203548 3.044083 -0.030073
v 0.193276 3.049030 -0.041188
v 0.225921 3.142107 -0.030073
v 0.214520 3.142107 -0.041188
v 0.203548 3.240131 -0.030073
v 0.193276 3.235183 -0.041188
v 0.140860 3.318739 -0.030073
v 0.133751 3.309825 -0.041188
v 0.050272 3.362363 -0.030073
v 0.047735 3.351248 -0.041188
v -0.050272 3.362363 -0.030073
v -0.047735 3.351248 -0.041188
v -0.140860 3.318739 -0.030073
v -0.133751 3.309825 -0.041188
v -0.203548 3.240131 -0.030073
v -0.193276 3.235183 -0.041188
v -0.225921 3.142107 -0.030073
v -0.214520 3.142107 -0.041188
v -0.203548 3.044083 -0.030073
v -0.193276 3.049030 -0.041188
v -0.140860 2.965475 -0.030073
v -0.133751 2.974389 -0.041188
v -0.050272 2.921850 -0.030073
v -0.047735 2.932966 -0.041188
v 0.050272 2.921850 -0.030073
v 0.047735 2.932966 -0.041188
v 0.140860 2.965475 -0.030073
v 0.133751 2.974389 -0.041188
v 0.203548 3.044083 -0.062770
v 0.193276 3.049030 -0.051655
v 0.225921 3.142107 -0.062770
v 0.214520 3.142107 -0.051655
v 0.203548 3.240131 -0.062770
v 0.193276 3.235183 -0.051655
v 0.140860 3.318739 -0.062770
v 0.133751 3.309825 -0.051655
v 0.050272 3.362363 -0.062770
v 0.047735 3.351248 -0.051655
v -0.050272 3.362363 -0.062770
v -0.047735 3.351248 -0.051655
v -0.140860 3.318739 -0.062770
v -0.133751 3.309825 -0.051655
v -0.203548 3.240131 -0.062770
v -0.193276 3.235183 -0.051655
v -0.225921 3.142107 -0.062770
v -0.214520 3.142107 -0.051655
v -0.203548 3.044083 -0.062770
v -0.193276 3.049030 -0.051655
v -0.140860 2.965475 -0.062770
v -0.133751 2.974389 -0.051655
v -0.050272 2.921850 -0.062770
v -0.047735 2.932966 -0.051655
v 0.050272 2.921850 -0.062770
v 0.047735 2.932966 -0.051655
v 0.140860 2.965475 -0.062770
v 0.133751 2.974389 -0.051655
v 0.203548 3.044083 -0.081479
v 0.193276 3.049030 -0.092594
v 0.225921 3.142107 -0.081479
v 0.214520 3.142107 -0.092594
v 0.203548 3.240131 -0.081479
v 0.193276 3.235183 -0.092594
v 0.140860 3.318739 -0.081479
v 0.133751 3.309825 -0.092594
v 0.050272 3.362363 -0.081479
v 0.047735 3.351248 -0.092594
v -0.050272 3.362363 -0.081479
v -0.047735 3.351248 -0.092594
v -0.140860 3.318739 -0.081479
v -0.133751 3.309825 -0.092594
v -0.203548 3.240131 -0.081479
v -0.193276 3.235183 -0.092594
v -0.225921 3.142107 -0.081479
v -0.214520 3.142107 -0.092594
v -0.203548 3.044083 -0.081479
v -0.193276 3.049030 -0.092594
v -0.140860 2.965475 -0.081479
v -0.133751 2.974389 -0.092594
v -0.050272 2.921850 -0.081479
v -0.047735 2.932966 -0.092594
v 0.050272 2.921850 -0.081479
v 0.047735 2.932966 -0.092594
v 0.140860 2.965475 -0.081479
v 0.133751 2.974389 -0.092594
v 0.203548 3.044083 -0.129904
v 0.193276 3.049030 -0.118789
v 0.225921 3.142107 -0.129904
v 0.214520 3.142107 -0.118789
v 0.203548 3.240131 -0.129904
v 0.193276 3.235183 -0.118789
v 0.140860 3.318739 -0.129904
v 0.133751 3.309825 -0.118789
v 0.050272 3.362363 -0.129904
v 0.047735 3.351248 -0.118789
v -0.050272 3.362363 -0.129904
v -0.047735 3.351248 -0.118789
v -0.140860 3.318739 -0.129904
v -0.133751 3.309825 -0.118789
v -0.203548 3.240131 -0.129904
v -0.193276 3.235183 -0.118789
v -0.225921 3.142107 -0.129904
v -0.214520 3.142107 -0.118789
v -0.203548 3.044083 -0.129904
v -0.193276 3.049030 -0.118789
v -0.140860 2.965475 -0.129904
v -0.133751 2.974389 -0.118789
v -0.050272 2.921850 -0.129904
v -0.047735 2.932966 -0.118789
v 0.050272 2.921850 -0.129904
v 0.047735 2.932966 -0.118789
v 0.140860 2.965475 -0.129904
v 0.133751 2.974389 -0.118789
v 0.203548 3.044083 -0.148897
v 0.193276 3.049030 -0.160012
v 0.225921 3.142107 -0.148897
v 0.214520 3.142107 -0.160012
v 0.203548 3.240131 -0.148897
v 0.193276 3.235183 -0.160012
v 0.140860 3.318739 -0.148897
v 0.133751 3.309825 -0.160012
v 0.050272 3.362363 -0.148897
v 0.047735 3.351248 -0.160012
v -0.050272 3.362363 -0.148897
v -0.047735 3.351248 -0.160012
v -0.140860 3.318739 -0.148897
v -0.133751 3.309825 -0.160012
v -0.203548 3.240131 -0.148897
v -0.193276 3.235183 -0.160012
v -0.225921 3.142107 -0.148897
v -0.214520 3.142107 -0.160012
v -0.203548 3.044083 -0.148897
v -0.193276 3.049030 -0.160012
v -0.140860 2.965475 -0.148897
v -0.133751 2.974389 -0.160012
v -0.050272 2.921850 -0.148897
v -0.047735 2.932966 -0.160012
v 0.050272 2.921850 -0.148897
v 0.047735 2.932966 -0.160012
v 0.140860 2.965475 -0.148897
v 0.133751 2.974389 -0.160012
v 0.203548 3.044083 -0.175967
v 0.193276 3.049030 -0.164852
v 0.225921 3.142107 -0.175967
v 0.214520 3.142107 -0.164852
v 0.203548 3.240131 -0.175967
v 0.193276 3.235183 -0.164852
v 0.140860 3.318739 -0.175967
v 0.133751 3.309825 -0.164852
v 0.050272 3.362364 -0.175967
v 0.047735 3.351248 -0.164852
v -0.050272 3.362364 -0.175967
v -0.047735 3.351248 -0.164852
v -0.140860 3.318739 -0.175967
v -0.133751 3.309825 -0.164852
v -0.203548 3.240131 -0.175967
v -0.193276 3.235183 -0.164852
v -0.225921 3.142107 -0.175967
v -0.214520 3.142107 -0.164852
v -0.203548 3.044083 -0.175967
v -0.193276 3.049030 -0.164852
v -0.140860 2.965475 -0.175967
v -0.133751 2.974389 -0.164852
v -0.050272 2.921850 -0.175967
v -0.047735 2.932966 -0.164852
v 0.050272 2.921850 -0.175967
v 0.047735 2.932966 -0.164852
v 0.140860 2.965475 -0.175967
v 0.133751 2.974389 -0.164852
v 0.203548 3.044083 -0.224162
v 0.193276 3.049030 -0.213047
v 0.225921 3.142107 -0.224162
v 0.214520 3.142107 -0.213047
v 0.203548 3.240131 -0.224162
v 0.193276 3.235183 -0.213047
v 0.140860 3.318739 -0.224162
v 0.133751 3.309825 -0.213047
v 0.050272 3.362364 -0.224162
v 0.047735 3.351249 -0.213047
v -0.050272 3.362364 -0.224162
v -0.047735 3.351249 -0.213047
v -0.140860 3.318739 -0.224162
v -0.133751 3.309825 -0.213047
v -0.203548 3.240131 -0.224162
v -0.193276 3.235183 -0.213047
v -0.225921 3.142107 -0.224162
v -0.214520 3.142107 -0.213047
v -0.203548 3.044083 -0.224162
v -0.193276 3.049030 -0.213047
v -0.140859 2.965475 -0.224162
v -0.133751 2.974389 -0.213047
v -0.050272 2.921850 -0.224162
v -0.047735 2.932966 -0.213047
v 0.050272 2.921850 -0.224162
v 0.047735 2.932966 -0.213047
v 0.140860 2.965475 -0.224162
v 0.133751 2.974389 -0.213047
v 0.203548 3.044083 -0.193642
v 0.193276 3.049030 -0.204757
v 0.225921 3.142107 -0.193642
v 0.214520 3.142107 -0.204757
v 0.203548 3.240131 -0.193642
v 0.193276 3.235183 -0.204757
v 0.140860 3.318739 -0.193642
v 0.133751 3.309825 -0.204757
v 0.050272 3.362364 -0.193642
v 0.047735 3.351248 -0.204757
v -0.050272 3.362364 -0.193642
v -0.047735 3.351248 -0.204757
v -0.140860 3.318739 -0.193642
v -0.133751 3.309825 -0.204757
v -0.203548 3.240131 -0.193642
v -0.193276 3.235183 -0.204757
v -0.225921 3.142107 -0.193642
v -0.214520 3.142107 -0.204757
v -0.203548 3.044083 -0.193642
v -0.193276 3.049030 -0.204757
v -0.140860 2.965475 -0.193642
v -0.133751 2.974389 -0.204757
v -0.050272 2.921850 -0.193642
v -0.047735 2.932966 -0.204757
v 0.050272 2.921850 -0.193642
v 0.047735 2.932966 -0.204757
v 0.140860 2.965475 -0.193642
v 0.133751 2.974389 -0.204757
v -0.213350 2.124599 0.527150
v -0.224245 2.121027 0.538266
v -0.224245 2.121027 0.556519
v -0.213350 2.124599 0.567635
v -0.152175 2.090323 0.556523
v -0.155791 2.101439 0.567638
v -0.134585 2.124207 0.567682
v -0.123455 2.121023 0.556581
v -0.134627 2.103093 0.556509
v -0.142914 2.110805 0.567629
v -0.155791 2.101439 0.527147
v -0.152175 2.090323 0.538262
v -0.123455 2.121023 0.538204
v -0.134585 2.124207 0.527103
v -0.142914 2.110805 0.527156
v -0.134627 2.103093 0.538276
v -0.123455 2.159547 0.556588
v -0.134585 2.155940 0.567682
v -0.156015 2.175544 0.567594
v -0.152638 2.186574 0.556459
v -0.134627 2.174969 0.556457
v -0.142391 2.166770 0.567607
v -0.134585 2.155940 0.527103
v -0.123455 2.159547 0.538197
v -0.152638 2.186574 0.538326
v -0.156015 2.175544 0.527192
v -0.142391 2.166770 0.527178
v -0.134627 2.174969 0.538328
v -0.215854 2.160881 0.527147
v -0.226969 2.160487 0.538262
v -0.226969 2.160487 0.556523
v -0.215854 2.160881 0.567638
v 0.159235 3.065423 -1.938686
v 0.176926 3.056903 -1.919543
v 0.110194 3.003928 -1.938686
v 0.122437 2.988577 -1.919543
v 0.039328 2.969800 -1.938686
v 0.043697 2.950658 -1.919543
v -0.039328 2.969800 -1.938686
v -0.043697 2.950658 -1.919543
v -0.110194 3.003928 -1.938686
v -0.122437 2.988577 -1.919543
v -0.159235 3.065423 -1.938686
v -0.176926 3.056903 -1.919543
v -0.176738 3.142107 -1.938686
v -0.196373 3.142107 -1.919543
v -0.159235 3.218791 -1.938686
v -0.176926 3.227310 -1.919543
v -0.110194 3.280287 -1.938686
v -0.122437 3.295638 -1.919543
v -0.039328 3.314414 -1.938686
v -0.043697 3.333557 -1.919543
v 0.039328 3.314414 -1.938686
v 0.043697 3.333557 -1.919543
v 0.110194 3.280287 -1.938686
v 0.122437 3.295638 -1.919543
v 0.159235 3.218791 -1.938686
v 0.176926 3.227310 -1.919543
v 0.176738 3.142107 -1.938686
v 0.196373 3.142107 -1.919543
v -0.176926 3.142107 1.680558
v -0.171173 3.228091 0.015740
v 0.049066 3.118478 2.452910
v 0.033955 3.099529 2.452910
v 0.012118 3.089013 2.452910
v -0.012118 3.089013 2.452910
v -0.033955 3.099529 2.452910
v -0.049066 3.118478 2.452910
v -0.054460 3.142107 2.452910
v -0.049066 3.165736 2.452910
v -0.033955 3.184685 2.452910
v -0.012118 3.195201 2.452910
v 0.012118 3.195201 2.452910
v 0.033955 3.184685 2.452910
v 0.049066 3.165736 2.452910
v 0.054460 3.142107 2.452910
v 0.060987 3.112737 1.914045
v 0.042205 3.089184 1.914045
v 0.015063 3.076113 1.914045
v -0.015063 3.076113 1.914045
v -0.042204 3.089184 1.914045
v -0.060987 3.112737 1.914045
v -0.067691 3.142107 1.914045
v -0.060987 3.171477 1.914045
v -0.042205 3.195030 1.914045
v -0.015063 3.208101 1.914045
v 0.015063 3.208101 1.914045
v 0.042205 3.195030 1.914045
v 0.060987 3.171477 1.914045
v 0.067691 3.142107 1.914045
v 0.000000 3.142107 2.456784
v 0.060987 3.112737 2.286405
v 0.067691 3.142107 2.286405
v 0.060987 3.171477 2.286405
v 0.042205 3.195030 2.286405
v 0.015063 3.208101 2.286405
v -0.015063 3.208101 2.286405
v -0.042205 3.195030 2.286405
v -0.060987 3.171477 2.286405
v -0.067691 3.142107 2.286405
v -0.060987 3.112737 2.286405
v -0.042204 3.089184 2.286405
v -0.015063 3.076113 2.286405
v 0.015063 3.076113 2.286405
v 0.042205 3.089184 2.286405
v 0.058033 3.114159 2.391848
v 0.064412 3.142107 2.391848
v 0.058033 3.170054 2.391848
v 0.040160 3.192466 2.391848
v 0.014333 3.204904 2.391848
v -0.014333 3.204904 2.391848
v -0.040160 3.192466 2.391848
v -0.058033 3.170054 2.391848
v -0.064412 3.142107 2.391848
v -0.058033 3.114159 2.391848
v -0.040160 3.091748 2.391848
v -0.014333 3.079310 2.391848
v 0.014333 3.079310 2.391848
v 0.040160 3.091748 2.391848
v 0.041004 3.122360 2.380127
v 0.045511 3.142107 2.380127
v 0.041004 3.122360 2.302504
v 0.045511 3.142107 2.302504
v 0.041004 3.161854 2.380127
v 0.041004 3.161854 2.302504
v 0.028376 3.177689 2.380127
v 0.028376 3.177689 2.302504
v 0.010127 3.186477 2.380127
v 0.010127 3.186477 2.302504
v -0.010127 3.186477 2.380127
v -0.010127 3.186477 2.302504
v -0.028376 3.177689 2.380127
v -0.028376 3.177689 2.302504
v -0.041004 3.161854 2.380127
v -0.041004 3.161854 2.302504
v -0.045511 3.142107 2.380127
v -0.045511 3.142107 2.302504
v -0.041004 3.122360 2.380127
v -0.041004 3.122360 2.302504
v -0.028376 3.106525 2.380127
v -0.028376 3.106525 2.302504
v -0.010127 3.097737 2.380127
v -0.010127 3.097737 2.302504
v 0.010127 3.097737 2.380127
v 0.010127 3.097737 2.302504
v 0.028376 3.106525 2.380127
v 0.028376 3.106525 2.302504
v -1.975544 4.175497 2.463541
v -1.986362 4.193467 2.481949
v -2.001365 4.178809 2.463541
v -0.094270 6.354205 2.481949
v -0.085622 6.335145 2.462889
v -2.047929 4.271926 2.462546
v -2.033180 4.283851 2.481949
v -2.044405 4.299139 2.462546
v -0.077001 6.507857 2.481949
v -0.085622 6.526917 2.462889
v -2.047995 4.272058 -2.430588
v -2.044405 4.299139 -2.430416
v -2.033180 4.283851 -2.449819
v -0.085622 6.526917 -2.430759
v -0.077001 6.507857 -2.449819
v -2.001365 4.178810 -2.431412
v -1.986362 4.193467 -2.449819
v -1.975544 4.175497 -2.431412
v -0.094270 6.354206 -2.449819
v -0.085622 6.335146 -2.430759
v 1.975272 4.175808 2.463215
v 2.001365 4.178810 2.463541
v 1.986362 4.193467 2.481949
v 2.033180 4.283851 2.481949
v 2.047995 4.272058 2.462718
v 2.044502 4.299029 2.462718
v 2.044502 4.299029 -2.430588
v 2.047929 4.271926 -2.430416
v 2.033180 4.283851 -2.449819
v 1.986362 4.193467 -2.449819
v 2.001550 4.179179 -2.431085
v 1.975272 4.175807 -2.431085
v 0.085622 6.335146 2.462889
v 0.094270 6.354206 2.481949
v 0.077001 6.507857 2.481949
v 0.085622 6.526917 2.462889
v 0.085622 6.526917 -2.430759
v 0.077001 6.507857 -2.449819
v 0.094270 6.354205 -2.449819
v 0.085622 6.335145 -2.430759
v 0.173156 0.966745 0.655693
v 0.151166 0.966745 0.627403
v 0.223519 1.673210 0.672266
v 0.198398 1.673210 0.639950
v 0.136615 1.673210 0.822788
v 0.096067 1.673210 0.817191
v 0.097080 0.966745 0.787460
v 0.061586 0.966745 0.782560
v -0.297123 0.966745 0.893086
v -0.268833 0.966745 0.871096
v -0.313696 1.673210 0.943449
v -0.281380 1.673210 0.918328
v -0.464218 1.673210 0.856545
v -0.458621 1.673210 0.815997
v -0.428890 0.966745 0.817010
v -0.423990 0.966745 0.781516
v -0.458440 0.966745 0.787460
v -0.422946 0.966745 0.782560
v -0.497975 1.673210 0.822788
v -0.457427 1.673210 0.817191
v -0.584879 1.673210 0.672266
v -0.559758 1.673210 0.639950
v -0.534516 0.966745 0.655693
v -0.512526 0.966745 0.627403
v -0.256756 0.966745 0.174597
v -0.270260 0.966745 0.207787
v -0.267584 1.673210 0.122695
v -0.283010 1.673210 0.160609
v -0.093776 1.673210 0.122695
v -0.078349 1.673210 0.160609
v -0.104604 0.966745 0.174597
v -0.091100 0.966745 0.207787
v 0.183973 0.966745 0.463174
v 0.150784 0.966745 0.449670
v 0.235875 1.673210 0.452346
v 0.197961 1.673210 0.436920
v 0.235875 1.673210 0.626154
v 0.197961 1.673210 0.641580
v 0.183973 0.966745 0.615326
v 0.150784 0.966745 0.628830
v -0.195403 1.571329 0.049585
v -0.196514 1.748152 0.068131
v -0.197499 1.904729 0.125123
v -0.198301 2.032371 0.232228
v -0.198825 2.115684 0.376534
v -0.199006 2.144618 0.540631
v -0.198825 2.115684 0.704727
v -0.198301 2.032372 0.849032
v -0.197499 1.904729 0.956139
v -0.196514 1.748153 1.013130
v -0.195403 1.571329 1.031677
v -0.150657 1.571611 0.049585
v -0.151769 1.748434 0.068131
v -0.152753 1.905010 0.125123
v -0.153555 2.032653 0.232228
v -0.154079 2.115965 0.376534
v -0.154261 2.144900 0.540631
v -0.154079 2.115965 0.704727
v -0.153555 2.032653 0.849032
v -0.152753 1.905010 0.956139
v -0.151769 1.748434 1.013130
v -0.150657 1.571611 1.031677
v -0.173036 1.572359 1.055555
v -0.174136 1.747405 1.037007
v -0.175170 1.911894 0.977137
v -0.176013 2.045987 0.864618
v -0.176563 2.133510 0.713021
v -0.176754 2.163906 0.540631
v -0.176563 2.133510 0.368242
v -0.176013 2.045987 0.216644
v -0.175170 1.911894 0.104124
v -0.174136 1.747405 0.044252
v -0.173036 1.572359 0.025707
v -0.173059 1.576061 0.074121
v -0.174113 1.743702 0.092667
v -0.175046 1.892148 0.146699
v -0.175806 2.013162 0.248243
v -0.176303 2.092147 0.385055
v -0.176475 2.119579 0.540631
v -0.176303 2.092147 0.696207
v -0.175806 2.013162 0.833017
v -0.175046 1.892148 0.934562
v -0.174112 1.743702 0.988593
v -0.173059 1.576061 1.007140
v -0.173201 1.598616 1.057669
v -0.195570 1.597853 1.033791
v -0.173217 1.601207 1.009254
v -0.150824 1.598134 1.033791
v -0.173201 1.598615 0.023594
v -0.195569 1.597853 0.047471
v -0.173217 1.601207 0.072008
v -0.150824 1.598134 0.047471
v -0.195206 1.540014 0.995427
v -0.172829 1.539461 1.018730
v -0.150460 1.540295 0.995427
v -0.172872 1.546372 0.971483
v -0.195206 1.540014 0.085834
v -0.172829 1.539461 0.062532
v -0.150460 1.540295 0.085834
v -0.172872 1.546372 0.109780
v -0.138256 1.598323 0.990968
v -0.161504 1.614012 0.992958
v -0.189607 1.613135 0.992958
v -0.211831 1.596027 0.990968
v -0.219687 1.569223 0.987747
v -0.210175 1.542961 0.984527
v -0.186928 1.527272 0.982537
v -0.158825 1.528149 0.982537
v -0.136601 1.545257 0.984527
v -0.128744 1.572061 0.987747
v -0.138137 1.594522 1.022319
v -0.161385 1.610210 1.024309
v -0.189489 1.609334 1.024309
v -0.211713 1.592226 1.022319
v -0.219569 1.565422 1.019098
v -0.210057 1.539159 1.015879
v -0.186810 1.523471 1.013888
v -0.158706 1.524348 1.013888
v -0.136482 1.541455 1.015879
v -0.128626 1.568259 1.019098
v -0.174216 1.570642 0.987747
v -0.174098 1.566841 1.019098
v -0.138153 1.594942 0.058651
v -0.161402 1.610671 0.057030
v -0.189505 1.609794 0.057030
v -0.211727 1.592646 0.058651
v -0.219582 1.565776 0.061273
v -0.210068 1.539449 0.063896
v -0.186819 1.523719 0.065516
v -0.158716 1.524596 0.065516
v -0.136493 1.541745 0.063896
v -0.128639 1.568614 0.061273
v -0.138250 1.598038 0.090080
v -0.161498 1.613767 0.088459
v -0.189601 1.612890 0.088459
v -0.211824 1.595742 0.090080
v -0.219678 1.568872 0.092702
v -0.210164 1.542544 0.095324
v -0.186916 1.526815 0.096945
v -0.158812 1.527692 0.096945
v -0.136590 1.544840 0.095324
v -0.128735 1.571710 0.092702
v -0.174110 1.567195 0.061273
v -0.174207 1.570291 0.092703
v -0.290117 1.082718 0.133505
v -0.478742 1.082718 0.243083
v -0.587307 1.082718 0.432292
v -0.586722 1.082718 0.650434
v -0.477145 1.082718 0.839058
v -0.287936 1.082718 0.947623
v -0.069794 1.082718 0.947039
v 0.118831 1.082718 0.837461
v 0.227396 1.082718 0.648252
v 0.226811 1.082718 0.430110
v 0.117234 1.082718 0.241486
v -0.071975 1.082718 0.132921
v -0.292480 1.125421 0.124736
v -0.485185 1.125421 0.236683
v -0.596097 1.125421 0.429984
v -0.595500 1.125421 0.652844
v -0.483553 1.125421 0.845548
v -0.290252 1.125421 0.956461
v -0.067392 1.125421 0.955864
v 0.125312 1.125421 0.843917
v 0.236225 1.125421 0.650616
v 0.235628 1.125421 0.427755
v 0.123681 1.125421 0.235051
v -0.069620 1.125421 0.124139
v -0.280972 1.085664 0.167270
v -0.453941 1.085664 0.267752
v -0.553495 1.085664 0.441256
v -0.552959 1.085664 0.641293
v -0.452477 1.085664 0.814262
v -0.278972 1.085664 0.913815
v -0.078936 1.085664 0.913279
v 0.094033 1.085664 0.812797
v 0.193587 1.085664 0.639292
v 0.193051 1.085664 0.439256
v 0.092568 1.085664 0.266288
v -0.080936 1.085664 0.166734
v -0.283139 1.123695 0.159228
v -0.459849 1.123695 0.261883
v -0.561556 1.123695 0.439140
v -0.561008 1.123695 0.643503
v -0.458353 1.123695 0.820212
v -0.281096 1.123695 0.921920
v -0.076733 1.123695 0.921372
v 0.099976 1.123695 0.818716
v 0.201684 1.123695 0.641459
v 0.201136 1.123695 0.437097
v 0.098480 1.123695 0.260387
v -0.078777 1.123695 0.158680
v -0.104604 0.966745 0.903903
v -0.091100 0.966745 0.870714
v -0.093776 1.673210 0.955805
v -0.078349 1.673210 0.917891
v -0.267584 1.673210 0.955805
v -0.283010 1.673210 0.917891
v -0.256756 0.966745 0.903903
v -0.270260 0.966745 0.870714
v -0.428890 0.966745 0.261489
v -0.423990 0.966745 0.296984
v -0.464218 1.673210 0.221955
v -0.458621 1.673210 0.262503
v -0.313696 1.673210 0.135051
v -0.281380 1.673210 0.160172
v -0.297123 0.966745 0.185414
v -0.268833 0.966745 0.207404
v 0.067530 0.966745 0.817010
v 0.062631 0.966745 0.781516
v 0.102859 1.673210 0.856545
v 0.097261 1.673210 0.815997
v -0.047664 1.673210 0.943449
v -0.079980 1.673210 0.918328
v -0.064237 0.966745 0.893086
v -0.092527 0.966745 0.871096
v -0.268713 0.995007 0.212532
v -0.420694 0.995007 0.300822
v -0.508169 0.995007 0.453274
v -0.507698 0.995007 0.629039
v -0.419407 0.995007 0.781020
v -0.266955 0.995007 0.868494
v -0.091191 0.995007 0.868023
v 0.060790 0.995007 0.779733
v 0.148265 0.995007 0.627281
v 0.147794 0.995007 0.451517
v 0.059504 0.995007 0.299535
v -0.092948 0.995007 0.212061
v -0.270617 1.037385 0.205466
v -0.425885 1.037385 0.295665
v -0.515252 1.037385 0.451414
v -0.514770 1.037385 0.630981
v -0.424571 1.037385 0.786249
v -0.268821 1.037385 0.875615
v -0.089255 1.037385 0.875134
v 0.066013 1.037385 0.784934
v 0.155380 1.037385 0.629185
v 0.154898 1.037385 0.449619
v 0.064698 1.037385 0.294351
v -0.091051 1.037385 0.204984
v -0.179952 0.995007 0.540278
v -0.179822 1.046018 0.540460
v -0.104604 0.966745 0.903903
v -0.089622 0.966512 0.876183
v -0.093776 1.673210 0.955805
v -0.078353 1.673184 0.917877
v -0.267584 1.673210 0.955805
v -0.283007 1.673184 0.917877
v -0.256756 0.966745 0.903903
v -0.271738 0.966512 0.876183
v 0.097080 0.966745 0.291040
v 0.061586 0.966745 0.295939
v 0.136615 1.673210 0.255712
v 0.096067 1.673210 0.261309
v 0.223519 1.673210 0.406234
v 0.198398 1.673210 0.438550
v 0.173156 0.966745 0.422807
v 0.151166 0.966745 0.451097
v -0.534516 0.966745 0.422807
v -0.512526 0.966745 0.451097
v -0.584879 1.673210 0.406234
v -0.559758 1.673210 0.438550
v -0.497975 1.673210 0.255712
v -0.457427 1.673210 0.261309
v -0.458440 0.966745 0.291040
v -0.422946 0.966745 0.295939
v -0.299669 1.539132 0.098240
v -0.504646 1.539132 0.217317
v -0.622622 1.539132 0.422928
v -0.621987 1.539132 0.659981
v -0.502911 1.539132 0.864958
v -0.297299 1.539132 0.982935
v -0.060246 1.539132 0.982299
v 0.144731 1.539132 0.863223
v 0.262708 1.539132 0.657611
v 0.262073 1.539132 0.420558
v 0.142996 1.539132 0.215581
v -0.062616 1.539132 0.097605
v -0.302237 1.585537 0.088710
v -0.511647 1.585537 0.210362
v -0.632175 1.585537 0.420420
v -0.631526 1.585537 0.662601
v -0.509874 1.585537 0.872010
v -0.299815 1.585537 0.992539
v -0.057635 1.585537 0.991890
v 0.151775 1.585537 0.870238
v 0.272303 1.585537 0.660179
v 0.271654 1.585537 0.417999
v 0.150002 1.585537 0.208589
v -0.060057 1.585537 0.088061
v -0.289731 1.542333 0.134931
v -0.477695 1.542333 0.244124
v -0.585879 1.542333 0.432670
v -0.585297 1.542333 0.650048
v -0.476103 1.542333 0.838012
v -0.287557 1.542333 0.946196
v -0.070180 1.542333 0.945613
v 0.117784 1.542333 0.836420
v 0.225968 1.542333 0.647874
v 0.225386 1.542333 0.430497
v 0.116192 1.542333 0.242533
v -0.072353 1.542333 0.134349
v -0.292086 1.583662 0.126192
v -0.484115 1.583662 0.237747
v -0.594639 1.583662 0.430371
v -0.594044 1.583662 0.652449
v -0.482489 1.583662 0.844478
v -0.289865 1.583662 0.955003
v -0.067786 1.583662 0.954408
v 0.124243 1.583662 0.842853
v 0.234767 1.583662 0.650229
v 0.234172 1.583662 0.428149
v 0.122617 1.583662 0.236121
v -0.070007 1.583662 0.125597
v -0.545333 0.966745 0.615326
v -0.512143 0.966745 0.628830
v -0.597234 1.673210 0.626154
v -0.559321 1.673210 0.641580
v -0.597234 1.673210 0.452346
v -0.559321 1.673210 0.436920
v -0.545333 0.966745 0.463174
v -0.512143 0.966745 0.449670
v -0.064237 0.966745 0.185414
v -0.092527 0.966745 0.207404
v -0.047664 1.673210 0.135051
v -0.079980 1.673210 0.160172
v 0.102859 1.673210 0.221955
v 0.097261 1.673210 0.262503
v 0.067530 0.966745 0.261489
v 0.062631 0.966745 0.296984
v -1.762291 4.439336 1.909901
v -1.758018 4.446174 1.914158
v 1.758018 4.446174 1.914158
v 1.762291 4.439336 1.909901
v -1.582744 4.726651 1.914158
v -1.578470 4.733489 1.909901
v 1.578470 4.733489 1.909901
v 1.582744 4.726651 1.914158
v -1.578470 4.733489 1.680050
v -1.582744 4.726651 1.675794
v 1.582744 4.726651 1.675794
v 1.578470 4.733489 1.680050
v -1.758018 4.446174 1.675794
v -1.762291 4.439336 1.680050
v 1.762291 4.439336 1.680050
v 1.758018 4.446174 1.675794
v 1.846451 1.732698 -0.513168
v 1.628489 1.732698 -0.990441
v 1.284894 1.732698 -1.386970
v 0.843502 1.732698 -1.670635
v 0.340071 1.732698 -1.818456
v -0.184613 1.732698 -1.818456
v -0.688044 1.732698 -1.670636
v -1.129437 1.732698 -1.386970
v -1.473032 1.732698 -0.990441
v -1.690994 1.732698 -0.513173
v -1.765665 1.732698 0.006174
v -1.690995 1.732698 0.525516
v -1.473033 1.732698 1.002787
v -1.129438 1.732698 1.399317
v -0.688045 1.732698 1.682983
v -0.184615 1.732698 1.830804
v 0.340070 1.732698 1.830804
v 0.843501 1.732698 1.682983
v 1.284893 1.732698 1.399318
v 1.628489 1.732698 1.002788
v 1.846450 1.732698 0.525516
v 1.921121 1.732698 0.006174
v 1.736188 1.732698 -0.480793
v 1.531814 1.732698 -0.928310
v 1.209639 1.732698 -1.300120
v 0.795763 1.732698 -1.566102
v 0.323717 1.732698 -1.704708
v -0.168259 1.732698 -1.704708
v -0.640306 1.732698 -1.566103
v -1.054182 1.732698 -1.300121
v -1.376358 1.732698 -0.928314
v -1.580732 1.732698 -0.480796
v -1.650748 1.732698 0.006174
v -1.580732 1.732698 0.493139
v -1.376358 1.732698 0.940658
v -1.054183 1.732698 1.312468
v -0.640307 1.732698 1.578450
v -0.168260 1.732698 1.717056
v 0.323715 1.732698 1.717056
v 0.795762 1.732698 1.578450
v 1.209638 1.732698 1.312468
v 1.531814 1.732698 0.940658
v 1.736188 1.732698 0.493139
v 1.806203 1.732698 0.006174
v 1.949028 0.240798 -0.543288
v 1.718426 0.240798 -1.048239
v 0.077728 0.238570 0.006174
v 1.354904 0.240798 -1.467765
v 0.887913 0.240798 -1.767882
v 0.355286 0.240798 -1.924276
v -0.199828 0.240798 -1.924276
v -0.732456 0.240798 -1.767883
v -1.199447 0.240798 -1.467766
v -1.562969 0.240798 -1.048241
v -1.793572 0.240798 -0.543292
v -1.872573 0.240798 0.006174
v -1.793572 0.240798 0.555635
v -1.562970 0.240798 1.060584
v -1.199448 0.240798 1.480113
v -0.732457 0.240798 1.780229
v -0.199829 0.240798 1.936623
v 0.355285 0.240798 1.936623
v 0.887912 0.240798 1.780229
v 1.354903 0.240798 1.480113
v 1.718425 0.240798 1.060587
v 1.949028 0.240798 0.555636
v 2.028028 0.240798 0.006174
v 1.861022 1.605854 -0.517448
v 1.936307 1.605854 0.006174
v 1.861021 1.605854 0.529795
v 1.641264 1.605854 1.010995
v 1.294838 1.605854 1.410794
v 0.849809 1.605854 1.696797
v 0.342231 1.605854 1.845835
v -0.186776 1.605854 1.845835
v -0.694354 1.605854 1.696797
v -1.139383 1.605854 1.410794
v -1.485808 1.605854 1.010995
v -1.705565 1.605854 0.529794
v -1.780851 1.605854 0.006174
v -1.705565 1.605854 -0.517453
v -1.485808 1.605854 -0.998652
v -1.139382 1.605854 -1.398447
v -0.694353 1.605854 -1.684450
v -0.186774 1.605854 -1.833488
v 0.342232 1.605854 -1.833488
v 0.849811 1.605854 -1.684449
v 1.294839 1.605854 -1.398447
v 1.641264 1.605854 -0.998652
v 1.550476 1.614585 -0.940304
v 1.757472 1.614585 -0.487044
v 1.828386 1.614585 0.006174
v 1.757472 1.614585 0.499390
v 1.550475 1.614585 0.952650
v 1.224165 1.614585 1.329232
v 0.804977 1.614585 1.598627
v 0.326872 1.614585 1.739010
v -0.171417 1.614585 1.739010
v -0.649522 1.614585 1.598627
v -1.068710 1.614585 1.329232
v -1.395020 1.614585 0.952650
v -1.602016 1.614585 0.499387
v -1.672930 1.614585 0.006174
v -1.602016 1.614585 -0.487045
v -1.395019 1.614585 -0.940305
v -1.068709 1.614585 -1.316886
v -0.649521 1.614585 -1.586282
v -0.171416 1.614585 -1.726665
v 0.326874 1.614585 -1.726665
v 0.804978 1.614585 -1.586280
v 1.224166 1.614585 -1.316886
v 1.481678 1.730662 -0.896090
v 1.170612 1.730662 -1.255080
v 1.184637 1.616621 -1.271268
v 1.499696 1.616621 -0.907670
v 0.771006 1.730662 -1.511892
v 0.779903 1.616621 -1.531374
v 0.315235 1.730662 -1.645718
v 0.318283 1.616621 -1.666918
v -0.159777 1.730662 -1.645718
v -0.162825 1.616621 -1.666918
v -0.615548 1.730662 -1.511892
v -0.624446 1.616621 -1.531377
v -1.015154 1.730662 -1.255081
v -1.029180 1.616621 -1.271268
v -1.326222 1.730662 -0.896095
v -1.344239 1.616621 -0.907673
v -1.523549 1.730662 -0.464006
v -1.544099 1.616621 -0.470039
v -1.591151 1.730662 0.006174
v -1.612568 1.616621 0.006174
v -1.523549 1.730662 0.476347
v -1.544099 1.616621 0.482382
v -1.326222 1.730662 0.908437
v -1.344240 1.616621 0.920016
v -1.015155 1.730662 1.267428
v -1.029181 1.616621 1.283611
v -0.615550 1.730662 1.524239
v -0.624447 1.616621 1.543720
v -0.159778 1.730662 1.658064
v -0.162827 1.616621 1.679262
v 0.315234 1.730662 1.658064
v 0.318282 1.616621 1.679262
v 0.771005 1.730662 1.524239
v 0.779902 1.616621 1.543720
v 1.170611 1.730662 1.267428
v 1.184636 1.616621 1.283611
v 1.481678 1.730662 0.908437
v 1.499696 1.616621 0.920016
v 1.679005 1.730662 0.476347
v 1.699555 1.616621 0.482382
v 1.746606 1.730662 0.006174
v 1.768024 1.616621 0.006174
v 1.679006 1.730662 -0.464004
v 1.699556 1.616621 -0.470039
v 1.979046 0.363462 -0.552102
v 2.059313 0.363462 0.006174
v 1.979045 0.363462 0.564449
v 1.744743 0.363462 1.077498
v 1.375390 0.363462 1.503756
v 0.900908 0.363462 1.808687
v 0.359737 0.363462 1.967589
v -0.204281 0.363462 1.967589
v -0.745453 0.363462 1.808687
v -1.219935 0.363462 1.503754
v -1.589288 0.363462 1.077498
v -1.823589 0.363462 0.564449
v -1.903857 0.363462 0.006174
v -1.823589 0.363462 -0.552107
v -1.589287 0.363462 -1.065155
v -1.219934 0.363462 -1.491410
v -0.745451 0.363462 -1.796340
v -0.204280 0.363462 -1.955242
v 0.359738 0.363462 -1.955242
v 0.900909 0.363462 -1.796339
v 1.375391 0.363462 -1.491409
v 1.744744 0.363462 -1.065151
v 1.869865 0.247982 -1.145564
v 2.121753 0.247982 -0.594004
v 2.208045 0.247982 0.006174
v 2.121752 0.247982 0.606351
v 1.869864 0.247982 1.157908
v 1.472788 0.247982 1.616157
v 0.962693 0.247982 1.943977
v 0.380903 0.247982 2.114806
v -0.225448 0.247982 2.114806
v -0.807238 0.247982 1.943977
v -1.317333 0.247982 1.616157
v -1.714409 0.247982 1.157908
v -1.966296 0.247982 0.606351
v -2.052588 0.247982 0.006174
v -1.966295 0.247982 -0.594009
v -1.714408 0.247982 -1.145565
v -1.317332 0.247982 -1.603814
v -0.807237 0.247982 -1.931630
v -0.225447 0.247982 -2.102461
v 0.380905 0.247982 -2.102461
v 0.962694 0.247982 -1.931629
v 1.472790 0.247982 -1.603814
v 2.328202 0.106403 -0.654623
v 2.050874 0.106403 -1.261890
v 1.613693 0.106403 -1.766425
v 1.052078 0.106403 -2.127350
v 0.411526 0.106403 -2.315436
v -0.256068 0.106403 -2.315436
v -0.896619 0.106403 -2.127351
v -1.458235 0.106403 -1.766425
v -1.895416 0.106403 -1.261895
v -2.172745 0.106403 -0.654628
v -2.267754 0.106403 0.006174
v -2.172745 0.106403 0.666970
v -1.895417 0.106403 1.274233
v -1.458237 0.106403 1.778766
v -0.896621 0.106403 2.139698
v -0.256069 0.106403 2.327781
v 0.411524 0.106403 2.327781
v 1.052076 0.106403 2.139698
v 1.613692 0.106403 1.778771
v 2.050873 0.106403 1.274233
v 2.328202 0.106403 0.666970
v 2.423210 0.106403 0.006174
v 1.822757 0.346951 -1.115287
v 1.866906 0.302012 -1.143662
v 2.068023 0.346951 -0.578230
v 2.118378 0.302012 -0.593014
v 1.436119 0.346951 -1.561493
v 1.470486 0.302012 -1.601157
v 0.939432 0.346951 -1.880693
v 0.961233 0.302011 -1.928431
v 0.372936 0.346951 -2.047031
v 0.380405 0.302012 -2.098979
v -0.217477 0.346951 -2.047031
v -0.224946 0.302012 -2.098979
v -0.783974 0.346951 -1.880693
v -0.805776 0.302012 -1.928432
v -1.280661 0.346951 -1.561493
v -1.315029 0.302012 -1.601157
v -1.667299 0.346951 -1.115292
v -1.711449 0.302011 -1.143664
v -1.912566 0.346951 -0.578234
v -1.962921 0.302011 -0.593019
v -1.996590 0.346951 0.006174
v -2.049071 0.302012 0.006174
v -1.912566 0.346951 0.590574
v -1.962921 0.302012 0.605358
v -1.667300 0.346951 1.127630
v -1.711450 0.302012 1.156005
v -1.280662 0.346951 1.573835
v -1.315030 0.302012 1.613500
v -0.783976 0.346951 1.893038
v -0.805777 0.302012 1.940777
v -0.217479 0.346951 2.059378
v -0.224947 0.302012 2.111324
v 0.372934 0.346951 2.059378
v 0.380403 0.302012 2.111324
v 0.939430 0.346951 1.893038
v 0.961232 0.302012 1.940777
v 1.436117 0.346951 1.573839
v 1.470485 0.302012 1.613500
v 1.822755 0.346951 1.127630
v 1.866906 0.302012 1.156005
v 2.068022 0.346951 0.590574
v 2.118377 0.302012 0.605358
v 2.152047 0.346951 0.006174
v 2.204528 0.302012 0.006174
v 1.993343 0.252635 -1.224916
v 2.045005 0.213571 -1.258117
v 2.321509 0.213571 -0.652658
v 2.262586 0.252635 -0.635356
v 1.568909 0.252635 -1.714741
v 1.609125 0.213571 -1.761154
v 1.023668 0.252635 -2.065143
v 1.049180 0.213571 -2.121005
v 0.401794 0.252635 -2.247745
v 0.410534 0.213571 -2.308531
v -0.246335 0.252635 -2.247745
v -0.255075 0.213571 -2.308531
v -0.868211 0.252635 -2.065144
v -0.893722 0.213571 -2.121006
v -1.413451 0.252635 -1.714742
v -1.453667 0.213571 -1.761154
v -1.837885 0.252635 -1.224919
v -1.889548 0.213571 -1.258122
v -2.107128 0.252635 -0.635361
v -2.166052 0.213571 -0.652663
v -2.199367 0.252635 0.006174
v -2.260778 0.213571 0.006174
v -2.107128 0.252635 0.647703
v -2.166052 0.213571 0.665004
v -1.837886 0.252635 1.237262
v -1.889549 0.213571 1.270463
v -1.413452 0.252635 1.727083
v -1.453668 0.213571 1.773496
v -0.868212 0.252635 2.077490
v -0.893723 0.213571 2.133353
v -0.246337 0.252635 2.260089
v -0.255076 0.213571 2.320875
v 0.401792 0.252635 2.260089
v 0.410532 0.213571 2.320875
v 1.023667 0.252635 2.077490
v 1.049178 0.213571 2.133353
v 1.568907 0.252635 1.727087
v 1.609123 0.213571 1.773497
v 1.993342 0.252635 1.237262
v 2.045004 0.213571 1.270463
v 2.262584 0.252635 0.647703
v 2.321508 0.213571 0.665004
v 2.354823 0.252635 0.006174
v 2.416234 0.213571 0.006174
v 1.971962 1.615337 -0.550024
v 1.954898 1.602516 -0.545014
v 2.034146 1.602516 0.006174
v 2.051930 1.615337 0.006174
v 1.940964 1.736087 -0.540922
v 1.959440 1.724343 -0.546347
v 2.038880 1.724343 0.006174
v 2.019624 1.736087 0.006174
v 1.954897 1.602516 0.557356
v 1.971961 1.615337 0.562367
v 1.959439 1.724343 0.558692
v 1.940964 1.736087 0.553267
v 1.723571 1.602516 1.063891
v 1.738532 1.615337 1.073507
v 1.727554 1.724343 1.066452
v 1.711355 1.736087 1.056042
v 1.358909 1.602516 1.484734
v 1.370555 1.615337 1.498174
v 1.362009 1.724343 1.488314
v 1.349399 1.736087 1.473761
v 0.890453 1.602516 1.785794
v 0.897841 1.615337 1.801970
v 0.892420 1.724343 1.790100
v 0.884420 1.736087 1.772584
v 0.356155 1.602516 1.942678
v 0.358686 1.615337 1.960282
v 0.356829 1.724343 1.947363
v 0.354088 1.736087 1.928303
v -0.200700 1.602516 1.942678
v -0.203231 1.615337 1.960282
v -0.201373 1.724343 1.947363
v -0.198633 1.736087 1.928303
v -0.734998 1.602516 1.785794
v -0.742386 1.615337 1.801970
v -0.736964 1.724343 1.790100
v -0.728965 1.736087 1.772584
v -1.203454 1.602516 1.484734
v -1.215100 1.615337 1.498174
v -1.206554 1.724343 1.488314
v -1.193944 1.736087 1.473760
v -1.568116 1.602516 1.063891
v -1.583077 1.615337 1.073506
v -1.572098 1.724343 1.066450
v -1.555899 1.736087 1.056040
v -1.799441 1.602516 0.557356
v -1.816505 1.615337 0.562367
v -1.803984 1.724343 0.558692
v -1.785508 1.736087 0.553267
v -1.878690 1.602516 0.006174
v -1.896474 1.615337 0.006174
v -1.883424 1.724343 0.006174
v -1.864168 1.736087 0.006174
v -1.799441 1.602516 -0.545016
v -1.816505 1.615337 -0.550026
v -1.803983 1.724343 -0.546350
v -1.785508 1.736087 -0.540924
v -1.568115 1.602516 -1.051548
v -1.583076 1.615337 -1.061163
v -1.572098 1.724343 -1.054109
v -1.555899 1.736087 -1.043697
v -1.203453 1.602516 -1.472392
v -1.215099 1.615337 -1.485832
v -1.206553 1.724343 -1.475968
v -1.193943 1.736087 -1.461415
v -0.734997 1.602516 -1.773447
v -0.742385 1.615337 -1.789625
v -0.736963 1.724343 -1.777754
v -0.728964 1.736087 -1.760238
v -0.200698 1.602516 -1.930331
v -0.203229 1.615337 -1.947934
v -0.201372 1.724343 -1.935016
v -0.198632 1.736087 -1.915956
v 0.356156 1.602516 -1.930331
v 0.358687 1.615337 -1.947934
v 0.356830 1.724343 -1.935016
v 0.354090 1.736087 -1.915956
v 0.890454 1.602516 -1.773447
v 0.897842 1.615337 -1.789623
v 0.892421 1.724343 -1.777752
v 0.884422 1.736087 -1.760236
v 1.358911 1.602516 -1.472391
v 1.370556 1.615337 -1.485832
v 1.362010 1.724343 -1.475968
v 1.349400 1.736087 -1.461415
v 1.723572 1.602516 -1.051548
v 1.738533 1.615337 -1.061163
v 1.727554 1.724343 -1.054109
v 1.711355 1.736087 -1.043697
v -0.211014 2.902746 1.906385
v -0.211014 2.912791 1.916430
v -0.221059 2.912791 1.906385
v 0.214022 2.912791 1.906385
v 0.203977 2.912791 1.916430
v 0.203977 2.902746 1.906385
v -0.221059 3.408309 1.906385
v -0.211014 3.408309 1.916430
v -0.211014 3.418354 1.906385
v 0.203977 3.418354 1.906385
v 0.203977 3.408309 1.916430
v 0.214022 3.408309 1.906385
v -0.221059 3.408309 1.675325
v -0.211014 3.418354 1.675326
v -0.211014 3.408309 1.665281
v 0.203977 3.408309 1.665281
v 0.203977 3.418354 1.675326
v 0.214022 3.408309 1.675325
v -0.221059 2.912791 1.675325
v -0.211014 2.912791 1.665281
v -0.211014 2.902746 1.675326
v 0.203977 2.902746 1.675326
v 0.203977 2.912791 1.665281
v 0.214022 2.912791 1.675325
v 0.895000 3.085801 2.365806
v 0.864429 3.087551 2.396149
v 0.851440 2.856925 2.365806
v 0.822364 2.866528 2.396149
v 0.750128 2.647123 2.365806
v 0.724528 2.663923 2.396149
v 0.597967 2.470690 2.365806
v 0.577588 2.493544 2.396149
v 0.405327 2.339652 2.365806
v 0.391557 2.367002 2.396149
v 0.185335 2.262937 2.365806
v 0.179113 2.292919 2.396149
v -0.047015 2.245775 2.365806
v -0.045266 2.276346 2.396149
v -0.275891 2.289334 2.365806
v -0.266289 2.318410 2.396149
v -0.485694 2.390646 2.365831
v -0.468266 2.415887 2.396149
v -0.668902 2.564331 2.359906
v -0.645658 2.584096 2.390294
v -0.786754 2.737587 2.359920
v -0.759419 2.751349 2.390279
v -0.855749 2.935441 2.359907
v -0.826001 2.942389 2.390295
v -0.887042 3.187789 2.365831
v -0.856328 3.186795 2.396149
v -0.843482 3.416665 2.365806
v -0.814406 3.407062 2.396149
v -0.742170 3.626468 2.365806
v -0.716570 3.609668 2.396149
v -0.590009 3.802900 2.365806
v -0.569630 3.780046 2.396149
v -0.397369 3.933938 2.365806
v -0.383599 3.906589 2.396149
v -0.177377 4.010653 2.365806
v -0.171155 3.980671 2.396149
v 0.054974 4.027815 2.365806
v 0.053224 3.997244 2.396149
v 0.283849 3.984256 2.365806
v 0.274247 3.955180 2.396149
v 0.493652 3.882944 2.365806
v 0.476851 3.857344 2.396149
v 0.670085 3.730783 2.365806
v 0.647231 3.710404 2.396149
v 0.801123 3.538143 2.365806
v 0.773773 3.524373 2.396149
v 0.877838 3.318151 2.365806
v 0.847856 3.311929 2.396149
v 0.895000 3.085801 2.309226
v 0.864437 3.087550 2.278875
v 0.851440 2.856925 2.309226
v 0.822371 2.866525 2.278875
v 0.750128 2.647123 2.309226
v 0.724534 2.663919 2.278875
v 0.597967 2.470690 2.309226
v 0.577593 2.493539 2.278875
v 0.405327 2.339652 2.309226
v 0.391560 2.366995 2.278875
v 0.185335 2.262937 2.309226
v 0.179115 2.292912 2.278875
v -0.047015 2.245775 2.309226
v -0.045266 2.276338 2.278875
v -0.275891 2.289334 2.309226
v -0.266291 2.318403 2.278875
v -0.485694 2.390646 2.309201
v -0.468242 2.415923 2.278875
v -0.668902 2.564331 2.315138
v -0.645621 2.584128 2.284756
v -0.786754 2.737587 2.315126
v -0.759411 2.751353 2.284775
v -0.855749 2.935441 2.315137
v -0.826036 2.942381 2.284755
v -0.887042 3.187789 2.309201
v -0.856387 3.186796 2.278875
v -0.843482 3.416665 2.309226
v -0.814413 3.407065 2.278875
v -0.742170 3.626468 2.309226
v -0.716577 3.609672 2.278875
v -0.590009 3.802900 2.309226
v -0.569635 3.780052 2.278875
v -0.397369 3.933938 2.309226
v -0.383602 3.906595 2.278875
v -0.177377 4.010653 2.309226
v -0.171156 3.980678 2.278875
v 0.054974 4.027815 2.309226
v 0.053224 3.997252 2.278875
v 0.283849 3.984256 2.309226
v 0.274249 3.955187 2.278875
v 0.493652 3.882944 2.309226
v 0.476856 3.857350 2.278875
v 0.670085 3.730783 2.309226
v 0.647237 3.710409 2.278875
v 0.801123 3.538143 2.309226
v 0.773780 3.524377 2.278875
v 0.877838 3.318151 2.309226
v 0.847863 3.311931 2.278875
v 0.839821 3.088959 2.278875
v 0.809576 3.090691 2.309538
v 0.798959 2.874257 2.278875
v 0.770193 2.883759 2.309538
v 0.703921 2.677447 2.278875
v 0.678594 2.694072 2.309538
v 0.561183 2.511941 2.278875
v 0.541022 2.534555 2.309538
v 0.380472 2.389018 2.278875
v 0.366851 2.416080 2.309537
v 0.174104 2.317055 2.278875
v 0.167952 2.346721 2.309536
v -0.043857 2.300956 2.278875
v -0.042122 2.331204 2.309536
v -0.258558 2.341818 2.278875
v -0.249054 2.370586 2.309535
v -0.455568 2.436950 2.278880
v -0.438741 2.462185 2.309567
v -0.634093 2.595663 2.284775
v -0.611206 2.615665 2.315252
v -0.744980 2.758619 2.284775
v -0.717769 2.772322 2.315269
v -0.809867 2.944691 2.284775
v -0.780154 2.951221 2.315253
v -0.831972 3.184370 2.278881
v -0.801610 3.182901 2.309567
v -0.790997 3.399332 2.278875
v -0.762226 3.389833 2.309534
v -0.695960 3.596142 2.278875
v -0.670628 3.579521 2.309534
v -0.553223 3.761647 2.278875
v -0.533055 3.739037 2.309535
v -0.372513 3.884571 2.278875
v -0.358885 3.857512 2.309535
v -0.166146 3.956535 2.278875
v -0.159985 3.926872 2.309536
v 0.051815 3.972636 2.278875
v 0.050089 3.942389 2.309536
v 0.266517 3.931774 2.278875
v 0.257021 3.903005 2.309537
v 0.463327 3.836737 2.278875
v 0.446708 3.811407 2.309537
v 0.628834 3.694000 2.278875
v 0.606225 3.673835 2.309538
v 0.751758 3.513289 2.278875
v 0.724700 3.499664 2.309538
v 0.823722 3.306921 2.278875
v 0.794060 3.300765 2.309538
v 0.841624 3.088860 2.396138
v 0.810754 3.090626 2.366095
v 0.800676 2.873699 2.396138
v 0.771314 2.883394 2.366095
v 0.705434 2.676468 2.396138
v 0.679582 2.693430 2.366094
v 0.562392 2.510608 2.396138
v 0.541810 2.533682 2.366094
v 0.381295 2.387421 2.396138
v 0.367387 2.415035 2.366093
v 0.174485 2.315303 2.396138
v 0.168198 2.345575 2.366092
v -0.043943 2.299168 2.396138
v -0.042181 2.330035 2.366092
v -0.259104 2.340116 2.396138
v -0.249413 2.369475 2.366091
v -0.456645 2.435437 2.396131
v -0.439375 2.461208 2.366058
v -0.634542 2.594981 2.390288
v -0.611455 2.615275 2.360115
v -0.745634 2.758300 2.390288
v -0.718153 2.772133 2.360090
v -0.810607 2.944773 2.390288
v -0.780619 2.951261 2.360115
v -0.833706 3.184394 2.396130
v -0.802770 3.182970 2.366057
v -0.792687 3.399899 2.396138
v -0.763331 3.390202 2.366091
v -0.697445 3.597131 2.396138
v -0.671599 3.580165 2.366091
v -0.554401 3.762991 2.396138
v -0.533827 3.739913 2.366092
v -0.373303 3.886177 2.396138
v -0.359403 3.858560 2.366092
v -0.166493 3.958295 2.396138
v -0.160215 3.928021 2.366093
v 0.051935 3.974428 2.396138
v 0.050164 3.943560 2.366093
v 0.267096 3.933478 2.396138
v 0.257396 3.904120 2.366094
v 0.464326 3.838237 2.396138
v 0.447359 3.812388 2.366094
v 0.630187 3.695194 2.396138
v 0.607108 3.674617 2.366095
v 0.753373 3.514096 2.396138
v 0.725755 3.500193 2.366095
v 0.825490 3.307288 2.396138
v 0.795215 3.301005 2.366095
v -0.211014 2.902746 -1.650791
v -0.211014 2.912791 -1.640746
v -0.221059 2.912791 -1.650791
v 0.214022 2.912791 -1.650791
v 0.203977 2.912791 -1.640746
v 0.203977 2.902746 -1.650791
v -0.221059 3.408309 -1.650791
v -0.211014 3.408309 -1.640746
v -0.211014 3.418354 -1.650791
v 0.203977 3.418354 -1.650791
v 0.203977 3.408309 -1.640746
v 0.214022 3.408309 -1.650791
v -0.221059 3.408309 -1.889836
v -0.211014 3.418354 -1.889836
v -0.211014 3.408309 -1.899881
v 0.203977 3.408309 -1.899881
v 0.203977 3.418354 -1.889836
v 0.214022 3.408309 -1.889836
v -0.221059 2.912791 -1.889836
v -0.211014 2.912791 -1.899881
v -0.211014 2.902746 -1.889836
v 0.203977 2.902746 -1.889836
v 0.203977 2.912791 -1.899881
v 0.214022 2.912791 -1.889836
v -0.142118 1.661044 -1.685598
v -0.148957 1.661044 -1.692437
v -0.148957 6.401561 -1.692437
v -0.142118 6.401561 -1.685598
v 0.148957 1.661044 -1.692437
v 0.142118 1.661044 -1.685598
v 0.142118 6.401561 -1.685598
v 0.148957 6.401561 -1.692437
v -0.142118 6.401561 -1.864557
v -0.148957 6.401561 -1.857718
v -0.148957 1.661044 -1.857718
v -0.142118 1.661044 -1.864557
v 0.148957 6.401561 -1.857718
v 0.142118 6.401561 -1.864557
v 0.142118 1.661044 -1.864557
v 0.148957 1.661044 -1.857718
v 0.200593 2.308969 2.317883
v 0.184773 2.305686 2.304678
v 0.165217 2.301628 2.304678
v 0.149396 2.298344 2.317883
v 0.143354 2.297090 2.339252
v 0.149396 2.298344 2.360620
v 0.165217 2.301628 2.373826
v 0.184773 2.305686 2.373826
v 0.200593 2.308969 2.360620
v 0.206636 2.310224 2.339252
v -0.146901 3.983356 2.317883
v -0.162721 3.980072 2.304678
v -0.182277 3.976014 2.304678
v -0.198098 3.972731 2.317883
v -0.204141 3.971477 2.339252
v -0.198098 3.972731 2.360620
v -0.182277 3.976014 2.373826
v -0.162721 3.980072 2.373826
v -0.146901 3.983356 2.360620
v -0.140858 3.984610 2.339252
v -0.818855 3.384153 2.317883
v -0.813788 3.399495 2.304678
v -0.807525 3.418460 2.304678
v -0.802458 3.433803 2.317883
v -0.800523 3.439663 2.339252
v -0.802458 3.433803 2.360620
v -0.807525 3.418460 2.373826
v -0.813788 3.399495 2.373826
v -0.818855 3.384153 2.360620
v -0.820790 3.378292 2.339252
v 0.804954 2.847898 2.317883
v 0.810020 2.863240 2.304678
v 0.816284 2.882205 2.304678
v 0.821350 2.897548 2.317883
v 0.823286 2.903409 2.339252
v 0.821350 2.897548 2.360620
v 0.816284 2.882205 2.373826
v 0.810020 2.863240 2.373826
v 0.804954 2.847898 2.360620
v 0.803018 2.842037 2.339252
v -1.762291 4.439336 -1.657987
v -1.758018 4.446174 -1.653730
v 1.758018 4.446174 -1.653730
v 1.762291 4.439336 -1.657987
v -1.582744 4.726651 -1.653730
v -1.578470 4.733489 -1.657987
v 1.578470 4.733489 -1.657987
v 1.582744 4.726651 -1.653730
v -1.578470 4.733489 -1.887837
v -1.582744 4.726651 -1.892094
v 1.582744 4.726651 -1.892094
v 1.578470 4.733489 -1.887837
v -1.758018 4.446174 -1.892094
v -1.762291 4.439336 -1.887837
v 1.762291 4.439336 -1.887837
v 1.758018 4.446174 -1.892094
v -0.619509 2.552272 2.317883
v -0.630263 2.564331 2.304678
v -0.643555 2.579237 2.304678
v -0.654309 2.591297 2.317883
v -0.658417 2.595903 2.339252
v -0.654309 2.591297 2.360620
v -0.643555 2.579237 2.373826
v -0.630263 2.564331 2.373826
v -0.619509 2.552272 2.360620
v -0.615402 2.547665 2.339252
v 0.656805 3.690403 2.317883
v 0.646051 3.702462 2.304678
v 0.632759 3.717369 2.304678
v 0.622005 3.729429 2.317883
v 0.617897 3.734035 2.339252
v 0.622005 3.729429 2.360620
v 0.632759 3.717369 2.373826
v 0.646051 3.702462 2.373826
v 0.656805 3.690403 2.360620
v 0.660913 3.685797 2.339252
vt 0.089550 0.660118
vt 0.089597 0.922325
vt 0.073876 0.922328
vt 0.073828 0.660120
vt 0.099367 0.922323
vt 0.099320 0.660116
vt 0.115041 0.660113
vt 0.115089 0.922320
vt 0.073293 0.660121
vt 0.073341 0.922328
vt 0.064640 0.922329
vt 0.064593 0.660122
vt 0.098785 0.660116
vt 0.098832 0.922323
vt 0.090132 0.922325
vt 0.090084 0.660118
vt 0.064058 0.660122
vt 0.064105 0.922329
vt 0.269124 0.841857
vt 0.269153 0.833041
vt 0.381427 0.833415
vt 0.381397 0.842231
vt 0.269182 0.824224
vt 0.381456 0.824598
vt 0.269212 0.815408
vt 0.381486 0.815782
vt 0.269241 0.806591
vt 0.382584 0.806969
vt 0.269270 0.797775
vt 0.386578 0.796685
vt 0.381470 0.780050
vt 0.269196 0.780584
vt 0.269154 0.771767
vt 0.381428 0.771234
vt 0.269113 0.762951
vt 0.381386 0.762417
vt 0.269071 0.754134
vt 0.381344 0.753601
vt 0.269029 0.745318
vt 0.381302 0.744784
vt 0.269035 0.868307
vt 0.269065 0.859491
vt 0.381339 0.859864
vt 0.381309 0.868681
vt 0.269094 0.850674
vt 0.381368 0.851048
vt 0.409255 0.844109
vt 0.407974 0.835744
vt 0.413535 0.834892
vt 0.414816 0.843257
vt 0.410537 0.852474
vt 0.416097 0.851622
vt 0.411818 0.860839
vt 0.417379 0.859987
vt 0.240294 0.772333
vt 0.239449 0.763913
vt 0.245046 0.763351
vt 0.245892 0.771771
vt 0.241140 0.780753
vt 0.246737 0.780191
vt 0.241985 0.789173
vt 0.247583 0.788612
vt 0.403475 0.802188
vt 0.404987 0.793395
vt 0.410082 0.792615
vt 0.408409 0.801432
vt 0.404130 0.810649
vt 0.409691 0.809797
vt 0.405411 0.819014
vt 0.410972 0.818162
vt 0.406692 0.827379
vt 0.412253 0.826527
vt 0.418392 0.840927
vt 0.417567 0.832505
vt 0.435936 0.830704
vt 0.436762 0.839127
vt 0.419218 0.849349
vt 0.437587 0.847549
vt 0.420043 0.857772
vt 0.438413 0.855971
vt 0.404615 0.750953
vt 0.403406 0.742577
vt 0.421674 0.739939
vt 0.422883 0.748314
vt 0.405825 0.759328
vt 0.422850 0.756870
vt 0.407034 0.767704
vt 0.421041 0.765681
vt 0.416414 0.790102
vt 0.420643 0.781358
vt 0.433286 0.780117
vt 0.431809 0.788593
vt 0.414265 0.798816
vt 0.432634 0.797015
vt 0.415090 0.807238
vt 0.433460 0.805438
vt 0.415916 0.815660
vt 0.434285 0.813860
vt 0.416741 0.824083
vt 0.435111 0.822282
vt 0.245844 0.865090
vt 0.236301 0.866067
vt 0.235439 0.857649
vt 0.244981 0.856671
vt 0.246706 0.873508
vt 0.237163 0.874486
vt 0.247568 0.881927
vt 0.238026 0.882905
vt 0.397908 0.753901
vt 0.387931 0.753330
vt 0.388434 0.744527
vt 0.398412 0.745099
vt 0.397404 0.762703
vt 0.387427 0.762132
vt 0.396901 0.771505
vt 0.386923 0.770934
vt 0.242163 0.822933
vt 0.233011 0.823870
vt 0.235927 0.815065
vt 0.244112 0.814226
vt 0.242395 0.831416
vt 0.232852 0.832393
vt 0.243257 0.839834
vt 0.233714 0.840812
vt 0.244119 0.848253
vt 0.234577 0.849230
vt 0.221692 0.848077
vt 0.221080 0.826797
vt 0.224754 0.826691
vt 0.225366 0.847971
vt 0.222304 0.869358
vt 0.225979 0.869252
vt 0.222917 0.890638
vt 0.226591 0.890532
vt 0.394608 0.813969
vt 0.394546 0.805506
vt 0.396007 0.805496
vt 0.396069 0.813958
vt 0.393414 0.822440
vt 0.396131 0.822420
vt 0.390426 0.830925
vt 0.396193 0.830883
vt 0.218018 0.720396
vt 0.223194 0.699379
vt 0.226586 0.699571
vt 0.221692 0.720290
vt 0.218630 0.741676
vt 0.222305 0.741570
vt 0.219243 0.762956
vt 0.222917 0.762850
vt 0.219855 0.784236
vt 0.223529 0.784131
vt 0.220467 0.805517
vt 0.224142 0.805411
vt 0.262086 0.867354
vt 0.262085 0.858891
vt 0.262516 0.858891
vt 0.262516 0.867354
vt 0.262086 0.875817
vt 0.262517 0.875817
vt 0.262087 0.884279
vt 0.262517 0.884279
vt 0.262071 0.774264
vt 0.262070 0.765801
vt 0.262500 0.765801
vt 0.262501 0.774263
vt 0.262072 0.782726
vt 0.262503 0.782726
vt 0.262075 0.791189
vt 0.262506 0.791189
vt 0.262509 0.799652
vt 0.262079 0.799652
vt 0.262081 0.808115
vt 0.262511 0.808114
vt 0.262082 0.816577
vt 0.262512 0.816577
vt 0.262082 0.825040
vt 0.262513 0.825040
vt 0.262083 0.833503
vt 0.262514 0.833503
vt 0.262084 0.841966
vt 0.262514 0.841966
vt 0.262084 0.850428
vt 0.262515 0.850428
vt 0.257995 0.866048
vt 0.257996 0.857586
vt 0.259010 0.857586
vt 0.259008 0.866049
vt 0.257993 0.874511
vt 0.259007 0.874511
vt 0.257991 0.882973
vt 0.259005 0.882974
vt 0.258013 0.772960
vt 0.258015 0.764498
vt 0.259028 0.764498
vt 0.259027 0.772960
vt 0.258012 0.781423
vt 0.259026 0.781423
vt 0.258010 0.789885
vt 0.259024 0.789886
vt 0.259022 0.798348
vt 0.258008 0.798348
vt 0.258006 0.806810
vt 0.259020 0.806811
vt 0.258004 0.815273
vt 0.259018 0.815273
vt 0.258003 0.823735
vt 0.259016 0.823736
vt 0.258001 0.832198
vt 0.259015 0.832198
vt 0.258000 0.840661
vt 0.259013 0.840661
vt 0.257998 0.849123
vt 0.259012 0.849123
vt 0.253454 0.781177
vt 0.253455 0.789639
vt 0.250919 0.789640
vt 0.250917 0.781177
vt 0.253452 0.772714
vt 0.250916 0.772715
vt 0.253451 0.764252
vt 0.250914 0.764252
vt 0.253468 0.874265
vt 0.253470 0.882728
vt 0.250934 0.882728
vt 0.250932 0.874266
vt 0.253467 0.865802
vt 0.250930 0.865803
vt 0.253466 0.857340
vt 0.250929 0.857340
vt 0.250928 0.848878
vt 0.253464 0.848877
vt 0.253463 0.840415
vt 0.250927 0.840415
vt 0.253462 0.831952
vt 0.250926 0.831953
vt 0.253461 0.823490
vt 0.250924 0.823490
vt 0.253459 0.815027
vt 0.250923 0.815027
vt 0.253458 0.806564
vt 0.250921 0.806565
vt 0.253457 0.798102
vt 0.250920 0.798102
vt 0.262070 0.867340
vt 0.262066 0.858880
vt 0.262534 0.858880
vt 0.262538 0.867340
vt 0.262074 0.875800
vt 0.262542 0.875800
vt 0.262076 0.884260
vt 0.262545 0.884259
vt 0.262053 0.774281
vt 0.262053 0.765821
vt 0.262522 0.765821
vt 0.262522 0.774281
vt 0.262053 0.782741
vt 0.262521 0.782741
vt 0.262053 0.791201
vt 0.262522 0.791201
vt 0.262523 0.799660
vt 0.262054 0.799660
vt 0.262056 0.808120
vt 0.262524 0.808120
vt 0.262058 0.816580
vt 0.262526 0.816580
vt 0.262060 0.825040
vt 0.262528 0.825040
vt 0.262061 0.833500
vt 0.262530 0.833500
vt 0.262062 0.841960
vt 0.262531 0.841960
vt 0.262063 0.850420
vt 0.262532 0.850420
vt 0.258112 0.866119
vt 0.258111 0.857641
vt 0.258915 0.857641
vt 0.258916 0.866119
vt 0.258114 0.874596
vt 0.258918 0.874596
vt 0.258116 0.883073
vt 0.258920 0.883073
vt 0.258100 0.772870
vt 0.258099 0.764393
vt 0.258903 0.764393
vt 0.258904 0.772870
vt 0.258102 0.781347
vt 0.258906 0.781347
vt 0.258102 0.789824
vt 0.258906 0.789824
vt 0.258907 0.798301
vt 0.258103 0.798301
vt 0.258103 0.806779
vt 0.258907 0.806778
vt 0.258104 0.815256
vt 0.258908 0.815256
vt 0.258105 0.823733
vt 0.258909 0.823733
vt 0.258106 0.832210
vt 0.258910 0.832210
vt 0.258108 0.840687
vt 0.258912 0.840687
vt 0.258109 0.849164
vt 0.258914 0.849164
vt 0.634662 0.937503
vt 0.642268 0.936006
vt 0.643872 0.945869
vt 0.636267 0.946732
vt 0.644535 0.955086
vt 0.636857 0.955413
vt 0.643773 0.963883
vt 0.633718 0.929553
vt 0.639880 0.928132
vt 0.487477 0.870173
vt 0.485551 0.870146
vt 0.485755 0.858565
vt 0.487682 0.858591
vt 0.487273 0.881754
vt 0.485346 0.881728
vt 0.487068 0.893336
vt 0.485142 0.893310
vt 0.491649 0.870235
vt 0.489722 0.870209
vt 0.489927 0.858628
vt 0.491854 0.858654
vt 0.491445 0.881817
vt 0.489518 0.881791
vt 0.491240 0.893398
vt 0.489314 0.893372
vt 0.486864 0.904917
vt 0.484937 0.904891
vt 0.491036 0.904980
vt 0.489109 0.904954
vt 0.486659 0.916498
vt 0.484732 0.916471
vt 0.490830 0.916563
vt 0.488904 0.916536
vt 0.486449 0.928078
vt 0.484522 0.928046
vt 0.490618 0.928152
vt 0.488693 0.928120
vt 0.486177 0.939652
vt 0.484253 0.939608
vt 0.490339 0.939751
vt 0.488418 0.939709
vt 0.485889 0.951270
vt 0.483974 0.951195
vt 0.489987 0.951356
vt 0.488094 0.951327
vt 0.485452 0.963313
vt 0.641482 0.748577
vt 0.489775 0.963244
vt 0.647637 0.748331
vt 0.645209 0.921334
vt 0.642364 0.921402
vt 0.651364 0.921268
vt 0.648517 0.921280
vt 0.491310 0.811552
vt 0.489361 0.811770
vt 0.491037 0.800034
vt 0.492866 0.800735
vt 0.488926 0.823920
vt 0.486981 0.824005
vt 0.488081 0.835456
vt 0.486177 0.835455
vt 0.495423 0.811014
vt 0.493409 0.811161
vt 0.494759 0.800559
vt 0.496765 0.799894
vt 0.493047 0.823605
vt 0.491078 0.823698
vt 0.492278 0.835440
vt 0.490322 0.835436
vt 0.487889 0.847011
vt 0.485962 0.846986
vt 0.492060 0.847071
vt 0.490136 0.847045
vt 0.493347 0.705675
vt 0.491421 0.705743
vt 0.491065 0.694171
vt 0.492991 0.694103
vt 0.493703 0.717248
vt 0.491777 0.717315
vt 0.494059 0.728820
vt 0.492133 0.728887
vt 0.497442 0.705538
vt 0.495516 0.705605
vt 0.495161 0.694034
vt 0.497086 0.693967
vt 0.497798 0.717111
vt 0.495873 0.717178
vt 0.498154 0.728683
vt 0.496228 0.728750
vt 0.494415 0.740392
vt 0.492489 0.740459
vt 0.498510 0.740255
vt 0.496585 0.740322
vt 0.494770 0.751964
vt 0.492844 0.752030
vt 0.498865 0.751828
vt 0.496940 0.751894
vt 0.495116 0.763537
vt 0.493192 0.763601
vt 0.499215 0.763402
vt 0.497287 0.763468
vt 0.495456 0.775144
vt 0.493491 0.775234
vt 0.499505 0.774918
vt 0.497608 0.775008
vt 0.494820 0.786919
vt 0.492853 0.787102
vt 0.498863 0.786548
vt 0.496908 0.786651
vt 0.493626 0.647444
vt 0.491699 0.647625
vt 0.492852 0.635972
vt 0.494828 0.635842
vt 0.492285 0.659429
vt 0.490357 0.659567
vt 0.492262 0.670977
vt 0.490358 0.671059
vt 0.497640 0.646944
vt 0.495641 0.647131
vt 0.497122 0.635534
vt 0.499060 0.635355
vt 0.496352 0.659063
vt 0.494399 0.659197
vt 0.496377 0.670792
vt 0.494429 0.670872
vt 0.492636 0.682532
vt 0.490710 0.682601
vt 0.496731 0.682393
vt 0.494807 0.682460
vt 0.494170 0.542721
vt 0.492244 0.542787
vt 0.491896 0.531237
vt 0.493822 0.531171
vt 0.494518 0.554271
vt 0.492592 0.554337
vt 0.494866 0.565821
vt 0.492940 0.565887
vt 0.497983 0.542596
vt 0.496057 0.542661
vt 0.495709 0.531112
vt 0.497635 0.531046
vt 0.498331 0.554146
vt 0.496405 0.554212
vt 0.498679 0.565695
vt 0.496753 0.565761
vt 0.495214 0.577371
vt 0.493288 0.577437
vt 0.499027 0.577245
vt 0.497102 0.577311
vt 0.495561 0.588920
vt 0.493636 0.588986
vt 0.499374 0.588796
vt 0.497449 0.588861
vt 0.495902 0.600472
vt 0.493977 0.600535
vt 0.499718 0.600349
vt 0.497791 0.600414
vt 0.496232 0.612045
vt 0.494272 0.612121
vt 0.500012 0.611870
vt 0.498113 0.611949
vt 0.495850 0.623705
vt 0.493885 0.623833
vt 0.499737 0.623438
vt 0.497805 0.623528
vt 0.497164 0.471812
vt 0.495173 0.472125
vt 0.497953 0.459375
vt 0.499864 0.459273
vt 0.494394 0.484604
vt 0.492398 0.484810
vt 0.492860 0.496577
vt 0.490959 0.496692
vt 0.500818 0.471166
vt 0.498714 0.471429
vt 0.501512 0.458883
vt 0.503533 0.458386
vt 0.498059 0.484036
vt 0.496053 0.484274
vt 0.496677 0.496286
vt 0.494696 0.496406
vt 0.493143 0.508070
vt 0.491215 0.508134
vt 0.496948 0.507949
vt 0.495028 0.508011
vt 0.493475 0.519621
vt 0.491550 0.519686
vt 0.497288 0.519498
vt 0.495362 0.519562
vt 0.503547 0.376503
vt 0.501621 0.376549
vt 0.501394 0.365031
vt 0.503321 0.364986
vt 0.503774 0.388021
vt 0.501848 0.388066
vt 0.504001 0.399539
vt 0.502075 0.399584
vt 0.513630 0.720241
vt 0.517230 0.720215
vt 0.517262 0.741730
vt 0.513662 0.741756
vt 0.513619 0.698722
vt 0.517210 0.698696
vt 0.513678 0.677173
vt 0.517218 0.677110
vt 0.504224 0.411059
vt 0.502301 0.411105
vt 0.513416 0.655428
vt 0.517113 0.654725
vt 0.504483 0.422604
vt 0.502521 0.422676
vt 0.517133 0.957783
vt 0.513391 0.957107
vt 0.513716 0.935408
vt 0.517280 0.935455
vt 0.504014 0.434255
vt 0.502071 0.434428
vt 0.513662 0.913870
vt 0.517254 0.913856
vt 0.502374 0.446344
vt 0.500301 0.446500
vt 0.513692 0.892336
vt 0.517290 0.892323
vt 0.513763 0.870826
vt 0.517364 0.870811
vt 0.513781 0.849328
vt 0.517383 0.849306
vt 0.501783 0.307409
vt 0.503728 0.307591
vt 0.502452 0.319055
vt 0.500586 0.319080
vt 0.513760 0.827815
vt 0.517359 0.827791
vt 0.502646 0.330441
vt 0.500714 0.330484
vt 0.513735 0.806302
vt 0.517335 0.806277
vt 0.502867 0.341950
vt 0.500941 0.341995
vt 0.513710 0.784787
vt 0.517310 0.784763
vt 0.503094 0.353468
vt 0.501168 0.353513
vt 0.513686 0.763270
vt 0.517286 0.763246
vt 0.504477 0.445977
vt 0.506503 0.445779
vt 0.649112 0.965595
vt 0.646176 0.966756
vt 0.646928 0.957518
vt 0.649673 0.958283
vt 0.645463 0.925878
vt 0.642808 0.926385
vt 0.645549 0.937299
vt 0.648457 0.936756
vt 0.649542 0.942687
vt 0.646814 0.943289
vt 0.644815 0.935244
vt 0.647614 0.934346
vt 0.644312 0.932857
vt 0.646958 0.931709
vt 0.652862 0.964514
vt 0.651748 0.962826
vt 0.652866 0.964513
vt 0.652863 0.964513
vt 0.635270 0.966280
vt 0.632387 0.964876
vt 0.631535 0.958087
vt 0.634434 0.957602
vt 0.651483 0.925682
vt 0.648655 0.925517
vt 0.629082 0.940004
vt 0.632022 0.939684
vt 0.632726 0.945250
vt 0.629943 0.945760
vt 0.629372 0.937964
vt 0.632102 0.937708
vt 0.628554 0.935841
vt 0.631472 0.935549
vt 0.505823 0.376456
vt 0.507749 0.376411
vt 0.507976 0.387929
vt 0.506049 0.387974
vt 0.505596 0.364938
vt 0.507522 0.364893
vt 0.508202 0.399447
vt 0.506276 0.399492
vt 0.508429 0.410960
vt 0.506501 0.411008
vt 0.508650 0.422421
vt 0.506749 0.422492
vt 0.508108 0.433896
vt 0.506188 0.433996
vt 0.505810 0.307356
vt 0.507946 0.306965
vt 0.506570 0.318760
vt 0.504679 0.318906
vt 0.506849 0.330340
vt 0.504926 0.330392
vt 0.507070 0.341858
vt 0.505143 0.341903
vt 0.507295 0.353375
vt 0.505369 0.353420
vt 0.517267 0.741720
vt 0.513666 0.741742
vt 0.513661 0.720221
vt 0.517262 0.720200
vt 0.517273 0.763239
vt 0.513671 0.763260
vt 0.517279 0.784757
vt 0.513677 0.784779
vt 0.517284 0.806278
vt 0.513683 0.806298
vt 0.517290 0.827796
vt 0.513689 0.827817
vt 0.517296 0.849315
vt 0.513694 0.849333
vt 0.517258 0.870828
vt 0.513655 0.870829
vt 0.517188 0.892349
vt 0.513589 0.892353
vt 0.517178 0.913880
vt 0.513583 0.913898
vt 0.517232 0.935483
vt 0.513666 0.935441
vt 0.517117 0.957819
vt 0.513373 0.957149
vt 0.513503 0.655395
vt 0.517201 0.654697
vt 0.517287 0.677086
vt 0.513745 0.677145
vt 0.517261 0.698676
vt 0.513668 0.698699
vt 0.521316 0.741709
vt 0.524918 0.741687
vt 0.524923 0.763207
vt 0.521322 0.763229
vt 0.521310 0.720190
vt 0.524910 0.720169
vt 0.524929 0.784726
vt 0.521328 0.784748
vt 0.524935 0.806245
vt 0.521333 0.806266
vt 0.524941 0.827765
vt 0.521339 0.827787
vt 0.524944 0.849289
vt 0.521344 0.849308
vt 0.524908 0.870825
vt 0.521307 0.870839
vt 0.524838 0.892338
vt 0.521237 0.892354
vt 0.524813 0.913845
vt 0.521218 0.913868
vt 0.524756 0.935395
vt 0.521214 0.935458
vt 0.525021 0.957146
vt 0.521324 0.957846
vt 0.521407 0.654729
vt 0.525151 0.655404
vt 0.524834 0.677110
vt 0.521268 0.677065
vt 0.524895 0.698648
vt 0.521300 0.698665
vt 0.516929 0.742136
vt 0.513359 0.742157
vt 0.513353 0.720776
vt 0.516921 0.720756
vt 0.516935 0.763517
vt 0.513365 0.763538
vt 0.516942 0.784898
vt 0.513372 0.784919
vt 0.516950 0.806279
vt 0.513380 0.806300
vt 0.516957 0.827660
vt 0.513386 0.827680
vt 0.516964 0.849040
vt 0.513393 0.849056
vt 0.516925 0.870413
vt 0.513354 0.870414
vt 0.516856 0.891795
vt 0.513290 0.891800
vt 0.516848 0.913192
vt 0.513285 0.913209
vt 0.516909 0.934664
vt 0.513375 0.934614
vt 0.516765 0.956820
vt 0.513052 0.956141
vt 0.513177 0.656389
vt 0.516845 0.655680
vt 0.516949 0.677913
vt 0.513440 0.677979
vt 0.516920 0.699367
vt 0.513360 0.699392
vt 0.521651 0.742123
vt 0.525221 0.742102
vt 0.525229 0.763483
vt 0.521659 0.763504
vt 0.521643 0.720742
vt 0.525212 0.720721
vt 0.525235 0.784863
vt 0.521665 0.784885
vt 0.525243 0.806245
vt 0.521672 0.806266
vt 0.525249 0.827626
vt 0.521680 0.827648
vt 0.525253 0.849012
vt 0.521685 0.849030
vt 0.525218 0.870411
vt 0.521649 0.870425
vt 0.525149 0.891786
vt 0.521579 0.891802
vt 0.525122 0.913154
vt 0.521559 0.913178
vt 0.525060 0.934562
vt 0.521551 0.934631
vt 0.525347 0.956151
vt 0.521680 0.956863
vt 0.521759 0.655730
vt 0.525472 0.656413
vt 0.525126 0.677938
vt 0.521591 0.677885
vt 0.525193 0.699339
vt 0.521631 0.699356
vt 0.517075 0.892299
vt 0.513481 0.892322
vt 0.513456 0.870818
vt 0.517052 0.870794
vt 0.517103 0.913809
vt 0.513514 0.913828
vt 0.517155 0.935397
vt 0.513593 0.935350
vt 0.517023 0.957705
vt 0.513284 0.957030
vt 0.513346 0.655507
vt 0.517041 0.654805
vt 0.517124 0.677174
vt 0.513588 0.677233
vt 0.517090 0.698749
vt 0.513502 0.698767
vt 0.517040 0.720253
vt 0.513444 0.720253
vt 0.516962 0.741758
vt 0.513369 0.741761
vt 0.516941 0.763270
vt 0.513345 0.763291
vt 0.516963 0.784777
vt 0.513366 0.784801
vt 0.516984 0.806281
vt 0.513389 0.806306
vt 0.517007 0.827787
vt 0.513412 0.827810
vt 0.517030 0.849291
vt 0.513433 0.849315
vt 0.521367 0.892284
vt 0.524962 0.892260
vt 0.524973 0.913767
vt 0.521386 0.913794
vt 0.521346 0.870780
vt 0.524941 0.870756
vt 0.524911 0.935306
vt 0.521376 0.935369
vt 0.525178 0.957033
vt 0.521485 0.957738
vt 0.521503 0.654845
vt 0.525240 0.655525
vt 0.524907 0.677202
vt 0.521345 0.677152
vt 0.524959 0.698729
vt 0.521371 0.698742
vt 0.524927 0.720253
vt 0.521333 0.720265
vt 0.524853 0.741751
vt 0.521256 0.741766
vt 0.524832 0.763238
vt 0.521236 0.763260
vt 0.524853 0.784740
vt 0.521257 0.784763
vt 0.524875 0.806244
vt 0.521279 0.806266
vt 0.524897 0.827747
vt 0.521301 0.827771
vt 0.524919 0.849251
vt 0.521324 0.849277
vt 0.517089 0.741777
vt 0.513495 0.741800
vt 0.513484 0.720298
vt 0.517077 0.720275
vt 0.517102 0.763278
vt 0.513508 0.763300
vt 0.517115 0.784778
vt 0.513521 0.784800
vt 0.517128 0.806278
vt 0.513534 0.806301
vt 0.517142 0.827779
vt 0.513547 0.827801
vt 0.517156 0.849278
vt 0.513560 0.849297
vt 0.517124 0.870771
vt 0.513529 0.870774
vt 0.517063 0.892275
vt 0.513471 0.892279
vt 0.517060 0.913789
vt 0.513473 0.913807
vt 0.517125 0.935375
vt 0.513566 0.935331
vt 0.517004 0.957677
vt 0.513267 0.957002
vt 0.513299 0.655538
vt 0.516992 0.654834
vt 0.517091 0.677198
vt 0.513557 0.677261
vt 0.517070 0.698771
vt 0.513484 0.698795
vt 0.521446 0.741763
vt 0.525040 0.741741
vt 0.525053 0.763243
vt 0.521459 0.763266
vt 0.521433 0.720263
vt 0.525026 0.720240
vt 0.525067 0.784744
vt 0.521472 0.784766
vt 0.525080 0.806242
vt 0.521485 0.806265
vt 0.525093 0.827743
vt 0.521499 0.827765
vt 0.525104 0.849249
vt 0.521510 0.849269
vt 0.525076 0.870767
vt 0.521482 0.870781
vt 0.525013 0.892262
vt 0.521419 0.892279
vt 0.524994 0.913749
vt 0.521406 0.913774
vt 0.524942 0.935279
vt 0.521409 0.935345
vt 0.525225 0.957001
vt 0.521534 0.957709
vt 0.521520 0.654871
vt 0.525258 0.655551
vt 0.524934 0.677219
vt 0.521374 0.677172
vt 0.525003 0.698740
vt 0.521416 0.698757
vt 0.517194 0.892354
vt 0.513593 0.892378
vt 0.513570 0.870859
vt 0.517171 0.870835
vt 0.517221 0.913877
vt 0.513626 0.913897
vt 0.517270 0.935478
vt 0.513703 0.935435
vt 0.517146 0.957812
vt 0.513403 0.957140
vt 0.513459 0.655399
vt 0.517157 0.654702
vt 0.517237 0.677090
vt 0.513695 0.677148
vt 0.517205 0.698678
vt 0.513612 0.698697
vt 0.517156 0.720196
vt 0.513554 0.720195
vt 0.517079 0.741715
vt 0.513481 0.741719
vt 0.517059 0.763241
vt 0.513458 0.763262
vt 0.517081 0.784762
vt 0.513480 0.784786
vt 0.517104 0.806280
vt 0.513502 0.806305
vt 0.517126 0.827798
vt 0.513525 0.827822
vt 0.517149 0.849316
vt 0.513548 0.849341
vt 0.521343 0.720203
vt 0.524942 0.720178
vt 0.524976 0.741693
vt 0.521376 0.741718
vt 0.521315 0.698681
vt 0.524908 0.698661
vt 0.521264 0.677083
vt 0.524829 0.677127
vt 0.521388 0.654756
vt 0.525130 0.655428
vt 0.525105 0.957120
vt 0.521408 0.957818
vt 0.521326 0.935434
vt 0.524866 0.935376
vt 0.521357 0.913849
vt 0.524948 0.913831
vt 0.521405 0.892335
vt 0.525005 0.892335
vt 0.521479 0.870818
vt 0.525077 0.870814
vt 0.521498 0.849295
vt 0.525098 0.849274
vt 0.521474 0.827778
vt 0.525074 0.827754
vt 0.521450 0.806262
vt 0.525050 0.806239
vt 0.521425 0.784747
vt 0.525025 0.784724
vt 0.521400 0.763232
vt 0.525001 0.763207
vt 0.521255 0.892339
vt 0.524856 0.892315
vt 0.524866 0.913836
vt 0.521273 0.913864
vt 0.521233 0.870821
vt 0.524835 0.870797
vt 0.524804 0.935391
vt 0.521264 0.935453
vt 0.525064 0.957140
vt 0.521367 0.957842
vt 0.521378 0.654736
vt 0.525121 0.655411
vt 0.524797 0.677117
vt 0.521231 0.677070
vt 0.524849 0.698658
vt 0.521256 0.698671
vt 0.524817 0.720194
vt 0.521218 0.720207
vt 0.524744 0.741707
vt 0.521142 0.741722
vt 0.524725 0.763210
vt 0.521122 0.763231
vt 0.524745 0.784724
vt 0.521144 0.784748
vt 0.524767 0.806242
vt 0.521166 0.806266
vt 0.524790 0.827760
vt 0.521189 0.827785
vt 0.524812 0.849279
vt 0.521211 0.849302
vt 0.627624 0.929525
vt 0.630332 0.929296
vt 0.649727 0.945325
vt 0.646787 0.945582
vt 0.647170 0.947823
vt 0.649997 0.947884
vt 0.650206 0.953099
vt 0.647260 0.953137
vt 0.633522 0.947117
vt 0.630880 0.947566
vt 0.630658 0.949442
vt 0.633434 0.949090
vt 0.634010 0.953833
vt 0.631074 0.954203
vt 0.649921 0.955473
vt 0.647003 0.955101
vt 0.634471 0.955509
vt 0.631744 0.955911
vt 0.482865 0.881664
vt 0.483070 0.870083
vt 0.494130 0.870299
vt 0.493926 0.881881
vt 0.482661 0.893246
vt 0.493721 0.893462
vt 0.482456 0.904827
vt 0.493517 0.905044
vt 0.482251 0.916407
vt 0.493311 0.916627
vt 0.482041 0.927978
vt 0.493099 0.928217
vt 0.481835 0.939540
vt 0.492875 0.939817
vt 0.481464 0.951079
vt 0.492443 0.951369
vt 0.491758 0.962766
vt 0.484478 0.823701
vt 0.488303 0.810123
vt 0.497825 0.811507
vt 0.495501 0.823947
vt 0.483706 0.835332
vt 0.494752 0.835563
vt 0.483481 0.846920
vt 0.494538 0.847136
vt 0.483274 0.858501
vt 0.494335 0.858718
vt 0.489296 0.717371
vt 0.488940 0.705799
vt 0.499923 0.705482
vt 0.500279 0.717055
vt 0.489652 0.728943
vt 0.500635 0.728627
vt 0.490008 0.740515
vt 0.500991 0.740199
vt 0.490363 0.752086
vt 0.501346 0.751773
vt 0.490715 0.763652
vt 0.501696 0.763350
vt 0.491009 0.775182
vt 0.502038 0.774961
vt 0.490444 0.786872
vt 0.501233 0.786787
vt 0.488847 0.798964
vt 0.500514 0.798909
vt 0.487898 0.659436
vt 0.489122 0.647334
vt 0.500071 0.647222
vt 0.498833 0.659214
vt 0.487886 0.671077
vt 0.498860 0.670771
vt 0.488229 0.682656
vt 0.499211 0.682338
vt 0.488584 0.694227
vt 0.499567 0.693910
vt 0.490111 0.554392
vt 0.489763 0.542842
vt 0.500464 0.542540
vt 0.500812 0.554090
vt 0.490459 0.565942
vt 0.501160 0.565640
vt 0.490807 0.577491
vt 0.501508 0.577190
vt 0.491154 0.589040
vt 0.501856 0.588741
vt 0.491498 0.600584
vt 0.502199 0.600295
vt 0.491787 0.612100
vt 0.502553 0.611870
vt 0.491449 0.623712
vt 0.502279 0.623772
vt 0.490029 0.484419
vt 0.491565 0.471393
vt 0.504465 0.471977
vt 0.500517 0.484458
vt 0.488441 0.496571
vt 0.499153 0.496426
vt 0.488735 0.508182
vt 0.499421 0.507902
vt 0.489069 0.519739
vt 0.499769 0.519443
vt 0.489415 0.531292
vt 0.500116 0.530991
vt 0.499687 0.388093
vt 0.499461 0.376576
vt 0.509592 0.720210
vt 0.509583 0.698695
vt 0.499914 0.399611
vt 0.509635 0.677238
vt 0.500143 0.411131
vt 0.509277 0.656524
vt 0.500363 0.422642
vt 0.509334 0.955987
vt 0.509715 0.935282
vt 0.499962 0.434267
vt 0.509631 0.913824
vt 0.498882 0.446206
vt 0.509655 0.892295
vt 0.509724 0.870787
vt 0.509741 0.849293
vt 0.498478 0.318883
vt 0.499532 0.307478
vt 0.509720 0.827783
vt 0.498557 0.330494
vt 0.509696 0.806269
vt 0.498780 0.342021
vt 0.509672 0.784753
vt 0.499007 0.353540
vt 0.509647 0.763238
vt 0.499234 0.365058
vt 0.509623 0.741725
vt 0.489833 0.635608
vt 0.502096 0.635571
vt 0.495163 0.458132
vt 0.506608 0.458754
vt 0.640785 0.923427
vt 0.635228 0.748484
vt 0.653464 0.748546
vt 0.652983 0.923241
vt 0.509910 0.376384
vt 0.510136 0.387902
vt 0.509631 0.763223
vt 0.509625 0.741704
vt 0.510363 0.399420
vt 0.509637 0.784742
vt 0.510589 0.410936
vt 0.509642 0.806262
vt 0.510801 0.422464
vt 0.509648 0.827780
vt 0.510259 0.434137
vt 0.509654 0.849294
vt 0.507973 0.445999
vt 0.509702 0.870800
vt 0.509466 0.892331
vt 0.509548 0.913861
vt 0.509942 0.307439
vt 0.508695 0.318756
vt 0.509664 0.935322
vt 0.509006 0.330307
vt 0.509313 0.956035
vt 0.509231 0.341831
vt 0.509700 0.677207
vt 0.509361 0.656486
vt 0.509456 0.353348
vt 0.509630 0.698669
vt 0.509683 0.364866
vt 0.509622 0.720185
vt 0.528958 0.741724
vt 0.528964 0.763244
vt 0.509361 0.763501
vt 0.509354 0.742120
vt 0.528969 0.784763
vt 0.509368 0.784883
vt 0.528975 0.806281
vt 0.509374 0.806263
vt 0.528981 0.827802
vt 0.509382 0.827644
vt 0.528983 0.849326
vt 0.509389 0.849018
vt 0.528947 0.870864
vt 0.509436 0.870385
vt 0.528879 0.892377
vt 0.509202 0.891779
vt 0.528851 0.913872
vt 0.509287 0.913170
vt 0.528801 0.935329
vt 0.509408 0.934486
vt 0.529161 0.956048
vt 0.509029 0.955022
vt 0.529210 0.656521
vt 0.528837 0.677233
vt 0.509431 0.678048
vt 0.509072 0.657487
vt 0.528929 0.698690
vt 0.509358 0.699363
vt 0.528950 0.720205
vt 0.509349 0.720740
vt 0.529226 0.742138
vt 0.529233 0.763520
vt 0.509487 0.913788
vt 0.509447 0.892288
vt 0.529240 0.784901
vt 0.509598 0.935229
vt 0.529247 0.806282
vt 0.509230 0.955911
vt 0.529254 0.827664
vt 0.509550 0.677295
vt 0.509211 0.656599
vt 0.529256 0.849050
vt 0.509472 0.698733
vt 0.529222 0.870451
vt 0.509497 0.720222
vt 0.529154 0.891825
vt 0.509250 0.741739
vt 0.529124 0.913180
vt 0.509310 0.763259
vt 0.529070 0.934489
vt 0.509333 0.784767
vt 0.529451 0.955049
vt 0.509355 0.806273
vt 0.529494 0.657537
vt 0.529093 0.678070
vt 0.509377 0.827775
vt 0.529191 0.699383
vt 0.509400 0.849280
vt 0.529216 0.720759
vt 0.509423 0.870784
vt 0.528996 0.892293
vt 0.529004 0.913794
vt 0.509475 0.763266
vt 0.509462 0.741764
vt 0.528949 0.935237
vt 0.509488 0.784766
vt 0.529312 0.955934
vt 0.509501 0.806264
vt 0.529293 0.656646
vt 0.528902 0.677329
vt 0.509514 0.827766
vt 0.528986 0.698774
vt 0.509528 0.849260
vt 0.528959 0.720293
vt 0.509584 0.870747
vt 0.528889 0.741791
vt 0.509355 0.892259
vt 0.528868 0.763274
vt 0.509445 0.913770
vt 0.528886 0.784773
vt 0.509571 0.935210
vt 0.528908 0.806277
vt 0.509214 0.955886
vt 0.528931 0.827781
vt 0.509520 0.677327
vt 0.509166 0.656636
vt 0.528954 0.849286
vt 0.509455 0.698766
vt 0.528975 0.870790
vt 0.509452 0.720262
vt 0.529072 0.741776
vt 0.529086 0.763278
vt 0.509593 0.913858
vt 0.509555 0.892343
vt 0.529099 0.784779
vt 0.509701 0.935315
vt 0.529112 0.806278
vt 0.509344 0.956024
vt 0.529125 0.827779
vt 0.509650 0.677208
vt 0.509318 0.656490
vt 0.529135 0.849286
vt 0.509575 0.698663
vt 0.529108 0.870805
vt 0.509602 0.720167
vt 0.529046 0.892298
vt 0.509357 0.741697
vt 0.529024 0.913775
vt 0.509417 0.763229
vt 0.528980 0.935208
vt 0.509440 0.784752
vt 0.529357 0.955897
vt 0.509462 0.806271
vt 0.529308 0.656672
vt 0.528928 0.677345
vt 0.509485 0.827789
vt 0.529029 0.698781
vt 0.509507 0.849308
vt 0.529059 0.720278
vt 0.509530 0.870825
vt 0.528895 0.892349
vt 0.528903 0.913865
vt 0.528940 0.698700
vt 0.528981 0.720209
vt 0.528850 0.935326
vt 0.528830 0.677248
vt 0.529205 0.956044
vt 0.529188 0.656544
vt 0.529179 0.656530
vt 0.528799 0.677242
vt 0.528910 0.935315
vt 0.529246 0.956028
vt 0.528881 0.698703
vt 0.528984 0.913864
vt 0.528856 0.720236
vt 0.528955 0.892364
vt 0.528785 0.741748
vt 0.529200 0.870835
vt 0.528767 0.763245
vt 0.529138 0.849306
vt 0.528785 0.784759
vt 0.529113 0.827786
vt 0.528807 0.806276
vt 0.529088 0.806271
vt 0.528830 0.827793
vt 0.529064 0.784757
vt 0.528852 0.849312
vt 0.529039 0.763241
vt 0.528875 0.870830
vt 0.529015 0.741724
vt 0.651246 0.966091
vt 0.650881 0.933402
vt 0.651679 0.936090
vt 0.653332 0.947767
vt 0.653068 0.944976
vt 0.650128 0.930741
vt 0.652809 0.942110
vt 0.652769 0.958640
vt 0.653203 0.955753
vt 0.653527 0.953133
vt 0.630395 0.924518
vt 0.473066 0.703667
vt 0.469803 0.703699
vt 0.469756 0.693156
vt 0.473026 0.693105
vt 0.473107 0.714205
vt 0.469849 0.714243
vt 0.469700 0.682631
vt 0.472959 0.682602
vt 0.469657 0.672106
vt 0.472916 0.672080
vt 0.469626 0.661580
vt 0.472886 0.661558
vt 0.469607 0.651052
vt 0.472867 0.651034
vt 0.469598 0.640524
vt 0.472857 0.640508
vt 0.469598 0.629994
vt 0.472857 0.629981
vt 0.469606 0.619463
vt 0.472866 0.619454
vt 0.469623 0.608932
vt 0.472882 0.608936
vt 0.469651 0.598400
vt 0.472911 0.598490
vt 0.469716 0.587854
vt 0.473070 0.588536
vt 0.473277 0.734650
vt 0.469997 0.735352
vt 0.469906 0.724790
vt 0.473127 0.724687
vt 0.267730 0.714796
vt 0.267703 0.704166
vt 0.267766 0.725426
vt 0.267811 0.736053
vt 0.268111 0.597889
vt 0.268218 0.587280
vt 0.268078 0.608508
vt 0.268036 0.619131
vt 0.267983 0.629756
vt 0.267922 0.640384
vt 0.267853 0.651013
vt 0.267778 0.661643
vt 0.267694 0.672274
vt 0.267687 0.682904
vt 0.267692 0.693535
vt 0.269237 0.789179
vt 0.383664 0.788798
vt 0.396255 0.839345
vt 0.385741 0.839330
vt 0.407231 0.776353
vt 0.417661 0.774405
vt 0.241187 0.797759
vt 0.247307 0.797144
vt 0.394679 0.780209
vt 0.386419 0.779736
vt 0.508512 0.295329
vt 0.500228 0.305800
vt 0.509903 0.306384
vt 0.425112 0.772636
vt 0.438480 0.771128
vt 0.413741 0.783636
vt 0.406666 0.784936
vt 0.246032 0.805880
vt 0.239129 0.806533
vt 0.391074 0.789151
vt 0.385888 0.788773
vt 0.551106 0.934706
vt 0.548169 0.934290
vt 0.549614 0.933493
vt 0.546243 0.934705
vt 0.649122 0.965594
vt 0.649114 0.965595
vt 0.291349 0.949520
vt 0.291456 0.946542
vt 0.299063 0.946540
vt 0.298938 0.950063
vt 0.291349 0.943563
vt 0.298937 0.943017
vt 0.291029 0.940600
vt 0.298558 0.939513
vt 0.290497 0.937667
vt 0.297930 0.936044
vt 0.289758 0.934780
vt 0.297055 0.932630
vt 0.288813 0.931953
vt 0.295939 0.929286
vt 0.287670 0.929202
vt 0.294585 0.926031
vt 0.286332 0.926538
vt 0.293002 0.922882
vt 0.286338 0.966546
vt 0.287675 0.963882
vt 0.294591 0.967050
vt 0.293010 0.970201
vt 0.288818 0.961130
vt 0.295943 0.963795
vt 0.289761 0.958303
vt 0.297059 0.960451
vt 0.290500 0.955416
vt 0.297933 0.957036
vt 0.291030 0.952483
vt 0.298561 0.953568
vt 0.302404 0.954154
vt 0.302403 0.950449
vt 0.348191 0.950447
vt 0.348192 0.954151
vt 0.302404 0.957858
vt 0.348192 0.957856
vt 0.302404 0.961563
vt 0.348192 0.961560
vt 0.302404 0.965267
vt 0.348192 0.965264
vt 0.302404 0.968971
vt 0.348192 0.968969
vt 0.302405 0.972676
vt 0.348192 0.972673
vt 0.302402 0.924519
vt 0.302402 0.920814
vt 0.348190 0.920812
vt 0.348190 0.924516
vt 0.302402 0.928223
vt 0.348190 0.928221
vt 0.302403 0.931928
vt 0.348190 0.931925
vt 0.302403 0.935632
vt 0.348191 0.935629
vt 0.302403 0.939336
vt 0.348191 0.939334
vt 0.302403 0.943040
vt 0.348191 0.943038
vt 0.302403 0.946745
vt 0.348191 0.946742
vt 0.277784 0.941252
vt 0.277750 0.944091
vt 0.267254 0.944164
vt 0.267273 0.941303
vt 0.277824 0.938408
vt 0.267300 0.938453
vt 0.277848 0.935561
vt 0.267342 0.935619
vt 0.277811 0.932718
vt 0.267420 0.932810
vt 0.277622 0.929903
vt 0.267581 0.930046
vt 0.277136 0.927181
vt 0.267922 0.927372
vt 0.277865 0.963681
vt 0.277660 0.966353
vt 0.268457 0.966921
vt 0.267833 0.964231
vt 0.277886 0.960939
vt 0.267499 0.961418
vt 0.277843 0.958164
vt 0.267337 0.958554
vt 0.277791 0.955370
vt 0.267265 0.955673
vt 0.277751 0.952564
vt 0.267238 0.952789
vt 0.277731 0.949747
vt 0.267233 0.949908
vt 0.277731 0.946922
vt 0.267240 0.947033
vt 0.280692 0.941328
vt 0.280653 0.944175
vt 0.263663 0.944011
vt 0.263681 0.941111
vt 0.280744 0.938451
vt 0.263705 0.938200
vt 0.280792 0.935519
vt 0.263746 0.935257
vt 0.280788 0.932473
vt 0.263845 0.932237
vt 0.280572 0.929210
vt 0.264140 0.929061
vt 0.279597 0.925679
vt 0.265070 0.925650
vt 0.280709 0.964280
vt 0.280077 0.967585
vt 0.265555 0.968963
vt 0.264257 0.965337
vt 0.280798 0.961229
vt 0.263827 0.961931
vt 0.280758 0.958320
vt 0.263686 0.958757
vt 0.280700 0.955473
vt 0.263643 0.955718
vt 0.280656 0.952649
vt 0.263634 0.952751
vt 0.280633 0.949829
vt 0.263638 0.949821
vt 0.280633 0.947006
vt 0.263649 0.946912
vt 0.273006 0.163241
vt 0.273006 0.164681
vt 0.002257 0.164670
vt 0.002257 0.163230
vt 0.126870 0.916414
vt 0.125370 0.916781
vt 0.125552 0.758007
vt 0.127044 0.757530
vt 0.126892 0.917904
vt 0.132110 0.914379
vt 0.132567 0.915786
vt 0.499318 0.994867
vt 0.497827 0.994388
vt 0.497826 0.984917
vt 0.499317 0.984438
vt 0.272951 0.170439
vt 0.272951 0.171957
vt 0.002312 0.171948
vt 0.002303 0.170437
vt 0.133592 0.914168
vt 0.131934 0.750508
vt 0.133425 0.750029
vt 0.509308 0.994387
vt 0.507817 0.993910
vt 0.507816 0.985393
vt 0.509307 0.984915
vt 0.138745 0.915665
vt 0.139193 0.914261
vt 0.144442 0.916270
vt 0.144443 0.917763
vt 0.137710 0.914064
vt 0.137863 0.749943
vt 0.139353 0.750421
vt 0.781476 0.993889
vt 0.779985 0.994366
vt 0.779984 0.984894
vt 0.781475 0.985370
vt 0.145937 0.916697
vt 0.144243 0.757437
vt 0.145736 0.757913
vt 0.791465 0.994365
vt 0.789974 0.994843
vt 0.789973 0.984415
vt 0.791464 0.984893
vt 0.145492 0.916777
vt 0.143987 0.916363
vt 0.144730 0.757532
vt 0.146219 0.758016
vt 0.002250 0.164664
vt 0.002268 0.163211
vt 0.272987 0.163229
vt 0.272987 0.164694
vt 0.143983 0.917855
vt 0.138296 0.915726
vt 0.138750 0.914324
vt 0.137275 0.914126
vt 0.138393 0.750000
vt 0.139881 0.750487
vt 0.002295 0.171935
vt 0.002295 0.170430
vt 0.272950 0.170430
vt 0.272959 0.171941
vt 0.133626 0.914180
vt 0.132150 0.914382
vt 0.132131 0.750511
vt 0.133622 0.750034
vt 0.132604 0.915791
vt 0.126948 0.917905
vt 0.126908 0.916412
vt 0.125396 0.916755
vt 0.125741 0.758004
vt 0.127234 0.757528
vt 0.272964 0.336037
vt 0.002287 0.336028
vt 0.002300 0.004495
vt 0.272977 0.004506
vt 0.272965 0.336033
vt 0.002282 0.336027
vt 0.002296 0.004495
vt 0.272980 0.004512
vt 0.227150 0.994410
vt 0.227149 0.984938
vt 0.352410 0.017293
vt 0.484873 0.008755
vt 0.281416 0.151764
vt 0.438790 0.027145
vt 0.470599 0.185851
vt 0.474269 0.008792
vt 0.484910 0.210972
vt 0.438791 0.027144
vt 0.470599 0.185851
vt 0.438800 0.172915
vt 0.315297 0.026644
vt 0.317580 0.151756
vt 0.323242 0.017296
vt 0.321178 0.153091
vt 0.352410 0.017293
vt 0.484873 0.008755
vt 0.281416 0.151764
vt 0.438790 0.027145
vt 0.470599 0.185851
vt 0.474268 0.008792
vt 0.484910 0.210972
vt 0.438791 0.027144
vt 0.470598 0.185851
vt 0.438800 0.172915
vt 0.315297 0.026644
vt 0.317580 0.151756
vt 0.323242 0.017296
vt 0.321178 0.153091
vt 0.352410 0.017293
vt 0.484873 0.008755
vt 0.281416 0.151764
vt 0.438790 0.027145
vt 0.470599 0.185851
vt 0.474269 0.008792
vt 0.484910 0.210972
vt 0.438791 0.027144
vt 0.470598 0.185851
vt 0.438800 0.172915
vt 0.315297 0.026644
vt 0.317580 0.151756
vt 0.323242 0.017296
vt 0.321178 0.153091
vt 0.352410 0.017293
vt 0.484874 0.008755
vt 0.281416 0.151764
vt 0.438790 0.027145
vt 0.470599 0.185851
vt 0.474268 0.008792
vt 0.484910 0.210972
vt 0.438790 0.027144
vt 0.470599 0.185851
vt 0.438801 0.172915
vt 0.315297 0.026644
vt 0.317580 0.151756
vt 0.323242 0.017296
vt 0.321178 0.153091
vt 0.352410 0.017294
vt 0.484874 0.008755
vt 0.281416 0.151764
vt 0.438790 0.027145
vt 0.470600 0.185851
vt 0.474269 0.008792
vt 0.484910 0.210972
vt 0.438791 0.027144
vt 0.470598 0.185851
vt 0.438800 0.172915
vt 0.315297 0.026644
vt 0.317580 0.151756
vt 0.323242 0.017296
vt 0.321178 0.153091
vt 0.196099 0.651003
vt 0.200545 0.651002
vt 0.200739 0.671791
vt 0.196204 0.670990
vt 0.200513 0.694882
vt 0.196166 0.694335
vt 0.200390 0.718014
vt 0.196168 0.717571
vt 0.200310 0.741127
vt 0.196167 0.740890
vt 0.200242 0.764230
vt 0.196164 0.764229
vt 0.200304 0.787334
vt 0.196162 0.787569
vt 0.200378 0.810448
vt 0.196157 0.810888
vt 0.200477 0.833585
vt 0.196139 0.834159
vt 0.200610 0.856821
vt 0.196089 0.857696
vt 0.200520 0.878029
vt 0.196052 0.877934
vt 0.199803 0.881748
vt 0.201013 0.887911
vt 0.196051 0.886566
vt 0.196051 0.880686
vt 0.191088 0.887907
vt 0.192300 0.881743
vt 0.191572 0.856810
vt 0.191584 0.878023
vt 0.191802 0.833577
vt 0.191937 0.810445
vt 0.192020 0.787333
vt 0.192087 0.764230
vt 0.192023 0.741126
vt 0.191947 0.718012
vt 0.191820 0.694860
vt 0.191677 0.671622
vt 0.191653 0.651004
vt 0.205659 0.888861
vt 0.204451 0.882105
vt 0.205263 0.856605
vt 0.205077 0.877691
vt 0.205147 0.833581
vt 0.205065 0.810448
vt 0.204997 0.787333
vt 0.205001 0.764231
vt 0.205005 0.741130
vt 0.205080 0.718020
vt 0.205188 0.694897
vt 0.205391 0.672001
vt 0.205159 0.651001
vt 0.187043 0.671696
vt 0.187039 0.651005
vt 0.187144 0.694859
vt 0.187258 0.718015
vt 0.187329 0.741128
vt 0.187329 0.764232
vt 0.187326 0.787332
vt 0.187249 0.810442
vt 0.187131 0.833564
vt 0.186920 0.856574
vt 0.187029 0.877677
vt 0.186442 0.888856
vt 0.187651 0.882097
vt 0.200544 0.647321
vt 0.196098 0.647322
vt 0.205159 0.647320
vt 0.187038 0.647324
vt 0.191653 0.647323
vt 0.196097 0.641077
vt 0.200543 0.641076
vt 0.191651 0.641078
vt 0.187037 0.641079
vt 0.205157 0.641076
vt 0.277059 0.911011
vt 0.277042 0.908483
vt 0.279881 0.908464
vt 0.279897 0.910992
vt 0.277024 0.905956
vt 0.279863 0.905936
vt 0.264879 0.916387
vt 0.264879 0.913859
vt 0.267718 0.913859
vt 0.267718 0.916387
vt 0.264879 0.911331
vt 0.267718 0.911332
vt 0.277075 0.913538
vt 0.277059 0.911011
vt 0.279897 0.910992
vt 0.279914 0.913519
vt 0.277041 0.908483
vt 0.279881 0.908464
vt 0.277025 0.905956
vt 0.279863 0.905937
vt 0.264879 0.916387
vt 0.264879 0.913859
vt 0.267718 0.913859
vt 0.267718 0.916387
vt 0.264879 0.911332
vt 0.267718 0.911332
vt 0.277076 0.913538
vt 0.279914 0.913519
vt 0.326039 0.912115
vt 0.313832 0.916081
vt 0.313833 0.895313
vt 0.333584 0.901731
vt 0.333584 0.888896
vt 0.326039 0.878512
vt 0.313833 0.874546
vt 0.301626 0.878512
vt 0.294081 0.888895
vt 0.294081 0.901731
vt 0.301626 0.912115
vt 0.301626 0.912115
vt 0.294082 0.901731
vt 0.313833 0.895313
vt 0.294082 0.888896
vt 0.301625 0.878512
vt 0.313832 0.874546
vt 0.326039 0.878512
vt 0.333583 0.888896
vt 0.333584 0.901730
vt 0.326040 0.912114
vt 0.313833 0.916081
vt 0.277058 0.911011
vt 0.277041 0.908483
vt 0.279881 0.908464
vt 0.279897 0.910992
vt 0.277024 0.905956
vt 0.279863 0.905937
vt 0.264879 0.916387
vt 0.264879 0.913859
vt 0.267718 0.913859
vt 0.267718 0.916387
vt 0.264879 0.911332
vt 0.267718 0.911332
vt 0.277075 0.913538
vt 0.277059 0.911011
vt 0.279897 0.910992
vt 0.279914 0.913519
vt 0.277042 0.908483
vt 0.279881 0.908464
vt 0.277024 0.905956
vt 0.279864 0.905937
vt 0.264879 0.916387
vt 0.264879 0.913859
vt 0.267718 0.913859
vt 0.267718 0.916387
vt 0.264879 0.911331
vt 0.267718 0.911332
vt 0.277075 0.913538
vt 0.279914 0.913519
vt 0.326040 0.912114
vt 0.313832 0.916081
vt 0.313832 0.895313
vt 0.333583 0.901730
vt 0.333584 0.888896
vt 0.326039 0.878512
vt 0.313833 0.874546
vt 0.301626 0.878512
vt 0.294081 0.888896
vt 0.294082 0.901731
vt 0.301626 0.912115
vt 0.301626 0.912115
vt 0.294081 0.901731
vt 0.313833 0.895314
vt 0.294082 0.888895
vt 0.301626 0.878512
vt 0.313833 0.874546
vt 0.326040 0.878513
vt 0.333584 0.888896
vt 0.333584 0.901731
vt 0.326039 0.912115
vt 0.313832 0.916081
vt 0.992011 0.025329
vt 0.955095 0.025336
vt 0.955096 0.017987
vt 0.992411 0.017981
vt 0.918038 0.025342
vt 0.918033 0.017993
vt 0.880979 0.025348
vt 0.880973 0.017998
vt 0.843920 0.025354
vt 0.843914 0.018004
vt 0.806860 0.025360
vt 0.806855 0.018009
vt 0.769800 0.025366
vt 0.769797 0.018015
vt 0.732740 0.025372
vt 0.732740 0.018021
vt 0.695680 0.025378
vt 0.695682 0.018027
vt 0.658620 0.025384
vt 0.658624 0.018034
vt 0.621561 0.025391
vt 0.621565 0.018041
vt 0.584503 0.025397
vt 0.584503 0.018048
vt 0.547587 0.025403
vt 0.547189 0.018054
vt 0.385055 0.372449
vt 0.416123 0.413950
vt 0.409023 0.416811
vt 0.380293 0.378448
vt 0.337440 0.351839
vt 0.336275 0.359408
vt 0.285715 0.357881
vt 0.288535 0.365004
vt 0.243994 0.389058
vt 0.250021 0.393776
vt 0.223592 0.436713
vt 0.231168 0.437838
vt 0.229544 0.488253
vt 0.236681 0.485478
vt 0.260668 0.530053
vt 0.265409 0.524055
vt 0.308500 0.550573
vt 0.309572 0.542996
vt 0.359977 0.544414
vt 0.357163 0.537292
vt 0.401633 0.513488
vt 0.395660 0.508695
vt 0.422263 0.465672
vt 0.414684 0.464552
vt 0.422307 0.465493
vt 0.401850 0.513268
vt 0.375250 0.384849
vt 0.401461 0.419895
vt 0.360245 0.544414
vt 0.335058 0.367489
vt 0.308641 0.550586
vt 0.291562 0.372589
vt 0.260866 0.530128
vt 0.256469 0.398790
vt 0.229719 0.488523
vt 0.239234 0.439009
vt 0.223548 0.436920
vt 0.244289 0.482490
vt 0.244006 0.389144
vt 0.270435 0.517612
vt 0.285610 0.357998
vt 0.310682 0.534902
vt 0.337214 0.351827
vt 0.354135 0.529724
vt 0.384990 0.372284
vt 0.389263 0.503607
vt 0.416136 0.413889
vt 0.406600 0.463392
vt 0.352410 0.017293
vt 0.484874 0.008755
vt 0.281416 0.151764
vt 0.438790 0.027145
vt 0.470599 0.185851
vt 0.484910 0.210972
vt 0.474269 0.008792
vt 0.438791 0.027144
vt 0.470599 0.185851
vt 0.438800 0.172915
vt 0.315297 0.026644
vt 0.317580 0.151756
vt 0.323242 0.017296
vt 0.321178 0.153091
vt 0.352410 0.017293
vt 0.484873 0.008755
vt 0.281416 0.151764
vt 0.438790 0.027145
vt 0.470599 0.185851
vt 0.474269 0.008792
vt 0.484910 0.210972
vt 0.438791 0.027144
vt 0.470598 0.185851
vt 0.438800 0.172915
vt 0.315297 0.026644
vt 0.317580 0.151756
vt 0.323242 0.017296
vt 0.321178 0.153091
vt 0.352410 0.017293
vt 0.484873 0.008755
vt 0.281416 0.151764
vt 0.438790 0.027145
vt 0.470599 0.185851
vt 0.474269 0.008792
vt 0.484910 0.210972
vt 0.438791 0.027144
vt 0.470598 0.185851
vt 0.438800 0.172915
vt 0.315297 0.026644
vt 0.317580 0.151756
vt 0.323242 0.017296
vt 0.321178 0.153091
vt 0.948786 0.014410
vt 0.915404 0.014413
vt 0.915408 0.006289
vt 0.949150 0.006287
vt 0.881880 0.014415
vt 0.881876 0.006291
vt 0.848354 0.014417
vt 0.848348 0.006293
vt 0.814826 0.014420
vt 0.814821 0.006294
vt 0.781299 0.014422
vt 0.781295 0.006296
vt 0.747771 0.014424
vt 0.747769 0.006298
vt 0.714243 0.014426
vt 0.714243 0.006301
vt 0.680715 0.014429
vt 0.680717 0.006303
vt 0.647187 0.014431
vt 0.647191 0.006306
vt 0.613660 0.014433
vt 0.613664 0.006309
vt 0.580135 0.014436
vt 0.580134 0.006311
vt 0.546754 0.014439
vt 0.546392 0.006313
vt 0.830616 0.113166
vt 0.841567 0.154036
vt 0.759827 0.154036
vt 0.800697 0.083247
vt 0.759827 0.072296
vt 0.718958 0.083247
vt 0.689039 0.113166
vt 0.678088 0.154035
vt 0.689039 0.194905
vt 0.718957 0.224824
vt 0.759827 0.235775
vt 0.800697 0.224824
vt 0.830615 0.194905
vt 0.830615 0.194905
vt 0.800697 0.224824
vt 0.759827 0.154036
vt 0.759827 0.235775
vt 0.718957 0.224824
vt 0.689039 0.194905
vt 0.678088 0.154035
vt 0.689039 0.113166
vt 0.718958 0.083247
vt 0.759827 0.072296
vt 0.800697 0.083247
vt 0.830616 0.113166
vt 0.841567 0.154036
vt 0.352410 0.017293
vt 0.474421 0.211124
vt 0.281443 0.151658
vt 0.438767 0.027154
vt 0.470622 0.185845
vt 0.484794 0.211088
vt 0.474384 0.008676
vt 0.382921 0.018657
vt 0.409468 0.178591
vt 0.382939 0.164257
vt 0.315555 0.026750
vt 0.317553 0.151655
vt 0.323242 0.017296
vt 0.321178 0.153091
vt 0.352410 0.017293
vt 0.484873 0.008755
vt 0.281416 0.151764
vt 0.438790 0.027145
vt 0.470599 0.185851
vt 0.474269 0.008792
vt 0.484910 0.210972
vt 0.438791 0.027144
vt 0.470599 0.185851
vt 0.438801 0.172915
vt 0.315297 0.026644
vt 0.317580 0.151756
vt 0.323242 0.017296
vt 0.321178 0.153091
vt 0.352410 0.017293
vt 0.484874 0.008755
vt 0.281416 0.151764
vt 0.438790 0.027145
vt 0.470599 0.185851
vt 0.474269 0.008792
vt 0.484910 0.210972
vt 0.438791 0.027144
vt 0.470598 0.185851
vt 0.438800 0.172915
vt 0.315297 0.026644
vt 0.317580 0.151756
vt 0.323242 0.017296
vt 0.321178 0.153091
vt 0.992011 0.025329
vt 0.955095 0.025336
vt 0.955096 0.017987
vt 0.992411 0.017981
vt 0.918038 0.025342
vt 0.918033 0.017993
vt 0.880979 0.025348
vt 0.880973 0.017998
vt 0.843920 0.025354
vt 0.843914 0.018004
vt 0.806860 0.025360
vt 0.806855 0.018009
vt 0.769800 0.025366
vt 0.769797 0.018015
vt 0.732740 0.025372
vt 0.732740 0.018021
vt 0.695680 0.025378
vt 0.695682 0.018027
vt 0.658620 0.025384
vt 0.658624 0.018034
vt 0.621561 0.025391
vt 0.621565 0.018041
vt 0.584504 0.025397
vt 0.584503 0.018048
vt 0.547587 0.025403
vt 0.547189 0.018053
vt 0.385055 0.372448
vt 0.416123 0.413950
vt 0.409023 0.416810
vt 0.380293 0.378448
vt 0.337440 0.351839
vt 0.336275 0.359408
vt 0.285715 0.357881
vt 0.288535 0.365005
vt 0.243994 0.389059
vt 0.250021 0.393777
vt 0.223592 0.436713
vt 0.231168 0.437838
vt 0.229544 0.488253
vt 0.236681 0.485478
vt 0.260668 0.530053
vt 0.265409 0.524055
vt 0.308500 0.550573
vt 0.309573 0.542995
vt 0.359977 0.544414
vt 0.357163 0.537292
vt 0.401633 0.513488
vt 0.395660 0.508695
vt 0.422263 0.465672
vt 0.414684 0.464552
vt 0.422307 0.465493
vt 0.401849 0.513268
vt 0.375250 0.384849
vt 0.401461 0.419895
vt 0.360245 0.544414
vt 0.335058 0.367489
vt 0.308641 0.550585
vt 0.291562 0.372589
vt 0.260865 0.530128
vt 0.256469 0.398791
vt 0.229719 0.488523
vt 0.239234 0.439009
vt 0.223548 0.436920
vt 0.244289 0.482490
vt 0.244006 0.389144
vt 0.270435 0.517612
vt 0.285610 0.357998
vt 0.310682 0.534902
vt 0.337214 0.351827
vt 0.354135 0.529724
vt 0.384990 0.372284
vt 0.389264 0.503607
vt 0.416136 0.413889
vt 0.406600 0.463391
vt 0.352410 0.017294
vt 0.484874 0.008755
vt 0.281416 0.151764
vt 0.438790 0.027145
vt 0.470599 0.185851
vt 0.484910 0.210972
vt 0.474269 0.008792
vt 0.438791 0.027144
vt 0.470598 0.185851
vt 0.438800 0.172915
vt 0.315297 0.026644
vt 0.317580 0.151756
vt 0.323242 0.017296
vt 0.321178 0.153091
vt 0.352410 0.017294
vt 0.484874 0.008755
vt 0.281416 0.151764
vt 0.438790 0.027145
vt 0.470599 0.185851
vt 0.474269 0.008792
vt 0.484910 0.210972
vt 0.438791 0.027144
vt 0.470598 0.185851
vt 0.438800 0.172915
vt 0.315297 0.026644
vt 0.317580 0.151756
vt 0.323242 0.017296
vt 0.321178 0.153091
vt 0.003524 0.961434
vt 0.227402 0.961427
vt 0.216242 0.979287
vt 0.014685 0.979293
vt 0.014957 0.979805
vt 0.215970 0.979800
vt 0.215970 0.994435
vt 0.014958 0.994441
vt 0.014684 0.927914
vt 0.216241 0.927908
vt 0.227401 0.945766
vt 0.003524 0.945773
vt 0.003252 0.946286
vt 0.227673 0.946279
vt 0.227674 0.960915
vt 0.003252 0.960921
vt 0.014686 0.994954
vt 0.216243 0.994948
vt 0.218908 0.559678
vt 0.205798 0.588386
vt 0.112517 0.528438
vt 0.185130 0.612238
vt 0.158579 0.629301
vt 0.128297 0.638193
vt 0.096736 0.638193
vt 0.066454 0.629301
vt 0.039904 0.612238
vt 0.019236 0.588386
vt 0.006125 0.559678
vt 0.001634 0.528438
vt 0.006125 0.497199
vt 0.019236 0.468490
vt 0.039904 0.444638
vt 0.066454 0.427575
vt 0.096736 0.418684
vt 0.128297 0.418684
vt 0.158579 0.427575
vt 0.185130 0.444638
vt 0.205798 0.468490
vt 0.218908 0.497199
vt 0.223400 0.528438
vt 0.714384 0.767312
vt 0.714384 0.798013
vt 0.707880 0.798014
vt 0.707880 0.767312
vt 0.714384 0.828481
vt 0.707880 0.828481
vt 0.714384 0.858685
vt 0.707880 0.858685
vt 0.714384 0.888576
vt 0.707880 0.888576
vt 0.714384 0.920371
vt 0.707880 0.912202
vt 0.714384 0.239696
vt 0.714384 0.271495
vt 0.707880 0.271495
vt 0.707880 0.247008
vt 0.714384 0.301385
vt 0.707880 0.301385
vt 0.714384 0.331593
vt 0.707880 0.331593
vt 0.714384 0.362064
vt 0.707880 0.362064
vt 0.714384 0.392767
vt 0.707880 0.392767
vt 0.714384 0.423671
vt 0.707880 0.423671
vt 0.714384 0.454743
vt 0.707880 0.454743
vt 0.714384 0.485950
vt 0.707880 0.485950
vt 0.714384 0.517258
vt 0.707880 0.517258
vt 0.714384 0.548633
vt 0.707880 0.548633
vt 0.714384 0.580042
vt 0.707880 0.580042
vt 0.714384 0.611450
vt 0.707880 0.611450
vt 0.714384 0.642825
vt 0.707880 0.642825
vt 0.714384 0.674132
vt 0.707880 0.674132
vt 0.714384 0.705338
vt 0.707880 0.705338
vt 0.714384 0.736409
vt 0.707880 0.736409
vt 0.684148 0.795380
vt 0.704527 0.828481
vt 0.677317 0.825349
vt 0.677317 0.795380
vt 0.704527 0.858685
vt 0.677317 0.855041
vt 0.704527 0.888576
vt 0.677317 0.884326
vt 0.704527 0.912202
vt 0.677317 0.912806
vt 0.704527 0.248815
vt 0.704527 0.271495
vt 0.677317 0.277620
vt 0.677317 0.249278
vt 0.704527 0.301385
vt 0.677317 0.306875
vt 0.704527 0.331593
vt 0.677317 0.336560
vt 0.704527 0.362064
vt 0.677317 0.366528
vt 0.704527 0.392767
vt 0.677317 0.396731
vt 0.704527 0.423671
vt 0.677317 0.427131
vt 0.704527 0.454743
vt 0.677317 0.457698
vt 0.704527 0.485950
vt 0.677317 0.488396
vt 0.704527 0.517258
vt 0.677317 0.519194
vt 0.704527 0.548633
vt 0.677317 0.550059
vt 0.704527 0.580042
vt 0.677317 0.580958
vt 0.704527 0.611450
vt 0.677317 0.611853
vt 0.704527 0.642825
vt 0.677317 0.642718
vt 0.704527 0.674132
vt 0.677317 0.673515
vt 0.704527 0.705338
vt 0.677317 0.704213
vt 0.704527 0.736409
vt 0.677317 0.734778
vt 0.704527 0.767312
vt 0.677317 0.765178
vt 0.756923 0.405611
vt 0.756923 0.376317
vt 0.832960 0.376317
vt 0.832960 0.405611
vt 0.756923 0.435207
vt 0.832960 0.435207
vt 0.756923 0.465055
vt 0.832960 0.465055
vt 0.756923 0.495107
vt 0.832960 0.495107
vt 0.756923 0.525311
vt 0.832960 0.525311
vt 0.756923 0.555616
vt 0.832960 0.555616
vt 0.756923 0.585972
vt 0.832960 0.585972
vt 0.756923 0.616329
vt 0.832960 0.616329
vt 0.756923 0.646635
vt 0.832960 0.646635
vt 0.756923 0.676839
vt 0.832960 0.676839
vt 0.756923 0.706891
vt 0.832960 0.706891
vt 0.756923 0.736740
vt 0.832960 0.736740
vt 0.756923 0.766337
vt 0.832960 0.766337
vt 0.756923 0.795632
vt 0.832960 0.795632
vt 0.756923 0.824575
vt 0.832960 0.824575
vt 0.756923 0.853119
vt 0.832960 0.853119
vt 0.756923 0.881216
vt 0.832960 0.881216
vt 0.756923 0.908817
vt 0.832960 0.908817
vt 0.756923 0.290737
vt 0.756923 0.263137
vt 0.832960 0.263137
vt 0.832960 0.290737
vt 0.756923 0.318832
vt 0.832960 0.318832
vt 0.756923 0.347375
vt 0.832960 0.347375
vt 0.673702 0.825349
vt 0.673702 0.795380
vt 0.673702 0.855041
vt 0.673702 0.884326
vt 0.673702 0.912806
vt 0.673702 0.277620
vt 0.673702 0.249278
vt 0.673702 0.306875
vt 0.673702 0.336560
vt 0.673702 0.366528
vt 0.673702 0.396731
vt 0.673702 0.427131
vt 0.673702 0.457698
vt 0.673702 0.488396
vt 0.673702 0.519194
vt 0.673702 0.550059
vt 0.673702 0.580958
vt 0.673702 0.611853
vt 0.673702 0.642718
vt 0.673702 0.673515
vt 0.673702 0.704213
vt 0.673702 0.734778
vt 0.673702 0.765178
vt 0.938193 0.758777
vt 0.938193 0.798652
vt 0.848207 0.798652
vt 0.848207 0.758777
vt 0.938193 0.718744
vt 0.848207 0.718744
vt 0.938193 0.678586
vt 0.848207 0.678586
vt 0.938193 0.638334
vt 0.848207 0.638334
vt 0.938193 0.598019
vt 0.848207 0.598019
vt 0.938193 0.557674
vt 0.848207 0.557674
vt 0.938193 0.517329
vt 0.848207 0.517329
vt 0.938193 0.477017
vt 0.848207 0.477017
vt 0.938193 0.436770
vt 0.848207 0.436770
vt 0.938193 0.396619
vt 0.848207 0.396619
vt 0.938193 0.356595
vt 0.848207 0.356595
vt 0.938193 0.316731
vt 0.848207 0.316731
vt 0.938193 0.277057
vt 0.848207 0.277057
vt 0.938193 0.237605
vt 0.848207 0.237605
vt 0.938193 0.198405
vt 0.848207 0.198405
vt 0.938193 0.159489
vt 0.848207 0.159489
vt 0.938193 0.120887
vt 0.848207 0.120887
vt 0.938193 0.955956
vt 0.938193 0.994579
vt 0.848207 0.994579
vt 0.848207 0.955956
vt 0.938193 0.917022
vt 0.848207 0.917022
vt 0.938193 0.877806
vt 0.848207 0.877806
vt 0.938193 0.838338
vt 0.848207 0.838338
vt 0.984798 0.813062
vt 0.989863 0.813062
vt 0.989863 0.856260
vt 0.984798 0.856261
vt 0.984798 0.769864
vt 0.989863 0.769864
vt 0.984798 0.726660
vt 0.989863 0.726660
vt 0.989863 0.899454
vt 0.984798 0.899454
vt 0.989863 0.942669
vt 0.984798 0.942669
vt 0.989863 0.985846
vt 0.984798 0.035680
vt 0.989864 0.078859
vt 0.984798 0.078859
vt 0.989864 0.122077
vt 0.984798 0.122077
vt 0.989864 0.165274
vt 0.984798 0.165274
vt 0.989864 0.208478
vt 0.984798 0.208478
vt 0.989864 0.251682
vt 0.984798 0.251682
vt 0.989864 0.294883
vt 0.984798 0.294883
vt 0.989863 0.338047
vt 0.984798 0.338047
vt 0.989863 0.381125
vt 0.984798 0.381125
vt 0.989863 0.424366
vt 0.984798 0.424366
vt 0.989863 0.467606
vt 0.984798 0.467606
vt 0.989863 0.510809
vt 0.984798 0.510809
vt 0.989863 0.554014
vt 0.984798 0.554014
vt 0.989863 0.597262
vt 0.984798 0.597262
vt 0.989863 0.640448
vt 0.984798 0.640448
vt 0.989863 0.683506
vt 0.984798 0.683506
vt 0.960853 0.819044
vt 0.965054 0.819044
vt 0.965054 0.856270
vt 0.960853 0.856270
vt 0.960852 0.781819
vt 0.965054 0.781819
vt 0.960852 0.744596
vt 0.965054 0.744596
vt 0.965054 0.893495
vt 0.960853 0.893495
vt 0.965054 0.930735
vt 0.960853 0.930735
vt 0.965054 0.967852
vt 0.960852 0.149362
vt 0.965054 0.186475
vt 0.960852 0.186475
vt 0.965054 0.223712
vt 0.960852 0.223712
vt 0.965054 0.260934
vt 0.960852 0.260934
vt 0.965054 0.298166
vt 0.960853 0.298166
vt 0.965054 0.335387
vt 0.960852 0.335387
vt 0.965054 0.372610
vt 0.960852 0.372610
vt 0.965054 0.409787
vt 0.960853 0.409787
vt 0.965054 0.446884
vt 0.960853 0.446884
vt 0.965054 0.484100
vt 0.960852 0.484100
vt 0.965054 0.521371
vt 0.960853 0.521371
vt 0.965054 0.558599
vt 0.960853 0.558599
vt 0.965054 0.595827
vt 0.960853 0.595827
vt 0.965054 0.633090
vt 0.960852 0.633090
vt 0.965054 0.670312
vt 0.960852 0.670312
vt 0.965054 0.707419
vt 0.960852 0.707419
vt 0.971301 0.781819
vt 0.971301 0.819043
vt 0.971301 0.856270
vt 0.971301 0.893495
vt 0.971301 0.930735
vt 0.971301 0.967852
vt 0.971301 0.186475
vt 0.971301 0.223712
vt 0.971301 0.260934
vt 0.971301 0.298166
vt 0.971301 0.335387
vt 0.971301 0.372610
vt 0.971301 0.409787
vt 0.971301 0.446884
vt 0.971301 0.484100
vt 0.971301 0.521371
vt 0.971301 0.558599
vt 0.971301 0.595827
vt 0.971301 0.633090
vt 0.971301 0.670312
vt 0.971301 0.707419
vt 0.971301 0.744596
vt 0.977965 0.813062
vt 0.977965 0.769864
vt 0.977965 0.856260
vt 0.977965 0.899454
vt 0.977965 0.942669
vt 0.977965 0.985846
vt 0.977965 0.078859
vt 0.977965 0.122077
vt 0.977965 0.165274
vt 0.977965 0.208478
vt 0.977965 0.251682
vt 0.977965 0.294883
vt 0.977965 0.338047
vt 0.977965 0.381125
vt 0.977965 0.424366
vt 0.977965 0.467606
vt 0.977965 0.510809
vt 0.977965 0.554014
vt 0.977965 0.597262
vt 0.977965 0.640448
vt 0.977965 0.683506
vt 0.977965 0.726660
vt 0.993858 0.769864
vt 0.993858 0.813062
vt 0.993858 0.726660
vt 0.993858 0.683506
vt 0.993858 0.640448
vt 0.993858 0.597262
vt 0.993858 0.554014
vt 0.993858 0.510809
vt 0.993858 0.467606
vt 0.993858 0.424366
vt 0.993858 0.381125
vt 0.993858 0.338047
vt 0.993858 0.294883
vt 0.993858 0.251682
vt 0.993858 0.208478
vt 0.993858 0.165274
vt 0.993858 0.122077
vt 0.993858 0.078859
vt 0.993858 0.985846
vt 0.993858 0.942669
vt 0.993858 0.899454
vt 0.993858 0.856260
vt 0.952469 0.819043
vt 0.952469 0.781819
vt 0.952469 0.856270
vt 0.952469 0.893495
vt 0.952469 0.930735
vt 0.952469 0.967852
vt 0.952469 0.186475
vt 0.952469 0.223712
vt 0.952469 0.260934
vt 0.952469 0.298166
vt 0.952469 0.335387
vt 0.952469 0.372610
vt 0.952469 0.409787
vt 0.952469 0.446884
vt 0.952469 0.484100
vt 0.952469 0.521371
vt 0.952469 0.558599
vt 0.952469 0.595827
vt 0.952469 0.633090
vt 0.952469 0.670312
vt 0.952469 0.707419
vt 0.952469 0.744596
vt 0.727814 0.767312
vt 0.729134 0.767312
vt 0.729134 0.798014
vt 0.727814 0.798014
vt 0.727814 0.736409
vt 0.729134 0.736409
vt 0.727814 0.705338
vt 0.729134 0.705338
vt 0.720006 0.767312
vt 0.721307 0.767312
vt 0.721307 0.798014
vt 0.720007 0.798013
vt 0.720006 0.736409
vt 0.721307 0.736409
vt 0.720007 0.705338
vt 0.721307 0.705338
vt 0.727814 0.674132
vt 0.729134 0.674132
vt 0.720007 0.674132
vt 0.721307 0.674132
vt 0.727814 0.642825
vt 0.729134 0.642825
vt 0.720007 0.642825
vt 0.721307 0.642825
vt 0.727814 0.611450
vt 0.729134 0.611450
vt 0.720007 0.611450
vt 0.721307 0.611450
vt 0.727814 0.580042
vt 0.729134 0.580042
vt 0.720007 0.580042
vt 0.721307 0.580042
vt 0.727814 0.548633
vt 0.729134 0.548633
vt 0.720007 0.548633
vt 0.721307 0.548633
vt 0.727814 0.517258
vt 0.729134 0.517258
vt 0.720007 0.517258
vt 0.721307 0.517258
vt 0.727814 0.485950
vt 0.729134 0.485950
vt 0.720007 0.485950
vt 0.721307 0.485950
vt 0.727814 0.454743
vt 0.729134 0.454743
vt 0.720007 0.454743
vt 0.721307 0.454743
vt 0.727814 0.423671
vt 0.729134 0.423671
vt 0.720006 0.423671
vt 0.721307 0.423671
vt 0.727814 0.392767
vt 0.729134 0.392767
vt 0.720006 0.392767
vt 0.721307 0.392767
vt 0.727814 0.362064
vt 0.729134 0.362064
vt 0.720007 0.362064
vt 0.721307 0.362064
vt 0.727814 0.331593
vt 0.729134 0.331593
vt 0.720006 0.331593
vt 0.721307 0.331593
vt 0.727814 0.301385
vt 0.729134 0.301385
vt 0.720006 0.301385
vt 0.721307 0.301385
vt 0.727814 0.271495
vt 0.729134 0.271495
vt 0.720007 0.271495
vt 0.721307 0.271495
vt 0.727814 0.239696
vt 0.729134 0.239696
vt 0.720006 0.239696
vt 0.721307 0.239696
vt 0.729134 0.920371
vt 0.727814 0.920371
vt 0.727814 0.888576
vt 0.729134 0.888576
vt 0.721307 0.920371
vt 0.720006 0.920371
vt 0.720007 0.888576
vt 0.721307 0.888576
vt 0.727814 0.858685
vt 0.729134 0.858685
vt 0.720006 0.858685
vt 0.721307 0.858685
vt 0.727814 0.828481
vt 0.729134 0.828481
vt 0.720006 0.828481
vt 0.721307 0.828481
vt 0.735016 0.736409
vt 0.735016 0.767312
vt 0.735016 0.705338
vt 0.735016 0.674132
vt 0.735016 0.642825
vt 0.735016 0.611450
vt 0.735016 0.580042
vt 0.735016 0.548633
vt 0.735016 0.517258
vt 0.735016 0.485950
vt 0.735016 0.454743
vt 0.735016 0.423671
vt 0.735016 0.392767
vt 0.735016 0.362064
vt 0.735016 0.331593
vt 0.735016 0.301385
vt 0.735016 0.271495
vt 0.735016 0.239696
vt 0.735016 0.888576
vt 0.735016 0.920371
vt 0.735016 0.858685
vt 0.735016 0.828481
vt 0.735016 0.798014
vt 0.579354 0.146778
vt 0.579289 0.148419
vt 0.552292 0.148300
vt 0.552242 0.146655
vt 0.580942 0.148400
vt 0.580948 0.146740
vt 0.629445 0.146933
vt 0.629438 0.148593
vt 0.580704 0.206330
vt 0.579052 0.206297
vt 0.631090 0.148626
vt 0.631039 0.146981
vt 0.658155 0.147091
vt 0.658091 0.148732
vt 0.630853 0.206507
vt 0.629201 0.206526
vt 0.579103 0.207942
vt 0.551987 0.207833
vt 0.552051 0.206192
vt 0.580697 0.207990
vt 0.629194 0.208186
vt 0.630788 0.208148
vt 0.657851 0.206625
vt 0.657901 0.208270
vt 0.550399 0.206212
vt 0.550640 0.148266
vt 0.580581 0.236652
vt 0.580588 0.234992
vt 0.629085 0.235188
vt 0.629078 0.236848
vt 0.659502 0.206659
vt 0.659744 0.148712
vt 0.581053 0.119740
vt 0.581060 0.118080
vt 0.629557 0.118267
vt 0.629551 0.119928
vt 0.581278 0.060174
vt 0.629776 0.060358
vt 0.586122 0.817607
vt 0.590990 0.817607
vt 0.590990 0.843334
vt 0.586122 0.843334
vt 0.586122 0.791671
vt 0.590990 0.791671
vt 0.590989 0.869410
vt 0.586122 0.869410
vt 0.590990 0.895358
vt 0.586122 0.895358
vt 0.590990 0.921297
vt 0.586122 0.921297
vt 0.590990 0.947140
vt 0.586122 0.947140
vt 0.586122 0.325478
vt 0.590990 0.325478
vt 0.590990 0.351322
vt 0.586122 0.351322
vt 0.590990 0.377264
vt 0.586122 0.377264
vt 0.590990 0.403236
vt 0.586122 0.403236
vt 0.590990 0.431372
vt 0.586122 0.431372
vt 0.590990 0.454794
vt 0.586122 0.454794
vt 0.590990 0.477985
vt 0.586122 0.477985
vt 0.590990 0.506293
vt 0.586122 0.506293
vt 0.590989 0.532243
vt 0.586122 0.532243
vt 0.590989 0.558186
vt 0.586122 0.558186
vt 0.590989 0.584129
vt 0.586122 0.584129
vt 0.590990 0.610072
vt 0.586122 0.610072
vt 0.590990 0.636014
vt 0.586122 0.636014
vt 0.590990 0.661957
vt 0.586122 0.661957
vt 0.590990 0.687899
vt 0.586122 0.687899
vt 0.590990 0.713842
vt 0.586122 0.713842
vt 0.590990 0.739785
vt 0.586122 0.739785
vt 0.590990 0.765727
vt 0.586122 0.765727
vt 0.579827 0.817607
vt 0.574945 0.817607
vt 0.574945 0.791671
vt 0.579827 0.791671
vt 0.579827 0.843334
vt 0.574945 0.843334
vt 0.579827 0.869410
vt 0.574945 0.869410
vt 0.579827 0.895358
vt 0.574945 0.895358
vt 0.579827 0.921297
vt 0.574945 0.921297
vt 0.579827 0.947140
vt 0.574945 0.947140
vt 0.574945 0.325478
vt 0.579827 0.325478
vt 0.579827 0.351322
vt 0.574945 0.351322
vt 0.579827 0.377264
vt 0.574945 0.377264
vt 0.579827 0.403236
vt 0.574945 0.403236
vt 0.579827 0.431372
vt 0.574945 0.431372
vt 0.579827 0.454794
vt 0.574945 0.454794
vt 0.579827 0.477985
vt 0.574945 0.477985
vt 0.579827 0.506293
vt 0.574945 0.506293
vt 0.579827 0.532243
vt 0.574945 0.532243
vt 0.579827 0.558186
vt 0.574945 0.558186
vt 0.579827 0.584129
vt 0.574945 0.584129
vt 0.579827 0.610072
vt 0.574945 0.610072
vt 0.579827 0.636014
vt 0.574945 0.636014
vt 0.579827 0.661957
vt 0.574945 0.661957
vt 0.579827 0.687899
vt 0.574945 0.687899
vt 0.579827 0.713842
vt 0.574945 0.713842
vt 0.579827 0.739785
vt 0.574945 0.739785
vt 0.579827 0.765727
vt 0.574945 0.765727
vt 0.631198 0.818606
vt 0.618778 0.818606
vt 0.618778 0.792561
vt 0.631198 0.792561
vt 0.631198 0.844656
vt 0.618778 0.844656
vt 0.631198 0.870516
vt 0.618778 0.870516
vt 0.631198 0.900271
vt 0.618778 0.900271
vt 0.615450 0.900271
vt 0.615450 0.900271
vt 0.610348 0.900271
vt 0.615450 0.927381
vt 0.610348 0.927381
vt 0.618778 0.325934
vt 0.615622 0.325934
vt 0.615622 0.352152
vt 0.618778 0.352152
vt 0.615622 0.378156
vt 0.618778 0.378156
vt 0.615622 0.403750
vt 0.618778 0.403750
vt 0.615622 0.431086
vt 0.618778 0.431086
vt 0.631198 0.431086
vt 0.631198 0.454195
vt 0.618778 0.454195
vt 0.631198 0.477550
vt 0.618778 0.477550
vt 0.631198 0.506306
vt 0.618778 0.506306
vt 0.631198 0.532273
vt 0.618778 0.532273
vt 0.631198 0.558274
vt 0.618778 0.558274
vt 0.631198 0.584287
vt 0.618778 0.584287
vt 0.631198 0.610307
vt 0.618778 0.610307
vt 0.631198 0.636335
vt 0.618778 0.636335
vt 0.631198 0.662367
vt 0.618778 0.662367
vt 0.631198 0.688402
vt 0.618778 0.688402
vt 0.631198 0.714438
vt 0.618778 0.714438
vt 0.631198 0.740477
vt 0.618778 0.740477
vt 0.631198 0.766518
vt 0.618778 0.766518
vt 0.606705 0.818606
vt 0.611926 0.818606
vt 0.611926 0.844656
vt 0.606705 0.844656
vt 0.606705 0.792561
vt 0.611926 0.792561
vt 0.611926 0.870516
vt 0.606706 0.870516
vt 0.611926 0.892145
vt 0.606706 0.889124
vt 0.603485 0.900271
vt 0.598251 0.900271
vt 0.603485 0.927381
vt 0.598251 0.927381
vt 0.606706 0.325934
vt 0.611926 0.325934
vt 0.611926 0.352152
vt 0.606706 0.352152
vt 0.611926 0.378156
vt 0.606706 0.378156
vt 0.611926 0.403750
vt 0.606706 0.403750
vt 0.611926 0.431086
vt 0.606706 0.431086
vt 0.611926 0.454194
vt 0.606706 0.454194
vt 0.611926 0.477550
vt 0.606705 0.477550
vt 0.611926 0.506306
vt 0.606705 0.506306
vt 0.611926 0.532273
vt 0.606705 0.532273
vt 0.611926 0.558274
vt 0.606705 0.558274
vt 0.611926 0.584287
vt 0.606705 0.584287
vt 0.611926 0.610307
vt 0.606705 0.610307
vt 0.611926 0.636335
vt 0.606705 0.636335
vt 0.611926 0.662367
vt 0.606706 0.662367
vt 0.611926 0.688402
vt 0.606706 0.688402
vt 0.611926 0.714438
vt 0.606705 0.714438
vt 0.611926 0.740477
vt 0.606705 0.740477
vt 0.611926 0.766518
vt 0.606705 0.766518
vt 0.572647 0.843334
vt 0.572648 0.817607
vt 0.572647 0.869410
vt 0.572648 0.895358
vt 0.572648 0.921297
vt 0.572648 0.947140
vt 0.572648 0.351322
vt 0.572648 0.325478
vt 0.572648 0.377264
vt 0.572648 0.403236
vt 0.572648 0.431372
vt 0.572648 0.454794
vt 0.572648 0.477985
vt 0.572648 0.506293
vt 0.572647 0.532243
vt 0.572647 0.558186
vt 0.572647 0.584129
vt 0.572647 0.610072
vt 0.572648 0.636014
vt 0.572648 0.661957
vt 0.572647 0.687899
vt 0.572647 0.713842
vt 0.572648 0.739785
vt 0.572648 0.765727
vt 0.572648 0.791671
vt 0.603941 0.818606
vt 0.603941 0.844656
vt 0.603941 0.870516
vt 0.603941 0.887770
vt 0.595547 0.900271
vt 0.595547 0.927381
vt 0.603941 0.325934
vt 0.603941 0.352152
vt 0.603941 0.378156
vt 0.603941 0.403750
vt 0.603941 0.431086
vt 0.603941 0.454195
vt 0.603941 0.477550
vt 0.603941 0.506306
vt 0.603941 0.532273
vt 0.603941 0.558274
vt 0.603941 0.584287
vt 0.603941 0.610307
vt 0.603941 0.636335
vt 0.603941 0.662367
vt 0.603941 0.688402
vt 0.603941 0.714438
vt 0.603941 0.740477
vt 0.603941 0.766518
vt 0.603941 0.792561
vt 0.479874 0.278717
vt 0.479828 0.280341
vt 0.452191 0.280486
vt 0.452128 0.278859
vt 0.450394 0.249542
vt 0.450403 0.251185
vt 0.402422 0.251439
vt 0.402414 0.249797
vt 0.481462 0.280306
vt 0.481748 0.337637
vt 0.480114 0.337618
vt 0.373309 0.280881
vt 0.373246 0.279254
vt 0.400989 0.279126
vt 0.400942 0.280750
vt 0.371675 0.280862
vt 0.373595 0.338157
vt 0.371960 0.338192
vt 0.480176 0.339246
vt 0.452433 0.339375
vt 0.452481 0.337750
vt 0.450996 0.367064
vt 0.451004 0.368707
vt 0.403024 0.368952
vt 0.403015 0.367310
vt 0.373548 0.339782
vt 0.401232 0.338012
vt 0.401295 0.339639
vt 0.450846 0.337784
vt 0.450557 0.280468
vt 0.450854 0.339426
vt 0.402874 0.339672
vt 0.402866 0.338029
vt 0.402577 0.280716
vt 0.450548 0.278825
vt 0.402568 0.279074
vt 0.402104 0.192508
vt 0.450085 0.192249
vt 0.042311 0.922876
vt 0.042292 0.660669
vt 0.058014 0.660668
vt 0.058033 0.922875
vt 0.032080 0.660669
vt 0.032099 0.922877
vt 0.016378 0.922878
vt 0.016358 0.660671
vt 0.006701 0.922879
vt 0.006682 0.660671
vt 0.015824 0.660671
vt 0.015843 0.922878
vt 0.032634 0.922877
vt 0.032615 0.660669
vt 0.041757 0.660669
vt 0.041776 0.922876
vt 0.006147 0.660671
vt 0.006166 0.922879
vt 0.560872 0.561628
vt 0.563391 0.561627
vt 0.563428 0.768027
vt 0.560909 0.768027
vt 0.537758 0.561632
vt 0.540168 0.561632
vt 0.540204 0.768032
vt 0.537794 0.768032
vt 0.542687 0.561631
vt 0.542723 0.768031
vt 0.545372 0.561631
vt 0.545408 0.768031
vt 0.548056 0.561630
vt 0.548092 0.768030
vt 0.550574 0.561630
vt 0.550611 0.768030
vt 0.552985 0.561630
vt 0.553021 0.768029
vt 0.555504 0.561629
vt 0.555540 0.768029
vt 0.558188 0.561629
vt 0.558224 0.768028
vt 0.542723 0.768031
vt 0.540204 0.768031
vt 0.540169 0.561632
vt 0.542687 0.561631
vt 0.537793 0.768032
vt 0.537758 0.561632
vt 0.563427 0.768027
vt 0.560908 0.768027
vt 0.560873 0.561628
vt 0.563392 0.561627
vt 0.558224 0.768028
vt 0.558188 0.561629
vt 0.555539 0.768028
vt 0.555504 0.561629
vt 0.553021 0.768029
vt 0.552985 0.561630
vt 0.550610 0.768029
vt 0.550575 0.561630
vt 0.548092 0.768030
vt 0.548056 0.561630
vt 0.545407 0.768030
vt 0.545372 0.561631
vt 0.227401 0.945765
vt 0.003524 0.945774
vt 0.014683 0.927915
vt 0.216240 0.927907
vt 0.215971 0.994434
vt 0.014958 0.994442
vt 0.014958 0.979806
vt 0.215970 0.979799
vt 0.216242 0.979286
vt 0.014685 0.979293
vt 0.003524 0.961435
vt 0.227402 0.961426
vt 0.227674 0.960914
vt 0.003252 0.960922
vt 0.003252 0.946287
vt 0.227674 0.946278
vt 0.216243 0.994947
vt 0.014686 0.994954
vt 0.542721 0.768030
vt 0.540202 0.768031
vt 0.540170 0.561631
vt 0.542689 0.561631
vt 0.537792 0.768031
vt 0.537760 0.561631
vt 0.563425 0.768027
vt 0.560907 0.768028
vt 0.560875 0.561628
vt 0.563393 0.561628
vt 0.558222 0.768028
vt 0.558190 0.561628
vt 0.555538 0.768028
vt 0.555506 0.561629
vt 0.553019 0.768028
vt 0.552987 0.561630
vt 0.550609 0.768029
vt 0.550576 0.561630
vt 0.548090 0.768030
vt 0.548058 0.561630
vt 0.545405 0.768030
vt 0.545373 0.561630
vt 0.408391 0.416990
vt 0.414049 0.464306
vt 0.379833 0.378842
vt 0.336027 0.360084
vt 0.288711 0.365743
vt 0.250564 0.394301
vt 0.231806 0.438106
vt 0.237464 0.485422
vt 0.266022 0.523570
vt 0.309828 0.542328
vt 0.357144 0.536669
vt 0.395292 0.508111
vt 0.408391 0.416990
vt 0.414049 0.464306
vt 0.379833 0.378842
vt 0.336027 0.360084
vt 0.288711 0.365743
vt 0.250564 0.394301
vt 0.231806 0.438107
vt 0.237464 0.485422
vt 0.266022 0.523570
vt 0.309828 0.542328
vt 0.357144 0.536669
vt 0.395292 0.508111
vt 0.470588 0.014204
vt 0.283639 0.026652
vt 0.474269 0.210972
vt 0.474305 0.008755
vt 0.484910 0.008792
vt 0.438800 0.172915
vt 0.484874 0.211009
vt 0.470587 0.014205
vt 0.474305 0.211009
vt 0.354497 0.153088
vt 0.470588 0.014204
vt 0.283639 0.026652
vt 0.484910 0.008792
vt 0.474305 0.008755
vt 0.474269 0.210972
vt 0.438800 0.172915
vt 0.484874 0.211009
vt 0.470587 0.014205
vt 0.474305 0.211009
vt 0.354497 0.153088
vt 0.470588 0.014204
vt 0.283639 0.026652
vt 0.474269 0.210972
vt 0.474305 0.008755
vt 0.484910 0.008792
vt 0.438800 0.172915
vt 0.484874 0.211009
vt 0.470587 0.014205
vt 0.474305 0.211009
vt 0.354497 0.153088
vt 0.470587 0.014204
vt 0.283639 0.026652
vt 0.474269 0.210972
vt 0.474305 0.008755
vt 0.484910 0.008792
vt 0.438801 0.172915
vt 0.484873 0.211009
vt 0.470586 0.014205
vt 0.474305 0.211009
vt 0.354497 0.153088
vt 0.409447 0.004316
vt 0.283421 0.026753
vt 0.484794 0.008676
vt 0.484758 0.211124
vt 0.474384 0.211088
vt 0.438810 0.172920
vt 0.474421 0.008639
vt 0.470572 0.014211
vt 0.484758 0.008639
vt 0.354497 0.153088
vt 0.470587 0.014204
vt 0.283639 0.026652
vt 0.474269 0.210972
vt 0.474305 0.008755
vt 0.484910 0.008792
vt 0.438801 0.172915
vt 0.484873 0.211009
vt 0.470587 0.014205
vt 0.474305 0.211009
vt 0.354497 0.153088
vt 0.470587 0.014204
vt 0.283639 0.026652
vt 0.474269 0.210972
vt 0.474305 0.008755
vt 0.484910 0.008792
vt 0.438801 0.172915
vt 0.484873 0.211009
vt 0.470587 0.014205
vt 0.474305 0.211009
vt 0.354497 0.153088
vt 0.470587 0.014204
vt 0.283639 0.026652
vt 0.484910 0.008792
vt 0.474305 0.008755
vt 0.474269 0.210972
vt 0.438801 0.172915
vt 0.484874 0.211009
vt 0.470587 0.014205
vt 0.474305 0.211009
vt 0.354497 0.153088
vt 0.470587 0.014204
vt 0.283639 0.026652
vt 0.474269 0.210972
vt 0.474305 0.008755
vt 0.484910 0.008792
vt 0.438801 0.172915
vt 0.484874 0.211009
vt 0.470586 0.014205
vt 0.474305 0.211009
vt 0.354497 0.153088
vt 0.470587 0.014204
vt 0.283639 0.026652
vt 0.474268 0.210972
vt 0.474305 0.008755
vt 0.484910 0.008792
vt 0.438801 0.172915
vt 0.484874 0.211009
vt 0.470587 0.014204
vt 0.474305 0.211009
vt 0.354497 0.153088
vt 0.470587 0.014204
vt 0.283639 0.026652
vt 0.474269 0.210972
vt 0.474305 0.008755
vt 0.484910 0.008792
vt 0.438801 0.172915
vt 0.484873 0.211009
vt 0.470587 0.014205
vt 0.474305 0.211009
vt 0.354497 0.153088
vt 0.470587 0.014204
vt 0.283639 0.026652
vt 0.474269 0.210972
vt 0.474305 0.008755
vt 0.484910 0.008792
vt 0.438800 0.172915
vt 0.484873 0.211009
vt 0.470587 0.014205
vt 0.474305 0.211009
vt 0.354497 0.153088
vt 0.470587 0.014204
vt 0.283639 0.026652
vt 0.474269 0.210972
vt 0.474305 0.008755
vt 0.484910 0.008792
vt 0.438801 0.172915
vt 0.484873 0.211009
vt 0.470586 0.014205
vt 0.474305 0.211009
vt 0.354497 0.153088
vt 0.362703 0.931025
vt 0.371754 0.923807
vt 0.383041 0.947245
vt 0.383041 0.921231
vt 0.357679 0.941456
vt 0.394329 0.923807
vt 0.357679 0.953034
vt 0.403380 0.931025
vt 0.362703 0.963465
vt 0.408403 0.941456
vt 0.371754 0.970683
vt 0.408403 0.953034
vt 0.383041 0.973259
vt 0.403380 0.963465
vt 0.394329 0.970683
vt 0.684148 0.765178
vt 0.704527 0.798014
vt 0.684148 0.734778
vt 0.684148 0.704213
vt 0.684148 0.673515
vt 0.684148 0.642718
vt 0.684148 0.611853
vt 0.684148 0.580958
vt 0.684148 0.550059
vt 0.684148 0.519194
vt 0.684148 0.488396
vt 0.684148 0.457698
vt 0.684148 0.427131
vt 0.684148 0.396731
vt 0.684148 0.366528
vt 0.684148 0.336560
vt 0.684148 0.306875
vt 0.684148 0.277620
vt 0.684148 0.912806
vt 0.684148 0.249278
vt 0.684148 0.884326
vt 0.684148 0.855041
vt 0.684148 0.825349
vt 0.960853 0.967852
vt 0.993858 0.035680
vt 0.952469 0.149362
vt 0.989864 0.035680
vt 0.984798 0.985846
vt 0.977965 0.035680
vt 0.971301 0.149362
vt 0.965054 0.149362
vt 0.637640 0.963616
vt 0.631977 0.926505
vt 0.479296 0.962164
vt 0.483473 0.963036
vt 0.650485 0.748553
vt 0.487785 0.963399
vt 0.644329 0.748341
vt 0.574806 0.242998
vt 0.587222 0.252900
vt 0.559323 0.275149
vt 0.594113 0.267208
vt 0.559323 0.239464
vt 0.594113 0.283089
vt 0.543840 0.242998
vt 0.587222 0.297397
vt 0.531424 0.252900
vt 0.574806 0.307299
vt 0.524534 0.267208
vt 0.559323 0.310833
vt 0.524534 0.283089
vt 0.543840 0.307299
vt 0.531424 0.297397
vn 0.000000 0.000000 1.000000
vn 0.000000 0.000000 1.000000
vn 0.000000 0.000000 1.000000
vn 0.000000 0.000000 1.000000
vn 0.000000 0.000000 -1.000000
vn 0.000000 0.000000 -1.000000
vn 0.000000 0.000000 -1.000000
vn 0.000000 0.000000 -1.000000
vn 1.000000 0.000000 0.000000
vn 1.000000 0.000000 0.000000
vn 1.000000 0.000000 0.000000
vn 1.000000 0.000000 0.000000
vn -1.000000 0.000000 0.000000
vn -1.000000 0.000000 0.000000
vn -1.000000 0.000000 0.000000
vn -1.000000 0.000000 0.000000
vn -0.707102 0.000000 0.707111
vn -0.707102 0.000000 0.707111
vn -0.707102 0.000000 0.707111
vn -0.707102 0.000000 0.707111
vn 0.707102 0.000000 0.707111
vn 0.707102 0.000000 0.707111
vn 0.707102 0.000000 0.707111
vn 0.707102 0.000000 0.707111
vn -0.707102 0.000000 -0.707111
vn -0.707102 0.000000 -0.707111
vn -0.707102 0.000000 -0.707111
vn -0.707102 0.000000 -0.707111
vn 0.707102 0.000000 -0.707111
vn 0.707102 0.000000 -0.707111
vn 0.707102 0.000000 -0.707111
vn 0.707102 0.000000 -0.707111
vn 0.900969 -0.433885 0.000000
vn 0.623487 -0.781834 0.000000
vn 0.623487 -0.781834 0.000000
vn 0.900969 -0.433885 0.000000
vn 0.222521 -0.974928 0.000000
vn 0.222521 -0.974928 0.000000
vn -0.223050 -0.974807 -0.000000
vn -0.231274 -0.972889 -0.000000
vn -0.615566 -0.788084 0.001708
vn -0.638506 -0.769615 0.001939
vn -0.755631 -0.654990 0.003186
vn -0.755631 -0.654990 0.003186
vn -0.781832 0.623489 -0.000000
vn -0.781832 0.623489 -0.000000
vn -0.623490 0.781831 -0.000000
vn -0.623490 0.781831 -0.000000
vn -0.222521 0.974928 -0.000000
vn -0.222521 0.974928 -0.000000
vn 0.222521 0.974928 0.000000
vn 0.222521 0.974928 0.000000
vn 0.623490 0.781831 -0.000000
vn 0.623490 0.781831 -0.000000
vn 0.900969 0.433884 -0.000000
vn 0.900969 0.433884 -0.000000
vn 1.000000 0.000000 -0.000000
vn 1.000000 0.000000 -0.000000
vn 0.000000 0.000000 1.000000
vn 0.000000 0.000000 1.000000
vn 0.000000 0.000000 1.000000
vn 0.000000 0.000000 1.000000
vn 0.000000 0.000000 1.000000
vn 0.000001 0.000000 1.000000
vn 0.000001 0.000000 1.000000
vn 0.000000 0.000000 1.000000
vn 0.000000 0.000000 1.000000
vn 0.000000 0.000000 1.000000
vn 0.000000 0.000000 1.000000
vn 0.000000 0.000000 1.000000
vn 0.000000 0.000000 1.000000
vn 0.000000 0.000000 1.000000
vn 0.000000 0.000000 1.000000
vn 1.000000 0.000000 0.000000
vn 0.900969 -0.433884 0.000000
vn 0.900969 -0.433884 0.000000
vn 1.000000 0.000000 0.000000
vn 0.900969 0.433884 0.000000
vn 0.900969 0.433884 0.000000
vn 0.623490 0.781831 0.000000
vn 0.623490 0.781831 0.000000
vn 0.222521 0.974928 0.000000
vn 0.222521 0.974928 0.000000
vn -0.222521 0.974928 0.000000
vn -0.222521 0.974928 0.000000
vn -0.433884 0.900969 0.000000
vn -0.433884 0.900969 0.000000
vn -0.594656 -0.803980 0.000000
vn -0.781828 -0.623495 0.000000
vn -0.781827 -0.623495 0.000000
vn -0.636781 -0.771045 0.000000
vn -0.210642 -0.977563 0.000000
vn -0.216068 -0.976378 0.000000
vn 0.222521 -0.974928 0.000000
vn 0.222521 -0.974928 0.000000
vn 0.623487 -0.781834 0.000000
vn 0.623487 -0.781834 0.000000
vn 1.000000 0.000000 0.000000
vn 0.900969 -0.433884 0.000000
vn 0.900969 -0.433884 0.000000
vn 1.000000 0.000000 0.000000
vn 0.900969 0.433884 0.000000
vn 0.900969 0.433884 0.000000
vn 0.623490 0.781831 0.000000
vn 0.623490 0.781831 0.000000
vn 0.226370 0.974041 0.000000
vn 0.237280 0.971441 0.000000
vn -0.208200 0.978086 0.000000
vn -0.171242 0.985229 0.000000
vn -0.433885 0.900969 0.000000
vn -0.433885 0.900969 0.000000
vn -0.876915 -0.480645 0.000207
vn -0.995208 -0.097779 0.000660
vn -0.995208 -0.097779 0.000660
vn -0.923912 -0.382606 0.000336
vn -0.594078 -0.804408 0.000000
vn -0.615930 -0.787801 0.000000
vn -0.222521 -0.974928 -0.000000
vn -0.222521 -0.974928 -0.000000
vn 0.222521 -0.974928 -0.000000
vn 0.222521 -0.974928 -0.000000
vn 0.623487 -0.781834 0.000000
vn 0.623487 -0.781834 0.000000
vn 1.000000 0.000000 0.000000
vn 1.000000 0.000000 0.000000
vn 0.900968 -0.433885 0.000000
vn 0.900968 -0.433885 0.000000
vn 0.900969 0.433884 0.000001
vn 0.900969 0.433884 0.000001
vn 0.623490 0.781831 0.000001
vn 0.623490 0.781831 0.000001
vn 0.222521 0.974928 0.000000
vn 0.222521 0.974928 0.000000
vn -0.222521 0.974928 0.000000
vn -0.222521 0.974928 0.000000
vn -0.433884 0.900969 0.000000
vn -0.433884 0.900969 0.000000
vn -0.637623 -0.770349 0.000000
vn -0.582186 -0.813056 0.000000
vn -0.781828 -0.623495 0.000000
vn -0.781828 -0.623495 0.000000
vn -0.225391 -0.974268 0.000000
vn -0.211318 -0.977417 0.000000
vn 0.222521 -0.974928 0.000000
vn 0.222521 -0.974928 0.000000
vn 0.623487 -0.781834 0.000000
vn 0.623487 -0.781834 0.000000
vn 1.000000 0.000001 0.000002
vn 0.900969 -0.433883 0.000002
vn 0.900969 -0.433883 0.000002
vn 1.000000 0.000001 0.000002
vn 0.900968 0.433885 0.000000
vn 0.900968 0.433885 0.000000
vn 0.623488 0.781833 -0.000005
vn 0.623488 0.781833 -0.000005
vn 0.173368 0.984857 -0.000005
vn 0.183017 0.983110 -0.000006
vn -0.324051 0.946040 -0.000001
vn -0.297301 0.954784 -0.000001
vn -0.433887 0.900967 0.000000
vn -0.433887 0.900967 0.000000
vn -0.815415 -0.521972 0.250288
vn -0.507460 0.036643 0.860896
vn -0.507460 0.036643 0.860896
vn -0.815126 -0.500746 0.291245
vn -0.623487 -0.781834 0.000006
vn -0.623485 -0.781835 0.000006
vn -0.222521 -0.974928 0.000006
vn -0.222520 -0.974928 0.000006
vn 0.222520 -0.974928 0.000000
vn 0.222520 -0.974928 0.000000
vn 0.623486 -0.781835 0.000000
vn 0.623486 -0.781835 0.000000
vn 1.000000 0.000001 0.000000
vn 0.900969 -0.433883 0.000000
vn 0.900969 -0.433883 0.000000
vn 1.000000 0.000001 0.000000
vn 0.900968 0.433885 0.000000
vn 0.900968 0.433885 0.000000
vn 0.623486 0.781834 0.000000
vn 0.623486 0.781834 0.000000
vn 0.222520 0.974928 0.000000
vn 0.222520 0.974928 0.000000
vn -0.222520 0.974928 0.000000
vn -0.222520 0.974928 0.000000
vn -0.623486 0.781835 0.000000
vn -0.623486 0.781835 0.000000
vn -0.900968 0.433885 0.000005
vn -0.900968 0.433886 0.000005
vn -1.000000 -0.000000 0.000007
vn -1.000000 -0.000000 0.000007
vn -0.900969 -0.433884 0.000002
vn -0.900969 -0.433884 0.000002
vn -0.623486 -0.781835 0.000000
vn -0.623486 -0.781835 0.000000
vn -0.222519 -0.974928 0.000000
vn -0.222519 -0.974928 0.000000
vn 0.222520 -0.974928 0.000000
vn 0.222520 -0.974928 0.000000
vn 0.623485 -0.781835 0.000000
vn 0.623485 -0.781835 0.000000
vn 1.000000 0.000000 0.000000
vn 0.900969 -0.433884 0.000000
vn 0.900969 -0.433884 0.000000
vn 1.000000 0.000000 0.000000
vn 0.900968 0.433885 0.000000
vn 0.900968 0.433885 0.000000
vn 0.623486 0.781834 0.000000
vn 0.623486 0.781834 0.000000
vn 0.222520 0.974928 0.000000
vn 0.222520 0.974928 0.000000
vn -0.222520 0.974928 0.000000
vn -0.222520 0.974928 0.000000
vn -0.623487 0.781834 0.000000
vn -0.623487 0.781834 0.000000
vn -0.900968 0.433886 -0.000004
vn -0.900968 0.433885 -0.000004
vn -1.000000 0.000000 -0.000004
vn -1.000000 0.000000 -0.000004
vn -0.900969 -0.433884 0.000000
vn -0.900969 -0.433884 0.000000
vn -0.623486 -0.781834 0.000000
vn -0.623486 -0.781834 0.000000
vn -0.222520 -0.974928 0.000000
vn -0.222520 -0.974928 0.000000
vn 0.222521 -0.974928 0.000000
vn 0.222521 -0.974928 0.000000
vn 0.623486 -0.781834 0.000000
vn 0.623486 -0.781834 0.000000
vn 1.000000 -0.000000 0.000000
vn 0.900969 -0.433883 0.000000
vn 0.900969 -0.433883 0.000000
vn 1.000000 -0.000000 0.000000
vn 0.900968 0.433885 0.000000
vn 0.900968 0.433885 0.000000
vn 0.623486 0.781835 0.000000
vn 0.623486 0.781835 0.000000
vn 0.222520 0.974928 0.000000
vn 0.222520 0.974928 0.000000
vn -0.222520 0.974928 0.000000
vn -0.222520 0.974928 0.000000
vn -0.623486 0.781834 0.000000
vn -0.623486 0.781834 0.000000
vn -0.900969 0.433885 0.000001
vn -0.900968 0.433885 0.000001
vn -1.000000 -0.000000 0.000001
vn -1.000000 -0.000000 0.000001
vn -0.900969 -0.433883 0.000000
vn -0.900969 -0.433883 0.000000
vn -0.623486 -0.781835 0.000000
vn -0.623486 -0.781835 0.000000
vn -0.222519 -0.974928 0.000000
vn -0.222519 -0.974928 0.000000
vn 0.222520 -0.974928 0.000000
vn 0.222520 -0.974928 0.000000
vn 0.623487 -0.781834 0.000000
vn 0.623487 -0.781834 0.000000
vn 1.000000 0.000001 0.000000
vn 0.900969 -0.433884 0.000000
vn 0.900969 -0.433884 0.000000
vn 1.000000 0.000001 0.000000
vn 0.900968 0.433885 0.000000
vn 0.900968 0.433885 0.000000
vn 0.623486 0.781835 0.000000
vn 0.623486 0.781835 0.000000
vn 0.222520 0.974928 0.000000
vn 0.222520 0.974928 0.000000
vn -0.222520 0.974928 0.000000
vn -0.222520 0.974928 0.000000
vn -0.623486 0.781835 0.000000
vn -0.623486 0.781835 0.000000
vn -0.900968 0.433885 0.000000
vn -0.900968 0.433885 0.000000
vn -1.000000 -0.000001 0.000000
vn -1.000000 -0.000001 0.000000
vn -0.900968 -0.433885 0.000000
vn -0.900968 -0.433885 0.000000
vn -0.623486 -0.781834 0.000000
vn -0.623486 -0.781834 0.000000
vn -0.222522 -0.974928 0.000000
vn -0.222522 -0.974928 0.000000
vn 0.222520 -0.974928 0.000000
vn 0.222520 -0.974928 0.000000
vn 0.623485 -0.781835 0.000000
vn 0.623485 -0.781835 0.000000
vn 1.000000 -0.000003 -0.000006
vn 0.900968 -0.433885 -0.000003
vn 0.900968 -0.433885 -0.000003
vn 1.000000 0.000005 -0.000006
vn 0.900968 0.433885 -0.000003
vn 0.900968 0.433885 -0.000003
vn 0.623487 0.781833 0.000000
vn 0.623488 0.781833 0.000000
vn 0.222522 0.974928 0.000000
vn 0.222522 0.974928 0.000000
vn -0.222523 0.974928 0.000000
vn -0.222523 0.974928 0.000000
vn -0.623488 0.781833 0.000000
vn -0.623488 0.781833 0.000000
vn -0.900968 0.433885 0.000000
vn -0.900968 0.433885 0.000000
vn -1.000000 -0.000005 -0.000004
vn -1.000000 0.000003 -0.000004
vn -0.900968 -0.433885 -0.000004
vn -0.900968 -0.433885 -0.000004
vn -0.623487 -0.781834 0.000000
vn -0.623487 -0.781833 0.000000
vn -0.222521 -0.974928 0.000000
vn -0.222521 -0.974928 0.000000
vn 0.222521 -0.974928 -0.000010
vn 0.222520 -0.974928 -0.000010
vn 0.623484 -0.781836 -0.000011
vn 0.623487 -0.781834 -0.000011
vn 0.000000 1.000000 0.000000
vn 0.000000 1.000000 0.000000
vn 0.000000 1.000000 0.000000
vn 0.000000 1.000000 0.000000
vn -1.000000 0.000000 0.000000
vn -1.000000 0.000000 0.000000
vn -1.000000 0.000000 0.000000
vn -1.000000 0.000000 0.000000
vn -0.000044 -1.000000 0.000000
vn -0.000044 -1.000000 0.000000
vn -0.000044 -1.000000 0.000000
vn -0.000044 -1.000000 0.000000
vn 0.999931 -0.011753 0.000000
vn 0.999931 -0.011753 0.000000
vn 0.999931 -0.011753 0.000000
vn 0.999931 -0.011753 0.000000
vn 0.628948 -0.302880 0.716022
vn 0.628946 -0.302886 0.716022
vn 0.435246 -0.545784 0.716017
vn 0.435247 -0.545783 0.716017
vn 0.698074 0.000000 0.716025
vn 0.698075 0.000001 0.716025
vn 0.628941 0.302881 0.716028
vn 0.628941 0.302882 0.716028
vn 0.628947 -0.302885 -0.716021
vn 0.628949 -0.302882 -0.716021
vn 0.435241 -0.545777 -0.716026
vn 0.435241 -0.545777 -0.716025
vn 0.698075 0.000000 -0.716025
vn 0.698075 0.000000 -0.716025
vn 0.628941 0.302882 -0.716027
vn 0.628942 0.302881 -0.716027
vn 0.435238 0.545773 0.716031
vn 0.435239 0.545772 0.716031
vn 0.435237 0.545768 -0.716035
vn 0.435236 0.545768 -0.716035
vn 0.155336 0.680574 0.716023
vn 0.155336 0.680574 0.716023
vn 0.155335 0.680569 -0.716028
vn 0.155335 0.680569 -0.716028
vn -0.155335 0.680569 0.716028
vn -0.155334 0.680570 0.716028
vn -0.155338 0.680574 -0.716023
vn -0.155338 0.680574 -0.716023
vn -0.435235 0.545767 0.716037
vn -0.435236 0.545766 0.716037
vn -0.435242 0.545774 -0.716028
vn -0.435241 0.545775 -0.716028
vn -0.629159 0.302426 0.716029
vn -0.629162 0.302419 0.716029
vn -0.629166 0.302424 -0.716024
vn -0.629166 0.302423 -0.716024
vn -0.706198 0.013853 0.707879
vn -0.706198 0.013854 0.707879
vn -0.706196 0.013854 -0.707880
vn -0.706196 0.013854 -0.707880
vn -0.707107 -0.001188 0.707106
vn -0.707107 -0.001188 0.707106
vn -0.707105 -0.001187 -0.707108
vn -0.707105 -0.001187 -0.707108
vn -0.712521 -0.023884 0.701244
vn -0.713821 -0.086569 0.694957
vn -0.665485 0.264636 0.697924
vn -0.674413 0.232059 0.700939
vn -0.581632 -0.400562 0.707993
vn -0.543947 -0.444160 0.711930
vn -0.196253 -0.666651 0.719070
vn -0.186955 -0.669222 0.719159
vn -0.519756 -0.540505 -0.661595
vn -0.475966 -0.569540 -0.670135
vn -0.722709 -0.288497 -0.628062
vn -0.769844 -0.163611 -0.616905
vn -0.309636 -0.650501 -0.693523
vn -0.296355 -0.654263 -0.695782
vn -0.125450 -0.692331 -0.710592
vn -0.119662 -0.693267 -0.710677
vn 0.155708 -0.680528 0.715986
vn 0.155707 -0.680529 0.715986
vn 0.154748 -0.680693 -0.716038
vn 0.154743 -0.680694 -0.716038
vn 0.628946 -0.302880 0.716024
vn 0.628943 -0.302886 0.716024
vn 0.435238 -0.545776 0.716028
vn 0.435239 -0.545776 0.716028
vn 0.698076 0.000002 0.716024
vn 0.698076 0.000002 0.716024
vn 0.628945 0.302885 0.716024
vn 0.628944 0.302885 0.716023
vn 0.628945 -0.302886 -0.716023
vn 0.628948 -0.302880 -0.716023
vn 0.435240 -0.545776 -0.716027
vn 0.435239 -0.545776 -0.716027
vn 0.698072 0.000001 -0.716028
vn 0.698072 0.000000 -0.716028
vn 0.628935 0.302876 -0.716036
vn 0.628932 0.302882 -0.716036
vn 0.435243 0.545780 0.716022
vn 0.435245 0.545779 0.716022
vn 0.435242 0.545773 -0.716028
vn 0.435241 0.545774 -0.716028
vn 0.155340 0.680575 0.716022
vn 0.155339 0.680575 0.716022
vn 0.155338 0.680576 -0.716021
vn 0.155338 0.680576 -0.716021
vn -0.156386 0.680309 0.716047
vn -0.156377 0.680311 0.716047
vn -0.154887 0.680743 -0.715960
vn -0.154885 0.680744 -0.715960
vn -0.390900 0.588522 0.707700
vn -0.397355 0.584459 0.707472
vn -0.471834 0.506770 -0.721497
vn -0.484464 0.495060 -0.721256
vn -0.550954 0.457549 0.697925
vn -0.569342 0.437818 0.695820
vn -0.729011 0.164623 -0.664411
vn -0.748159 0.123266 -0.651969
vn -0.718672 -0.095420 0.688771
vn -0.711269 -0.140139 0.688809
vn -0.700022 0.162274 0.695440
vn -0.691286 0.187384 0.697862
vn -0.543264 -0.446571 0.710942
vn -0.515975 -0.474312 0.713301
vn -0.179898 -0.671653 0.718692
vn -0.174587 -0.673030 0.718714
vn -0.540473 -0.469917 -0.697902
vn -0.511167 -0.501424 -0.698056
vn -0.681436 -0.198355 -0.704485
vn -0.692265 -0.153121 -0.705212
vn -0.349845 -0.623069 -0.699566
vn -0.337887 -0.628359 -0.700713
vn -0.137379 -0.688357 -0.712244
vn -0.133380 -0.689120 -0.712267
vn 0.155468 -0.680261 0.716292
vn 0.155454 -0.680264 0.716292
vn 0.155173 -0.680984 -0.715669
vn 0.155154 -0.680988 -0.715669
vn 0.628944 -0.302881 0.716026
vn 0.628942 -0.302884 0.716026
vn 0.435236 -0.545770 0.716034
vn 0.435236 -0.545770 0.716034
vn 0.698072 0.000000 0.716028
vn 0.698072 0.000001 0.716028
vn 0.628938 0.302879 0.716032
vn 0.628938 0.302880 0.716032
vn 0.628945 -0.302885 -0.716023
vn 0.628947 -0.302882 -0.716023
vn 0.435239 -0.545776 -0.716027
vn 0.435239 -0.545777 -0.716027
vn 0.698076 0.000001 -0.716023
vn 0.698076 0.000000 -0.716023
vn 0.628942 0.302883 -0.716026
vn 0.628943 0.302882 -0.716026
vn 0.435232 0.545765 0.716040
vn 0.435233 0.545764 0.716040
vn 0.435237 0.545767 -0.716036
vn 0.435236 0.545768 -0.716036
vn 0.155334 0.680567 0.716031
vn 0.155334 0.680567 0.716031
vn 0.155335 0.680569 -0.716029
vn 0.155335 0.680569 -0.716029
vn -0.155991 0.680400 0.716046
vn -0.155985 0.680401 0.716046
vn -0.154983 0.680690 -0.715990
vn -0.154981 0.680691 -0.715990
vn -0.403325 0.574227 0.712455
vn -0.408419 0.570586 0.712479
vn -0.458732 0.521326 -0.719572
vn -0.466082 0.514867 -0.719500
vn -0.574062 0.404957 0.711661
vn -0.586377 0.387774 0.711192
vn -0.669528 0.207721 -0.713151
vn -0.676879 0.184927 -0.712487
vn -0.692033 0.358126 0.626766
vn -0.722197 0.281909 0.631632
vn -0.508905 0.590612 0.626253
vn -0.456276 0.631699 0.626713
vn -0.745883 -0.007774 0.666032
vn -0.731731 -0.087265 0.675984
vn -0.680697 -0.267932 0.681810
vn -0.680697 -0.267932 0.681810
vn -0.684142 -0.329654 -0.650599
vn -0.652936 -0.387204 -0.650959
vn -0.743427 -0.075857 -0.664501
vn -0.738747 0.064314 -0.670907
vn -0.524417 -0.533305 -0.663756
vn -0.492935 -0.554502 -0.670480
vn -0.367441 -0.618305 -0.694756
vn -0.360257 -0.620672 -0.696406
vn -0.306503 -0.637502 0.706857
vn -0.306503 -0.637502 0.706857
vn -0.154942 -0.680817 0.715878
vn -0.154940 -0.680818 0.715878
vn -0.157595 -0.680048 -0.716030
vn -0.157618 -0.680043 -0.716030
vn 0.155334 -0.680562 0.716036
vn 0.155334 -0.680562 0.716036
vn 0.155336 -0.680568 -0.716029
vn 0.155337 -0.680568 -0.716029
vn 0.628943 -0.302884 0.716025
vn 0.628944 -0.302883 0.716025
vn 0.435239 -0.545777 0.716027
vn 0.435239 -0.545777 0.716027
vn 0.698075 0.000000 0.716024
vn 0.698075 0.000000 0.716024
vn 0.628939 0.302886 0.716027
vn 0.628942 0.302880 0.716027
vn 0.628944 -0.302883 -0.716025
vn 0.628943 -0.302884 -0.716025
vn 0.435242 -0.545782 -0.716021
vn 0.435243 -0.545781 -0.716021
vn 0.698073 0.000000 -0.716026
vn 0.698073 0.000000 -0.716026
vn 0.628940 0.302880 -0.716029
vn 0.628938 0.302884 -0.716029
vn 0.434618 0.546257 0.716038
vn 0.434621 0.546255 0.716038
vn 0.435242 0.545780 -0.716023
vn 0.435244 0.545778 -0.716023
vn 0.202304 0.674784 0.709746
vn 0.195892 0.676794 0.709631
vn 0.155338 0.680581 -0.716017
vn 0.155339 0.680580 -0.716017
vn -0.010701 0.712066 0.702031
vn -0.037091 0.712689 0.700499
vn -0.155340 0.680585 -0.716012
vn -0.155341 0.680585 -0.716012
vn -0.218594 0.718327 0.660472
vn -0.246210 0.719899 0.648942
vn -0.435246 0.545784 -0.716017
vn -0.435248 0.545782 -0.716017
vn -0.628940 0.302879 -0.716030
vn -0.628937 0.302885 -0.716030
vn -0.698070 -0.000000 -0.716030
vn -0.698070 -0.000001 -0.716030
vn -0.695288 0.254335 0.672226
vn -0.679928 0.314340 0.662486
vn -0.667060 -0.174503 0.724278
vn -0.661511 -0.191764 0.725003
vn -0.628938 -0.302881 -0.716030
vn -0.628938 -0.302882 -0.716030
vn -0.435241 -0.545779 0.716025
vn -0.435240 -0.545779 0.716025
vn -0.435237 -0.545774 -0.716030
vn -0.435238 -0.545774 -0.716030
vn -0.155337 -0.680579 0.716019
vn -0.155337 -0.680579 0.716019
vn -0.155335 -0.680569 -0.716029
vn -0.155335 -0.680569 -0.716029
vn 0.155336 -0.680574 0.716023
vn 0.155335 -0.680574 0.716023
vn 0.155337 -0.680574 -0.716023
vn 0.155337 -0.680574 -0.716023
vn -0.650911 0.351347 -0.672957
vn -0.617420 0.403319 -0.675371
vn 0.015943 0.707260 0.706774
vn 0.015943 0.707260 0.706774
vn 0.122656 0.685826 0.717355
vn 0.122729 0.685809 0.717359
vn -0.706331 -0.029139 0.707282
vn -0.706331 -0.029138 0.707282
vn -0.135801 -0.676843 0.723493
vn -0.135540 -0.676915 0.723475
vn 0.134975 -0.678351 0.722234
vn 0.134916 -0.678366 0.722230
vn -0.520279 -0.469777 0.713176
vn -0.520281 -0.469775 0.713176
vn -0.678709 -0.159779 0.716815
vn -0.678767 -0.159575 0.716806
vn 0.815817 -0.002327 -0.578305
vn 0.815817 -0.002327 -0.578306
vn 0.815817 -0.002327 -0.578306
vn 0.815817 -0.002327 -0.578305
vn 0.016095 0.707218 -0.706812
vn 0.016095 0.707218 -0.706812
vn 0.122886 0.685757 -0.717382
vn 0.122811 0.685775 -0.717377
vn -0.706329 -0.029137 -0.707284
vn -0.706329 -0.029138 -0.707284
vn -0.135543 -0.676919 -0.723470
vn -0.135803 -0.676847 -0.723488
vn 0.134919 -0.678370 -0.722227
vn 0.134979 -0.678354 -0.722230
vn -0.520286 -0.469773 -0.713173
vn -0.520284 -0.469776 -0.713173
vn -0.678767 -0.159574 -0.716807
vn -0.678709 -0.159778 -0.716816
vn 0.628941 -0.302882 -0.716027
vn 0.628942 -0.302881 -0.716027
vn 0.698075 0.000000 -0.716024
vn 0.698075 0.000000 -0.716024
vn 0.435237 -0.545775 -0.716029
vn 0.435237 -0.545776 -0.716029
vn 0.628941 0.302879 -0.716029
vn 0.628938 0.302886 -0.716029
vn 0.435600 0.545546 -0.715984
vn 0.435600 0.545546 -0.715984
vn 0.114236 0.684218 -0.720275
vn 0.101959 0.686284 -0.720152
vn -0.308613 0.633638 -0.709409
vn -0.349444 0.615658 -0.706296
vn -0.680712 -0.170808 -0.712359
vn -0.687557 -0.118812 -0.716344
vn -0.620295 -0.333086 -0.710132
vn -0.610952 -0.349364 -0.710410
vn -0.435237 -0.545774 -0.716030
vn -0.435236 -0.545775 -0.716030
vn -0.155336 -0.680574 -0.716024
vn -0.155336 -0.680574 -0.716024
vn 0.155336 -0.680574 -0.716023
vn 0.155336 -0.680574 -0.716023
vn 0.628944 -0.302884 0.716025
vn 0.628944 -0.302883 0.716025
vn 0.435239 -0.545778 0.716027
vn 0.435239 -0.545777 0.716027
vn 0.698076 0.000000 0.716024
vn 0.698076 0.000000 0.716024
vn 0.628939 0.302886 0.716028
vn 0.628942 0.302880 0.716028
vn 0.435233 0.545768 0.716038
vn 0.435234 0.545767 0.716038
vn 0.155333 0.680562 0.716036
vn 0.155334 0.680561 0.716036
vn -0.155336 0.680571 0.716026
vn -0.155337 0.680571 0.716026
vn -0.435237 0.545774 0.716030
vn -0.435238 0.545774 0.716030
vn -0.628936 0.302884 0.716031
vn -0.628939 0.302878 0.716031
vn -0.698074 -0.000001 0.716026
vn -0.698074 -0.000000 0.716026
vn -0.628950 -0.302882 0.716020
vn -0.628947 -0.302888 0.716020
vn -0.435244 -0.545786 0.716017
vn -0.435244 -0.545786 0.716017
vn -0.155337 -0.680579 0.716018
vn -0.155337 -0.680580 0.716018
vn 0.155335 -0.680575 0.716023
vn 0.155335 -0.680574 0.716023
vn 0.628942 -0.302883 -0.716026
vn 0.628943 -0.302882 -0.716026
vn 0.698073 0.000000 -0.716027
vn 0.698073 0.000000 -0.716027
vn 0.435239 -0.545777 -0.716027
vn 0.435239 -0.545777 -0.716027
vn 0.628938 0.302878 -0.716032
vn 0.628936 0.302884 -0.716032
vn 0.435230 0.545765 -0.716041
vn 0.435229 0.545766 -0.716041
vn 0.155332 0.680549 -0.716048
vn 0.155330 0.680549 -0.716048
vn -0.155333 0.680554 -0.716044
vn -0.155331 0.680554 -0.716044
vn -0.435233 0.545766 -0.716039
vn -0.435232 0.545767 -0.716039
vn -0.628937 0.302877 -0.716033
vn -0.628934 0.302883 -0.716033
vn -0.698074 -0.000000 -0.716026
vn -0.698074 -0.000000 -0.716026
vn -0.628943 -0.302882 -0.716026
vn -0.628942 -0.302884 -0.716026
vn -0.435242 -0.545781 -0.716022
vn -0.435242 -0.545781 -0.716022
vn -0.155337 -0.680579 -0.716019
vn -0.155337 -0.680579 -0.716019
vn 0.155335 -0.680574 -0.716023
vn 0.155336 -0.680574 -0.716023
vn 0.628941 -0.302883 0.716027
vn 0.628942 -0.302882 0.716027
vn 0.435239 -0.545777 0.716027
vn 0.435239 -0.545777 0.716027
vn 0.698072 0.000000 0.716028
vn 0.698072 0.000001 0.716028
vn 0.628937 0.302886 0.716029
vn 0.628940 0.302880 0.716029
vn 0.435237 0.545776 0.716029
vn 0.435238 0.545775 0.716029
vn 0.155334 0.680565 0.716033
vn 0.155335 0.680565 0.716033
vn -0.155334 0.680565 0.716033
vn -0.155334 0.680565 0.716033
vn -0.435236 0.545774 0.716031
vn -0.435237 0.545773 0.716031
vn -0.628936 0.302885 0.716030
vn -0.628940 0.302879 0.716031
vn -0.698074 -0.000001 0.716026
vn -0.698074 -0.000001 0.716026
vn -0.628942 -0.302884 0.716026
vn -0.628943 -0.302883 0.716026
vn -0.435243 -0.545780 0.716022
vn -0.435242 -0.545781 0.716022
vn -0.155337 -0.680579 0.716018
vn -0.155337 -0.680579 0.716018
vn 0.155336 -0.680574 0.716023
vn 0.155335 -0.680575 0.716023
vn 0.628942 -0.302883 -0.716026
vn 0.628943 -0.302882 -0.716026
vn 0.698073 0.000000 -0.716027
vn 0.698073 0.000000 -0.716027
vn 0.435239 -0.545777 -0.716027
vn 0.435239 -0.545777 -0.716027
vn 0.628938 0.302878 -0.716032
vn 0.628935 0.302884 -0.716032
vn 0.435236 0.545774 -0.716032
vn 0.435235 0.545774 -0.716032
vn 0.155335 0.680564 -0.716033
vn 0.155334 0.680565 -0.716033
vn -0.155334 0.680565 -0.716033
vn -0.155334 0.680565 -0.716033
vn -0.435239 0.545774 -0.716029
vn -0.435238 0.545775 -0.716029
vn -0.628942 0.302880 -0.716027
vn -0.628939 0.302887 -0.716027
vn -0.698076 -0.000001 -0.716024
vn -0.698076 -0.000001 -0.716024
vn -0.628944 -0.302883 -0.716025
vn -0.628943 -0.302885 -0.716025
vn -0.435242 -0.545781 -0.716022
vn -0.435243 -0.545780 -0.716022
vn -0.155337 -0.680579 -0.716019
vn -0.155337 -0.680579 -0.716019
vn 0.155335 -0.680574 -0.716023
vn 0.155336 -0.680574 -0.716023
vn 0.628941 -0.302883 0.716027
vn 0.628942 -0.302882 0.716027
vn 0.435239 -0.545777 0.716026
vn 0.435240 -0.545777 0.716027
vn 0.698072 0.000000 0.716028
vn 0.698072 0.000001 0.716028
vn 0.628938 0.302886 0.716029
vn 0.628941 0.302880 0.716029
vn 0.435237 0.545776 0.716029
vn 0.435238 0.545775 0.716029
vn 0.155334 0.680565 0.716033
vn 0.155335 0.680565 0.716033
vn -0.155334 0.680565 0.716033
vn -0.155334 0.680565 0.716033
vn -0.435238 0.545775 0.716029
vn -0.435239 0.545774 0.716029
vn -0.628939 0.302886 0.716028
vn -0.628942 0.302880 0.716028
vn -0.698074 0.000000 0.716026
vn -0.698074 0.000000 0.716026
vn -0.628940 -0.302882 0.716028
vn -0.628941 -0.302881 0.716028
vn -0.435240 -0.545779 0.716024
vn -0.435240 -0.545780 0.716024
vn -0.155337 -0.680579 0.716018
vn -0.155337 -0.680579 0.716018
vn 0.155336 -0.680575 0.716023
vn 0.155335 -0.680575 0.716023
vn 0.628943 -0.302883 -0.716026
vn 0.628943 -0.302882 -0.716026
vn 0.698073 0.000000 -0.716026
vn 0.698073 0.000000 -0.716026
vn 0.435239 -0.545777 -0.716027
vn 0.435239 -0.545778 -0.716027
vn 0.628939 0.302878 -0.716031
vn 0.628936 0.302884 -0.716031
vn 0.435236 0.545774 -0.716031
vn 0.435235 0.545775 -0.716031
vn 0.155335 0.680565 -0.716033
vn 0.155334 0.680565 -0.716033
vn -0.155334 0.680565 -0.716033
vn -0.155334 0.680565 -0.716033
vn -0.435239 0.545774 -0.716029
vn -0.435238 0.545775 -0.716029
vn -0.628940 0.302880 -0.716029
vn -0.628937 0.302886 -0.716029
vn -0.698074 -0.000001 -0.716026
vn -0.698074 -0.000001 -0.716026
vn -0.628944 -0.302883 -0.716025
vn -0.628943 -0.302885 -0.716025
vn -0.435242 -0.545781 -0.716022
vn -0.435243 -0.545780 -0.716022
vn -0.155337 -0.680579 -0.716018
vn -0.155337 -0.680579 -0.716018
vn 0.155335 -0.680575 -0.716023
vn 0.155336 -0.680575 -0.716023
vn 0.628941 -0.302883 0.716027
vn 0.628942 -0.302882 0.716027
vn 0.435239 -0.545778 0.716027
vn 0.435239 -0.545777 0.716027
vn 0.698072 0.000000 0.716028
vn 0.698072 0.000001 0.716028
vn 0.628938 0.302886 0.716029
vn 0.628941 0.302880 0.716029
vn 0.435237 0.545776 0.716029
vn 0.435238 0.545775 0.716029
vn 0.155334 0.680565 0.716033
vn 0.155335 0.680565 0.716033
vn -0.155334 0.680565 0.716033
vn -0.155334 0.680565 0.716033
vn -0.435236 0.545773 0.716031
vn -0.435237 0.545773 0.716031
vn -0.628935 0.302885 0.716032
vn -0.628938 0.302879 0.716032
vn -0.698073 -0.000000 0.716027
vn -0.698073 -0.000000 0.716027
vn -0.628940 -0.302882 0.716028
vn -0.628941 -0.302881 0.716028
vn -0.435240 -0.545779 0.716025
vn -0.435239 -0.545780 0.716025
vn -0.155337 -0.680579 0.716018
vn -0.155337 -0.680579 0.716018
vn 0.155336 -0.680575 0.716023
vn 0.155335 -0.680575 0.716023
vn 0.628943 -0.302883 -0.716026
vn 0.628943 -0.302882 -0.716026
vn 0.698073 0.000000 -0.716026
vn 0.698073 0.000000 -0.716026
vn 0.435240 -0.545777 -0.716026
vn 0.435239 -0.545778 -0.716026
vn 0.628939 0.302878 -0.716031
vn 0.628936 0.302884 -0.716031
vn 0.435236 0.545774 -0.716031
vn 0.435235 0.545775 -0.716031
vn 0.155335 0.680565 -0.716032
vn 0.155334 0.680565 -0.716032
vn -0.155334 0.680565 -0.716032
vn -0.155334 0.680565 -0.716032
vn -0.435236 0.545771 -0.716033
vn -0.435235 0.545772 -0.716033
vn -0.628938 0.302877 -0.716033
vn -0.628935 0.302884 -0.716033
vn -0.698075 -0.000000 -0.716024
vn -0.698075 -0.000000 -0.716024
vn -0.628944 -0.302884 -0.716024
vn -0.628943 -0.302885 -0.716024
vn -0.435242 -0.545781 -0.716022
vn -0.435243 -0.545781 -0.716022
vn -0.155337 -0.680579 -0.716018
vn -0.155337 -0.680579 -0.716018
vn 0.155335 -0.680575 -0.716023
vn 0.155336 -0.680575 -0.716023
vn 0.628942 -0.302883 0.716026
vn 0.628943 -0.302882 0.716026
vn 0.435239 -0.545777 0.716027
vn 0.435239 -0.545777 0.716027
vn 0.698073 0.000000 0.716027
vn 0.698073 0.000000 0.716027
vn 0.628937 0.302886 0.716030
vn 0.628940 0.302880 0.716030
vn 0.435235 0.545771 0.716034
vn 0.435236 0.545770 0.716034
vn 0.155331 0.680548 0.716049
vn 0.155333 0.680548 0.716049
vn -0.155330 0.680548 0.716049
vn -0.155332 0.680548 0.716049
vn -0.435234 0.545768 0.716037
vn -0.435235 0.545767 0.716037
vn -0.628935 0.302885 0.716032
vn -0.628938 0.302879 0.716032
vn -0.698073 -0.000000 0.716027
vn -0.698073 -0.000000 0.716027
vn -0.628941 -0.302882 0.716028
vn -0.628941 -0.302881 0.716028
vn -0.435240 -0.545779 0.716025
vn -0.435240 -0.545779 0.716025
vn -0.155337 -0.680579 0.716019
vn -0.155337 -0.680579 0.716019
vn 0.155336 -0.680574 0.716023
vn 0.155335 -0.680574 0.716023
vn 0.628941 -0.302883 0.716027
vn 0.628941 -0.302882 0.716028
vn 0.435242 -0.545782 0.716021
vn 0.435242 -0.545782 0.716021
vn 0.698069 0.000001 0.716030
vn 0.698069 0.000001 0.716030
vn 0.628933 0.302883 0.716034
vn 0.628936 0.302877 0.716034
vn 0.435240 0.545775 0.716027
vn 0.435242 0.545774 0.716027
vn 0.155340 0.680582 0.716016
vn 0.155339 0.680582 0.716016
vn -0.155339 0.680576 0.716021
vn -0.155339 0.680577 0.716021
vn -0.435239 0.545773 0.716030
vn -0.435240 0.545772 0.716030
vn -0.628937 0.302886 0.716029
vn -0.628940 0.302879 0.716029
vn -0.698073 -0.000000 0.716026
vn -0.698073 -0.000000 0.716026
vn -0.628942 -0.302885 0.716026
vn -0.628943 -0.302883 0.716026
vn -0.435242 -0.545782 0.716021
vn -0.435242 -0.545782 0.716021
vn -0.155339 -0.680579 0.716019
vn -0.155339 -0.680579 0.716019
vn 0.155338 -0.680579 0.716019
vn 0.155338 -0.680579 0.716019
vn 0.628941 -0.302884 -0.716026
vn 0.628942 -0.302883 -0.716026
vn 0.698075 0.000000 -0.716025
vn 0.698075 0.000000 -0.716025
vn 0.435239 -0.545777 -0.716027
vn 0.435240 -0.545776 -0.716027
vn 0.628943 0.302880 -0.716027
vn 0.628940 0.302887 -0.716027
vn 0.435239 0.545775 -0.716028
vn 0.435238 0.545776 -0.716028
vn 0.155336 0.680571 -0.716026
vn 0.155336 0.680571 -0.716026
vn -0.155336 0.680571 -0.716026
vn -0.155336 0.680571 -0.716026
vn -0.435240 0.545775 -0.716028
vn -0.435239 0.545775 -0.716028
vn -0.628941 0.302880 -0.716029
vn -0.628938 0.302886 -0.716029
vn -0.698072 -0.000000 -0.716028
vn -0.698072 -0.000001 -0.716028
vn -0.628939 -0.302881 -0.716030
vn -0.628938 -0.302882 -0.716030
vn -0.435238 -0.545774 -0.716030
vn -0.435237 -0.545775 -0.716030
vn -0.155337 -0.680574 -0.716024
vn -0.155337 -0.680574 -0.716024
vn 0.155336 -0.680574 -0.716023
vn 0.155336 -0.680574 -0.716023
vn 0.511293 -0.478911 0.713599
vn 0.511426 -0.478768 0.713600
vn 0.681012 -0.131538 0.720361
vn 0.680937 -0.131852 0.720375
vn 0.677571 0.135137 0.722936
vn 0.677733 0.134515 0.722899
vn 0.511428 -0.478770 -0.713598
vn 0.511295 -0.478912 -0.713597
vn 0.680938 -0.131852 -0.720374
vn 0.681013 -0.131538 -0.720360
vn 0.677735 0.134515 -0.722897
vn 0.677573 0.135136 -0.722934
vn 0.473888 0.518010 0.712107
vn 0.474212 0.517707 0.712111
vn 0.474211 0.517706 -0.712113
vn 0.473887 0.518008 -0.712108
vn 1.000000 0.000000 0.000001
vn 0.900970 -0.433883 0.000000
vn 0.900970 -0.433883 0.000000
vn 1.000000 0.000000 0.000001
vn 0.900969 0.433884 0.000005
vn 0.900969 0.433884 0.000005
vn 0.623489 0.781832 -0.000003
vn 0.623489 0.781832 -0.000003
vn 0.222521 0.974928 -0.000007
vn 0.222522 0.974928 -0.000007
vn -0.222152 0.975012 -0.000006
vn -0.222299 0.974979 -0.000006
vn -0.631011 0.775774 -0.000005
vn -0.612197 0.790706 -0.000006
vn -0.894396 0.447260 -0.003912
vn -0.925665 0.378308 -0.005293
vn -0.999277 -0.037995 0.001645
vn -0.999382 0.035103 -0.001605
vn -0.599516 -0.800363 0.000000
vn -0.885097 -0.465407 0.000000
vn -0.921358 -0.388716 0.000000
vn -0.638929 -0.769265 0.000000
vn -0.217007 -0.976170 0.000000
vn -0.225929 -0.974144 0.000000
vn 0.222536 -0.974924 0.000000
vn 0.222593 -0.974912 0.000000
vn 0.623488 -0.781833 0.000000
vn 0.623488 -0.781833 0.000000
vn 1.000000 0.000001 0.000000
vn 0.900969 -0.433883 0.000000
vn 0.900969 -0.433883 0.000000
vn 1.000000 0.000001 0.000000
vn 0.900969 0.433883 0.000000
vn 0.900969 0.433883 0.000000
vn 0.623490 0.781831 0.000000
vn 0.623490 0.781831 0.000000
vn 0.222520 0.974928 0.000000
vn 0.222520 0.974928 0.000000
vn -0.222303 0.974978 0.000000
vn -0.222402 0.974955 0.000000
vn -0.631414 0.775446 0.000000
vn -0.619089 0.785321 0.000000
vn -0.903507 0.428573 0.000000
vn -0.922286 0.386508 0.000000
vn -0.869547 -0.493850 0.000000
vn -0.996408 -0.084683 0.000001
vn -0.998900 0.046886 0.000002
vn -0.918660 -0.395048 0.000000
vn -0.599963 -0.800028 0.000000
vn -0.633873 -0.773437 0.000000
vn -0.221601 -0.975137 0.000000
vn -0.221340 -0.975197 0.000000
vn 0.222522 -0.974928 0.000000
vn 0.222522 -0.974928 0.000000
vn 0.623488 -0.781833 0.000000
vn 0.623488 -0.781833 0.000000
vn 1.000000 0.000001 0.000002
vn 0.900969 -0.433883 0.000001
vn 0.900969 -0.433883 0.000001
vn 1.000000 0.000001 0.000002
vn 0.900969 0.433883 -0.000000
vn 0.900969 0.433883 -0.000000
vn 0.623490 0.781832 -0.000001
vn 0.623490 0.781832 -0.000001
vn 0.222520 0.974928 0.000000
vn 0.222520 0.974928 0.000000
vn -0.222520 0.974928 0.000000
vn -0.222520 0.974928 0.000000
vn -0.623490 0.781832 0.000000
vn -0.623490 0.781832 0.000000
vn -0.900969 0.433883 0.000000
vn -0.900969 0.433883 0.000000
vn -0.999801 0.019968 -0.000002
vn -0.999801 0.019968 -0.000002
vn -0.591620 -0.806217 0.000010
vn -0.859785 -0.510642 0.003903
vn -0.905375 -0.424561 0.006627
vn -0.645898 -0.763424 0.000010
vn -0.213285 -0.976990 0.000003
vn -0.227800 -0.973708 0.000003
vn 0.222587 -0.974913 0.000006
vn 0.222679 -0.974892 0.000006
vn 0.623488 -0.781833 0.000008
vn 0.623488 -0.781833 0.000008
vn -0.000000 0.000000 1.000000
vn 0.000000 0.000000 1.000000
vn 0.000000 0.000000 1.000000
vn -0.000000 0.000000 1.000000
vn 0.000000 0.000000 -1.000000
vn 0.000000 0.000000 -1.000000
vn 0.000000 0.000000 -1.000000
vn 0.000000 0.000000 -1.000000
vn -0.000000 0.000000 1.000000
vn 0.000000 0.000000 1.000000
vn -0.000001 0.000000 -1.000000
vn -0.000001 0.000000 -1.000000
vn 0.000000 0.000000 1.000000
vn 0.000000 0.000000 1.000000
vn -0.000001 0.000000 -1.000000
vn -0.000001 0.000000 -1.000000
vn 0.000000 0.000000 1.000000
vn 0.000000 0.000000 1.000000
vn -0.000000 0.000000 -1.000000
vn -0.000000 0.000000 -1.000000
vn 0.000000 -0.000001 1.000000
vn 0.000000 -0.000001 1.000000
vn 0.000000 0.000001 -1.000000
vn 0.000000 0.000001 -1.000000
vn 0.000002 -0.000002 1.000000
vn 0.000002 -0.000002 1.000000
vn 0.000000 0.000002 -1.000000
vn 0.000000 0.000002 -1.000000
vn 0.221209 -0.103824 0.969684
vn 0.224428 -0.105335 0.968781
vn 0.000000 0.000001 -1.000000
vn 0.000000 0.000001 -1.000000
vn -0.000004 0.000000 -1.000000
vn -0.000004 0.000000 -1.000000
vn -0.220676 0.114036 0.968658
vn -0.246951 0.325655 0.912669
vn -0.321273 0.218946 0.921329
vn -0.224376 0.116065 0.967566
vn 0.142482 -0.369535 -0.918228
vn 0.178130 -0.183499 -0.966746
vn 0.178765 -0.184649 -0.966410
vn 0.141938 -0.369852 -0.918185
vn -0.051790 0.024925 0.998347
vn -0.051839 0.024949 0.998344
vn 0.051621 -0.024769 -0.998360
vn 0.051604 -0.024761 -0.998361
vn 0.000000 0.000004 1.000000
vn -0.000000 0.000004 1.000000
vn 0.000000 -0.000004 -1.000000
vn 0.000000 -0.000004 -1.000000
vn 0.000000 0.000001 1.000000
vn 0.000000 0.000001 1.000000
vn 0.000000 -0.000001 -1.000000
vn 0.000000 -0.000001 -1.000000
vn 0.000001 0.000001 1.000000
vn 0.000000 0.000000 1.000000
vn 0.000000 0.000000 1.000000
vn 0.000001 0.000001 1.000000
vn -0.000001 0.000000 -1.000000
vn -0.000001 -0.000000 -1.000000
vn -0.000001 -0.000000 -1.000000
vn -0.000001 0.000000 -1.000000
vn 0.000005 0.000004 1.000000
vn 0.000005 0.000004 1.000000
vn -0.000001 -0.000001 -1.000000
vn -0.000001 -0.000001 -1.000000
vn 0.000006 0.000007 1.000000
vn 0.000006 0.000007 1.000000
vn -0.000002 -0.000003 -1.000000
vn -0.000002 -0.000003 -1.000000
vn 0.000003 0.000007 1.000000
vn 0.000003 0.000007 1.000000
vn -0.000002 -0.000003 -1.000000
vn -0.000002 -0.000003 -1.000000
vn -0.000001 0.000004 1.000000
vn -0.000001 0.000004 1.000000
vn 0.000000 -0.000001 -1.000000
vn 0.000000 -0.000001 -1.000000
vn 0.057307 0.071706 0.995778
vn 0.057375 0.071790 0.995768
vn -0.057453 -0.071931 -0.995754
vn -0.057579 -0.072090 -0.995735
vn 0.128893 0.220413 0.966853
vn 0.128887 0.220381 0.966861
vn -0.106921 -0.236066 -0.965837
vn -0.107020 -0.234803 -0.966134
vn 0.049718 0.331617 0.942103
vn -0.012719 0.354289 0.935050
vn -0.040400 -0.348341 -0.936497
vn -0.001872 -0.375357 -0.926878
vn -0.128387 0.137169 0.982192
vn -0.123264 0.270572 0.954776
vn -0.124840 0.269764 0.954800
vn -0.128872 0.137975 0.982016
vn 0.124113 -0.280577 -0.951774
vn 0.128254 -0.135930 -0.982382
vn 0.128559 -0.136432 -0.982272
vn 0.125461 -0.279677 -0.951862
vn -0.032023 0.015429 0.999368
vn -0.032039 0.015437 0.999367
vn 0.031944 -0.015331 -0.999372
vn 0.031926 -0.015322 -0.999373
vn 0.000000 0.000000 1.000000
vn 0.000000 0.000000 1.000000
vn 0.000000 0.000000 -1.000000
vn 0.000000 0.000000 -1.000000
vn 0.000000 0.000000 1.000000
vn 0.000000 0.000000 1.000000
vn -0.000000 0.000000 -1.000000
vn -0.000000 0.000000 -1.000000
vn -0.000000 0.000000 1.000000
vn -0.000001 0.000000 1.000000
vn -0.000001 0.000000 1.000000
vn -0.000000 0.000000 1.000000
vn -0.000000 0.000000 -1.000000
vn -0.000000 0.000000 -1.000000
vn -0.000000 0.000000 -1.000000
vn -0.000000 0.000000 -1.000000
vn -0.000000 0.000000 1.000000
vn -0.000000 0.000000 1.000000
vn -0.000001 0.000000 -1.000000
vn -0.000001 0.000000 -1.000000
vn -0.000000 0.000000 1.000000
vn -0.000000 0.000000 1.000000
vn -0.000000 0.000000 -1.000000
vn -0.000000 0.000000 -1.000000
vn 0.000000 0.000000 1.000000
vn 0.000000 0.000000 1.000000
vn 0.000000 0.000000 -1.000000
vn 0.000000 0.000000 -1.000000
vn 0.000000 0.000000 1.000000
vn 0.000000 0.000000 1.000000
vn 0.000000 0.000000 -1.000000
vn 0.000000 0.000000 -1.000000
vn 0.039207 0.048971 0.998030
vn 0.039188 0.048947 0.998032
vn -0.038253 -0.045001 -0.998254
vn -0.038170 -0.044903 -0.998262
vn 0.059390 0.166554 0.984242
vn 0.058858 0.168441 0.983953
vn -0.057532 -0.147411 -0.987401
vn -0.059397 -0.141025 -0.988223
vn -0.136893 0.386482 0.912081
vn -0.008123 0.494975 0.868869
vn -0.007572 0.495049 0.868832
vn -0.137343 0.385532 0.912415
vn -0.003999 -0.503916 -0.863743
vn 0.134064 -0.395435 -0.908657
vn 0.135048 -0.393330 -0.909425
vn -0.004251 -0.503946 -0.863725
vn -0.102762 0.128658 0.986350
vn -0.103507 0.129589 0.986151
vn 0.102433 -0.128471 -0.986409
vn 0.103088 -0.129292 -0.986233
vn -0.000000 0.000000 1.000000
vn -0.000000 0.000000 1.000000
vn -0.000000 0.000000 -1.000000
vn -0.000000 0.000000 -1.000000
vn 0.000000 0.000000 1.000000
vn 0.000000 0.000000 1.000000
vn 0.000000 0.000000 -1.000000
vn 0.000000 0.000000 -1.000000
vn -0.000000 0.000000 1.000000
vn -0.000000 0.000000 1.000000
vn 0.000000 0.000000 -1.000000
vn 0.000000 0.000000 -1.000000
vn 1.000000 0.000001 -0.000001
vn 0.900969 -0.433884 -0.000001
vn 0.900969 -0.433884 -0.000001
vn 1.000000 0.000001 -0.000001
vn 0.900968 0.433885 0.000000
vn 0.900968 0.433885 0.000000
vn 0.623668 0.781689 0.000000
vn 0.623576 0.781763 0.000000
vn 0.215399 0.976526 0.000000
vn 0.233380 0.972386 0.000000
vn -0.276305 0.961070 0.000000
vn -0.206765 0.978391 0.000000
vn -0.629295 0.777166 0.000000
vn -0.572868 0.819647 0.000000
vn -0.910613 -0.413261 -0.000000
vn -0.999955 0.009444 0.000000
vn -0.993193 0.116479 0.000000
vn -0.927131 -0.374737 -0.000000
vn -0.623486 -0.781835 -0.000000
vn -0.623486 -0.781835 -0.000000
vn -0.222520 -0.974928 0.000000
vn -0.222520 -0.974928 0.000000
vn 0.222520 -0.974928 0.000000
vn 0.222520 -0.974928 0.000000
vn 0.623486 -0.781835 0.000000
vn 0.623486 -0.781835 0.000000
vn -0.000001 0.000000 1.000000
vn -0.000000 0.000000 1.000000
vn -0.000000 0.000000 1.000000
vn -0.000001 0.000000 1.000000
vn -0.000000 0.000000 -1.000000
vn -0.000000 0.000000 -1.000000
vn -0.000000 0.000000 -1.000000
vn -0.000000 0.000000 -1.000000
vn -0.000001 -0.000000 1.000000
vn -0.000001 -0.000000 1.000000
vn 0.000000 0.000000 -1.000000
vn 0.000000 0.000000 -1.000000
vn -0.000000 -0.000000 1.000000
vn -0.000000 -0.000000 1.000000
vn 0.000000 0.000000 -1.000000
vn 0.000000 0.000000 -1.000000
vn 0.070371 -0.000113 0.997521
vn 0.070379 -0.000113 0.997520
vn 0.000000 0.000000 -1.000000
vn 0.000000 0.000000 -1.000000
vn 0.216189 0.060278 0.974489
vn 0.214923 0.059257 0.974832
vn 0.000000 0.000000 -1.000000
vn 0.000000 0.000000 -1.000000
vn 0.253100 0.302023 0.919088
vn 0.251681 0.306501 0.917994
vn -0.000000 0.000000 -1.000000
vn -0.000000 0.000000 -1.000000
vn 0.000000 0.000000 -1.000000
vn 0.000000 0.000000 -1.000000
vn 0.000001 0.000000 -1.000000
vn 0.000001 0.000000 -1.000000
vn -0.029849 0.131035 0.990928
vn -0.036220 0.384490 0.922419
vn -0.038339 0.371571 0.927613
vn -0.027832 0.122182 0.992117
vn 0.000001 0.000000 -1.000000
vn 0.000001 0.000000 -1.000000
vn 0.000000 0.000000 1.000000
vn 0.000000 0.000000 1.000000
vn 0.000000 0.000000 -1.000000
vn 0.000000 0.000000 -1.000000
vn 0.000000 0.000000 1.000000
vn 0.000000 0.000000 1.000000
vn -0.000000 0.000000 -1.000000
vn -0.000000 0.000000 -1.000000
vn 0.000000 0.000000 1.000000
vn 0.000000 0.000000 1.000000
vn 0.000000 0.000000 -1.000000
vn 0.000000 0.000000 -1.000000
vn -0.000000 0.000000 1.000000
vn -0.000000 0.000000 1.000000
vn -0.000000 0.000000 -1.000000
vn -0.000000 0.000000 -1.000000
vn -0.011734 0.263659 0.964545
vn -0.010377 0.262727 0.964814
vn 0.010295 -0.255266 -0.966816
vn 0.011573 -0.256693 -0.966424
vn -0.999509 0.031337 0.000000
vn -0.999422 -0.033999 0.000000
vn 0.123737 0.473692 0.871955
vn 0.107891 0.481513 0.869773
vn -0.141027 -0.478052 -0.866936
vn -0.148066 -0.473658 -0.868173
vn -0.912158 0.409838 0.000002
vn -0.827261 0.561818 0.000001
vn 0.464351 0.005123 0.885636
vn 0.496580 -0.014638 0.867868
vn 0.498280 -0.011830 0.866936
vn 0.506994 0.005512 0.861932
vn 0.000030 0.000117 -1.000000
vn -0.000005 0.000000 -1.000000
vn -0.999999 -0.001679 -0.000002
vn -0.999999 -0.001679 -0.000002
vn 1.000000 0.000000 0.000000
vn 0.900969 -0.433884 0.000000
vn 0.900969 -0.433884 0.000000
vn 1.000000 0.000000 0.000000
vn 0.900968 0.433885 0.000000
vn 0.900968 0.433885 0.000000
vn 0.623488 0.781833 0.000000
vn 0.623487 0.781833 0.000000
vn 0.222522 0.974928 0.000004
vn 0.222522 0.974928 0.000004
vn -0.222522 0.974928 0.000004
vn -0.222522 0.974928 0.000004
vn -0.623488 0.781833 0.000004
vn -0.623488 0.781833 0.000004
vn -0.900969 0.433885 0.000004
vn -0.900968 0.433885 0.000004
vn -1.000000 -0.000000 0.000000
vn -1.000000 -0.000000 0.000000
vn -0.900969 -0.433884 0.000000
vn -0.900969 -0.433884 0.000000
vn -0.623486 -0.781834 0.000000
vn -0.623486 -0.781834 0.000000
vn -0.222520 -0.974928 0.000000
vn -0.222520 -0.974928 0.000000
vn 0.222520 -0.974928 0.000000
vn 0.222520 -0.974928 0.000000
vn 0.623486 -0.781835 0.000000
vn 0.623486 -0.781835 0.000000
vn 1.000000 0.000000 0.000000
vn 0.900969 -0.433884 0.000000
vn 0.900969 -0.433884 0.000000
vn 1.000000 0.000000 0.000000
vn 0.900968 0.433885 0.000000
vn 0.900968 0.433885 0.000000
vn 0.623486 0.781835 0.000000
vn 0.623486 0.781835 0.000000
vn 0.222520 0.974928 0.000000
vn 0.222520 0.974928 0.000000
vn -0.222520 0.974928 0.000000
vn -0.222520 0.974928 0.000000
vn -0.623487 0.781834 0.000000
vn -0.623487 0.781834 0.000000
vn -0.900968 0.433885 0.000000
vn -0.900968 0.433885 0.000000
vn -1.000000 -0.000001 -0.000002
vn -1.000000 -0.000001 -0.000002
vn -0.900969 -0.433884 -0.000002
vn -0.900969 -0.433884 -0.000002
vn -0.623486 -0.781834 0.000000
vn -0.623486 -0.781834 0.000000
vn -0.222520 -0.974928 0.000000
vn -0.222520 -0.974928 0.000000
vn 0.222520 -0.974928 0.000000
vn 0.222520 -0.974928 0.000000
vn 0.623486 -0.781835 0.000000
vn 0.623486 -0.781835 0.000000
vn 1.000000 0.000001 0.000000
vn 0.900969 -0.433884 0.000000
vn 0.900969 -0.433884 0.000000
vn 1.000000 0.000001 0.000000
vn 0.900968 0.433885 0.000000
vn 0.900968 0.433885 0.000000
vn 0.623486 0.781834 0.000000
vn 0.623486 0.781834 0.000000
vn 0.222520 0.974928 0.000000
vn 0.222520 0.974928 0.000000
vn -0.222520 0.974928 0.000000
vn -0.222520 0.974928 0.000000
vn -0.623487 0.781834 0.000000
vn -0.623487 0.781834 0.000000
vn -0.900968 0.433885 0.000000
vn -0.900968 0.433885 0.000000
vn -1.000000 -0.000000 0.000000
vn -1.000000 -0.000000 0.000000
vn -0.900969 -0.433884 0.000000
vn -0.900969 -0.433884 0.000000
vn -0.623486 -0.781834 0.000000
vn -0.623486 -0.781834 0.000000
vn -0.222520 -0.974928 0.000000
vn -0.222520 -0.974928 0.000000
vn 0.222520 -0.974928 0.000000
vn 0.222520 -0.974928 0.000000
vn 0.623486 -0.781835 0.000000
vn 0.623486 -0.781835 0.000000
vn 1.000000 0.000001 0.000000
vn 0.900969 -0.433884 0.000000
vn 0.900969 -0.433884 0.000000
vn 1.000000 0.000001 0.000000
vn 0.900968 0.433885 0.000000
vn 0.900968 0.433885 0.000000
vn 0.623486 0.781835 0.000000
vn 0.623486 0.781835 0.000000
vn 0.222520 0.974928 0.000000
vn 0.222520 0.974928 0.000000
vn -0.222520 0.974928 0.000000
vn -0.222520 0.974928 0.000000
vn -0.623487 0.781834 0.000000
vn -0.623487 0.781834 0.000000
vn -0.900968 0.433885 0.000000
vn -0.900968 0.433885 0.000000
vn -1.000000 -0.000001 0.000000
vn -1.000000 -0.000001 0.000000
vn -0.900969 -0.433884 0.000000
vn -0.900969 -0.433884 0.000000
vn -0.623486 -0.781834 0.000000
vn -0.623486 -0.781834 0.000000
vn -0.222520 -0.974928 0.000000
vn -0.222520 -0.974928 0.000000
vn 0.222520 -0.974928 0.000000
vn 0.222520 -0.974928 0.000000
vn 0.623486 -0.781835 0.000000
vn 0.623486 -0.781835 0.000000
vn 1.000000 0.000003 -0.000001
vn 0.900969 -0.433884 0.000002
vn 0.900969 -0.433884 0.000002
vn 1.000000 -0.000001 -0.000001
vn 0.900968 0.433885 -0.000007
vn 0.900968 0.433885 -0.000007
vn 0.623487 0.781833 -0.000004
vn 0.623487 0.781833 -0.000004
vn 0.222522 0.974928 -0.000004
vn 0.222522 0.974928 -0.000004
vn -0.222522 0.974928 -0.000004
vn -0.222522 0.974928 -0.000004
vn -0.623488 0.781833 -0.000004
vn -0.623488 0.781833 -0.000004
vn -0.900968 0.433885 -0.000004
vn -0.900968 0.433885 -0.000004
vn -1.000000 0.000001 0.000000
vn -1.000000 -0.000002 0.000000
vn -0.900969 -0.433884 -0.000000
vn -0.900969 -0.433884 -0.000000
vn -0.623486 -0.781835 0.000008
vn -0.623486 -0.781835 0.000008
vn -0.222520 -0.974928 0.000009
vn -0.222520 -0.974928 0.000009
vn 0.222520 -0.974928 0.000000
vn 0.222520 -0.974928 0.000000
vn 0.623486 -0.781835 0.000000
vn 0.623485 -0.781835 0.000000
vn 1.000000 0.000001 -0.000004
vn 0.900969 -0.433884 -0.000002
vn 0.900969 -0.433884 -0.000002
vn 1.000000 0.000001 -0.000004
vn 0.900968 0.433886 -0.000006
vn 0.900969 0.433883 -0.000006
vn 0.623488 0.781833 -0.000004
vn 0.623488 0.781833 -0.000004
vn 0.222522 0.974928 0.000000
vn 0.222522 0.974928 0.000000
vn -0.222522 0.974928 -0.000003
vn -0.222522 0.974928 -0.000003
vn -0.623489 0.781833 -0.000003
vn -0.623489 0.781833 -0.000003
vn -0.900968 0.433885 0.000002
vn -0.900968 0.433885 0.000002
vn -1.000000 -0.000001 0.000002
vn -1.000000 -0.000001 0.000002
vn -0.900968 -0.433885 -0.000000
vn -0.900968 -0.433885 -0.000000
vn -0.623487 -0.781834 -0.000000
vn -0.623486 -0.781834 -0.000000
vn -0.222522 -0.974928 0.000005
vn -0.222522 -0.974928 0.000005
vn 0.222521 -0.974928 -0.000003
vn 0.222520 -0.974928 -0.000003
vn 0.623487 -0.781834 -0.000008
vn 0.623485 -0.781835 -0.000008
vn -0.000001 -0.000000 -1.000000
vn -0.000000 0.000000 -1.000000
vn -0.000000 0.000000 -1.000000
vn -0.000001 -0.000000 -1.000000
vn 0.000000 -0.000000 1.000000
vn 0.000000 0.000000 1.000000
vn 0.000000 0.000000 1.000000
vn 0.000000 -0.000000 1.000000
vn 0.000000 -0.000000 -1.000000
vn 0.000000 -0.000000 -1.000000
vn -0.000000 0.000000 1.000000
vn -0.000000 0.000000 1.000000
vn 0.000000 0.000000 -1.000000
vn 0.000000 0.000000 -1.000000
vn -0.000000 -0.000000 1.000000
vn -0.000000 -0.000000 1.000000
vn -0.070776 0.000034 -0.997492
vn -0.070677 0.000033 -0.997499
vn 0.000000 0.000000 1.000000
vn 0.000000 0.000000 1.000000
vn -0.215261 -0.060200 -0.974699
vn -0.216416 -0.061139 -0.974385
vn -0.000000 0.000000 1.000000
vn -0.000000 0.000000 1.000000
vn -0.270297 -0.296214 -0.916077
vn -0.270937 -0.293234 -0.916846
vn -0.000001 0.000001 1.000000
vn -0.000001 0.000001 1.000000
vn -0.000002 0.000001 1.000000
vn -0.000002 0.000001 1.000000
vn -0.000004 0.000000 1.000000
vn -0.000004 0.000000 1.000000
vn 0.028291 -0.118340 -0.992570
vn 0.043070 -0.249493 -0.967418
vn 0.040297 -0.249194 -0.967615
vn 0.030611 -0.128047 -0.991296
vn -0.000006 -0.000003 1.000000
vn -0.000006 -0.000003 1.000000
vn 0.000003 0.000004 -1.000000
vn 0.000003 0.000004 -1.000000
vn -0.000003 -0.000005 1.000000
vn -0.000003 -0.000005 1.000000
vn 0.000000 0.000002 -1.000000
vn 0.000000 0.000002 -1.000000
vn -0.000000 -0.000002 1.000000
vn -0.000000 -0.000002 1.000000
vn 0.000000 0.000000 -1.000000
vn 0.000000 0.000000 -1.000000
vn -0.000000 -0.000000 1.000000
vn -0.000000 -0.000000 1.000000
vn -0.000000 0.000000 -1.000000
vn -0.000000 0.000000 -1.000000
vn 0.000000 -0.000000 1.000000
vn 0.000000 -0.000000 1.000000
vn 0.000000 0.000000 -1.000000
vn -0.000000 0.000000 -1.000000
vn -0.000000 0.000000 -1.000000
vn 0.000000 0.000000 -1.000000
vn -0.000000 0.000000 1.000000
vn -0.000000 0.000000 1.000000
vn -0.000000 0.000000 1.000000
vn -0.000000 0.000000 1.000000
vn 0.000000 0.000000 -1.000000
vn 0.000000 0.000000 -1.000000
vn -0.000000 0.000000 1.000000
vn -0.000000 0.000000 1.000000
vn 0.000000 0.000000 -1.000000
vn 0.000000 0.000000 -1.000000
vn -0.000000 0.000000 1.000000
vn -0.000000 0.000000 1.000000
vn 0.000000 0.000000 -1.000000
vn 0.000000 0.000000 -1.000000
vn 0.000000 0.000000 1.000000
vn 0.000000 0.000000 1.000000
vn 0.000000 0.000000 -1.000000
vn 0.000000 0.000000 -1.000000
vn -0.000000 0.000000 1.000000
vn -0.000000 0.000000 1.000000
vn 0.000000 0.000000 -1.000000
vn 0.000000 0.000000 -1.000000
vn 0.000000 0.000000 1.000000
vn 0.000000 0.000000 1.000000
vn 0.000000 -0.000000 -1.000000
vn 0.000000 -0.000000 -1.000000
vn 0.000000 -0.000000 1.000000
vn 0.000000 -0.000000 1.000000
vn 0.000000 -0.000000 -1.000000
vn 0.000000 -0.000000 -1.000000
vn -0.000000 -0.000000 1.000000
vn -0.000000 -0.000000 1.000000
vn 0.000000 0.000000 -1.000000
vn 0.000000 0.000000 -1.000000
vn -0.000000 -0.000000 1.000000
vn -0.000000 -0.000000 1.000000
vn 0.000000 0.000000 -1.000000
vn 0.000000 0.000000 -1.000000
vn -0.000000 -0.000000 1.000000
vn -0.000000 -0.000000 1.000000
vn -0.000000 0.000000 -1.000000
vn -0.000000 0.000000 -1.000000
vn -0.000000 0.000000 1.000000
vn -0.000000 0.000000 1.000000
vn 0.000000 0.000000 -1.000000
vn 0.000000 0.000000 -1.000000
vn 0.000000 0.000000 1.000000
vn 0.000000 0.000000 1.000000
vn 0.000000 0.000000 -1.000000
vn 0.000000 0.000000 -1.000000
vn -0.000000 0.000000 1.000000
vn -0.000000 0.000000 1.000000
vn 0.000000 0.000000 -1.000000
vn 0.000000 0.000000 -1.000000
vn 0.000000 0.000000 -1.000000
vn 0.000000 0.000000 -1.000000
vn -0.000000 0.000000 1.000000
vn 0.000000 0.000000 1.000000
vn 0.000000 0.000000 1.000000
vn -0.000000 0.000000 1.000000
vn -0.000000 0.000000 -1.000000
vn -0.000000 0.000000 -1.000000
vn -0.000000 0.000000 1.000000
vn -0.000000 0.000000 1.000000
vn 0.000000 0.000000 -1.000000
vn 0.000000 0.000000 -1.000000
vn 0.000000 0.000000 1.000000
vn 0.000000 0.000000 1.000000
vn 0.000000 0.000000 -1.000000
vn 0.000000 0.000000 -1.000000
vn 0.000000 0.000000 1.000000
vn 0.000000 0.000000 1.000000
vn -0.000000 0.000000 -1.000000
vn -0.000000 0.000000 -1.000000
vn -0.000000 0.000000 1.000000
vn -0.000000 0.000000 1.000000
vn -0.000000 0.000000 -1.000000
vn -0.000000 0.000000 -1.000000
vn -0.000000 -0.000000 1.000000
vn -0.000000 -0.000000 1.000000
vn 0.000000 0.000000 -1.000000
vn 0.000000 0.000000 -1.000000
vn -0.000000 0.000000 1.000000
vn -0.000000 0.000000 1.000000
vn 0.000000 0.000000 -1.000000
vn 0.000000 0.000000 -1.000000
vn 0.000000 0.000000 1.000000
vn 0.000000 0.000000 1.000000
vn 0.000000 0.000000 -1.000000
vn 0.000000 0.000000 -1.000000
vn 0.000000 0.000000 1.000000
vn 0.000000 0.000000 1.000000
vn 0.000000 0.000000 -1.000000
vn 0.000000 0.000000 -1.000000
vn -0.000000 0.000000 1.000000
vn -0.000000 0.000000 1.000000
vn -0.000000 0.000000 -1.000000
vn -0.000000 0.000000 -1.000000
vn -0.000000 0.000000 1.000000
vn -0.000000 0.000000 1.000000
vn 0.000000 0.000000 -1.000000
vn 0.000000 0.000000 -1.000000
vn 0.000000 0.000000 1.000000
vn 0.000000 0.000000 1.000000
vn -0.000000 0.000000 -1.000000
vn -0.000000 0.000000 -1.000000
vn 0.000000 0.000000 1.000000
vn -0.000000 0.000000 1.000000
vn -0.000000 0.000000 -1.000000
vn -0.000000 0.000000 -1.000000
vn -0.000000 0.000000 -1.000000
vn -0.000000 0.000000 -1.000000
vn -0.000000 0.000000 1.000000
vn -0.000000 0.000000 1.000000
vn -0.000000 0.000000 1.000000
vn -0.000000 0.000000 1.000000
vn 0.000000 0.000000 -1.000000
vn 0.000000 0.000000 -1.000000
vn -0.000000 0.000000 1.000000
vn -0.000000 0.000000 1.000000
vn 0.000000 0.000000 -1.000000
vn 0.000000 0.000000 -1.000000
vn -0.000000 0.000000 1.000000
vn -0.000000 0.000000 1.000000
vn 0.000000 0.000000 -1.000000
vn 0.000000 0.000000 -1.000000
vn 0.000000 0.000000 1.000000
vn 0.000000 0.000000 1.000000
vn -0.000000 0.000000 -1.000000
vn -0.000000 0.000000 -1.000000
vn -0.000000 0.000000 1.000000
vn -0.000000 0.000000 1.000000
vn 0.000000 0.000000 -1.000000
vn 0.000000 0.000000 -1.000000
vn -0.000000 0.000000 1.000000
vn -0.000000 0.000000 1.000000
vn -0.000000 -0.000000 -1.000000
vn -0.000000 -0.000000 -1.000000
vn 0.000000 0.000000 1.000000
vn 0.000000 0.000000 1.000000
vn -0.000000 -0.000000 -1.000000
vn -0.000000 -0.000000 -1.000000
vn 0.000000 0.000000 1.000000
vn 0.000000 0.000000 1.000000
vn 0.000000 0.000000 -1.000000
vn 0.000000 0.000000 -1.000000
vn -0.000000 0.000000 1.000000
vn -0.000000 0.000000 1.000000
vn 0.000000 0.000000 -1.000000
vn 0.000000 0.000000 -1.000000
vn -0.000000 0.000000 1.000000
vn -0.000000 0.000000 1.000000
vn 0.000000 0.000000 -1.000000
vn 0.000000 0.000000 -1.000000
vn 0.000000 0.000000 1.000000
vn 0.000000 0.000000 1.000000
vn 0.000000 0.000000 -1.000000
vn 0.000000 0.000000 -1.000000
vn 0.000000 0.000000 1.000000
vn 0.000000 0.000000 1.000000
vn -0.000000 0.000000 -1.000000
vn -0.000000 0.000000 -1.000000
vn 0.000000 0.000000 1.000000
vn 0.000000 0.000000 1.000000
vn 0.000000 0.000000 -1.000000
vn 0.000000 0.000000 -1.000000
vn 0.000000 0.000000 -1.000000
vn 0.000000 0.000000 -1.000000
vn 0.000000 0.000000 1.000000
vn 0.000000 0.000000 1.000000
vn 0.000000 0.000000 1.000000
vn 0.000000 0.000000 1.000000
vn 0.000000 0.000000 -1.000000
vn 0.000000 0.000000 -1.000000
vn 0.000000 0.000000 1.000000
vn 0.000000 0.000000 1.000000
vn -0.000000 0.000000 -1.000000
vn -0.000000 0.000000 -1.000000
vn 0.000000 0.000000 1.000000
vn 0.000000 0.000000 1.000000
vn 0.000000 0.000000 -1.000000
vn 0.000000 0.000000 -1.000000
vn 0.000000 0.000000 1.000000
vn 0.000000 0.000000 1.000000
vn -0.000000 0.000000 -1.000000
vn -0.000000 0.000000 -1.000000
vn 0.000000 0.000000 1.000000
vn 0.000000 0.000000 1.000000
vn -0.000000 0.000000 -1.000000
vn -0.000000 0.000000 -1.000000
vn 0.000000 0.000000 1.000000
vn 0.000000 0.000000 1.000000
vn -0.000000 0.000000 -1.000000
vn -0.000000 0.000000 -1.000000
vn 0.000000 0.000000 1.000000
vn 0.000000 0.000000 1.000000
vn -0.000000 0.000000 -1.000000
vn -0.000000 0.000000 -1.000000
vn 0.000000 0.000000 1.000000
vn 0.000000 0.000000 1.000000
vn -0.000000 0.000000 -1.000000
vn -0.000000 0.000000 -1.000000
vn -0.000000 0.000000 1.000000
vn -0.000000 0.000000 1.000000
vn -0.000000 0.000000 -1.000000
vn -0.000000 0.000000 -1.000000
vn -0.000000 0.000000 1.000000
vn -0.000000 0.000000 1.000000
vn 0.000000 0.000000 -1.000000
vn 0.000000 0.000000 -1.000000
vn -0.000000 0.000000 1.000000
vn -0.000000 0.000000 1.000000
vn 0.000000 0.000000 -1.000000
vn 0.000000 0.000000 -1.000000
vn -0.000000 0.000000 1.000000
vn -0.000000 0.000000 1.000000
vn 0.000000 0.000000 -1.000000
vn 0.000000 0.000000 -1.000000
vn 0.000000 0.000000 1.000000
vn 0.000000 0.000000 1.000000
vn 0.000002 -0.000001 -1.000000
vn -0.000004 0.000001 -1.000000
vn -0.000004 0.000001 -1.000000
vn 0.000002 -0.000001 -1.000000
vn 0.000004 -0.000001 1.000000
vn -0.000001 0.000001 1.000000
vn -0.000001 0.000001 1.000000
vn 0.000004 -0.000001 1.000000
vn 0.000004 0.000002 -1.000000
vn 0.000004 0.000002 -1.000000
vn -0.000003 -0.000002 1.000000
vn -0.000003 -0.000002 1.000000
vn 0.000001 0.000001 -1.000000
vn 0.000001 0.000001 -1.000000
vn -0.000001 -0.000001 1.000000
vn -0.000001 -0.000001 1.000000
vn 0.000000 0.000000 -1.000000
vn 0.000000 0.000000 -1.000000
vn 0.000000 0.000000 1.000000
vn 0.000000 0.000000 1.000000
vn -0.000000 0.000000 -1.000000
vn -0.000000 0.000000 -1.000000
vn -0.000000 0.000000 1.000000
vn -0.000000 0.000000 1.000000
vn -0.000000 0.000000 -1.000000
vn 0.000000 0.000000 -1.000000
vn -0.000000 0.000000 1.000000
vn -0.000000 0.000000 1.000000
vn 0.000000 0.000000 -1.000000
vn 0.000000 0.000000 -1.000000
vn 0.000000 0.000000 1.000000
vn 0.000000 0.000000 1.000000
vn 0.000003 -0.000000 -1.000000
vn 0.000003 -0.000000 -1.000000
vn -0.000002 0.000000 1.000000
vn -0.000002 0.000000 1.000000
vn 0.000005 0.000002 -1.000000
vn 0.000005 0.000002 -1.000000
vn -0.000005 -0.000002 1.000000
vn -0.000005 -0.000002 1.000000
vn 0.000003 0.000004 -1.000000
vn 0.000003 0.000004 -1.000000
vn -0.000003 -0.000004 1.000000
vn -0.000003 -0.000004 1.000000
vn 0.000000 0.000002 -1.000000
vn 0.000000 0.000002 -1.000000
vn 0.000000 -0.000002 1.000000
vn 0.000000 -0.000002 1.000000
vn -0.000000 0.000002 -1.000000
vn -0.000000 0.000002 -1.000000
vn -0.000000 -0.000002 1.000000
vn -0.000000 -0.000002 1.000000
vn -0.000003 0.000004 -1.000000
vn -0.000003 0.000004 -1.000000
vn 0.000003 -0.000004 1.000000
vn 0.000003 -0.000004 1.000000
vn 1.000000 0.000499 0.000000
vn 1.000000 0.000499 0.000000
vn 1.000000 0.000499 0.000000
vn 1.000000 0.000499 0.000000
vn -0.740418 -0.672146 -0.000005
vn -0.740418 -0.672147 -0.000005
vn -0.611894 -0.790939 -0.000010
vn -0.611894 -0.790940 -0.000010
vn 0.848733 -0.528821 0.000000
vn 0.848733 -0.528821 0.000000
vn 0.730601 -0.682805 0.000000
vn 0.730600 -0.682805 0.000000
vn 0.000122 0.000151 -1.000000
vn 0.000307 0.000311 -1.000000
vn 0.000189 0.000184 -1.000000
vn 0.002044 0.001961 -0.999996
vn -0.971055 -0.238858 -0.000001
vn -0.971054 -0.238858 -0.000001
vn 0.000309 0.000307 1.000000
vn 0.000123 0.000149 1.000000
vn 0.002052 0.001958 0.999996
vn 0.000189 0.000178 1.000000
vn -0.000051 -0.000155 1.000000
vn -0.001018 -0.000264 1.000000
vn 0.000000 -1.000000 0.000000
vn 0.000000 -1.000000 0.000000
vn 0.000000 -1.000000 0.000000
vn 0.000000 -1.000000 0.000000
vn -0.001019 -0.000261 -0.999999
vn -0.000050 -0.000149 -1.000000
vn 0.541657 0.840600 0.000000
vn 0.541657 0.840600 0.000000
vn 0.680278 0.732954 0.000000
vn 0.680278 0.732954 0.000000
vn -0.002270 -0.000179 -0.999997
vn -0.000487 -0.001479 -0.999999
vn 0.588417 -0.808558 0.000000
vn 0.588417 -0.808558 0.000000
vn -0.000494 -0.001482 0.999999
vn -0.002266 -0.000179 0.999997
vn -0.002272 0.000419 0.999997
vn -0.000731 0.001498 0.999999
vn 1.000000 -0.000000 0.000000
vn 1.000000 -0.000000 0.000000
vn 1.000000 -0.000000 0.000000
vn 1.000000 -0.000000 0.000000
vn -0.000733 0.001497 -0.999999
vn -0.002276 0.000419 -0.999997
vn 0.000464 0.001921 -0.999998
vn 0.000165 0.004709 -0.999989
vn 0.809834 0.586659 0.000000
vn 0.809834 0.586659 0.000000
vn 0.000154 0.004709 0.999989
vn 0.000465 0.001922 0.999998
vn 0.000236 0.000882 1.000000
vn 0.021743 0.999764 0.000000
vn 0.021743 0.999764 0.000000
vn 0.021743 0.999764 0.000000
vn 0.021743 0.999764 0.000000
vn 0.000234 0.000882 -1.000000
vn -0.000057 -0.000027 -1.000000
vn -0.999130 -0.041710 -0.000002
vn -0.999130 -0.041710 -0.000002
vn -0.000055 -0.000028 1.000000
vn 0.628940 -0.302883 -0.716028
vn 0.628940 -0.302883 -0.716028
vn 0.435237 -0.545775 -0.716030
vn 0.435238 -0.545774 -0.716030
vn 0.698072 -0.000000 -0.716028
vn 0.698072 -0.000000 -0.716028
vn 0.155337 -0.680570 -0.716027
vn 0.155337 -0.680570 -0.716027
vn -0.155338 -0.680572 -0.716025
vn -0.155338 -0.680572 -0.716025
vn -0.435237 -0.545775 -0.716030
vn -0.435237 -0.545775 -0.716030
vn -0.628939 -0.302883 -0.716030
vn -0.628939 -0.302883 -0.716030
vn -0.698072 -0.000000 -0.716027
vn -0.698072 -0.000000 -0.716027
vn -0.628938 0.302882 -0.716030
vn -0.628938 0.302882 -0.716030
vn -0.435241 0.545775 -0.716027
vn -0.435240 0.545776 -0.716027
vn -0.155339 0.680573 -0.716024
vn -0.155339 0.680573 -0.716024
vn 0.155337 0.680574 -0.716024
vn 0.155337 0.680574 -0.716024
vn 0.435241 0.545777 -0.716026
vn 0.435241 0.545777 -0.716026
vn 0.628939 0.302884 -0.716029
vn 0.628939 0.302883 -0.716029
vn 0.000000 0.000000 -1.000000
vn 0.000000 0.000000 -1.000000
vn 0.000000 0.000000 -1.000000
vn 0.000000 0.000000 -1.000000
vn 0.000000 0.000000 -1.000000
vn 0.000000 0.000000 -1.000000
vn 0.000000 0.000000 -1.000000
vn 0.000000 0.000000 -1.000000
vn 0.000000 0.000000 -1.000000
vn 0.000000 0.000000 -1.000000
vn 0.000000 0.000000 -1.000000
vn 0.000000 0.000000 -1.000000
vn 0.000000 0.000000 -1.000000
vn 0.000000 0.000000 -1.000000
vn 0.000000 0.000000 -1.000000
vn 1.000000 -0.000000 0.000000
vn 0.900968 -0.433885 0.000000
vn 0.900968 -0.433885 0.000000
vn 1.000000 -0.000000 0.000000
vn 0.900969 0.433884 0.000000
vn 0.900969 0.433884 0.000000
vn 0.623490 0.781831 0.000000
vn 0.623490 0.781831 0.000000
vn 0.222521 0.974928 0.000000
vn 0.222521 0.974928 0.000000
vn -0.222521 0.974928 0.000000
vn -0.222521 0.974928 0.000000
vn -0.623490 0.781831 0.000000
vn -0.623490 0.781831 0.000000
vn -0.900969 0.433883 0.000000
vn -0.900969 0.433883 0.000000
vn -1.000000 -0.000000 -0.000000
vn -1.000000 -0.000000 -0.000000
vn -0.900968 -0.433885 -0.000000
vn -0.900968 -0.433885 -0.000000
vn -0.623487 -0.781834 0.000000
vn -0.623487 -0.781834 0.000000
vn -0.222521 -0.974928 0.000000
vn -0.222521 -0.974928 0.000000
vn 0.222521 -0.974928 -0.000000
vn 0.222521 -0.974928 -0.000000
vn 0.623487 -0.781834 -0.000000
vn 0.623487 -0.781834 -0.000000
vn -0.999886 0.008554 0.012426
vn -0.999886 0.008554 0.012426
vn -0.999018 0.043363 0.009132
vn -0.999265 0.037068 0.009729
vn -0.996997 0.077222 0.005912
vn -0.996997 0.077222 0.005912
vn -0.787935 0.615584 0.014665
vn -0.787935 0.615584 0.014665
vn -0.787935 0.615584 0.014665
vn -0.787935 0.615584 0.014665
vn -0.788161 0.615468 0.000813
vn -0.788161 0.615468 0.000813
vn -0.788161 0.615468 0.000813
vn -0.788161 0.615468 0.000813
vn -0.781832 0.623489 0.000000
vn -0.781832 0.623489 0.000000
vn -0.781832 0.623489 0.000000
vn -0.781832 0.623489 0.000000
vn -0.781832 0.623489 0.000000
vn -0.781832 0.623489 0.000000
vn -0.781832 0.623489 0.000000
vn -0.781832 0.623489 0.000000
vn -0.549510 0.616707 0.563659
vn -0.696378 0.069546 -0.714297
vn -0.891079 0.453848 0.000000
vn 0.000000 0.587543 0.809193
vn 0.000003 -0.244633 -0.969616
vn -0.990295 0.138595 -0.010327
vn -0.990295 0.138595 -0.010327
vn -0.990295 0.138595 -0.010327
vn -0.990295 0.138595 -0.010327
vn -0.989532 -0.143906 -0.010831
vn -0.989532 -0.143906 -0.010831
vn -0.989532 -0.143906 -0.010831
vn -0.989532 -0.143906 -0.010831
vn -0.988623 -0.150393 -0.002650
vn -0.988623 -0.150393 -0.002650
vn -0.988623 -0.150393 -0.002650
vn -0.988623 -0.150393 -0.002650
vn -0.989586 0.143161 -0.015007
vn -0.989586 0.143161 -0.015007
vn -0.989586 0.143161 -0.015007
vn -0.989586 0.143161 -0.015007
vn -0.990014 0.140911 -0.004137
vn -0.990014 0.140911 -0.004137
vn -0.990014 0.140911 -0.004137
vn -0.990014 0.140911 -0.004137
vn -0.969485 0.243469 -0.028668
vn -0.969485 0.243469 -0.028668
vn -0.969485 0.243469 -0.028668
vn -0.969485 0.243469 -0.028668
vn -0.097785 -0.995208 0.000000
vn -0.097785 -0.995208 0.000000
vn -0.097785 -0.995208 0.000000
vn -0.468989 -0.834349 0.289673
vn -0.468989 -0.834349 0.289673
vn -0.468989 -0.834349 0.289673
vn 0.170384 0.009465 0.985332
vn 0.170384 0.009465 0.985332
vn 0.170384 0.009465 0.985332
vn 0.170384 0.009465 0.985332
vn -0.986275 -0.127060 0.105443
vn -0.986275 -0.127060 0.105443
vn -0.986275 -0.127060 0.105443
vn -0.986275 -0.127060 0.105443
vn 0.889233 -0.428233 0.160874
vn 0.615366 -0.771650 0.160876
vn 0.615366 -0.771650 0.160876
vn 0.889233 -0.428233 0.160874
vn 0.219624 -0.962228 0.160879
vn 0.219623 -0.962228 0.160879
vn -0.219623 -0.962228 0.160883
vn -0.219623 -0.962228 0.160883
vn -0.615366 -0.771650 0.160879
vn -0.615365 -0.771650 0.160879
vn -0.889234 -0.428233 0.160874
vn -0.889234 -0.428233 0.160874
vn -0.986975 -0.000000 0.160872
vn -0.986975 -0.000000 0.160872
vn -0.889234 0.428232 0.160871
vn -0.889234 0.428232 0.160871
vn -0.615369 0.771649 0.160870
vn -0.615370 0.771648 0.160870
vn -0.219623 0.962230 0.160869
vn -0.219623 0.962230 0.160869
vn 0.219623 0.962230 0.160871
vn 0.219623 0.962230 0.160871
vn 0.615369 0.771648 0.160872
vn 0.615370 0.771648 0.160872
vn 0.889234 0.428233 0.160872
vn 0.889234 0.428233 0.160872
vn 0.986975 -0.000000 0.160872
vn 0.986975 -0.000000 0.160872
vn 0.044239 -0.055481 0.997479
vn 0.063933 -0.030789 0.997479
vn -0.000001 -0.000000 1.000000
vn 0.015790 -0.069183 0.997479
vn -0.015790 -0.069183 0.997479
vn -0.044240 -0.055481 0.997479
vn -0.063933 -0.030789 0.997479
vn -0.070966 0.000000 0.997479
vn -0.063938 0.030789 0.997479
vn -0.044244 0.055480 0.997479
vn -0.015790 0.069182 0.997479
vn 0.015784 0.069182 0.997479
vn 0.044236 0.055480 0.997479
vn 0.063935 0.030789 0.997479
vn 0.070966 0.000000 0.997479
vn 1.000000 0.000000 0.000000
vn 0.900970 -0.433882 0.000000
vn 0.900970 -0.433882 0.000000
vn 1.000000 0.000000 0.000000
vn 0.900969 0.433884 0.000000
vn 0.900969 0.433884 0.000000
vn 0.623490 0.781831 0.000000
vn 0.623490 0.781831 0.000000
vn 0.222521 0.974928 0.000000
vn 0.222521 0.974928 0.000000
vn -0.222521 0.974928 0.000000
vn -0.222521 0.974928 0.000000
vn -0.623490 0.781831 0.000000
vn -0.623490 0.781831 0.000000
vn -0.900969 0.433884 0.000000
vn -0.900969 0.433884 0.000000
vn -1.000000 -0.000000 0.000000
vn -1.000000 -0.000000 0.000000
vn -0.900969 -0.433883 0.000000
vn -0.900969 -0.433883 0.000000
vn -0.623487 -0.781834 0.000000
vn -0.623487 -0.781834 0.000000
vn -0.222517 -0.974929 0.000000
vn -0.222517 -0.974929 0.000000
vn 0.222517 -0.974929 0.000000
vn 0.222517 -0.974929 0.000000
vn 0.623488 -0.781833 0.000000
vn 0.623488 -0.781833 0.000000
vn 1.000000 0.000000 0.000000
vn 0.900969 -0.433883 0.000000
vn 0.900969 -0.433883 0.000000
vn 1.000000 0.000000 0.000000
vn 0.900969 0.433883 0.000000
vn 0.900969 0.433883 0.000000
vn 0.623493 0.781829 0.000000
vn 0.623493 0.781829 0.000000
vn 0.222521 0.974928 0.000000
vn 0.222521 0.974928 0.000000
vn -0.222521 0.974928 0.000000
vn -0.222521 0.974928 0.000000
vn -0.623493 0.781829 0.000000
vn -0.623493 0.781829 0.000000
vn -0.900969 0.433883 0.000000
vn -0.900969 0.433883 0.000000
vn -1.000000 -0.000000 0.000000
vn -1.000000 -0.000000 0.000000
vn -0.900969 -0.433883 0.000000
vn -0.900969 -0.433883 0.000000
vn -0.623489 -0.781832 0.000000
vn -0.623489 -0.781832 0.000000
vn -0.222521 -0.974928 0.000000
vn -0.222521 -0.974928 0.000000
vn 0.222521 -0.974928 0.000000
vn 0.222521 -0.974928 0.000000
vn 0.623490 -0.781832 0.000000
vn 0.623490 -0.781832 0.000000
vn 0.523254 -0.119428 -0.843767
vn 0.523254 -0.119428 -0.843767
vn 0.523254 -0.119428 -0.843767
vn 0.523254 -0.119428 -0.843767
vn 0.582208 -0.132885 0.802107
vn 0.582208 -0.132885 0.802107
vn 0.582208 -0.132885 0.802107
vn 0.582208 -0.132885 0.802107
vn 0.523251 0.119429 -0.843768
vn 0.523251 0.119429 -0.843768
vn 0.523251 0.119429 -0.843768
vn 0.523251 0.119429 -0.843768
vn 0.582207 0.132886 0.802107
vn 0.582207 0.132886 0.802107
vn 0.582207 0.132886 0.802107
vn 0.582207 0.132886 0.802107
vn 0.419623 0.334630 -0.843765
vn 0.419623 0.334630 -0.843765
vn 0.419623 0.334630 -0.843765
vn 0.419623 0.334630 -0.843765
vn 0.466899 0.372336 0.802104
vn 0.466899 0.372336 0.802105
vn 0.466899 0.372336 0.802104
vn 0.466899 0.372336 0.802105
vn 0.232876 0.483561 -0.843764
vn 0.232876 0.483561 -0.843764
vn 0.232876 0.483561 -0.843764
vn 0.232876 0.483561 -0.843764
vn 0.259101 0.538041 0.802109
vn 0.259101 0.538041 0.802109
vn 0.259101 0.538041 0.802109
vn 0.259101 0.538041 0.802109
vn 0.000000 0.536711 -0.843766
vn 0.000000 0.536711 -0.843766
vn 0.000000 0.536711 -0.843766
vn 0.000000 0.536711 -0.843766
vn 0.000000 0.597194 0.802097
vn 0.000000 0.597194 0.802097
vn 0.000000 0.597194 0.802097
vn 0.000000 0.597194 0.802097
vn -0.232874 0.483556 -0.843767
vn -0.232874 0.483556 -0.843767
vn -0.232874 0.483556 -0.843767
vn -0.232874 0.483556 -0.843767
vn -0.259108 0.538043 0.802105
vn -0.259108 0.538043 0.802105
vn -0.259108 0.538043 0.802105
vn -0.259108 0.538043 0.802105
vn -0.419623 0.334633 -0.843764
vn -0.419623 0.334633 -0.843764
vn -0.419623 0.334633 -0.843764
vn -0.419623 0.334633 -0.843764
vn -0.466894 0.372337 0.802107
vn -0.466894 0.372337 0.802107
vn -0.466894 0.372337 0.802107
vn -0.466894 0.372337 0.802107
vn -0.523254 0.119429 -0.843767
vn -0.523254 0.119429 -0.843767
vn -0.523254 0.119429 -0.843767
vn -0.523254 0.119429 -0.843767
vn -0.582212 0.132887 0.802103
vn -0.582212 0.132887 0.802103
vn -0.582212 0.132887 0.802103
vn -0.582212 0.132887 0.802103
vn -0.523251 -0.119429 -0.843768
vn -0.523251 -0.119429 -0.843768
vn -0.523251 -0.119429 -0.843768
vn -0.523251 -0.119429 -0.843768
vn -0.582206 -0.132884 0.802109
vn -0.582206 -0.132884 0.802109
vn -0.582206 -0.132884 0.802109
vn -0.582206 -0.132884 0.802109
vn -0.419614 -0.334635 -0.843768
vn -0.419614 -0.334635 -0.843768
vn -0.419614 -0.334635 -0.843768
vn -0.419614 -0.334635 -0.843768
vn -0.466896 -0.372339 0.802105
vn -0.466896 -0.372339 0.802105
vn -0.466896 -0.372339 0.802105
vn -0.466896 -0.372339 0.802105
vn -0.232875 -0.483558 -0.843766
vn -0.232875 -0.483558 -0.843766
vn -0.232875 -0.483558 -0.843766
vn -0.232875 -0.483558 -0.843766
vn -0.259112 -0.538052 0.802098
vn -0.259112 -0.538052 0.802098
vn -0.259112 -0.538052 0.802098
vn -0.259112 -0.538052 0.802098
vn 0.000000 -0.536704 -0.843771
vn 0.000000 -0.536704 -0.843771
vn 0.000000 -0.536704 -0.843771
vn 0.000000 -0.536704 -0.843771
vn 0.000000 -0.597188 0.802101
vn 0.000000 -0.597188 0.802102
vn 0.000000 -0.597188 0.802101
vn 0.000000 -0.597188 0.802102
vn 0.232877 -0.483562 -0.843763
vn 0.232877 -0.483562 -0.843763
vn 0.232877 -0.483562 -0.843763
vn 0.232877 -0.483562 -0.843763
vn 0.259108 -0.538045 0.802104
vn 0.259108 -0.538044 0.802104
vn 0.259108 -0.538045 0.802104
vn 0.259108 -0.538044 0.802104
vn 0.419617 -0.334634 -0.843767
vn 0.419617 -0.334634 -0.843767
vn 0.419617 -0.334634 -0.843767
vn 0.419617 -0.334634 -0.843767
vn 0.466894 -0.372341 0.802105
vn 0.466894 -0.372341 0.802105
vn 0.466894 -0.372341 0.802105
vn 0.466894 -0.372341 0.802105
vn -0.127249 -0.991871 -0.000000
vn -0.127249 -0.991871 -0.000000
vn -0.127249 -0.991871 -0.000000
vn -0.127249 -0.991871 -0.000000
vn 0.521094 -0.456049 0.721444
vn 0.521094 -0.456049 0.721444
vn 0.521094 -0.456049 0.721444
vn 0.521094 -0.456049 0.721444
vn -0.625853 -0.314622 0.713667
vn -0.625853 -0.314622 0.713667
vn -0.546744 0.449358 0.706505
vn -0.643432 -0.289176 0.708782
vn 0.000002 -0.707130 0.707084
vn 0.000002 -0.707130 0.707084
vn 0.000002 -0.707130 0.707084
vn 0.000002 -0.707130 0.707084
vn -0.991529 0.129886 0.000008
vn -0.991529 0.129886 0.000008
vn -0.991529 0.129886 0.000008
vn -0.991529 0.129886 0.000008
vn -0.537951 0.471528 0.698763
vn -0.537106 0.472283 0.698904
vn -0.537106 0.472283 0.698904
vn -0.000002 0.707132 0.707082
vn -0.000002 0.707132 0.707082
vn -0.000002 0.707132 0.707082
vn -0.000002 0.707132 0.707082
vn -0.641693 -0.288542 -0.710615
vn -0.546665 0.449342 -0.706576
vn -0.624073 -0.314378 -0.715332
vn -0.624073 -0.314378 -0.715332
vn -0.537928 0.471541 -0.698772
vn -0.537102 0.472279 -0.698910
vn -0.537101 0.472279 -0.698910
vn 0.000002 0.707132 -0.707082
vn 0.000002 0.707132 -0.707082
vn 0.000002 0.707132 -0.707082
vn 0.000002 0.707132 -0.707082
vn 0.521094 -0.456054 -0.721440
vn 0.521094 -0.456054 -0.721440
vn 0.521094 -0.456054 -0.721440
vn 0.521094 -0.456054 -0.721440
vn -0.000002 -0.707118 -0.707096
vn -0.000002 -0.707118 -0.707096
vn -0.000002 -0.707118 -0.707096
vn -0.000002 -0.707118 -0.707096
vn -0.523409 -0.458131 0.718442
vn -0.523409 -0.458131 0.718442
vn -0.523409 -0.458131 0.718442
vn -0.523409 -0.458131 0.718442
vn 0.120806 -0.992676 -0.000035
vn 0.120806 -0.992676 -0.000035
vn 0.120806 -0.992676 -0.000035
vn 0.120806 -0.992676 -0.000035
vn 0.624075 -0.314374 0.715332
vn 0.624075 -0.314374 0.715332
vn 0.641328 -0.289127 0.710707
vn 0.545479 0.448358 0.708116
vn 0.536747 0.470514 0.700371
vn 0.535915 0.471265 0.700503
vn 0.535915 0.471265 0.700503
vn 0.991913 0.126922 -0.000008
vn 0.991913 0.126922 -0.000008
vn 0.991913 0.126922 -0.000008
vn 0.991913 0.126922 -0.000008
vn 0.536779 0.470502 -0.700354
vn 0.545690 0.448284 -0.708000
vn 0.535929 0.471271 -0.700488
vn 0.535929 0.471271 -0.700488
vn 0.644982 -0.292051 -0.706190
vn 0.627938 -0.316969 -0.710791
vn 0.627938 -0.316969 -0.710791
vn -0.523404 -0.458127 -0.718448
vn -0.523404 -0.458127 -0.718448
vn -0.523404 -0.458127 -0.718448
vn -0.523404 -0.458127 -0.718448
vn -0.000000 0.000000 1.000000
vn -0.000000 0.000000 1.000000
vn -0.000000 0.000000 1.000000
vn -0.000000 0.000000 1.000000
vn -0.750991 0.660312 0.000000
vn -0.750991 0.660312 0.000000
vn -0.750991 0.660312 0.000000
vn -0.750991 0.660312 0.000000
vn -0.000000 0.000000 -1.000000
vn -0.000000 0.000000 -1.000000
vn -0.000000 0.000000 -1.000000
vn -0.000000 0.000000 -1.000000
vn 0.752537 -0.658550 -0.000000
vn 0.752537 -0.658550 -0.000000
vn 0.752537 -0.658550 -0.000000
vn 0.752537 -0.658550 -0.000000
vn 0.894406 -0.447256 -0.000000
vn 0.894406 -0.447256 -0.000000
vn 0.894406 -0.447256 -0.000000
vn 0.894406 -0.447256 -0.000000
vn -0.894407 -0.447255 -0.000000
vn -0.894407 -0.447255 -0.000000
vn -0.894407 -0.447255 -0.000000
vn -0.894407 -0.447255 -0.000000
vn 0.000000 0.000000 1.000000
vn 0.000000 0.000000 1.000000
vn 0.000000 0.000000 1.000000
vn 0.000000 0.000000 1.000000
vn 0.750991 0.660312 -0.000000
vn 0.750991 0.660312 -0.000000
vn 0.750991 0.660312 -0.000000
vn 0.750991 0.660312 -0.000000
vn 0.000000 0.000000 -1.000000
vn 0.000000 0.000000 -1.000000
vn 0.000000 0.000000 -1.000000
vn 0.000000 0.000000 -1.000000
vn -0.752537 -0.658550 0.000000
vn -0.752537 -0.658550 0.000000
vn -0.752537 -0.658550 0.000000
vn -0.752537 -0.658550 0.000000
vn 0.000000 1.000000 0.000000
vn 0.000000 1.000000 0.000000
vn 0.000000 1.000000 0.000000
vn 0.000000 1.000000 0.000000
vn 0.000000 -1.000000 0.000000
vn 0.000000 -1.000000 0.000000
vn 0.000000 -1.000000 0.000000
vn 0.000000 -1.000000 0.000000
vn -0.094892 -0.739604 0.666319
vn -0.094892 -0.739604 0.666319
vn -0.094892 -0.739604 0.666319
vn -0.094888 -0.739639 -0.666281
vn -0.094888 -0.739639 -0.666281
vn -0.094888 -0.739639 -0.666281
vn 0.077812 -0.748057 0.659057
vn 0.077812 -0.748057 0.659057
vn 0.077812 -0.748057 0.659057
vn 0.096509 -0.752141 -0.651898
vn 0.096509 -0.752141 -0.651898
vn 0.096509 -0.752141 -0.651898
vn 0.788826 -0.041848 -0.613190
vn 0.788826 -0.041848 -0.613190
vn 0.788826 -0.041848 -0.613190
vn 0.788826 -0.041848 -0.613190
vn 0.000000 1.000000 0.000000
vn 0.000000 1.000000 0.000000
vn 0.000000 1.000000 0.000000
vn 0.000000 1.000000 0.000000
vn -0.136624 -0.041848 0.989739
vn -0.136624 -0.041848 0.989739
vn -0.136624 -0.041848 0.989739
vn -0.136624 -0.041848 0.989739
vn 0.000000 -1.000000 0.000000
vn 0.000000 -1.000000 0.000000
vn 0.000000 -1.000000 0.000000
vn 0.000000 -1.000000 0.000000
vn -0.864101 0.066631 -0.498888
vn -0.864101 0.066631 -0.498888
vn -0.864101 0.066631 -0.498888
vn -0.864101 0.066631 -0.498888
vn 0.863698 -0.073270 0.498656
vn 0.863697 -0.073270 0.498656
vn 0.863698 -0.073270 0.498656
vn 0.863698 -0.073270 0.498656
vn 0.613188 -0.041849 0.788828
vn 0.613188 -0.041849 0.788828
vn 0.613188 -0.041849 0.788828
vn 0.613188 -0.041849 0.788828
vn 0.000000 1.000000 0.000000
vn 0.000000 1.000000 0.000000
vn 0.000000 1.000000 0.000000
vn 0.000000 1.000000 0.000000
vn -0.989739 -0.041849 -0.136624
vn -0.989739 -0.041849 -0.136624
vn -0.989739 -0.041849 -0.136624
vn -0.989739 -0.041849 -0.136624
vn 0.000000 -1.000000 -0.000003
vn 0.000000 -1.000000 -0.000003
vn 0.000000 -1.000000 -0.000003
vn 0.000000 -1.000000 -0.000003
vn 0.498888 0.066631 -0.864101
vn 0.498888 0.066631 -0.864101
vn 0.498888 0.066631 -0.864101
vn 0.498888 0.066631 -0.864101
vn -0.498656 -0.073270 0.863698
vn -0.498656 -0.073270 0.863698
vn -0.498656 -0.073270 0.863698
vn -0.498656 -0.073270 0.863698
vn 0.136623 -0.041849 0.989739
vn 0.136623 -0.041849 0.989739
vn 0.136623 -0.041849 0.989739
vn 0.136623 -0.041849 0.989739
vn 0.000000 1.000000 0.000000
vn 0.000000 1.000000 0.000000
vn 0.000000 1.000000 0.000000
vn 0.000000 1.000000 0.000000
vn -0.788828 -0.041849 -0.613188
vn -0.788828 -0.041849 -0.613188
vn -0.788828 -0.041849 -0.613188
vn -0.788828 -0.041849 -0.613188
vn 0.000000 -1.000000 0.000000
vn 0.000000 -1.000000 0.000000
vn 0.000000 -1.000000 0.000000
vn 0.000000 -1.000000 0.000000
vn 0.864101 0.066631 -0.498889
vn 0.864101 0.066631 -0.498889
vn 0.864101 0.066631 -0.498889
vn 0.864101 0.066631 -0.498889
vn -0.863698 -0.073270 0.498656
vn -0.863698 -0.073270 0.498656
vn -0.863698 -0.073270 0.498656
vn -0.863698 -0.073270 0.498656
vn -0.925452 -0.041848 -0.376548
vn -0.925452 -0.041848 -0.376548
vn -0.925452 -0.041848 -0.376548
vn -0.925452 -0.041848 -0.376548
vn 0.000000 1.000000 0.000000
vn 0.000000 1.000000 0.000000
vn 0.000000 1.000000 0.000000
vn 0.000000 1.000000 0.000000
vn 0.925452 -0.041849 -0.376548
vn 0.925452 -0.041849 -0.376548
vn 0.925452 -0.041849 -0.376548
vn 0.925452 -0.041849 -0.376548
vn 0.000000 -1.000000 0.000000
vn 0.000000 -1.000000 0.000000
vn 0.000000 -1.000000 0.000000
vn 0.000000 -1.000000 0.000000
vn 0.000000 0.066631 0.997778
vn 0.000000 0.066631 0.997778
vn 0.000000 0.066631 0.997778
vn 0.000000 0.066631 0.997778
vn 0.000000 -0.073269 -0.997312
vn 0.000000 -0.073269 -0.997312
vn 0.000000 -0.073269 -0.997312
vn 0.000000 -0.073269 -0.997312
vn 0.376549 -0.041849 -0.925451
vn 0.376549 -0.041849 -0.925451
vn 0.376549 -0.041849 -0.925451
vn 0.376549 -0.041849 -0.925451
vn 0.000000 1.000000 0.000000
vn 0.000000 1.000000 0.000000
vn 0.000000 1.000000 0.000000
vn 0.000000 1.000000 0.000000
vn 0.376550 -0.041848 0.925451
vn 0.376550 -0.041848 0.925451
vn 0.376550 -0.041848 0.925451
vn 0.376550 -0.041848 0.925451
vn 0.000000 -1.000000 0.000000
vn 0.000000 -1.000000 0.000000
vn 0.000000 -1.000000 0.000000
vn 0.000000 -1.000000 0.000000
vn -0.997778 0.066631 0.000000
vn -0.997778 0.066631 0.000000
vn -0.997778 0.066631 0.000000
vn -0.997778 0.066631 0.000000
vn 0.997312 -0.073269 0.000000
vn 0.997312 -0.073269 0.000000
vn 0.997312 -0.073269 0.000000
vn 0.997312 -0.073269 0.000000
vn -0.000657 0.104754 -0.994498
vn -0.727926 0.067395 -0.682336
vn -0.715978 0.177072 -0.675293
vn -0.001465 0.233067 -0.972460
vn -0.697380 0.364114 -0.617318
vn -0.003050 0.485213 -0.874391
vn -0.675591 0.568342 -0.469642
vn -0.004763 0.757621 -0.652677
vn -0.660424 0.706691 -0.253826
vn -0.005895 0.937241 -0.348633
vn -0.654978 0.755648 0.000000
vn -0.006288 0.999980 0.000000
vn -0.660431 0.706687 0.253821
vn -0.005892 0.937239 0.348638
vn -0.675600 0.568338 0.469634
vn -0.004759 0.757618 0.652681
vn -0.697375 0.364115 0.617323
vn -0.003048 0.485211 0.874392
vn -0.715962 0.177078 0.675309
vn -0.001465 0.233071 0.972459
vn -0.727913 0.067402 0.682349
vn -0.000659 0.104765 0.994497
vn -0.640594 -0.466351 0.610046
vn -0.565545 -0.621070 0.542615
vn 0.004731 -0.751169 0.660093
vn 0.002902 -0.462208 0.886767
vn 0.573322 -0.613896 0.542618
vn 0.646415 -0.458249 0.610046
vn 0.713682 0.186064 0.675306
vn 0.727010 0.076547 0.682347
vn 0.692745 0.372851 0.617322
vn 0.668400 0.576788 0.469634
vn 0.651487 0.714939 0.253824
vn 0.645418 0.763830 0.000000
vn 0.651475 0.714947 -0.253831
vn 0.668384 0.576798 -0.469646
vn 0.692746 0.372853 -0.617319
vn 0.713696 0.186060 -0.675293
vn 0.727021 0.076540 -0.682336
vn -0.004789 0.762529 -0.646937
vn -0.666365 0.566820 -0.484430
vn -0.666365 0.566820 -0.484430
vn -0.004789 0.762529 -0.646937
vn -0.738559 -0.073636 -0.670156
vn -0.736338 -0.099087 -0.669320
vn 0.000876 -0.139738 -0.990188
vn 0.000692 -0.110863 -0.993835
vn -0.738704 -0.234636 -0.631872
vn -0.738704 -0.234636 -0.631872
vn 0.002145 -0.342018 -0.939691
vn 0.002154 -0.342018 -0.939691
vn -0.738521 -0.436109 -0.514194
vn -0.738521 -0.436109 -0.514194
vn 0.004037 -0.642774 -0.766045
vn 0.004040 -0.642774 -0.766045
vn -0.738378 -0.585197 -0.335176
vn -0.738378 -0.585197 -0.335176
vn 0.005443 -0.866010 -0.499998
vn 0.005442 -0.866010 -0.499998
vn -0.738302 -0.664364 -0.116327
vn -0.738302 -0.664364 -0.116327
vn 0.006195 -0.984788 -0.173650
vn 0.006195 -0.984788 -0.173650
vn -0.738303 -0.664362 0.116326
vn -0.738303 -0.664362 0.116326
vn 0.006195 -0.984788 0.173650
vn 0.006195 -0.984788 0.173650
vn -0.738376 -0.585199 0.335175
vn -0.738376 -0.585199 0.335175
vn 0.005444 -0.866011 0.499995
vn 0.005448 -0.866011 0.499996
vn -0.738515 -0.436110 0.514201
vn -0.738515 -0.436111 0.514201
vn 0.004044 -0.642770 0.766048
vn 0.004043 -0.642770 0.766048
vn -0.738701 -0.234637 0.631875
vn -0.738701 -0.234637 0.631875
vn 0.002148 -0.342021 0.939690
vn 0.002146 -0.342021 0.939690
vn -0.736342 -0.099081 0.669316
vn -0.738562 -0.073633 0.670153
vn 0.000695 -0.110857 0.993836
vn 0.000880 -0.139728 0.990190
vn 0.739426 -0.064344 0.670156
vn 0.737526 -0.089817 0.669320
vn 0.741596 -0.225331 0.631872
vn 0.741596 -0.225331 0.631872
vn 0.743941 -0.426792 0.514199
vn 0.743941 -0.426792 0.514199
vn 0.745679 -0.575867 0.335172
vn 0.745679 -0.575867 0.335172
vn 0.746606 -0.655018 0.116323
vn 0.746606 -0.655018 0.116323
vn 0.746605 -0.655019 -0.116324
vn 0.746605 -0.655020 -0.116324
vn 0.745677 -0.575868 -0.335175
vn 0.745677 -0.575868 -0.335175
vn 0.743944 -0.426793 -0.514194
vn 0.743944 -0.426793 -0.514194
vn 0.741605 -0.225324 -0.631864
vn 0.741605 -0.225324 -0.631864
vn 0.737530 -0.089825 -0.669314
vn 0.739431 -0.064347 -0.670150
vn 0.659189 0.575151 -0.484428
vn 0.659190 0.575151 -0.484429
vn -0.000519 0.081559 -0.996668
vn 0.741787 0.059332 -0.668006
vn -0.742472 0.049996 -0.668008
vn -0.640598 -0.466339 -0.610051
vn 0.002901 -0.462196 -0.886773
vn -0.742468 0.049985 0.668014
vn -0.000522 0.081538 0.996670
vn 0.741783 0.059316 0.668011
vn 0.646419 -0.458239 -0.610048
vn 0.004733 -0.751160 -0.660103
vn -0.565546 -0.621062 -0.542623
vn 0.573324 -0.613888 -0.542624
vn -0.004790 0.762528 0.646938
vn -0.004789 0.762527 0.646938
vn 0.659199 0.575144 0.484424
vn 0.659199 0.575144 0.484424
vn -0.666374 0.566813 0.484426
vn -0.666374 0.566813 0.484426
vn 0.562441 0.821077 0.097430
vn 0.562441 0.821077 0.097430
vn 0.562441 0.821077 0.097430
vn 0.562441 0.821077 0.097430
vn -0.030952 0.992240 0.120426
vn -0.030952 0.992240 0.120426
vn -0.030952 0.992240 0.120426
vn -0.030952 0.992240 0.120426
vn -0.612550 0.784404 0.097433
vn -0.612550 0.784404 0.097433
vn -0.612550 0.784404 0.097433
vn -0.612550 0.784404 0.097433
vn -0.960164 0.276947 0.037212
vn -0.960164 0.276947 0.037212
vn -0.960164 0.276947 0.037212
vn -0.960164 0.276947 0.037212
vn -0.941028 -0.336275 -0.037218
vn -0.941028 -0.336275 -0.037218
vn -0.941028 -0.336275 -0.037218
vn -0.941028 -0.336275 -0.037218
vn -0.562457 -0.821066 -0.097430
vn -0.562457 -0.821066 -0.097430
vn -0.562457 -0.821066 -0.097430
vn -0.562457 -0.821066 -0.097430
vn 0.030961 -0.992239 -0.120427
vn 0.030961 -0.992239 -0.120427
vn 0.030961 -0.992239 -0.120427
vn 0.030961 -0.992239 -0.120427
vn 0.612545 -0.784408 -0.097425
vn 0.612545 -0.784408 -0.097425
vn 0.612545 -0.784408 -0.097425
vn 0.612545 -0.784408 -0.097425
vn 0.960162 -0.276953 -0.037214
vn 0.960163 -0.276953 -0.037214
vn 0.960163 -0.276953 -0.037214
vn 0.960162 -0.276953 -0.037214
vn 0.941032 0.336265 0.037209
vn 0.941032 0.336265 0.037209
vn 0.941032 0.336265 0.037209
vn 0.941032 0.336265 0.037209
vn -0.003757 0.120378 -0.992721
vn -0.003759 0.120375 -0.992721
vn -0.003756 0.120368 -0.992722
vn -0.003756 0.120377 -0.992721
vn -0.003755 0.120377 -0.992721
vn -0.003754 0.120373 -0.992722
vn -0.003748 0.120361 -0.992723
vn -0.003748 0.120355 -0.992724
vn -0.003760 0.120355 -0.992724
vn -0.003763 0.120359 -0.992723
vn -0.003758 0.120369 -0.992722
vn 0.003758 -0.120375 0.992721
vn 0.003760 -0.120378 0.992721
vn 0.003756 -0.120365 0.992723
vn 0.003757 -0.120377 0.992721
vn 0.003754 -0.120378 0.992721
vn 0.003752 -0.120359 0.992723
vn 0.003761 -0.120351 0.992724
vn 0.003763 -0.120362 0.992723
vn 0.003748 -0.120362 0.992723
vn 0.003751 -0.120353 0.992724
vn 0.003758 -0.120356 0.992724
vn 0.562392 0.823055 -0.079350
vn 0.562392 0.823055 -0.079350
vn 0.562392 0.823055 -0.079350
vn 0.562392 0.823055 -0.079350
vn -0.031039 0.994694 -0.098084
vn -0.031039 0.994694 -0.098084
vn -0.031039 0.994694 -0.098084
vn -0.031039 0.994694 -0.098084
vn -0.612613 0.786391 -0.079342
vn -0.612613 0.786391 -0.079342
vn -0.612613 0.786391 -0.079342
vn -0.612613 0.786391 -0.079342
vn -0.960185 0.277715 -0.030301
vn -0.960186 0.277715 -0.030301
vn -0.960185 0.277715 -0.030301
vn -0.960185 0.277715 -0.030301
vn -0.941003 -0.337038 0.030305
vn -0.941003 -0.337038 0.030305
vn -0.941003 -0.337038 0.030305
vn -0.941003 -0.337038 0.030305
vn -0.562396 -0.823052 0.079346
vn -0.562396 -0.823052 0.079346
vn -0.562396 -0.823052 0.079346
vn -0.562396 -0.823052 0.079346
vn 0.031037 -0.994693 0.098100
vn 0.031037 -0.994693 0.098100
vn 0.031037 -0.994693 0.098100
vn 0.031037 -0.994693 0.098100
vn 0.612615 -0.786389 0.079348
vn 0.612615 -0.786389 0.079348
vn 0.612615 -0.786389 0.079348
vn 0.612615 -0.786388 0.079348
vn 0.960185 -0.277717 0.030304
vn 0.960185 -0.277717 0.030304
vn 0.960185 -0.277717 0.030304
vn 0.960185 -0.277717 0.030304
vn 0.941002 0.337040 -0.030308
vn 0.941002 0.337040 -0.030308
vn 0.941002 0.337040 -0.030308
vn 0.941002 0.337040 -0.030308
vn 0.003058 -0.098026 -0.995179
vn 0.003055 -0.098023 -0.995179
vn 0.003059 -0.098023 -0.995179
vn 0.003060 -0.098026 -0.995179
vn 0.003062 -0.098023 -0.995179
vn 0.003064 -0.098024 -0.995179
vn 0.003061 -0.098024 -0.995179
vn 0.003058 -0.098019 -0.995180
vn 0.003059 -0.098019 -0.995180
vn 0.003056 -0.098024 -0.995179
vn 0.003053 -0.098025 -0.995179
vn -0.003055 0.098023 0.995180
vn -0.003058 0.098025 0.995179
vn -0.003058 0.098017 0.995180
vn -0.003060 0.098025 0.995179
vn -0.003062 0.098023 0.995179
vn -0.003064 0.098014 0.995180
vn -0.003065 0.098009 0.995181
vn -0.003063 0.098011 0.995181
vn -0.003054 0.098011 0.995181
vn -0.003051 0.098011 0.995181
vn -0.003053 0.098014 0.995180
vn -0.492048 -0.201179 -0.847004
vn -0.492048 -0.201179 -0.847004
vn -0.492048 -0.201179 -0.847004
vn -0.492048 -0.201179 -0.847004
vn -0.849616 -0.201247 -0.487495
vn -0.849616 -0.201247 -0.487495
vn -0.849616 -0.201247 -0.487495
vn -0.849616 -0.201247 -0.487495
vn -0.979487 -0.201492 0.002624
vn -0.979487 -0.201492 0.002624
vn -0.979487 -0.201492 0.002624
vn -0.979487 -0.201492 0.002624
vn -0.846884 -0.201853 0.491978
vn -0.846884 -0.201853 0.491978
vn -0.846884 -0.201854 0.491978
vn -0.846884 -0.201853 0.491978
vn -0.487394 -0.202231 0.849441
vn -0.487394 -0.202231 0.849441
vn -0.487394 -0.202231 0.849441
vn -0.487394 -0.202231 0.849441
vn 0.002623 -0.202530 0.979273
vn 0.002623 -0.202530 0.979272
vn 0.002623 -0.202530 0.979273
vn 0.002623 -0.202530 0.979273
vn 0.491894 -0.202666 0.846739
vn 0.491894 -0.202666 0.846739
vn 0.491894 -0.202666 0.846739
vn 0.491894 -0.202666 0.846739
vn 0.849375 -0.202595 0.487357
vn 0.849375 -0.202595 0.487357
vn 0.849375 -0.202595 0.487357
vn 0.849375 -0.202595 0.487357
vn 0.979310 -0.202349 -0.002623
vn 0.979310 -0.202349 -0.002623
vn 0.979310 -0.202349 -0.002623
vn 0.979310 -0.202349 -0.002623
vn 0.846859 -0.201988 -0.491966
vn 0.846859 -0.201988 -0.491966
vn 0.846859 -0.201988 -0.491966
vn 0.846859 -0.201988 -0.491966
vn 0.487458 -0.201605 -0.849553
vn 0.487458 -0.201605 -0.849553
vn 0.487458 -0.201605 -0.849553
vn 0.487458 -0.201605 -0.849553
vn -0.002623 -0.201308 -0.979524
vn -0.002623 -0.201308 -0.979524
vn -0.002623 -0.201308 -0.979524
vn -0.002623 -0.201308 -0.979524
vn 0.043624 -0.996222 0.075093
vn 0.043624 -0.996222 0.075093
vn 0.043624 -0.996222 0.075093
vn 0.043624 -0.996222 0.075093
vn 0.075327 -0.996222 0.043222
vn 0.075327 -0.996222 0.043222
vn 0.075327 -0.996222 0.043222
vn 0.075327 -0.996222 0.043222
vn 0.086848 -0.996222 -0.000233
vn 0.086848 -0.996222 -0.000233
vn 0.086848 -0.996222 -0.000233
vn 0.086848 -0.996222 -0.000233
vn 0.075099 -0.996221 -0.043628
vn 0.075099 -0.996221 -0.043628
vn 0.075099 -0.996221 -0.043628
vn 0.075099 -0.996221 -0.043628
vn 0.043226 -0.996221 -0.075335
vn 0.043226 -0.996221 -0.075335
vn 0.043226 -0.996221 -0.075335
vn 0.043226 -0.996221 -0.075335
vn -0.000233 -0.996221 -0.086858
vn -0.000233 -0.996221 -0.086858
vn -0.000233 -0.996221 -0.086858
vn -0.000233 -0.996221 -0.086858
vn -0.043631 -0.996221 -0.075106
vn -0.043631 -0.996221 -0.075106
vn -0.043631 -0.996221 -0.075106
vn -0.043631 -0.996221 -0.075106
vn -0.075338 -0.996221 -0.043227
vn -0.075338 -0.996221 -0.043227
vn -0.075338 -0.996221 -0.043227
vn -0.075338 -0.996221 -0.043227
vn -0.086856 -0.996221 0.000233
vn -0.086856 -0.996221 0.000233
vn -0.086856 -0.996221 0.000233
vn -0.086856 -0.996221 0.000233
vn -0.075100 -0.996221 0.043629
vn -0.075100 -0.996221 0.043629
vn -0.075100 -0.996221 0.043629
vn -0.075100 -0.996221 0.043629
vn -0.043223 -0.996222 0.075329
vn -0.043223 -0.996222 0.075329
vn -0.043223 -0.996222 0.075329
vn -0.043223 -0.996222 0.075329
vn 0.000233 -0.996222 0.086845
vn 0.000233 -0.996222 0.086845
vn 0.000233 -0.996222 0.086845
vn 0.000233 -0.996222 0.086845
vn 0.025077 0.998753 0.043166
vn 0.025077 0.998753 0.043166
vn 0.025077 0.998753 0.043166
vn 0.025077 0.998753 0.043166
vn 0.043301 0.998753 0.024845
vn 0.043301 0.998753 0.024845
vn 0.043301 0.998753 0.024845
vn 0.043301 0.998753 0.024845
vn 0.049922 0.998753 -0.000134
vn 0.049922 0.998753 -0.000134
vn 0.049922 0.998753 -0.000134
vn 0.049922 0.998753 -0.000134
vn 0.043167 0.998753 -0.025077
vn 0.043167 0.998753 -0.025077
vn 0.043167 0.998753 -0.025077
vn 0.043167 0.998753 -0.025077
vn 0.024845 0.998753 -0.043299
vn 0.024845 0.998753 -0.043299
vn 0.024845 0.998753 -0.043299
vn 0.024845 0.998753 -0.043299
vn -0.000134 0.998753 -0.049920
vn -0.000134 0.998753 -0.049920
vn -0.000134 0.998753 -0.049920
vn -0.000134 0.998753 -0.049920
vn -0.025077 0.998753 -0.043166
vn -0.025077 0.998753 -0.043166
vn -0.025077 0.998753 -0.043166
vn -0.025077 0.998753 -0.043166
vn -0.043301 0.998753 -0.024846
vn -0.043301 0.998753 -0.024846
vn -0.043301 0.998753 -0.024846
vn -0.043301 0.998753 -0.024846
vn -0.049922 0.998753 0.000134
vn -0.049922 0.998753 0.000134
vn -0.049922 0.998753 0.000134
vn -0.049922 0.998753 0.000134
vn -0.043167 0.998753 0.025079
vn -0.043167 0.998753 0.025079
vn -0.043167 0.998753 0.025079
vn -0.043167 0.998753 0.025079
vn -0.024845 0.998753 0.043299
vn -0.024845 0.998753 0.043299
vn -0.024845 0.998753 0.043299
vn -0.024845 0.998753 0.043299
vn 0.000134 0.998753 0.049920
vn 0.000134 0.998753 0.049920
vn 0.000134 0.998753 0.049920
vn 0.000134 0.998753 0.049920
vn 0.491451 0.206887 0.845975
vn 0.491451 0.206887 0.845975
vn 0.491451 0.206887 0.845975
vn 0.491451 0.206887 0.845975
vn 0.002620 0.207025 0.978332
vn 0.002620 0.207025 0.978332
vn 0.002620 0.207025 0.978332
vn 0.002620 0.207025 0.978332
vn -0.486863 0.207330 0.848516
vn -0.486863 0.207330 0.848516
vn -0.486863 0.207330 0.848516
vn -0.486863 0.207330 0.848516
vn -0.845821 0.207724 0.491363
vn -0.845821 0.207724 0.491363
vn -0.845821 0.207724 0.491363
vn -0.845821 0.207724 0.491363
vn -0.978106 0.208090 0.002620
vn -0.978106 0.208090 0.002620
vn -0.978106 0.208090 0.002620
vn -0.978106 0.208090 0.002620
vn -0.848329 0.208340 -0.486758
vn -0.848329 0.208340 -0.486758
vn -0.848329 0.208340 -0.486758
vn -0.848329 0.208340 -0.486758
vn -0.491289 0.208408 -0.845696
vn -0.491289 0.208408 -0.845696
vn -0.491289 0.208408 -0.845696
vn -0.491289 0.208408 -0.845696
vn -0.002622 0.208272 -0.978068
vn -0.002622 0.208272 -0.978068
vn -0.002622 0.208272 -0.978067
vn -0.002622 0.208272 -0.978068
vn 0.486797 0.207965 -0.848398
vn 0.486797 0.207965 -0.848398
vn 0.486797 0.207965 -0.848398
vn 0.486797 0.207965 -0.848398
vn 0.845848 0.207580 -0.491377
vn 0.845848 0.207580 -0.491377
vn 0.845848 0.207580 -0.491377
vn 0.845848 0.207580 -0.491377
vn 0.978293 0.207212 -0.002622
vn 0.978293 0.207212 -0.002622
vn 0.978293 0.207212 -0.002622
vn 0.978293 0.207212 -0.002622
vn 0.848584 0.206952 0.486904
vn 0.848584 0.206952 0.486904
vn 0.848584 0.206952 0.486904
vn 0.848584 0.206952 0.486904
vn 0.925451 -0.041849 0.376550
vn 0.925451 -0.041849 0.376550
vn 0.925451 -0.041849 0.376550
vn 0.925451 -0.041849 0.376550
vn 0.000000 1.000000 0.000000
vn 0.000000 1.000000 0.000000
vn 0.000000 1.000000 0.000000
vn 0.000000 1.000000 0.000000
vn -0.925451 -0.041849 0.376550
vn -0.925451 -0.041849 0.376549
vn -0.925451 -0.041849 0.376550
vn -0.925451 -0.041849 0.376550
vn 0.000000 -1.000000 0.000000
vn 0.000000 -1.000000 0.000000
vn 0.000000 -1.000000 0.000000
vn 0.000000 -1.000000 0.000000
vn 0.000000 0.066631 -0.997778
vn 0.000000 0.066631 -0.997778
vn 0.000000 0.066631 -0.997778
vn 0.000000 0.066631 -0.997778
vn 0.000000 -0.073270 0.997312
vn 0.000000 -0.073270 0.997312
vn 0.000000 -0.073270 0.997312
vn 0.000000 -0.073270 0.997312
vn -0.989739 -0.041849 0.136623
vn -0.989739 -0.041849 0.136623
vn -0.989739 -0.041849 0.136623
vn -0.989739 -0.041849 0.136623
vn 0.000000 1.000000 0.000000
vn 0.000000 1.000000 0.000000
vn 0.000000 1.000000 0.000000
vn 0.000000 1.000000 0.000000
vn 0.613188 -0.041849 -0.788828
vn 0.613188 -0.041849 -0.788828
vn 0.613188 -0.041849 -0.788828
vn 0.613188 -0.041849 -0.788828
vn 0.000000 -1.000000 0.000000
vn 0.000000 -1.000000 0.000000
vn 0.000000 -1.000000 0.000000
vn 0.000000 -1.000000 0.000000
vn 0.498889 0.066631 0.864101
vn 0.498889 0.066631 0.864101
vn 0.498889 0.066631 0.864101
vn 0.498889 0.066631 0.864101
vn -0.498656 -0.073270 -0.863698
vn -0.498656 -0.073270 -0.863698
vn -0.498656 -0.073270 -0.863698
vn -0.498656 -0.073270 -0.863698
vn 0.989739 -0.041849 -0.136621
vn 0.989739 -0.041849 -0.136621
vn 0.989739 -0.041849 -0.136621
vn 0.989739 -0.041849 -0.136621
vn 0.000000 1.000000 0.000004
vn 0.000000 1.000000 0.000004
vn 0.000000 1.000000 0.000004
vn 0.000000 1.000000 0.000004
vn -0.613188 -0.041849 0.788828
vn -0.613188 -0.041849 0.788828
vn -0.613188 -0.041849 0.788828
vn -0.613188 -0.041849 0.788828
vn 0.000000 -1.000000 -0.000003
vn 0.000000 -1.000000 -0.000003
vn 0.000000 -1.000000 -0.000003
vn 0.000000 -1.000000 -0.000003
vn -0.498888 0.066631 -0.864101
vn -0.498888 0.066631 -0.864101
vn -0.498888 0.066631 -0.864101
vn -0.498888 0.066631 -0.864101
vn 0.498656 -0.073270 0.863698
vn 0.498656 -0.073270 0.863698
vn 0.498656 -0.073270 0.863698
vn 0.498656 -0.073270 0.863698
vn -0.495477 -0.164478 -0.852906
vn -0.495477 -0.164478 -0.852906
vn -0.495477 -0.164478 -0.852906
vn -0.495477 -0.164478 -0.852907
vn -0.855541 -0.164534 -0.490895
vn -0.855541 -0.164534 -0.490895
vn -0.855541 -0.164534 -0.490895
vn -0.855541 -0.164534 -0.490895
vn -0.986334 -0.164739 0.002643
vn -0.986334 -0.164739 0.002643
vn -0.986334 -0.164739 0.002643
vn -0.986334 -0.164739 0.002643
vn -0.852825 -0.165038 0.495431
vn -0.852825 -0.165038 0.495431
vn -0.852825 -0.165038 0.495431
vn -0.852825 -0.165038 0.495431
vn -0.490827 -0.165351 0.855423
vn -0.490827 -0.165351 0.855423
vn -0.490827 -0.165351 0.855423
vn -0.490827 -0.165351 0.855423
vn 0.002642 -0.165598 0.986190
vn 0.002642 -0.165598 0.986190
vn 0.002642 -0.165598 0.986190
vn 0.002642 -0.165598 0.986190
vn 0.495373 -0.165708 0.852729
vn 0.495373 -0.165708 0.852729
vn 0.495373 -0.165708 0.852729
vn 0.495373 -0.165708 0.852729
vn 0.855378 -0.165655 0.490802
vn 0.855378 -0.165655 0.490802
vn 0.855378 -0.165655 0.490802
vn 0.855378 -0.165655 0.490802
vn 0.986214 -0.165452 -0.002642
vn 0.986214 -0.165452 -0.002642
vn 0.986214 -0.165452 -0.002642
vn 0.986214 -0.165452 -0.002642
vn 0.852809 -0.165151 -0.495421
vn 0.852809 -0.165151 -0.495421
vn 0.852809 -0.165151 -0.495421
vn 0.852809 -0.165151 -0.495421
vn 0.490869 -0.164834 -0.855498
vn 0.490870 -0.164834 -0.855498
vn 0.490869 -0.164834 -0.855498
vn 0.490870 -0.164834 -0.855498
vn -0.002643 -0.164589 -0.986359
vn -0.002643 -0.164589 -0.986359
vn -0.002643 -0.164589 -0.986359
vn -0.002643 -0.164589 -0.986359
vn 0.000000 -1.000000 0.000000
vn 0.000000 -1.000000 0.000000
vn 0.000000 -1.000000 0.000000
vn 0.000000 -1.000000 0.000000
vn 0.000000 -1.000000 0.000000
vn 0.000000 -1.000000 -0.000000
vn 0.000000 -1.000000 -0.000000
vn 0.000000 -1.000000 -0.000000
vn 0.000000 -1.000000 -0.000000
vn 0.000000 -1.000000 0.000000
vn 0.000000 -1.000000 0.000000
vn 0.000000 -1.000000 0.000000
vn 0.000000 -1.000000 0.000000
vn -0.006501 0.999691 -0.024000
vn -0.017628 0.999691 -0.017535
vn 0.000004 1.000000 0.000006
vn -0.024036 0.999691 -0.006374
vn -0.024009 0.999691 0.006500
vn -0.017548 0.999690 0.017638
vn -0.006379 0.999690 0.024055
vn 0.006506 0.999690 0.024025
vn 0.017648 0.999690 0.017554
vn 0.024058 0.999690 0.006376
vn 0.024017 0.999690 -0.006507
vn 0.017540 0.999691 -0.017638
vn 0.006370 0.999691 -0.024039
vn 0.906539 -0.041995 0.420027
vn 0.906539 -0.041995 0.420027
vn 0.906539 -0.041995 0.420027
vn 0.906539 -0.041995 0.420027
vn 0.000000 1.000000 -0.000685
vn 0.000000 1.000000 -0.000685
vn 0.000000 1.000000 -0.000685
vn 0.000000 1.000000 -0.000685
vn -0.906539 -0.041995 0.420029
vn -0.906539 -0.041995 0.420029
vn -0.906539 -0.041995 0.420029
vn -0.906539 -0.041995 0.420029
vn 0.000000 -0.999965 0.008410
vn 0.000000 -0.999965 0.008410
vn 0.000000 -0.999965 0.008410
vn 0.000000 -0.999965 0.008410
vn 0.000000 0.058898 -0.998264
vn 0.000000 0.058898 -0.998264
vn 0.000000 0.058898 -0.998264
vn 0.000000 0.058898 -0.998264
vn 0.000000 -0.073270 0.997312
vn 0.000000 -0.073270 0.997312
vn 0.000000 -0.073270 0.997312
vn 0.000000 -0.073270 0.997312
vn -0.136621 -0.041849 -0.989739
vn -0.136621 -0.041849 -0.989739
vn -0.136621 -0.041849 -0.989739
vn -0.136621 -0.041849 -0.989739
vn 0.000000 1.000000 0.000000
vn 0.000000 1.000000 0.000000
vn 0.000000 1.000000 0.000000
vn 0.000000 1.000000 0.000000
vn 0.788827 -0.041848 0.613189
vn 0.788827 -0.041848 0.613189
vn 0.788827 -0.041848 0.613189
vn 0.788827 -0.041848 0.613189
vn 0.000000 -1.000000 0.000000
vn 0.000000 -1.000000 0.000000
vn 0.000000 -1.000000 0.000000
vn 0.000000 -1.000000 0.000000
vn -0.864101 0.066631 0.498888
vn -0.864101 0.066631 0.498888
vn -0.864101 0.066631 0.498888
vn -0.864101 0.066631 0.498888
vn 0.863697 -0.073270 -0.498656
vn 0.863697 -0.073270 -0.498657
vn 0.863697 -0.073270 -0.498657
vn 0.863697 -0.073270 -0.498657
vn -0.788828 -0.041849 0.613187
vn -0.788828 -0.041849 0.613187
vn -0.788828 -0.041849 0.613187
vn -0.788828 -0.041849 0.613187
vn 0.000000 1.000000 0.000000
vn 0.000000 1.000000 0.000000
vn 0.000000 1.000000 0.000000
vn 0.000000 1.000000 0.000000
vn 0.136620 -0.041849 -0.989739
vn 0.136620 -0.041849 -0.989739
vn 0.136620 -0.041849 -0.989739
vn 0.136620 -0.041849 -0.989739
vn 0.000000 -1.000000 0.000000
vn 0.000000 -1.000000 0.000000
vn 0.000000 -1.000000 0.000000
vn 0.000000 -1.000000 0.000000
vn 0.864101 0.066631 0.498889
vn 0.864101 0.066631 0.498889
vn 0.864101 0.066631 0.498889
vn 0.864101 0.066631 0.498889
vn -0.863697 -0.073270 -0.498656
vn -0.863698 -0.073270 -0.498656
vn -0.863697 -0.073270 -0.498656
vn -0.863697 -0.073270 -0.498656
vn -0.492050 -0.201180 -0.847003
vn -0.492050 -0.201180 -0.847003
vn -0.492050 -0.201180 -0.847003
vn -0.492050 -0.201180 -0.847003
vn -0.849617 -0.201245 -0.487495
vn -0.849617 -0.201245 -0.487495
vn -0.849617 -0.201245 -0.487496
vn -0.849617 -0.201245 -0.487496
vn -0.979486 -0.201493 0.002624
vn -0.979486 -0.201493 0.002624
vn -0.979487 -0.201493 0.002624
vn -0.979486 -0.201493 0.002624
vn -0.846884 -0.201854 0.491978
vn -0.846884 -0.201854 0.491978
vn -0.846884 -0.201854 0.491978
vn -0.846884 -0.201854 0.491978
vn -0.487393 -0.202232 0.849441
vn -0.487393 -0.202232 0.849441
vn -0.487393 -0.202232 0.849441
vn -0.487393 -0.202232 0.849441
vn 0.002624 -0.202531 0.979272
vn 0.002624 -0.202531 0.979272
vn 0.002624 -0.202531 0.979272
vn 0.002624 -0.202531 0.979272
vn 0.491895 -0.202664 0.846739
vn 0.491895 -0.202664 0.846739
vn 0.491895 -0.202664 0.846739
vn 0.491895 -0.202664 0.846739
vn 0.849375 -0.202596 0.487357
vn 0.849375 -0.202596 0.487357
vn 0.849375 -0.202596 0.487357
vn 0.849375 -0.202596 0.487357
vn 0.979310 -0.202350 -0.002624
vn 0.979310 -0.202350 -0.002624
vn 0.979310 -0.202350 -0.002624
vn 0.979310 -0.202350 -0.002624
vn 0.846860 -0.201987 -0.491965
vn 0.846860 -0.201987 -0.491965
vn 0.846860 -0.201987 -0.491965
vn 0.846860 -0.201987 -0.491965
vn 0.487459 -0.201605 -0.849552
vn 0.487459 -0.201605 -0.849552
vn 0.487459 -0.201605 -0.849552
vn 0.487459 -0.201605 -0.849552
vn -0.002624 -0.201310 -0.979524
vn -0.002624 -0.201310 -0.979524
vn -0.002624 -0.201310 -0.979524
vn -0.002624 -0.201310 -0.979524
vn 0.043624 -0.996222 0.075092
vn 0.043624 -0.996222 0.075092
vn 0.043624 -0.996222 0.075092
vn 0.043624 -0.996222 0.075092
vn 0.075327 -0.996222 0.043221
vn 0.075327 -0.996222 0.043221
vn 0.075327 -0.996222 0.043221
vn 0.075327 -0.996222 0.043221
vn 0.086848 -0.996222 -0.000233
vn 0.086848 -0.996222 -0.000233
vn 0.086848 -0.996222 -0.000233
vn 0.086848 -0.996222 -0.000233
vn 0.075099 -0.996221 -0.043628
vn 0.075099 -0.996221 -0.043628
vn 0.075099 -0.996221 -0.043628
vn 0.075099 -0.996221 -0.043628
vn 0.043226 -0.996221 -0.075334
vn 0.043226 -0.996221 -0.075334
vn 0.043226 -0.996221 -0.075334
vn 0.043226 -0.996221 -0.075334
vn -0.000233 -0.996221 -0.086857
vn -0.000233 -0.996221 -0.086857
vn -0.000233 -0.996221 -0.086857
vn -0.000233 -0.996221 -0.086857
vn -0.043631 -0.996221 -0.075104
vn -0.043631 -0.996221 -0.075104
vn -0.043631 -0.996221 -0.075104
vn -0.043631 -0.996221 -0.075104
vn -0.075338 -0.996221 -0.043228
vn -0.075338 -0.996221 -0.043228
vn -0.075338 -0.996221 -0.043228
vn -0.075338 -0.996221 -0.043228
vn -0.086856 -0.996221 0.000233
vn -0.086856 -0.996221 0.000233
vn -0.086856 -0.996221 0.000233
vn -0.086856 -0.996221 0.000233
vn -0.075100 -0.996221 0.043629
vn -0.075100 -0.996221 0.043629
vn -0.075100 -0.996221 0.043629
vn -0.075100 -0.996221 0.043629
vn -0.043223 -0.996222 0.075329
vn -0.043223 -0.996222 0.075329
vn -0.043223 -0.996222 0.075329
vn -0.043223 -0.996222 0.075329
vn 0.000233 -0.996222 0.086845
vn 0.000233 -0.996222 0.086845
vn 0.000233 -0.996222 0.086845
vn 0.000233 -0.996222 0.086845
vn 0.025077 0.998753 0.043168
vn 0.025077 0.998753 0.043168
vn 0.025077 0.998753 0.043168
vn 0.025077 0.998753 0.043168
vn 0.043301 0.998753 0.024847
vn 0.043301 0.998753 0.024847
vn 0.043301 0.998753 0.024847
vn 0.043301 0.998753 0.024847
vn 0.049923 0.998753 -0.000134
vn 0.049923 0.998753 -0.000134
vn 0.049923 0.998753 -0.000134
vn 0.049923 0.998753 -0.000134
vn 0.043168 0.998753 -0.025076
vn 0.043168 0.998753 -0.025076
vn 0.043168 0.998753 -0.025076
vn 0.043168 0.998753 -0.025076
vn 0.024846 0.998753 -0.043302
vn 0.024846 0.998753 -0.043302
vn 0.024846 0.998753 -0.043302
vn 0.024846 0.998753 -0.043302
vn -0.000134 0.998753 -0.049921
vn -0.000134 0.998753 -0.049921
vn -0.000134 0.998753 -0.049921
vn -0.000134 0.998753 -0.049921
vn -0.025077 0.998753 -0.043169
vn -0.025077 0.998753 -0.043169
vn -0.025077 0.998753 -0.043169
vn -0.025077 0.998753 -0.043169
vn -0.043301 0.998753 -0.024845
vn -0.043301 0.998753 -0.024845
vn -0.043301 0.998753 -0.024845
vn -0.043301 0.998753 -0.024845
vn -0.049923 0.998753 0.000134
vn -0.049923 0.998753 0.000134
vn -0.049923 0.998753 0.000134
vn -0.049923 0.998753 0.000134
vn -0.043168 0.998753 0.025076
vn -0.043168 0.998753 0.025076
vn -0.043168 0.998753 0.025076
vn -0.043168 0.998753 0.025076
vn -0.024846 0.998753 0.043300
vn -0.024846 0.998753 0.043300
vn -0.024846 0.998753 0.043300
vn -0.024846 0.998753 0.043300
vn 0.000134 0.998753 0.049921
vn 0.000134 0.998753 0.049921
vn 0.000134 0.998753 0.049921
vn 0.000134 0.998753 0.049921
vn 0.491452 0.206886 0.845975
vn 0.491452 0.206886 0.845975
vn 0.491452 0.206886 0.845975
vn 0.491452 0.206886 0.845975
vn 0.002620 0.207019 0.978334
vn 0.002620 0.207018 0.978334
vn 0.002620 0.207018 0.978334
vn 0.002620 0.207018 0.978334
vn -0.486864 0.207321 0.848517
vn -0.486864 0.207321 0.848517
vn -0.486864 0.207321 0.848517
vn -0.486864 0.207321 0.848517
vn -0.845822 0.207721 0.491362
vn -0.845822 0.207721 0.491362
vn -0.845822 0.207721 0.491362
vn -0.845822 0.207721 0.491362
vn -0.978106 0.208090 0.002620
vn -0.978106 0.208090 0.002620
vn -0.978106 0.208090 0.002620
vn -0.978106 0.208090 0.002620
vn -0.848328 0.208341 -0.486758
vn -0.848328 0.208341 -0.486758
vn -0.848328 0.208341 -0.486758
vn -0.848328 0.208341 -0.486758
vn -0.491290 0.208408 -0.845695
vn -0.491290 0.208409 -0.845695
vn -0.491290 0.208409 -0.845695
vn -0.491290 0.208408 -0.845695
vn -0.002621 0.208271 -0.978068
vn -0.002621 0.208271 -0.978068
vn -0.002621 0.208271 -0.978068
vn -0.002621 0.208271 -0.978068
vn 0.486795 0.207966 -0.848399
vn 0.486795 0.207966 -0.848399
vn 0.486795 0.207966 -0.848399
vn 0.486795 0.207966 -0.848399
vn 0.845849 0.207576 -0.491377
vn 0.845849 0.207576 -0.491377
vn 0.845849 0.207576 -0.491377
vn 0.845849 0.207576 -0.491377
vn 0.978293 0.207209 -0.002621
vn 0.978293 0.207209 -0.002621
vn 0.978293 0.207209 -0.002621
vn 0.978293 0.207209 -0.002621
vn 0.848584 0.206953 0.486904
vn 0.848584 0.206953 0.486904
vn 0.848584 0.206953 0.486904
vn 0.848584 0.206953 0.486904
vn -0.376552 -0.041849 0.925450
vn -0.376552 -0.041849 0.925450
vn -0.376552 -0.041849 0.925450
vn -0.376552 -0.041849 0.925450
vn 0.000000 1.000000 0.000000
vn 0.000000 1.000000 0.000000
vn 0.000000 1.000000 0.000000
vn 0.000000 1.000000 0.000000
vn -0.376551 -0.041849 -0.925450
vn -0.376551 -0.041849 -0.925450
vn -0.376551 -0.041849 -0.925450
vn -0.376551 -0.041849 -0.925450
vn 0.000000 -1.000000 0.000000
vn 0.000000 -1.000000 0.000000
vn 0.000000 -1.000000 0.000000
vn 0.000000 -1.000000 0.000000
vn 0.997778 0.066631 0.000000
vn 0.997778 0.066631 0.000000
vn 0.997778 0.066631 0.000000
vn 0.997778 0.066631 0.000000
vn -0.997312 -0.073270 0.000000
vn -0.997312 -0.073270 0.000000
vn -0.997312 -0.073270 0.000000
vn -0.997312 -0.073270 0.000000
vn -0.613188 -0.041848 -0.788828
vn -0.613188 -0.041848 -0.788828
vn -0.613188 -0.041848 -0.788828
vn -0.613188 -0.041848 -0.788828
vn 0.000000 1.000000 -0.000004
vn 0.000000 1.000000 -0.000004
vn 0.000000 1.000000 -0.000004
vn 0.000000 1.000000 -0.000004
vn 0.989739 -0.041849 0.136620
vn 0.989739 -0.041849 0.136620
vn 0.989739 -0.041849 0.136620
vn 0.989739 -0.041849 0.136620
vn 0.000000 -1.000000 0.000003
vn 0.000000 -1.000000 0.000003
vn 0.000000 -1.000000 0.000003
vn 0.000000 -1.000000 0.000003
vn -0.498889 0.066631 0.864101
vn -0.498889 0.066631 0.864101
vn -0.498889 0.066631 0.864101
vn -0.498889 0.066631 0.864101
vn 0.498656 -0.073270 -0.863698
vn 0.498656 -0.073270 -0.863698
vn 0.498656 -0.073270 -0.863698
vn 0.498656 -0.073270 -0.863698
vn 0.000000 0.000000 1.000000
vn 0.000000 0.000000 1.000000
vn 0.000000 0.000000 1.000000
vn 0.000000 0.000000 1.000000
vn 0.000000 1.000000 0.000000
vn 0.000000 1.000000 0.000000
vn 0.000000 1.000000 0.000000
vn 0.000000 1.000000 0.000000
vn 0.000000 0.000000 -1.000000
vn 0.000000 0.000000 -1.000000
vn 0.000000 0.000000 -1.000000
vn 0.000000 0.000000 -1.000000
vn 0.000000 -1.000000 0.000000
vn 0.000000 -1.000000 0.000000
vn 0.000000 -1.000000 0.000000
vn 0.000000 -1.000000 0.000000
vn 0.000000 -0.528477 0.848948
vn 0.000000 -0.528477 0.848948
vn 0.000000 -0.528477 0.848948
vn 0.000000 -0.528477 0.848948
vn 0.000000 0.528462 0.848957
vn 0.000000 0.528462 0.848957
vn 0.000000 0.528462 0.848957
vn 0.000000 0.528462 0.848957
vn 0.000000 0.528462 -0.848957
vn 0.000000 0.528462 -0.848957
vn 0.000000 0.528462 -0.848957
vn 0.000000 0.528462 -0.848957
vn 0.000000 -0.528477 -0.848948
vn 0.000000 -0.528477 -0.848948
vn 0.000000 -0.528477 -0.848948
vn 0.000000 -0.528477 -0.848948
vn -0.001096 0.999999 0.000322
vn -0.000961 0.999999 0.000618
vn -0.000000 1.000000 0.000000
vn -0.000748 0.999999 0.000863
vn -0.000475 0.999999 0.001039
vn -0.000163 0.999999 0.001131
vn 0.000163 0.999999 0.001131
vn 0.000475 0.999999 0.001039
vn 0.000748 0.999999 0.000863
vn 0.000961 0.999999 0.000618
vn 0.001096 0.999999 0.000322
vn 0.001142 0.999999 0.000000
vn 0.001096 0.999999 -0.000322
vn 0.000961 0.999999 -0.000618
vn 0.000748 0.999999 -0.000863
vn 0.000475 0.999999 -0.001039
vn 0.000163 0.999999 -0.001131
vn -0.000163 0.999999 -0.001131
vn -0.000475 0.999999 -0.001039
vn -0.000748 0.999999 -0.000863
vn -0.000961 0.999999 -0.000618
vn -0.001096 0.999999 -0.000322
vn -0.001142 0.999999 0.000000
vn -0.017213 0.999839 0.005054
vn -0.015092 0.999839 0.009699
vn 0.000001 1.000000 0.000000
vn 0.000001 1.000000 0.000000
vn -0.011748 0.999839 0.013558
vn 0.000001 1.000000 0.000000
vn 0.000001 1.000000 0.000000
vn -0.007452 0.999839 0.016318
vn 0.000001 1.000000 -0.000001
vn 0.000001 1.000000 -0.000001
vn -0.002553 0.999839 0.017757
vn 0.000000 1.000000 -0.000002
vn 0.000000 1.000000 -0.000002
vn 0.002553 0.999839 0.017757
vn 0.000000 1.000000 -0.000002
vn 0.000000 1.000000 -0.000002
vn 0.007452 0.999839 0.016318
vn -0.000000 1.000000 -0.000000
vn -0.000000 1.000000 -0.000000
vn 0.011748 0.999839 0.013558
vn -0.000001 1.000000 -0.000002
vn -0.000001 1.000000 -0.000002
vn 0.015092 0.999839 0.009699
vn -0.000001 1.000000 -0.000001
vn -0.000001 1.000000 -0.000001
vn 0.017213 0.999839 0.005054
vn -0.000001 1.000000 -0.000001
vn -0.000001 1.000000 -0.000001
vn 0.017940 0.999839 0.000000
vn -0.000001 1.000000 0.000000
vn -0.000001 1.000000 0.000000
vn 0.017213 0.999839 -0.005054
vn -0.000001 1.000000 0.000000
vn -0.000001 1.000000 0.000000
vn 0.015092 0.999839 -0.009699
vn -0.000001 1.000000 0.000000
vn -0.000001 1.000000 0.000000
vn 0.011748 0.999839 -0.013558
vn -0.000001 1.000000 0.000001
vn -0.000001 1.000000 0.000001
vn 0.007453 0.999839 -0.016319
vn -0.000001 1.000000 0.000002
vn -0.000001 1.000000 0.000002
vn 0.002553 0.999839 -0.017758
vn -0.000000 1.000000 -0.000001
vn -0.000000 1.000000 -0.000001
vn -0.002553 0.999839 -0.017757
vn 0.000000 1.000000 0.000002
vn 0.000000 1.000000 0.000002
vn -0.007453 0.999839 -0.016319
vn 0.000000 1.000000 0.000001
vn 0.000000 1.000000 0.000001
vn -0.011748 0.999839 -0.013558
vn 0.000001 1.000000 0.000001
vn 0.000001 1.000000 0.000001
vn -0.015092 0.999839 -0.009699
vn 0.000001 1.000000 -0.000000
vn 0.000001 1.000000 -0.000000
vn -0.017213 0.999839 -0.005054
vn 0.000001 1.000000 0.000001
vn 0.000001 1.000000 0.000001
vn -0.017940 0.999839 -0.000000
vn 0.000001 1.000000 0.000000
vn 0.000001 1.000000 0.000000
vn 0.000001 1.000000 -0.000000
vn 0.000001 1.000000 -0.000000
vn -0.743020 -0.182771 0.643829
vn -0.743020 -0.182771 0.643829
vn -0.743020 -0.182771 0.643829
vn -0.743020 -0.182771 0.643829
vn -0.531534 -0.182769 0.827083
vn -0.531534 -0.182769 0.827083
vn -0.531534 -0.182769 0.827083
vn -0.531534 -0.182769 0.827083
vn -0.276987 -0.182767 0.943332
vn -0.276987 -0.182767 0.943332
vn -0.276987 -0.182767 0.943332
vn -0.276987 -0.182767 0.943332
vn 0.000000 -0.182770 0.983156
vn 0.000000 -0.182770 0.983156
vn 0.000000 -0.182770 0.983156
vn 0.000000 -0.182770 0.983156
vn 0.276983 -0.182778 0.943331
vn 0.276983 -0.182778 0.943331
vn 0.276983 -0.182778 0.943331
vn 0.276983 -0.182778 0.943331
vn 0.531535 -0.182778 0.827081
vn 0.531535 -0.182778 0.827081
vn 0.531535 -0.182778 0.827081
vn 0.531535 -0.182778 0.827081
vn 0.743017 -0.182763 0.643835
vn 0.743017 -0.182763 0.643835
vn 0.743017 -0.182763 0.643835
vn 0.743017 -0.182763 0.643835
vn 0.894312 -0.182760 0.408418
vn 0.894312 -0.182760 0.408418
vn 0.894312 -0.182760 0.408418
vn 0.894312 -0.182760 0.408418
vn 0.973150 -0.182762 0.139918
vn 0.973150 -0.182762 0.139918
vn 0.973150 -0.182762 0.139918
vn 0.973150 -0.182762 0.139918
vn 0.973149 -0.182765 -0.139919
vn 0.973149 -0.182765 -0.139919
vn 0.973149 -0.182765 -0.139919
vn 0.973149 -0.182765 -0.139919
vn 0.894312 -0.182765 -0.408415
vn 0.894312 -0.182765 -0.408415
vn 0.894312 -0.182765 -0.408415
vn 0.894312 -0.182765 -0.408415
vn 0.743020 -0.182754 -0.643834
vn 0.743020 -0.182754 -0.643834
vn 0.743020 -0.182754 -0.643834
vn 0.743020 -0.182754 -0.643834
vn 0.531538 -0.182749 -0.827085
vn 0.531538 -0.182749 -0.827085
vn 0.531538 -0.182749 -0.827085
vn 0.531538 -0.182748 -0.827085
vn 0.276984 -0.182756 -0.943334
vn 0.276984 -0.182756 -0.943334
vn 0.276984 -0.182756 -0.943334
vn 0.276984 -0.182756 -0.943334
vn 0.000000 -0.182756 -0.983158
vn 0.000000 -0.182756 -0.983158
vn 0.000000 -0.182756 -0.983158
vn 0.000000 -0.182756 -0.983158
vn -0.276984 -0.182756 -0.943334
vn -0.276984 -0.182756 -0.943335
vn -0.276984 -0.182756 -0.943334
vn -0.276984 -0.182756 -0.943334
vn -0.531538 -0.182748 -0.827086
vn -0.531538 -0.182748 -0.827086
vn -0.531538 -0.182748 -0.827086
vn -0.531538 -0.182748 -0.827086
vn -0.743020 -0.182753 -0.643834
vn -0.743020 -0.182753 -0.643834
vn -0.743020 -0.182753 -0.643834
vn -0.743020 -0.182753 -0.643834
vn -0.894312 -0.182764 -0.408416
vn -0.894312 -0.182764 -0.408416
vn -0.894312 -0.182764 -0.408416
vn -0.894312 -0.182764 -0.408416
vn -0.973150 -0.182764 -0.139919
vn -0.973150 -0.182764 -0.139919
vn -0.973150 -0.182764 -0.139919
vn -0.973150 -0.182764 -0.139919
vn -0.973150 -0.182765 0.139916
vn -0.973150 -0.182765 0.139916
vn -0.973150 -0.182765 0.139916
vn -0.973150 -0.182765 0.139916
vn -0.894310 -0.182768 0.408418
vn -0.894310 -0.182768 0.408418
vn -0.894310 -0.182768 0.408418
vn -0.894310 -0.182768 0.408418
vn -0.900365 -0.142378 0.411182
vn -0.900365 -0.142378 0.411182
vn -0.900365 -0.142378 0.411182
vn -0.900365 -0.142378 0.411182
vn -0.979738 -0.142378 0.140864
vn -0.979738 -0.142378 0.140864
vn -0.979738 -0.142378 0.140864
vn -0.979738 -0.142378 0.140864
vn -0.979737 -0.142378 -0.140866
vn -0.979737 -0.142378 -0.140866
vn -0.979737 -0.142378 -0.140866
vn -0.979737 -0.142378 -0.140866
vn -0.900366 -0.142378 -0.411182
vn -0.900366 -0.142378 -0.411182
vn -0.900366 -0.142378 -0.411182
vn -0.900366 -0.142378 -0.411182
vn -0.748049 -0.142379 -0.648190
vn -0.748049 -0.142379 -0.648190
vn -0.748049 -0.142379 -0.648190
vn -0.748049 -0.142379 -0.648190
vn -0.535133 -0.142379 -0.832683
vn -0.535133 -0.142379 -0.832683
vn -0.535133 -0.142379 -0.832683
vn -0.535133 -0.142379 -0.832683
vn -0.278862 -0.142379 -0.949718
vn -0.278862 -0.142379 -0.949718
vn -0.278862 -0.142379 -0.949718
vn -0.278862 -0.142379 -0.949718
vn 0.000000 -0.142380 -0.989812
vn 0.000000 -0.142380 -0.989812
vn 0.000000 -0.142380 -0.989812
vn 0.000000 -0.142380 -0.989812
vn 0.278861 -0.142379 -0.949718
vn 0.278861 -0.142379 -0.949718
vn 0.278861 -0.142379 -0.949718
vn 0.278861 -0.142379 -0.949718
vn 0.535133 -0.142379 -0.832683
vn 0.535133 -0.142379 -0.832683
vn 0.535133 -0.142379 -0.832683
vn 0.535133 -0.142379 -0.832683
vn 0.748051 -0.142378 -0.648189
vn 0.748051 -0.142378 -0.648189
vn 0.748051 -0.142378 -0.648189
vn 0.748051 -0.142378 -0.648189
vn 0.900366 -0.142378 -0.411181
vn 0.900366 -0.142378 -0.411181
vn 0.900366 -0.142378 -0.411181
vn 0.900366 -0.142378 -0.411181
vn 0.979737 -0.142378 -0.140866
vn 0.979737 -0.142378 -0.140866
vn 0.979737 -0.142378 -0.140866
vn 0.979737 -0.142378 -0.140866
vn 0.979738 -0.142378 0.140865
vn 0.979738 -0.142378 0.140865
vn 0.979738 -0.142378 0.140865
vn 0.979737 -0.142378 0.140865
vn 0.900365 -0.142379 0.411183
vn 0.900365 -0.142379 0.411183
vn 0.900365 -0.142379 0.411183
vn 0.900365 -0.142379 0.411183
vn 0.748049 -0.142379 0.648191
vn 0.748049 -0.142379 0.648191
vn 0.748049 -0.142379 0.648191
vn 0.748049 -0.142379 0.648191
vn 0.535133 -0.142378 0.832683
vn 0.535133 -0.142378 0.832683
vn 0.535133 -0.142378 0.832683
vn 0.535133 -0.142378 0.832683
vn 0.278861 -0.142378 0.949718
vn 0.278861 -0.142378 0.949718
vn 0.278861 -0.142378 0.949718
vn 0.278861 -0.142378 0.949718
vn 0.000000 -0.142378 0.989812
vn 0.000000 -0.142378 0.989812
vn 0.000000 -0.142378 0.989812
vn 0.000000 -0.142378 0.989812
vn -0.278863 -0.142378 0.949718
vn -0.278863 -0.142379 0.949718
vn -0.278863 -0.142379 0.949718
vn -0.278863 -0.142379 0.949718
vn -0.535132 -0.142378 0.832684
vn -0.535132 -0.142378 0.832684
vn -0.535132 -0.142378 0.832684
vn -0.535132 -0.142378 0.832684
vn -0.748051 -0.142378 0.648189
vn -0.748051 -0.142378 0.648189
vn -0.748051 -0.142378 0.648189
vn -0.748051 -0.142378 0.648189
vn -0.026073 0.999405 0.022593
vn -0.026073 0.999405 0.022593
vn -0.026073 0.999405 0.022593
vn -0.026073 0.999405 0.022593
vn -0.025741 -0.999420 0.022305
vn -0.025741 -0.999420 0.022305
vn -0.025741 -0.999420 0.022305
vn -0.025741 -0.999420 0.022305
vn -0.018652 0.999405 0.029024
vn -0.018652 0.999405 0.029024
vn -0.018652 0.999405 0.029024
vn -0.018652 0.999405 0.029024
vn -0.018415 -0.999420 0.028655
vn -0.018415 -0.999420 0.028655
vn -0.018415 -0.999420 0.028655
vn -0.018415 -0.999420 0.028655
vn -0.009720 0.999405 0.033102
vn -0.009720 0.999405 0.033102
vn -0.009720 0.999405 0.033102
vn -0.009720 0.999405 0.033102
vn -0.009596 -0.999420 0.032679
vn -0.009596 -0.999420 0.032679
vn -0.009596 -0.999420 0.032679
vn -0.009596 -0.999420 0.032679
vn 0.000000 0.999405 0.034499
vn 0.000000 0.999405 0.034499
vn 0.000000 0.999405 0.034499
vn 0.000000 0.999405 0.034499
vn 0.000000 -0.999420 0.034060
vn 0.000000 -0.999420 0.034060
vn 0.000000 -0.999420 0.034060
vn 0.000000 -0.999420 0.034060
vn 0.009720 0.999405 0.033102
vn 0.009720 0.999405 0.033102
vn 0.009720 0.999405 0.033102
vn 0.009720 0.999405 0.033102
vn 0.009596 -0.999420 0.032681
vn 0.009596 -0.999420 0.032681
vn 0.009596 -0.999420 0.032681
vn 0.009596 -0.999420 0.032681
vn 0.018652 0.999405 0.029024
vn 0.018652 0.999405 0.029024
vn 0.018652 0.999405 0.029024
vn 0.018652 0.999405 0.029024
vn 0.018415 -0.999420 0.028654
vn 0.018415 -0.999420 0.028654
vn 0.018415 -0.999420 0.028654
vn 0.018415 -0.999420 0.028654
vn 0.026073 0.999405 0.022592
vn 0.026073 0.999405 0.022592
vn 0.026073 0.999405 0.022592
vn 0.026073 0.999405 0.022592
vn 0.025742 -0.999420 0.022303
vn 0.025742 -0.999420 0.022303
vn 0.025742 -0.999420 0.022303
vn 0.025742 -0.999420 0.022303
vn 0.031382 0.999405 0.014332
vn 0.031382 0.999405 0.014332
vn 0.031382 0.999405 0.014332
vn 0.031382 0.999405 0.014332
vn 0.030983 -0.999420 0.014149
vn 0.030983 -0.999420 0.014149
vn 0.030983 -0.999420 0.014149
vn 0.030983 -0.999420 0.014149
vn 0.034148 0.999405 0.004910
vn 0.034148 0.999405 0.004910
vn 0.034148 0.999405 0.004910
vn 0.034148 0.999405 0.004910
vn 0.033714 -0.999420 0.004847
vn 0.033714 -0.999420 0.004847
vn 0.033714 -0.999420 0.004847
vn 0.033714 -0.999420 0.004847
vn 0.034148 0.999405 -0.004909
vn 0.034148 0.999405 -0.004909
vn 0.034148 0.999405 -0.004909
vn 0.034148 0.999405 -0.004909
vn 0.033714 -0.999420 -0.004847
vn 0.033714 -0.999420 -0.004847
vn 0.033714 -0.999420 -0.004847
vn 0.033714 -0.999420 -0.004847
vn 0.031382 0.999405 -0.014331
vn 0.031382 0.999405 -0.014331
vn 0.031382 0.999405 -0.014331
vn 0.031382 0.999405 -0.014331
vn 0.030983 -0.999420 -0.014148
vn 0.030983 -0.999420 -0.014148
vn 0.030983 -0.999420 -0.014148
vn 0.030983 -0.999420 -0.014148
vn 0.026073 0.999405 -0.022591
vn 0.026073 0.999405 -0.022591
vn 0.026073 0.999405 -0.022591
vn 0.026073 0.999405 -0.022591
vn 0.025741 -0.999420 -0.022306
vn 0.025741 -0.999420 -0.022306
vn 0.025741 -0.999420 -0.022306
vn 0.025741 -0.999420 -0.022306
vn 0.018652 0.999405 -0.029025
vn 0.018652 0.999405 -0.029025
vn 0.018652 0.999405 -0.029025
vn 0.018652 0.999405 -0.029025
vn 0.018414 -0.999420 -0.028652
vn 0.018414 -0.999420 -0.028652
vn 0.018414 -0.999420 -0.028652
vn 0.018414 -0.999420 -0.028652
vn 0.009719 0.999405 -0.033100
vn 0.009719 0.999405 -0.033100
vn 0.009719 0.999405 -0.033100
vn 0.009719 0.999405 -0.033100
vn 0.009596 -0.999420 -0.032681
vn 0.009596 -0.999420 -0.032681
vn 0.009596 -0.999420 -0.032681
vn 0.009596 -0.999420 -0.032681
vn 0.000000 0.999405 -0.034498
vn 0.000000 0.999405 -0.034498
vn 0.000000 0.999405 -0.034498
vn 0.000000 0.999405 -0.034498
vn 0.000000 -0.999420 -0.034061
vn 0.000000 -0.999420 -0.034061
vn 0.000000 -0.999420 -0.034061
vn 0.000000 -0.999420 -0.034061
vn -0.009719 0.999405 -0.033101
vn -0.009719 0.999405 -0.033101
vn -0.009719 0.999405 -0.033101
vn -0.009719 0.999405 -0.033101
vn -0.009596 -0.999420 -0.032678
vn -0.009596 -0.999420 -0.032678
vn -0.009596 -0.999420 -0.032678
vn -0.009596 -0.999420 -0.032678
vn -0.018652 0.999405 -0.029023
vn -0.018652 0.999405 -0.029023
vn -0.018652 0.999405 -0.029023
vn -0.018652 0.999405 -0.029023
vn -0.018414 -0.999420 -0.028655
vn -0.018414 -0.999420 -0.028655
vn -0.018414 -0.999420 -0.028655
vn -0.018414 -0.999420 -0.028655
vn -0.026073 0.999405 -0.022592
vn -0.026073 0.999405 -0.022592
vn -0.026073 0.999405 -0.022592
vn -0.026073 0.999405 -0.022592
vn -0.025741 -0.999420 -0.022304
vn -0.025741 -0.999420 -0.022304
vn -0.025741 -0.999420 -0.022304
vn -0.025741 -0.999420 -0.022304
vn -0.031382 0.999405 -0.014332
vn -0.031382 0.999405 -0.014332
vn -0.031382 0.999405 -0.014332
vn -0.031382 0.999405 -0.014332
vn -0.030982 -0.999420 -0.014149
vn -0.030982 -0.999420 -0.014149
vn -0.030982 -0.999420 -0.014149
vn -0.030982 -0.999420 -0.014149
vn -0.034148 0.999405 -0.004910
vn -0.034148 0.999405 -0.004910
vn -0.034148 0.999405 -0.004910
vn -0.034148 0.999405 -0.004910
vn -0.033714 -0.999420 -0.004847
vn -0.033714 -0.999420 -0.004847
vn -0.033714 -0.999420 -0.004847
vn -0.033714 -0.999420 -0.004847
vn -0.034148 0.999405 0.004910
vn -0.034148 0.999405 0.004910
vn -0.034148 0.999405 0.004910
vn -0.034148 0.999405 0.004910
vn -0.033714 -0.999420 0.004847
vn -0.033714 -0.999420 0.004847
vn -0.033714 -0.999420 0.004847
vn -0.033714 -0.999420 0.004847
vn -0.031382 0.999405 0.014332
vn -0.031382 0.999405 0.014332
vn -0.031382 0.999405 0.014332
vn -0.031382 0.999405 0.014332
vn -0.030983 -0.999420 0.014150
vn -0.030983 -0.999420 0.014150
vn -0.030983 -0.999420 0.014150
vn -0.030983 -0.999420 0.014150
vn 0.995135 0.098526 0.000001
vn 0.954825 0.098526 -0.280361
vn 0.954825 0.098526 -0.280361
vn 0.995135 0.098526 0.000001
vn 0.954824 0.098526 0.280362
vn 0.954824 0.098526 0.280362
vn 0.837161 0.098526 0.538010
vn 0.837161 0.098526 0.538010
vn 0.651676 0.098526 0.752072
vn 0.651676 0.098526 0.752072
vn 0.413393 0.098525 0.905206
vn 0.413393 0.098525 0.905206
vn 0.141622 0.098525 0.985006
vn 0.141622 0.098525 0.985006
vn -0.141622 0.098525 0.985006
vn -0.141622 0.098525 0.985006
vn -0.413394 0.098525 0.905206
vn -0.413394 0.098525 0.905206
vn -0.651676 0.098526 0.752071
vn -0.651676 0.098526 0.752071
vn -0.837161 0.098526 0.538010
vn -0.837161 0.098526 0.538010
vn -0.954824 0.098526 0.280362
vn -0.954824 0.098526 0.280362
vn -0.995135 0.098526 -0.000000
vn -0.995135 0.098526 -0.000000
vn -0.954825 0.098526 -0.280362
vn -0.954825 0.098526 -0.280362
vn -0.837159 0.098526 -0.538012
vn -0.837159 0.098526 -0.538012
vn -0.651673 0.098526 -0.752073
vn -0.651674 0.098526 -0.752073
vn -0.413394 0.098526 -0.905206
vn -0.413394 0.098526 -0.905206
vn -0.141622 0.098526 -0.985006
vn -0.141622 0.098526 -0.985005
vn 0.141623 0.098526 -0.985005
vn 0.141623 0.098526 -0.985005
vn 0.413394 0.098526 -0.905206
vn 0.413394 0.098526 -0.905206
vn 0.651674 0.098526 -0.752073
vn 0.651674 0.098525 -0.752073
vn 0.837161 0.098525 -0.538009
vn 0.837161 0.098525 -0.538010
vn 0.547170 0.759574 -0.351643
vn 0.547169 0.759574 -0.351645
vn 0.425934 0.759575 -0.491555
vn 0.425935 0.759575 -0.491554
vn 0.624079 0.759570 -0.183247
vn 0.624079 0.759570 -0.183245
vn 0.650426 0.759569 0.000001
vn 0.650426 0.759569 0.000001
vn 0.270196 0.759572 -0.591646
vn 0.270195 0.759572 -0.591646
vn 0.092565 0.759575 -0.643800
vn 0.092565 0.759574 -0.643800
vn -0.092564 0.759576 -0.643798
vn -0.092564 0.759576 -0.643798
vn -0.270194 0.759574 -0.591644
vn -0.270194 0.759574 -0.591644
vn -0.425936 0.759571 -0.491559
vn -0.425936 0.759571 -0.491558
vn -0.547174 0.759569 -0.351647
vn -0.547173 0.759569 -0.351649
vn -0.624080 0.759569 -0.183245
vn -0.624080 0.759569 -0.183247
vn -0.650425 0.759570 -0.000000
vn -0.650425 0.759570 0.000000
vn -0.624078 0.759571 0.183245
vn -0.624077 0.759571 0.183247
vn -0.547168 0.759575 0.351644
vn -0.547169 0.759574 0.351643
vn -0.425933 0.759576 0.491554
vn -0.425935 0.759576 0.491552
vn -0.270196 0.759572 0.591646
vn -0.270196 0.759572 0.591646
vn -0.092566 0.759567 0.643809
vn -0.092566 0.759567 0.643809
vn 0.092566 0.759567 0.643809
vn 0.092566 0.759567 0.643809
vn 0.270198 0.759567 0.591651
vn 0.270198 0.759567 0.591651
vn 0.425941 0.759569 0.491559
vn 0.425939 0.759569 0.491560
vn 0.547172 0.759571 0.351646
vn 0.547173 0.759571 0.351644
vn 0.624079 0.759570 0.183246
vn 0.624078 0.759570 0.183248
vn 0.451516 0.843762 -0.290171
vn 0.451516 0.843762 -0.290171
vn 0.351474 0.843763 -0.405623
vn 0.351475 0.843763 -0.405623
vn 0.514978 0.843761 -0.151211
vn 0.514978 0.843761 -0.151211
vn 0.536721 0.843760 0.000001
vn 0.536721 0.843760 0.000001
vn 0.222961 0.843762 -0.488215
vn 0.222960 0.843762 -0.488215
vn 0.076384 0.843761 -0.531256
vn 0.076384 0.843761 -0.531256
vn -0.076384 0.843761 -0.531256
vn -0.076384 0.843761 -0.531256
vn -0.222961 0.843762 -0.488216
vn -0.222961 0.843762 -0.488216
vn -0.351474 0.843763 -0.405624
vn -0.351474 0.843763 -0.405624
vn -0.451515 0.843762 -0.290172
vn -0.451516 0.843762 -0.290171
vn -0.514979 0.843760 -0.151211
vn -0.514979 0.843760 -0.151211
vn -0.536722 0.843759 -0.000000
vn -0.536722 0.843759 -0.000000
vn -0.514980 0.843760 0.151211
vn -0.514980 0.843760 0.151213
vn -0.451516 0.843762 0.290171
vn -0.451516 0.843762 0.290172
vn -0.351472 0.843764 0.405622
vn -0.351473 0.843764 0.405620
vn -0.222959 0.843764 0.488212
vn -0.222960 0.843764 0.488212
vn -0.076383 0.843762 0.531255
vn -0.076383 0.843762 0.531255
vn 0.076383 0.843762 0.531255
vn 0.076383 0.843762 0.531255
vn 0.222961 0.843762 0.488216
vn 0.222961 0.843762 0.488216
vn 0.351479 0.843759 0.405627
vn 0.351478 0.843759 0.405628
vn 0.451521 0.843759 0.290174
vn 0.451520 0.843758 0.290174
vn 0.514981 0.843759 0.151212
vn 0.514981 0.843759 0.151213
vn 0.957467 0.064957 -0.281137
vn 0.839477 0.064958 -0.539499
vn 0.839478 0.064958 -0.539497
vn 0.957467 0.064957 -0.281137
vn 0.653478 0.064956 -0.754154
vn 0.653477 0.064956 -0.754154
vn 0.414538 0.064952 -0.907711
vn 0.414538 0.064952 -0.907711
vn 0.142016 0.064951 -0.987731
vn 0.142016 0.064951 -0.987731
vn -0.142016 0.064951 -0.987731
vn -0.142015 0.064951 -0.987731
vn -0.414537 0.064952 -0.907712
vn -0.414537 0.064952 -0.907712
vn -0.653476 0.064956 -0.754155
vn -0.653475 0.064956 -0.754156
vn -0.839476 0.064958 -0.539500
vn -0.839477 0.064958 -0.539499
vn -0.957467 0.064956 -0.281137
vn -0.957467 0.064956 -0.281137
vn -0.997888 0.064955 -0.000000
vn -0.997888 0.064955 -0.000000
vn -0.957466 0.064955 0.281139
vn -0.957467 0.064955 0.281137
vn -0.839478 0.064950 0.539498
vn -0.839477 0.064950 0.539500
vn -0.653480 0.064945 0.754152
vn -0.653478 0.064945 0.754154
vn -0.414539 0.064949 0.907711
vn -0.414539 0.064949 0.907711
vn -0.142014 0.064957 0.987731
vn -0.142014 0.064957 0.987731
vn 0.142014 0.064957 0.987731
vn 0.142014 0.064957 0.987731
vn 0.414537 0.064957 0.907711
vn 0.414537 0.064957 0.907711
vn 0.653477 0.064959 0.754154
vn 0.653479 0.064959 0.754152
vn 0.839478 0.064958 0.539498
vn 0.839477 0.064958 0.539499
vn 0.957466 0.064957 0.281139
vn 0.957466 0.064957 0.281138
vn 0.997888 0.064956 0.000001
vn 0.997888 0.064956 0.000001
vn 0.147461 0.984517 -0.094767
vn 0.168187 0.984517 -0.049384
vn 0.168187 0.984517 -0.049384
vn 0.147461 0.984517 -0.094767
vn 0.114789 0.984517 -0.132473
vn 0.114789 0.984517 -0.132473
vn 0.072817 0.984517 -0.159447
vn 0.072817 0.984517 -0.159447
vn 0.024946 0.984517 -0.173504
vn 0.024946 0.984517 -0.173504
vn -0.024946 0.984517 -0.173505
vn -0.024946 0.984517 -0.173505
vn -0.072817 0.984517 -0.159448
vn -0.072817 0.984517 -0.159448
vn -0.114789 0.984517 -0.132473
vn -0.114789 0.984517 -0.132473
vn -0.147461 0.984518 -0.094767
vn -0.147460 0.984517 -0.094768
vn -0.168187 0.984517 -0.049384
vn -0.168187 0.984517 -0.049384
vn -0.175288 0.984517 -0.000000
vn -0.175288 0.984517 -0.000000
vn -0.168189 0.984517 0.049385
vn -0.168189 0.984517 0.049385
vn -0.147464 0.984517 0.094769
vn -0.147464 0.984517 0.094769
vn -0.114791 0.984517 0.132476
vn -0.114792 0.984517 0.132476
vn -0.072818 0.984517 0.159450
vn -0.072819 0.984517 0.159450
vn -0.024946 0.984517 0.173505
vn -0.024946 0.984517 0.173505
vn 0.024946 0.984517 0.173504
vn 0.024946 0.984517 0.173504
vn 0.072818 0.984517 0.159449
vn 0.072818 0.984517 0.159449
vn 0.114790 0.984517 0.132475
vn 0.114790 0.984517 0.132475
vn 0.147463 0.984517 0.094769
vn 0.147463 0.984517 0.094768
vn 0.168188 0.984517 0.049385
vn 0.168188 0.984517 0.049384
vn 0.175287 0.984517 0.000000
vn 0.175287 0.984517 0.000000
vn 0.957467 0.064959 -0.281135
vn 0.839478 0.064954 -0.539498
vn 0.839478 0.064954 -0.539497
vn 0.957466 0.064959 -0.281138
vn 0.997888 0.064964 0.000001
vn 0.997888 0.064964 0.000001
vn 0.957465 0.064967 0.281142
vn 0.957467 0.064967 0.281135
vn 0.839476 0.064962 0.539500
vn 0.839478 0.064962 0.539497
vn 0.653478 0.064959 0.754153
vn 0.653478 0.064959 0.754153
vn 0.414537 0.064966 0.907710
vn 0.414539 0.064966 0.907710
vn 0.142014 0.064970 0.987730
vn 0.142015 0.064970 0.987730
vn -0.142014 0.064970 0.987730
vn -0.142015 0.064970 0.987730
vn -0.414537 0.064966 0.907710
vn -0.414539 0.064966 0.907710
vn -0.653478 0.064962 0.754153
vn -0.653478 0.064962 0.754153
vn -0.839476 0.064967 0.539499
vn -0.839477 0.064967 0.539497
vn -0.957465 0.064968 0.281141
vn -0.957467 0.064968 0.281134
vn -0.997888 0.064958 -0.000000
vn -0.997888 0.064958 -0.000000
vn -0.957468 0.064949 -0.281135
vn -0.957467 0.064949 -0.281139
vn -0.839477 0.064949 -0.539500
vn -0.839477 0.064949 -0.539500
vn -0.653477 0.064947 -0.754155
vn -0.653476 0.064947 -0.754156
vn -0.414538 0.064947 -0.907712
vn -0.414537 0.064947 -0.907712
vn -0.142015 0.064956 -0.987731
vn -0.142015 0.064956 -0.987731
vn 0.142016 0.064956 -0.987731
vn 0.142016 0.064956 -0.987731
vn 0.414538 0.064948 -0.907712
vn 0.414537 0.064948 -0.907712
vn 0.653478 0.064948 -0.754154
vn 0.653476 0.064948 -0.754155
vn -0.026655 0.999498 0.017130
vn -0.030401 0.999498 0.008926
vn -0.030401 0.999498 0.008926
vn -0.026655 0.999498 0.017130
vn -0.020749 0.999498 0.023946
vn -0.020749 0.999498 0.023946
vn -0.013162 0.999498 0.028821
vn -0.013162 0.999498 0.028821
vn -0.004509 0.999498 0.031362
vn -0.004509 0.999498 0.031362
vn 0.004509 0.999498 0.031362
vn 0.004509 0.999498 0.031362
vn 0.013162 0.999498 0.028821
vn 0.013162 0.999498 0.028821
vn 0.020749 0.999498 0.023946
vn 0.020749 0.999498 0.023946
vn 0.026655 0.999498 0.017130
vn 0.026655 0.999498 0.017130
vn 0.030401 0.999498 0.008926
vn 0.030401 0.999498 0.008926
vn 0.031684 0.999498 -0.000000
vn 0.031684 0.999498 -0.000000
vn 0.030401 0.999498 -0.008927
vn 0.030401 0.999498 -0.008927
vn 0.026655 0.999498 -0.017130
vn 0.026655 0.999498 -0.017130
vn 0.020749 0.999498 -0.023946
vn 0.020749 0.999498 -0.023946
vn 0.013162 0.999498 -0.028821
vn 0.013162 0.999498 -0.028821
vn 0.004509 0.999498 -0.031362
vn 0.004509 0.999498 -0.031362
vn -0.004509 0.999498 -0.031362
vn -0.004509 0.999498 -0.031362
vn -0.013162 0.999498 -0.028821
vn -0.013162 0.999498 -0.028821
vn -0.020749 0.999498 -0.023945
vn -0.020749 0.999498 -0.023945
vn -0.026655 0.999498 -0.017130
vn -0.026655 0.999498 -0.017130
vn -0.030401 0.999498 -0.008926
vn -0.030401 0.999498 -0.008926
vn -0.031684 0.999498 -0.000000
vn -0.031684 0.999498 -0.000000
vn 0.561115 -0.811176 -0.164756
vn 0.561114 -0.811176 -0.164759
vn 0.491968 -0.811175 -0.316168
vn 0.491967 -0.811175 -0.316169
vn 0.584801 -0.811177 0.000000
vn 0.584801 -0.811177 0.000000
vn 0.561110 -0.811179 0.164757
vn 0.561110 -0.811179 0.164755
vn 0.499617 0.853734 -0.146701
vn 0.499617 0.853734 -0.146700
vn 0.438041 0.853739 -0.281515
vn 0.438043 0.853739 -0.281511
vn 0.520713 0.853732 0.000001
vn 0.520713 0.853732 0.000001
vn 0.499620 0.853732 0.146703
vn 0.499620 0.853732 0.146702
vn 0.491961 -0.811180 0.316166
vn 0.491963 -0.811180 0.316163
vn 0.438051 0.853732 0.281519
vn 0.438050 0.853732 0.281519
vn 0.382964 -0.811176 0.441963
vn 0.382965 -0.811176 0.441963
vn 0.340993 0.853733 0.393528
vn 0.340993 0.853733 0.393527
vn 0.242939 -0.811173 0.531957
vn 0.242939 -0.811173 0.531957
vn 0.216311 0.853734 0.473653
vn 0.216311 0.853734 0.473653
vn 0.083227 -0.811176 0.578850
vn 0.083227 -0.811176 0.578850
vn 0.074105 0.853735 0.515408
vn 0.074105 0.853735 0.515408
vn -0.083227 -0.811177 0.578848
vn -0.083227 -0.811177 0.578848
vn -0.074105 0.853735 0.515408
vn -0.074105 0.853735 0.515408
vn -0.242938 -0.811174 0.531957
vn -0.242938 -0.811174 0.531957
vn -0.216309 0.853736 0.473651
vn -0.216309 0.853736 0.473651
vn -0.382964 -0.811176 0.441964
vn -0.382964 -0.811176 0.441964
vn -0.340990 0.853737 0.393521
vn -0.340988 0.853737 0.393522
vn -0.491964 -0.811179 0.316163
vn -0.491966 -0.811179 0.316161
vn -0.438048 0.853735 0.281515
vn -0.438048 0.853735 0.281516
vn -0.561111 -0.811178 0.164757
vn -0.561112 -0.811178 0.164755
vn -0.499620 0.853732 0.146702
vn -0.499620 0.853732 0.146701
vn -0.584801 -0.811177 0.000000
vn -0.584801 -0.811177 0.000000
vn -0.520712 0.853732 -0.000001
vn -0.520712 0.853732 -0.000001
vn -0.561113 -0.811177 -0.164757
vn -0.561113 -0.811177 -0.164757
vn -0.499616 0.853735 -0.146700
vn -0.499615 0.853735 -0.146703
vn -0.491966 -0.811177 -0.316167
vn -0.491967 -0.811177 -0.316166
vn -0.438042 0.853740 -0.281511
vn -0.438040 0.853740 -0.281514
vn -0.382963 -0.811176 -0.441965
vn -0.382963 -0.811176 -0.441966
vn -0.340986 0.853740 -0.393519
vn -0.340985 0.853740 -0.393520
vn -0.242934 -0.811174 -0.531958
vn -0.242935 -0.811174 -0.531958
vn -0.216308 0.853738 -0.473648
vn -0.216308 0.853738 -0.473648
vn -0.083227 -0.811171 -0.578856
vn -0.083227 -0.811171 -0.578856
vn -0.074104 0.853736 -0.515407
vn -0.074104 0.853736 -0.515407
vn 0.083228 -0.811168 -0.578860
vn 0.083228 -0.811168 -0.578860
vn 0.074105 0.853736 -0.515406
vn 0.074104 0.853736 -0.515406
vn 0.242938 -0.811170 -0.531962
vn 0.242938 -0.811170 -0.531962
vn 0.216307 0.853740 -0.473646
vn 0.216306 0.853739 -0.473646
vn 0.382963 -0.811175 -0.441967
vn 0.382965 -0.811175 -0.441965
vn 0.340984 0.853741 -0.393518
vn 0.340983 0.853741 -0.393519
vn 0.992910 0.118873 0.000000
vn 0.952690 0.118872 -0.279734
vn 0.952690 0.118872 -0.279733
vn 0.992909 0.118873 0.000000
vn 0.952690 0.118870 0.279734
vn 0.952690 0.118870 0.279737
vn 0.835290 0.118865 0.536807
vn 0.835289 0.118865 0.536808
vn 0.650219 0.118863 0.750391
vn 0.650217 0.118863 0.750393
vn 0.412470 0.118869 0.903182
vn 0.412470 0.118869 0.903182
vn 0.141306 0.118878 0.982802
vn 0.141306 0.118878 0.982803
vn -0.141306 0.118878 0.982803
vn -0.141306 0.118878 0.982803
vn -0.412470 0.118869 0.903183
vn -0.412470 0.118869 0.903183
vn -0.650220 0.118864 0.750390
vn -0.650218 0.118864 0.750392
vn -0.835290 0.118868 0.536807
vn -0.835290 0.118868 0.536807
vn -0.952690 0.118870 0.279734
vn -0.952689 0.118870 0.279737
vn -0.992910 0.118872 -0.000000
vn -0.992910 0.118872 -0.000000
vn -0.952690 0.118870 -0.279734
vn -0.952690 0.118870 -0.279735
vn -0.835289 0.118870 -0.536807
vn -0.835289 0.118870 -0.536808
vn -0.650216 0.118874 -0.750392
vn -0.650217 0.118874 -0.750391
vn -0.412467 0.118874 -0.903183
vn -0.412467 0.118874 -0.903183
vn -0.141305 0.118875 -0.982803
vn -0.141305 0.118875 -0.982803
vn 0.141306 0.118875 -0.982803
vn 0.141306 0.118875 -0.982803
vn 0.412467 0.118877 -0.903183
vn 0.412468 0.118877 -0.903183
vn 0.650216 0.118875 -0.750392
vn 0.650216 0.118875 -0.750392
vn 0.835290 0.118871 -0.536806
vn 0.835289 0.118871 -0.536807
vn -0.034104 -0.999418 -0.000000
vn -0.032723 -0.999418 0.009608
vn -0.032723 -0.999418 0.009608
vn -0.034104 -0.999418 0.000000
vn -0.034385 0.999409 -0.000000
vn -0.032992 0.999409 0.009687
vn -0.032723 -0.999418 -0.009609
vn -0.032723 -0.999418 -0.009608
vn -0.032992 0.999409 -0.009687
vn -0.028691 -0.999418 -0.018439
vn -0.028691 -0.999418 -0.018439
vn -0.028926 0.999409 -0.018590
vn -0.022334 -0.999418 -0.025774
vn -0.022334 -0.999418 -0.025774
vn -0.022517 0.999409 -0.025986
vn -0.014168 -0.999418 -0.031022
vn -0.014168 -0.999418 -0.031022
vn -0.014284 0.999409 -0.031277
vn -0.004854 -0.999418 -0.033757
vn -0.004854 -0.999418 -0.033757
vn -0.004894 0.999409 -0.034036
vn 0.004854 -0.999418 -0.033757
vn 0.004854 -0.999418 -0.033757
vn 0.004894 0.999409 -0.034035
vn 0.014168 -0.999418 -0.031023
vn 0.014168 -0.999418 -0.031023
vn 0.014284 0.999409 -0.031277
vn 0.022334 -0.999418 -0.025775
vn 0.022334 -0.999418 -0.025775
vn 0.022517 0.999409 -0.025987
vn 0.028691 -0.999418 -0.018438
vn 0.028691 -0.999418 -0.018438
vn 0.028926 0.999409 -0.018590
vn 0.032723 -0.999418 -0.009608
vn 0.032723 -0.999418 -0.009608
vn 0.032992 0.999409 -0.009687
vn 0.034105 -0.999418 -0.000000
vn 0.034105 -0.999418 -0.000000
vn 0.034385 0.999409 0.000000
vn 0.032723 -0.999418 0.009608
vn 0.032723 -0.999418 0.009608
vn 0.032992 0.999409 0.009687
vn 0.028690 -0.999418 0.018438
vn 0.028690 -0.999418 0.018438
vn 0.028926 0.999409 0.018589
vn 0.022333 -0.999418 0.025774
vn 0.022333 -0.999418 0.025774
vn 0.022517 0.999409 0.025986
vn 0.014167 -0.999418 0.031023
vn 0.014167 -0.999418 0.031023
vn 0.014284 0.999409 0.031277
vn 0.004854 -0.999418 0.033757
vn 0.004854 -0.999418 0.033757
vn 0.004893 0.999409 0.034035
vn -0.004854 -0.999418 0.033757
vn -0.004854 -0.999418 0.033757
vn -0.004893 0.999409 0.034035
vn -0.014167 -0.999418 0.031023
vn -0.014167 -0.999418 0.031023
vn -0.014284 0.999409 0.031277
vn -0.022333 -0.999418 0.025775
vn -0.022333 -0.999418 0.025775
vn -0.022517 0.999409 0.025986
vn -0.028690 -0.999418 0.018438
vn -0.028690 -0.999418 0.018438
vn -0.028926 0.999409 0.018589
vn -0.707109 -0.707105 0.000000
vn -0.707109 -0.707105 0.000000
vn -0.707109 -0.707105 0.000000
vn -0.707109 -0.707105 0.000000
vn 0.000000 -0.707100 0.707113
vn 0.000000 -0.707100 0.707113
vn 0.000000 -0.707100 0.707113
vn 0.000000 -0.707100 0.707113
vn -0.707110 0.000000 0.707103
vn -0.707110 0.000000 0.707103
vn -0.707110 0.000000 0.707103
vn -0.707110 0.000000 0.707103
vn 0.707108 -0.707105 0.000000
vn 0.707108 -0.707105 0.000000
vn 0.707108 -0.707105 0.000000
vn 0.707108 -0.707105 0.000000
vn 0.707110 0.000000 0.707103
vn 0.707110 0.000000 0.707103
vn 0.707110 0.000000 0.707103
vn 0.707110 0.000000 0.707103
vn -0.707109 0.707105 0.000000
vn -0.707109 0.707105 0.000000
vn -0.707109 0.707105 0.000000
vn -0.707109 0.707105 0.000000
vn 0.000000 0.707110 0.707103
vn 0.000000 0.707110 0.707103
vn 0.000000 0.707110 0.707103
vn 0.000000 0.707110 0.707103
vn 0.707108 0.707105 0.000000
vn 0.707108 0.707105 0.000000
vn 0.707108 0.707105 0.000000
vn 0.707108 0.707105 0.000000
vn -0.707098 0.000000 -0.707116
vn -0.707098 0.000000 -0.707116
vn -0.707098 0.000000 -0.707116
vn -0.707098 0.000000 -0.707116
vn 0.000000 0.707110 -0.707103
vn 0.000000 0.707110 -0.707103
vn 0.000000 0.707110 -0.707103
vn 0.000000 0.707110 -0.707103
vn 0.707098 0.000000 -0.707116
vn 0.707098 0.000000 -0.707116
vn 0.707098 0.000000 -0.707116
vn 0.707098 0.000000 -0.707116
vn 0.000000 -0.707100 -0.707113
vn 0.000000 -0.707100 -0.707113
vn 0.000000 -0.707100 -0.707113
vn 0.000000 -0.707100 -0.707113
vn 0.000000 0.000000 1.000000
vn 0.000000 0.000000 1.000000
vn 0.000000 0.000000 1.000000
vn 0.000000 0.000000 1.000000
vn 0.000000 1.000000 0.000000
vn 0.000000 1.000000 0.000000
vn 0.000000 1.000000 0.000000
vn 0.000000 1.000000 0.000000
vn 0.000000 0.000000 -1.000000
vn 0.000000 0.000000 -1.000000
vn 0.000000 0.000000 -1.000000
vn 0.000000 0.000000 -1.000000
vn 0.000000 -1.000000 0.000000
vn 0.000000 -1.000000 0.000000
vn 0.000000 -1.000000 0.000000
vn 0.000000 -1.000000 0.000000
vn 1.000000 0.000000 0.000000
vn 1.000000 0.000000 0.000000
vn 1.000000 0.000000 0.000000
vn 1.000000 0.000000 0.000000
vn -1.000000 0.000000 0.000000
vn -1.000000 0.000000 0.000000
vn -1.000000 0.000000 0.000000
vn -1.000000 0.000000 0.000000
vn -0.577354 -0.577342 0.577354
vn -0.577354 -0.577342 0.577354
vn -0.577354 -0.577342 0.577354
vn 0.577354 -0.577343 0.577354
vn 0.577354 -0.577343 0.577354
vn 0.577354 -0.577343 0.577354
vn -0.577354 0.577342 0.577354
vn -0.577354 0.577342 0.577354
vn -0.577354 0.577342 0.577354
vn 0.577354 0.577343 0.577354
vn 0.577354 0.577343 0.577354
vn 0.577354 0.577343 0.577354
vn -0.577340 0.577350 -0.577361
vn -0.577340 0.577350 -0.577361
vn -0.577340 0.577350 -0.577361
vn 0.577340 0.577350 -0.577361
vn 0.577340 0.577350 -0.577361
vn 0.577340 0.577350 -0.577361
vn -0.577340 -0.577350 -0.577361
vn -0.577340 -0.577350 -0.577361
vn -0.577340 -0.577350 -0.577361
vn 0.577340 -0.577350 -0.577361
vn 0.577340 -0.577350 -0.577361
vn 0.577340 -0.577350 -0.577361
vn 0.702734 -0.040220 0.710315
vn 0.702734 -0.040220 0.710315
vn 0.668379 -0.220729 0.710315
vn 0.668379 -0.220729 0.710315
vn 0.689200 0.143032 0.710314
vn 0.689200 0.143032 0.710314
vn 0.588477 -0.386197 0.710315
vn 0.588477 -0.386197 0.710315
vn 0.468470 -0.525347 0.710315
vn 0.468470 -0.525347 0.710315
vn 0.316536 -0.628694 0.710316
vn 0.316536 -0.628694 0.710316
vn 0.143032 -0.689201 0.710312
vn 0.143032 -0.689201 0.710312
vn -0.040218 -0.702737 0.710312
vn -0.040218 -0.702737 0.710312
vn -0.220605 -0.668503 0.710238
vn -0.220607 -0.668502 0.710238
vn -0.409520 -0.570811 0.711666
vn -0.410548 -0.570082 0.711658
vn -0.538979 -0.456093 0.708153
vn -0.539437 -0.455544 0.708158
vn -0.629130 -0.316708 0.709853
vn -0.629128 -0.316712 0.709853
vn -0.686874 -0.161926 0.708509
vn -0.686709 -0.162609 0.708512
vn -0.701965 0.009581 0.712147
vn -0.701988 0.008329 0.712140
vn -0.668274 0.220817 0.710387
vn -0.668273 0.220820 0.710387
vn -0.588475 0.386197 0.710316
vn -0.588475 0.386197 0.710316
vn -0.468469 0.525347 0.710315
vn -0.468469 0.525347 0.710315
vn -0.316537 0.628696 0.710314
vn -0.316537 0.628696 0.710314
vn -0.143032 0.689200 0.710314
vn -0.143032 0.689200 0.710314
vn 0.040219 0.702735 0.710314
vn 0.040219 0.702735 0.710314
vn 0.220728 0.668379 0.710316
vn 0.220728 0.668379 0.710316
vn 0.386196 0.588477 0.710316
vn 0.386196 0.588476 0.710316
vn 0.525345 0.468470 0.710316
vn 0.525345 0.468470 0.710316
vn 0.628695 0.316536 0.710315
vn 0.628695 0.316536 0.710315
vn 0.702912 -0.040230 -0.710138
vn 0.702912 -0.040230 -0.710138
vn 0.689374 0.143068 -0.710138
vn 0.689374 0.143068 -0.710138
vn 0.668549 -0.220785 -0.710138
vn 0.668549 -0.220785 -0.710138
vn 0.588625 -0.386295 -0.710139
vn 0.588625 -0.386295 -0.710139
vn 0.468590 -0.525479 -0.710138
vn 0.468590 -0.525479 -0.710138
vn 0.316619 -0.628853 -0.710139
vn 0.316619 -0.628853 -0.710139
vn 0.143069 -0.689373 -0.710138
vn 0.143069 -0.689373 -0.710138
vn -0.040228 -0.702914 -0.710136
vn -0.040228 -0.702914 -0.710136
vn -0.220651 -0.668517 -0.710210
vn -0.220653 -0.668516 -0.710210
vn -0.410404 -0.569766 -0.711994
vn -0.409381 -0.570494 -0.712000
vn -0.539076 -0.455224 -0.708638
vn -0.538615 -0.455776 -0.708634
vn -0.628935 -0.316696 -0.710031
vn -0.628933 -0.316700 -0.710031
vn -0.687015 -0.162748 -0.708184
vn -0.687182 -0.162066 -0.708178
vn -0.702497 0.008352 -0.711638
vn -0.702473 0.009614 -0.711646
vn -0.668572 0.220960 -0.710062
vn -0.668572 0.220962 -0.710062
vn -0.588627 0.386295 -0.710137
vn -0.588626 0.386295 -0.710137
vn -0.468589 0.525480 -0.710138
vn -0.468589 0.525480 -0.710138
vn -0.316617 0.628853 -0.710139
vn -0.316617 0.628853 -0.710139
vn -0.143068 0.689372 -0.710139
vn -0.143068 0.689372 -0.710139
vn 0.040228 0.702911 -0.710139
vn 0.040228 0.702911 -0.710139
vn 0.220784 0.668549 -0.710138
vn 0.220784 0.668549 -0.710138
vn 0.386295 0.588629 -0.710135
vn 0.386295 0.588629 -0.710135
vn 0.525481 0.468590 -0.710136
vn 0.525481 0.468590 -0.710136
vn 0.628856 0.316616 -0.710137
vn 0.628856 0.316616 -0.710137
vn -0.710207 0.040650 -0.702818
vn -0.710207 0.040646 -0.702818
vn -0.696530 -0.144554 -0.702816
vn -0.696531 -0.144553 -0.702816
vn -0.675481 0.223079 -0.702824
vn -0.675483 0.223073 -0.702824
vn -0.594720 0.390300 -0.702832
vn -0.594725 0.390293 -0.702832
vn -0.473431 0.530919 -0.702843
vn -0.473440 0.530911 -0.702843
vn -0.319881 0.635349 -0.702857
vn -0.319892 0.635344 -0.702857
vn -0.144537 0.696480 -0.702869
vn -0.144550 0.696477 -0.702869
vn 0.040649 0.710146 -0.702880
vn 0.040637 0.710146 -0.702880
vn 0.223093 0.675480 -0.702821
vn 0.223086 0.675482 -0.702821
vn 0.390107 0.594147 -0.703425
vn 0.390975 0.593567 -0.703432
vn 0.519980 0.481360 -0.705629
vn 0.520557 0.480713 -0.705645
vn 0.631840 0.318161 -0.706790
vn 0.631841 0.318157 -0.706790
vn 0.695884 0.131924 -0.705933
vn 0.695714 0.132743 -0.705947
vn 0.709162 -0.038920 -0.703970
vn 0.709211 -0.037873 -0.703978
vn 0.675294 -0.223039 -0.703016
vn 0.675292 -0.223047 -0.703016
vn 0.594661 -0.390252 -0.702910
vn 0.594656 -0.390259 -0.702910
vn 0.473403 -0.530872 -0.702898
vn 0.473395 -0.530879 -0.702898
vn 0.319881 -0.635321 -0.702882
vn 0.319870 -0.635326 -0.702882
vn 0.144551 -0.696477 -0.702870
vn 0.144539 -0.696479 -0.702869
vn -0.040637 -0.710164 -0.702862
vn -0.040649 -0.710164 -0.702862
vn -0.223062 -0.675460 -0.702849
vn -0.223072 -0.675457 -0.702849
vn -0.390290 -0.594726 -0.702834
vn -0.390297 -0.594721 -0.702834
vn -0.530924 -0.473451 -0.702826
vn -0.530928 -0.473446 -0.702826
vn -0.635379 -0.319904 -0.702819
vn -0.635381 -0.319901 -0.702819
vn -0.695725 0.039816 0.717204
vn -0.695725 0.039819 0.717204
vn -0.661716 0.218531 0.717200
vn -0.661718 0.218525 0.717200
vn -0.682323 -0.141605 0.717205
vn -0.682323 -0.141605 0.717205
vn -0.582616 0.382355 0.717191
vn -0.582621 0.382348 0.717191
vn -0.463810 0.520127 0.717180
vn -0.463818 0.520120 0.717180
vn -0.313392 0.622459 0.717168
vn -0.313403 0.622454 0.717168
vn -0.141611 0.682375 0.717155
vn -0.141623 0.682372 0.717155
vn 0.039825 0.695787 0.717144
vn 0.039813 0.695787 0.717144
vn 0.218496 0.661694 0.717232
vn 0.218489 0.661696 0.717232
vn 0.384597 0.582107 0.716405
vn 0.383765 0.582642 0.716416
vn 0.514578 0.473202 0.715045
vn 0.513722 0.474123 0.715050
vn 0.625673 0.314975 0.713670
vn 0.625673 0.314974 0.713670
vn 0.686967 0.132496 0.714507
vn 0.687199 0.131275 0.714510
vn 0.697176 -0.036175 0.715987
vn 0.697110 -0.037170 0.716000
vn 0.661875 -0.218555 0.717047
vn 0.661872 -0.218564 0.717047
vn 0.582682 -0.382391 0.717119
vn 0.582678 -0.382398 0.717119
vn 0.463850 -0.520162 0.717130
vn 0.463842 -0.520169 0.717130
vn 0.313411 -0.622478 0.717144
vn 0.313400 -0.622483 0.717144
vn 0.141621 -0.682371 0.717157
vn 0.141609 -0.682373 0.717157
vn -0.039816 -0.695760 0.717169
vn -0.039827 -0.695760 0.717170
vn -0.218532 -0.661738 0.717180
vn -0.218542 -0.661735 0.717180
vn -0.382348 -0.582621 0.717191
vn -0.382355 -0.582616 0.717191
vn -0.520106 -0.463801 0.717202
vn -0.520110 -0.463797 0.717202
vn -0.622422 -0.313380 0.717206
vn -0.622423 -0.313377 0.717206
vn 0.998366 -0.057140 0.000000
vn 0.949559 -0.313588 0.000000
vn 0.949559 -0.313588 0.000000
vn 0.998366 -0.057140 0.000000
vn 0.836042 -0.548666 0.000000
vn 0.836042 -0.548666 0.000000
vn 0.665549 -0.746354 0.000000
vn 0.665549 -0.746354 0.000000
vn 0.449701 -0.893179 0.000000
vn 0.449701 -0.893179 0.000000
vn 0.203205 -0.979136 0.000000
vn 0.203205 -0.979136 0.000000
vn -0.057138 -0.998366 0.000000
vn -0.057138 -0.998366 0.000000
vn -0.313619 -0.949549 0.000000
vn -0.313619 -0.949549 0.000000
vn -0.565302 -0.824884 0.000000
vn -0.565300 -0.824886 0.000000
vn -0.750436 -0.660943 0.000000
vn -0.750435 -0.660944 0.000000
vn -0.893180 -0.449699 0.000000
vn -0.893180 -0.449699 0.000000
vn -0.977628 -0.210341 0.000000
vn -0.977629 -0.210339 0.000000
vn -0.999377 0.035288 0.000000
vn -0.999377 0.035290 0.000000
vn -0.949570 0.313554 0.000000
vn -0.949570 0.313554 0.000000
vn -0.836042 0.548665 0.000000
vn -0.836042 0.548665 0.000000
vn -0.665548 0.746355 0.000000
vn -0.665548 0.746355 0.000000
vn -0.449699 0.893180 0.000000
vn -0.449699 0.893180 0.000000
vn -0.203205 0.979136 0.000000
vn -0.203205 0.979136 0.000000
vn 0.057138 0.998366 0.000000
vn 0.057138 0.998366 0.000000
vn 0.313587 0.949560 0.000000
vn 0.313587 0.949560 0.000000
vn 0.548666 0.836042 0.000000
vn 0.548666 0.836042 0.000000
vn 0.746353 0.665550 0.000000
vn 0.746353 0.665550 0.000000
vn 0.893179 0.449701 0.000000
vn 0.893179 0.449701 0.000000
vn 0.979136 0.203205 0.000000
vn 0.979136 0.203205 0.000000
vn 0.000001 0.000000 -1.000000
vn -0.000000 0.000000 -1.000000
vn -0.000000 0.000000 -1.000000
vn 0.000001 0.000000 -1.000000
vn 0.000000 0.000000 -1.000000
vn 0.000000 0.000000 -1.000000
vn -0.000001 0.000000 -1.000000
vn -0.000001 0.000000 -1.000000
vn -0.000001 0.000000 -1.000000
vn -0.000001 0.000000 -1.000000
vn -0.000001 0.000000 -1.000000
vn -0.000001 0.000000 -1.000000
vn -0.000001 0.000000 -1.000000
vn -0.000001 0.000000 -1.000000
vn 0.000016 0.000051 -1.000000
vn 0.000016 0.000051 -1.000000
vn -0.008690 0.006858 -0.999939
vn -0.009368 0.007383 -0.999929
vn -0.011971 0.009615 -0.999882
vn -0.011090 0.008959 -0.999898
vn 0.000511 0.000258 -1.000000
vn 0.000511 0.000258 -1.000000
vn 0.000561 -0.015316 -0.999883
vn 0.000562 -0.014128 -0.999900
vn 0.000314 -0.010988 -0.999940
vn 0.000331 -0.011915 -0.999929
vn 0.000059 -0.000019 -1.000000
vn 0.000059 -0.000019 -1.000000
vn 0.000001 0.000000 -1.000000
vn 0.000001 0.000000 -1.000000
vn 0.000002 0.000000 -1.000000
vn 0.000002 0.000000 -1.000000
vn 0.000002 0.000000 -1.000000
vn 0.000002 0.000000 -1.000000
vn 0.000000 0.000000 -1.000000
vn 0.000000 0.000000 -1.000000
vn 0.000000 0.000000 -1.000000
vn 0.000000 0.000000 -1.000000
vn 0.000000 0.000000 -1.000000
vn 0.000000 0.000000 -1.000000
vn -0.000000 0.000000 -1.000000
vn -0.000000 0.000000 -1.000000
vn 0.000000 0.000000 -1.000000
vn -0.000000 0.000000 -1.000000
vn -0.000002 0.000000 -1.000000
vn -0.000002 0.000000 -1.000000
vn 0.000000 0.000000 -1.000000
vn 0.000000 0.000000 -1.000000
vn -0.000480 0.000028 1.000000
vn -0.000480 0.000028 1.000000
vn -0.000462 0.000154 1.000000
vn -0.000462 0.000154 1.000000
vn -0.000412 0.000269 1.000000
vn -0.000412 0.000269 1.000000
vn -0.000326 0.000366 1.000000
vn -0.000326 0.000366 1.000000
vn -0.000219 0.000438 1.000000
vn -0.000219 0.000438 1.000000
vn -0.000098 0.000480 1.000000
vn -0.000098 0.000480 1.000000
vn 0.000028 0.000489 1.000000
vn 0.000028 0.000489 1.000000
vn 0.000181 0.000540 1.000000
vn 0.000181 0.000540 1.000000
vn -0.009230 0.007702 0.999928
vn -0.008465 0.007129 0.999939
vn -0.011122 0.008767 0.999900
vn -0.011862 0.009354 0.999886
vn -0.000029 -0.000023 1.000000
vn -0.000029 -0.000023 1.000000
vn 0.000408 -0.014054 0.999901
vn 0.000437 -0.015070 0.999886
vn 0.000676 -0.011998 0.999928
vn 0.000673 -0.010963 0.999940
vn 0.000548 -0.000179 1.000000
vn 0.000548 -0.000179 1.000000
vn 0.000409 -0.000269 1.000000
vn 0.000409 -0.000269 1.000000
vn 0.000329 -0.000366 1.000000
vn 0.000329 -0.000366 1.000000
vn 0.000224 -0.000438 1.000000
vn 0.000224 -0.000438 1.000000
vn 0.000100 -0.000480 1.000000
vn 0.000100 -0.000480 1.000000
vn -0.000028 -0.000490 1.000000
vn -0.000028 -0.000490 1.000000
vn -0.000153 -0.000466 1.000000
vn -0.000153 -0.000466 1.000000
vn -0.000270 -0.000410 1.000000
vn -0.000270 -0.000410 1.000000
vn -0.000367 -0.000326 1.000000
vn -0.000367 -0.000326 1.000000
vn -0.000442 -0.000221 1.000000
vn -0.000442 -0.000221 1.000000
vn -0.000480 -0.000100 1.000000
vn -0.000480 -0.000100 1.000000
vn -0.949351 0.313526 0.020845
vn -0.835855 0.548555 0.020820
vn -0.835865 0.548540 0.020820
vn -0.949355 0.313514 0.020845
vn -0.665396 0.746201 0.020791
vn -0.665412 0.746187 0.020791
vn -0.449592 0.892993 0.020756
vn -0.449614 0.892982 0.020756
vn -0.203150 0.978928 0.020716
vn -0.203175 0.978923 0.020716
vn 0.057138 0.998152 0.020675
vn 0.057113 0.998154 0.020675
vn 0.313489 0.949368 0.020641
vn 0.313468 0.949374 0.020641
vn 0.553721 0.832500 0.018373
vn 0.553634 0.832557 0.018375
vn 0.738465 0.674161 0.013291
vn 0.738144 0.674512 0.013303
vn 0.893134 0.449689 0.009569
vn 0.893141 0.449675 0.009569
vn 0.998634 -0.048922 0.018344
vn 0.949346 -0.313558 0.020585
vn 0.949342 -0.313570 0.020585
vn 0.998629 -0.049020 0.018346
vn 0.835869 -0.548542 0.020610
vn 0.835859 -0.548557 0.020610
vn 0.665415 -0.746188 0.020642
vn 0.665399 -0.746203 0.020642
vn 0.449616 -0.892983 0.020672
vn 0.449595 -0.892993 0.020672
vn 0.203175 -0.978923 0.020707
vn 0.203151 -0.978929 0.020707
vn -0.057115 -0.998152 0.020750
vn -0.057139 -0.998151 0.020750
vn -0.313509 -0.949358 0.020788
vn -0.313530 -0.949351 0.020788
vn -0.548538 -0.835866 0.020817
vn -0.548554 -0.835856 0.020817
vn 0.981098 0.193054 0.013311
vn 0.981193 0.192567 0.013324
vn -0.746188 -0.665409 0.020841
vn -0.746197 -0.665399 0.020841
vn -0.892984 -0.449606 0.020857
vn -0.892987 -0.449600 0.020857
vn -0.978923 -0.203161 0.020863
vn -0.978923 -0.203161 0.020863
vn -0.998149 0.057131 0.020860
vn -0.998149 0.057124 0.020860
vn -0.707109 -0.707105 0.000000
vn -0.707109 -0.707105 0.000000
vn -0.707109 -0.707105 0.000000
vn -0.707109 -0.707105 0.000000
vn 0.000000 -0.707100 0.707113
vn 0.000000 -0.707100 0.707113
vn 0.000000 -0.707100 0.707113
vn 0.000000 -0.707100 0.707113
vn -0.707106 0.000000 0.707107
vn -0.707106 0.000000 0.707107
vn -0.707106 0.000000 0.707107
vn -0.707106 0.000000 0.707107
vn 0.707109 -0.707105 0.000000
vn 0.707109 -0.707105 0.000000
vn 0.707109 -0.707105 0.000000
vn 0.707109 -0.707105 0.000000
vn 0.707106 0.000000 0.707107
vn 0.707106 0.000000 0.707107
vn 0.707106 0.000000 0.707107
vn 0.707106 0.000000 0.707107
vn -0.707109 0.707105 0.000000
vn -0.707109 0.707105 0.000000
vn -0.707109 0.707105 0.000000
vn -0.707109 0.707105 0.000000
vn 0.000000 0.707110 0.707103
vn 0.000000 0.707110 0.707103
vn 0.000000 0.707110 0.707103
vn 0.000000 0.707110 0.707103
vn 0.707109 0.707105 0.000000
vn 0.707109 0.707105 0.000000
vn 0.707109 0.707105 0.000000
vn 0.707109 0.707105 0.000000
vn -0.707106 0.000000 -0.707107
vn -0.707106 0.000000 -0.707107
vn -0.707106 0.000000 -0.707107
vn -0.707106 0.000000 -0.707107
vn 0.000000 0.707110 -0.707103
vn 0.000000 0.707110 -0.707103
vn 0.000000 0.707110 -0.707103
vn 0.000000 0.707110 -0.707103
vn 0.707106 0.000000 -0.707107
vn 0.707106 0.000000 -0.707107
vn 0.707106 0.000000 -0.707107
vn 0.707106 0.000000 -0.707107
vn 0.000000 -0.707100 -0.707113
vn 0.000000 -0.707100 -0.707113
vn 0.000000 -0.707100 -0.707113
vn 0.000000 -0.707100 -0.707113
vn 0.000000 0.000000 1.000000
vn 0.000000 0.000000 1.000000
vn 0.000000 0.000000 1.000000
vn 0.000000 0.000000 1.000000
vn 0.000000 1.000000 0.000000
vn 0.000000 1.000000 0.000000
vn 0.000000 1.000000 0.000000
vn 0.000000 1.000000 0.000000
vn 0.000000 0.000000 -1.000000
vn 0.000000 0.000000 -1.000000
vn 0.000000 0.000000 -1.000000
vn 0.000000 0.000000 -1.000000
vn 0.000000 -1.000000 0.000000
vn 0.000000 -1.000000 0.000000
vn 0.000000 -1.000000 0.000000
vn 0.000000 -1.000000 0.000000
vn 1.000000 0.000000 0.000000
vn 1.000000 0.000000 0.000000
vn 1.000000 0.000000 0.000000
vn 1.000000 0.000000 0.000000
vn -1.000000 0.000000 0.000000
vn -1.000000 0.000000 0.000000
vn -1.000000 0.000000 0.000000
vn -1.000000 0.000000 0.000000
vn -0.577354 -0.577343 0.577354
vn -0.577354 -0.577343 0.577354
vn -0.577354 -0.577343 0.577354
vn 0.577354 -0.577343 0.577354
vn 0.577354 -0.577343 0.577354
vn 0.577354 -0.577343 0.577354
vn -0.577354 0.577343 0.577354
vn -0.577354 0.577343 0.577354
vn -0.577354 0.577343 0.577354
vn 0.577354 0.577343 0.577354
vn 0.577354 0.577343 0.577354
vn 0.577354 0.577343 0.577354
vn -0.577354 0.577343 -0.577354
vn -0.577354 0.577343 -0.577354
vn -0.577354 0.577343 -0.577354
vn 0.577354 0.577343 -0.577354
vn 0.577354 0.577343 -0.577354
vn 0.577354 0.577343 -0.577354
vn -0.577354 -0.577343 -0.577354
vn -0.577354 -0.577343 -0.577354
vn -0.577354 -0.577343 -0.577354
vn 0.577354 -0.577343 -0.577354
vn 0.577354 -0.577343 -0.577354
vn 0.577354 -0.577343 -0.577354
vn 0.000000 0.000000 1.000000
vn 0.000000 0.000000 1.000000
vn 0.000000 0.000000 1.000000
vn 0.000000 0.000000 1.000000
vn 0.000000 0.000000 -1.000000
vn 0.000000 0.000000 -1.000000
vn 0.000000 0.000000 -1.000000
vn 0.000000 0.000000 -1.000000
vn 1.000000 0.000000 0.000000
vn 1.000000 0.000000 0.000000
vn 1.000000 0.000000 0.000000
vn 1.000000 0.000000 0.000000
vn -1.000000 0.000000 0.000000
vn -1.000000 0.000000 0.000000
vn -1.000000 0.000000 0.000000
vn -1.000000 0.000000 0.000000
vn -0.707108 0.000000 0.707106
vn -0.707108 0.000000 0.707106
vn -0.707108 0.000000 0.707106
vn -0.707108 0.000000 0.707106
vn 0.707108 0.000000 0.707106
vn 0.707108 0.000000 0.707106
vn 0.707108 0.000000 0.707106
vn 0.707108 0.000000 0.707106
vn -0.707102 0.000000 -0.707111
vn -0.707102 0.000000 -0.707111
vn -0.707102 0.000000 -0.707111
vn -0.707102 0.000000 -0.707111
vn 0.707102 0.000000 -0.707111
vn 0.707102 0.000000 -0.707111
vn 0.707102 0.000000 -0.707111
vn 0.707102 0.000000 -0.707111
vn 0.619608 0.128590 -0.774306
vn 0.619608 0.128590 -0.774306
vn 0.619608 0.128590 -0.774306
vn 0.619608 0.128590 -0.774306
vn -0.000007 0.000000 -1.000000
vn -0.000007 0.000000 -1.000000
vn -0.000007 0.000000 -1.000000
vn -0.000007 0.000000 -1.000000
vn -0.619605 -0.128589 -0.774309
vn -0.619605 -0.128589 -0.774309
vn -0.619605 -0.128589 -0.774309
vn -0.619605 -0.128589 -0.774309
vn -0.940687 -0.195226 -0.277480
vn -0.940687 -0.195226 -0.277480
vn -0.940687 -0.195226 -0.277480
vn -0.940687 -0.195226 -0.277480
vn -0.940685 -0.195226 0.277485
vn -0.940685 -0.195226 0.277485
vn -0.940685 -0.195226 0.277485
vn -0.940685 -0.195226 0.277485
vn -0.619617 -0.128592 0.774299
vn -0.619617 -0.128592 0.774299
vn -0.619617 -0.128592 0.774299
vn -0.619617 -0.128592 0.774299
vn 0.000007 0.000000 1.000000
vn 0.000007 0.000000 1.000000
vn 0.000007 0.000000 1.000000
vn 0.000007 0.000000 1.000000
vn 0.619616 0.128593 0.774300
vn 0.619616 0.128593 0.774300
vn 0.619616 0.128593 0.774300
vn 0.619616 0.128593 0.774300
vn 0.940684 0.195225 0.277488
vn 0.940684 0.195225 0.277488
vn 0.940685 0.195225 0.277488
vn 0.940685 0.195225 0.277488
vn 0.940687 0.195225 -0.277482
vn 0.940687 0.195225 -0.277481
vn 0.940687 0.195225 -0.277481
vn 0.940687 0.195225 -0.277482
vn -0.198440 -0.600897 -0.774303
vn -0.198440 -0.600897 -0.774303
vn -0.198440 -0.600897 -0.774303
vn -0.198440 -0.600897 -0.774303
vn 0.000000 0.000000 -1.000000
vn 0.000000 0.000000 -1.000000
vn 0.000000 0.000000 -1.000000
vn 0.000000 0.000000 -1.000000
vn 0.198446 0.600896 -0.774302
vn 0.198446 0.600896 -0.774302
vn 0.198446 0.600896 -0.774302
vn 0.198446 0.600896 -0.774302
vn 0.301274 0.912272 -0.277476
vn 0.301274 0.912272 -0.277476
vn 0.301274 0.912272 -0.277476
vn 0.301274 0.912272 -0.277476
vn 0.301271 0.912271 0.277482
vn 0.301271 0.912271 0.277482
vn 0.301271 0.912271 0.277482
vn 0.301271 0.912271 0.277482
vn 0.198447 0.600909 0.774291
vn 0.198447 0.600909 0.774291
vn 0.198447 0.600909 0.774291
vn 0.198447 0.600909 0.774291
vn 0.000000 0.000000 1.000000
vn 0.000000 0.000000 1.000000
vn 0.000000 0.000000 1.000000
vn 0.000000 0.000000 1.000000
vn -0.198450 -0.600909 0.774291
vn -0.198450 -0.600909 0.774291
vn -0.198450 -0.600909 0.774291
vn -0.198450 -0.600909 0.774291
vn -0.301269 -0.912265 0.277505
vn -0.301269 -0.912265 0.277505
vn -0.301269 -0.912265 0.277505
vn -0.301269 -0.912265 0.277505
vn -0.301272 -0.912266 -0.277499
vn -0.301272 -0.912266 -0.277499
vn -0.301272 -0.912266 -0.277499
vn -0.301272 -0.912266 -0.277500
vn 0.000000 0.000000 1.000000
vn 0.000000 0.000000 1.000000
vn 0.000000 0.000000 1.000000
vn 0.000000 0.000000 1.000000
vn 0.000000 1.000000 0.000000
vn 0.000000 1.000000 0.000000
vn 0.000000 1.000000 0.000000
vn 0.000000 1.000000 0.000000
vn 0.000000 0.000000 -1.000000
vn 0.000000 0.000000 -1.000000
vn 0.000000 0.000000 -1.000000
vn 0.000000 0.000000 -1.000000
vn 0.000000 -1.000000 0.000000
vn 0.000000 -1.000000 0.000000
vn 0.000000 -1.000000 0.000000
vn 0.000000 -1.000000 0.000000
vn 0.000000 -0.528466 0.848954
vn 0.000000 -0.528466 0.848955
vn 0.000000 -0.528466 0.848955
vn 0.000000 -0.528466 0.848954
vn 0.000000 0.528452 0.848963
vn 0.000000 0.528452 0.848963
vn 0.000000 0.528452 0.848963
vn 0.000000 0.528452 0.848963
vn 0.000000 0.528473 -0.848950
vn 0.000000 0.528473 -0.848950
vn 0.000000 0.528473 -0.848950
vn 0.000000 0.528473 -0.848950
vn 0.000000 -0.528487 -0.848941
vn 0.000000 -0.528487 -0.848941
vn 0.000000 -0.528487 -0.848941
vn 0.000000 -0.528487 -0.848941
vn 0.421177 -0.472309 -0.774296
vn 0.421177 -0.472309 -0.774296
vn 0.421177 -0.472309 -0.774296
vn 0.421177 -0.472309 -0.774296
vn 0.000000 0.000000 -1.000000
vn 0.000000 0.000000 -1.000000
vn 0.000000 0.000000 -1.000000
vn 0.000000 0.000000 -1.000000
vn -0.421168 0.472299 -0.774307
vn -0.421168 0.472299 -0.774307
vn -0.421168 0.472299 -0.774307
vn -0.421168 0.472299 -0.774307
vn -0.639411 0.717045 -0.277488
vn -0.639411 0.717045 -0.277488
vn -0.639411 0.717045 -0.277488
vn -0.639411 0.717045 -0.277488
vn -0.639411 0.717043 0.277494
vn -0.639411 0.717043 0.277494
vn -0.639411 0.717043 0.277494
vn -0.639411 0.717043 0.277494
vn -0.421176 0.472310 0.774296
vn -0.421175 0.472310 0.774296
vn -0.421175 0.472310 0.774296
vn -0.421175 0.472310 0.774296
vn 0.000000 0.000000 1.000000
vn 0.000000 0.000000 1.000000
vn 0.000000 0.000000 1.000000
vn 0.000000 0.000000 1.000000
vn 0.421182 -0.472317 0.774288
vn 0.421182 -0.472317 0.774288
vn 0.421182 -0.472317 0.774288
vn 0.421182 -0.472317 0.774288
vn 0.639411 -0.717043 0.277494
vn 0.639411 -0.717043 0.277494
vn 0.639411 -0.717043 0.277494
vn 0.639411 -0.717043 0.277494
vn 0.639411 -0.717045 -0.277488
vn 0.639412 -0.717045 -0.277488
vn 0.639411 -0.717045 -0.277488
vn 0.639411 -0.717045 -0.277488
s off
g polySurface122
usemtl initialShadingGroup
f 4/1/1 1/2/2 6/3/3 7/4/4
f 12/5/5 9/6/6 14/7/7 15/8/8
f 8/9/9 5/10/10 16/11/11 13/12/12
f 10/13/13 11/14/14 2/15/15 3/16/16
f 2/15/17 1/2/18 4/1/19 3/16/20
f 6/3/21 5/10/22 8/9/23 7/4/24
f 10/13/25 9/6/26 12/5/27 11/14/28
f 14/17/29 13/12/30 16/11/31 15/18/32
s 1
f 17/19/33 18/20/34 101/21/35 89/22/36
f 18/20/34 19/23/37 100/24/38 101/21/35
f 19/23/37 20/25/39 99/26/40 100/24/38
f 20/25/39 21/27/41 98/28/42 99/26/40
f 21/27/41 22/29/43 97/30/44 98/28/42
f 96/31/45 24/32/46 25/33/47 95/34/48
f 25/33/47 26/35/49 94/36/50 95/34/48
f 26/35/49 27/37/51 93/38/52 94/36/50
f 27/37/51 28/39/53 92/40/54 93/38/52
f 28/41/53 29/42/55 91/43/56 92/44/54
f 29/42/55 30/45/57 90/46/58 91/43/56
f 30/45/57 17/19/33 89/22/36 90/46/58
s 3
f 18//59 17//60 31//61
f 19//62 18//59 31//61
f 20//63 19//62 31//61
f 21//64 20//63 31//61
f 22//65 21//64 31//61
f 23//66 22//65 31//61
f 24//67 23//66 31//61
f 25//68 24//67 31//61
f 26//69 25//68 31//61
f 27//70 26//69 31//61
f 28//71 27//70 31//61
f 29//72 28//71 31//61
f 30//73 29//72 31//61
f 17//60 30//73 31//61
s 4
f 48/47/74 47/48/75 61/49/76 62/50/77
f 49/51/78 48/47/74 62/50/77 63/52/79
f 50/53/80 49/51/78 63/52/79 64/54/81
f 51/55/82 50/56/80 64/57/81 65/58/83
f 52/59/84 51/55/82 65/58/83 66/60/85
f 53/61/86 52/59/84 66/60/85 67/62/87
f 57/63/88 56/64/89 70/65/90 71/66/91
f 58/67/92 57/63/88 71/66/91 72/68/93
f 59/69/94 58/67/92 72/68/93 73/70/95
f 60/71/96 59/69/94 73/70/95 74/72/97
f 47/48/75 60/71/96 74/72/97 61/49/76
s 6
f 76/73/98 75/74/99 129/75/100 130/76/101
f 77/77/102 76/73/98 130/76/101 131/78/103
f 78/79/104 77/77/102 131/78/103 132/80/105
f 79/81/106 78/82/104 132/83/105 133/84/107
f 80/85/108 79/81/106 133/84/107 134/86/109
f 81/87/110 80/85/108 134/86/109 135/88/111
f 84/89/112 83/90/113 136/91/114 137/92/115
f 85/93/116 84/89/112 137/92/115 138/94/117
f 86/95/118 85/93/116 138/94/117 139/96/119
f 87/97/120 86/95/118 139/96/119 140/98/121
f 88/99/122 87/97/120 140/98/121 141/100/123
f 141/100/123 129/75/100 75/74/99 88/99/122
s 8
f 34/101/124 103/102/125 102/103/126 33/104/127
f 35/105/128 104/106/129 103/102/125 34/101/124
f 36/107/130 105/108/131 104/106/129 35/105/128
f 37/109/132 106/110/133 105/111/131 36/112/130
f 38/113/134 107/114/135 106/110/133 37/109/132
f 39/115/136 108/116/137 107/114/135 38/113/134
f 43/117/138 111/118/139 110/119/140 42/120/141
f 44/121/142 112/122/143 111/118/139 43/117/138
f 45/123/144 113/124/145 112/122/143 44/121/142
f 46/125/146 114/126/147 113/124/145 45/123/144
f 33/104/127 102/103/126 114/126/147 46/125/146
s 10
f 147/127/148 146/128/149 148/129/150 149/130/151
f 150/131/152 147/127/148 149/130/151 151/132/153
f 152/133/154 150/131/152 151/132/153 153/134/155
f 154/135/156 152/136/154 153/137/155 155/138/157
f 156/139/158 154/135/156 155/138/157 157/140/159
f 158/141/160 156/139/158 157/140/159 159/142/161
f 163/143/162 161/144/163 162/145/164 164/146/165
f 165/147/166 163/143/162 164/146/165 166/148/167
f 167/149/168 165/147/166 166/148/167 168/150/169
f 169/151/170 167/149/168 168/150/169 170/152/171
f 171/153/172 169/151/170 170/152/171 172/154/173
f 172/154/173 148/129/150 146/128/149 171/153/172
s 12
f 174/155/174 173/156/175 175/157/176 176/158/177
f 177/159/178 174/155/174 176/158/177 178/160/179
f 179/161/180 177/159/178 178/160/179 180/162/181
f 181/163/182 179/164/180 180/165/181 182/166/183
f 183/167/184 181/163/182 182/166/183 184/168/185
f 185/169/186 183/167/184 184/168/185 186/170/187
f 188/171/188 187/172/189 185/169/186 186/170/187
f 189/173/190 187/172/189 188/171/188 190/174/191
f 191/175/192 189/173/190 190/174/191 192/176/193
f 193/177/194 191/175/192 192/176/193 194/178/195
f 195/179/196 193/177/194 194/178/195 196/180/197
f 197/181/198 195/179/196 196/180/197 198/182/199
f 199/183/200 197/181/198 198/182/199 200/184/201
f 200/184/201 175/157/176 173/156/175 199/183/200
s 13
f 202/185/202 201/186/203 203/187/204 204/188/205
f 205/189/206 202/185/202 204/188/205 206/190/207
f 207/191/208 205/189/206 206/190/207 208/192/209
f 209/193/210 207/194/208 208/195/209 210/196/211
f 211/197/212 209/193/210 210/196/211 212/198/213
f 213/199/214 211/197/212 212/198/213 214/200/215
f 216/201/216 215/202/217 213/199/214 214/200/215
f 217/203/218 215/202/217 216/201/216 218/204/219
f 219/205/220 217/203/218 218/204/219 220/206/221
f 221/207/222 219/205/220 220/206/221 222/208/223
f 223/209/224 221/207/222 222/208/223 224/210/225
f 225/211/226 223/209/224 224/210/225 226/212/227
f 227/213/228 225/211/226 226/212/227 228/214/229
f 228/214/229 203/187/204 201/186/203 227/213/228
s 14
f 230/215/230 229/216/231 231/217/232 232/218/233
f 233/219/234 230/215/230 232/218/233 234/220/235
f 235/221/236 233/219/234 234/220/235 236/222/237
f 237/223/238 235/224/236 236/225/237 238/226/239
f 239/227/240 237/223/238 238/226/239 240/228/241
f 241/229/242 239/227/240 240/228/241 242/230/243
f 244/231/244 243/232/245 241/229/242 242/230/243
f 245/233/246 243/232/245 244/231/244 246/234/247
f 247/235/248 245/233/246 246/234/247 248/236/249
f 249/237/250 247/235/248 248/236/249 250/238/251
f 251/239/252 249/237/250 250/238/251 252/240/253
f 253/241/254 251/239/252 252/240/253 254/242/255
f 255/243/256 253/241/254 254/242/255 256/244/257
f 256/244/257 231/217/232 229/216/231 255/243/256
s 15
f 258/245/258 257/246/259 259/247/260 260/248/261
f 261/249/262 258/245/258 260/248/261 262/250/263
f 263/251/264 261/249/262 262/250/263 264/252/265
f 265/253/266 263/254/264 264/255/265 266/256/267
f 267/257/268 265/253/266 266/256/267 268/258/269
f 269/259/270 267/257/268 268/258/269 270/260/271
f 272/261/272 271/262/273 269/259/270 270/260/271
f 273/263/274 271/262/273 272/261/272 274/264/275
f 275/265/276 273/263/274 274/264/275 276/266/277
f 277/267/278 275/265/276 276/266/277 278/268/279
f 279/269/280 277/267/278 278/268/279 280/270/281
f 281/271/282 279/269/280 280/270/281 282/272/283
f 283/273/284 281/271/282 282/272/283 284/274/285
f 284/274/285 259/247/260 257/246/259 283/273/284
s 16
f 286/275/286 285/276/287 287/277/288 288/278/289
f 289/279/290 286/275/286 288/278/289 290/280/291
f 291/281/292 289/279/290 290/280/291 292/282/293
f 293/283/294 291/284/292 292/285/293 294/286/295
f 295/287/296 293/283/294 294/286/295 296/288/297
f 297/289/298 295/287/296 296/288/297 298/290/299
f 300/291/300 299/292/301 297/289/298 298/290/299
f 301/293/302 299/292/301 300/291/300 302/294/303
f 303/295/304 301/293/302 302/294/303 304/296/305
f 305/297/306 303/295/304 304/296/305 306/298/307
f 307/299/308 305/297/306 306/298/307 308/300/309
f 309/301/310 307/299/308 308/300/309 310/302/311
f 311/303/312 309/301/310 310/302/311 312/304/313
f 312/304/313 287/277/288 285/276/287 311/303/312
s off
f 314/305/314 313/306/315 315/307/316 316/308/317
f 316/308/318 315/307/319 317/309/320 318/310/321
f 318/310/322 317/309/323 319/311/324 320/3264/325
f 320/312/326 319/313/327 313/306/328 314/305/329
s 17
f 321/314/330 322/315/331 373/316/332 374/317/333
f 322/315/331 321/314/330 324/318/334 323/319/335
f 323/319/335 324/318/334 330/320/336 329/321/337
s 18
f 325/322/338 326/323/339 375/324/340 376/325/341
f 326/323/339 325/322/338 328/326/342 327/327/343
f 327/327/343 328/326/342 332/328/344 331/329/345
s 17
f 329/321/337 330/320/336 334/330/346 333/331/347
s 18
f 331/329/345 332/328/344 336/332/348 335/333/349
s 17
f 333/331/347 334/330/346 338/334/350 337/335/351
s 18
f 335/333/349 336/332/348 340/336/352 339/337/353
s 17
f 337/335/351 338/334/350 342/338/354 341/339/355
s 18
f 339/337/353 340/336/352 344/340/356 343/341/357
s 17
f 341/339/355 342/338/354 346/342/358 345/343/359
s 18
f 343/341/357 344/340/356 348/344/360 347/345/361
s 17
f 345/343/359 346/342/358 350/346/362 349/347/363
s 18
f 347/345/361 348/344/360 352/348/364 351/349/365
s 17
f 349/347/363 350/346/362 354/350/366 353/3267/367
s 18
f 351/349/365 352/348/364 356/352/368 355/3269/369
s 17
f 353/351/367 354/3270/366 555/354/370 556/355/371
s 18
f 355/353/369 356/3268/368 565/356/372 566/357/373
s 17
f 357/358/374 358/359/375 409/360/376 410/361/377
f 358/359/375 357/358/374 360/362/378 359/363/379
f 359/363/379 360/362/378 366/364/380 365/365/381
s 18
f 361/366/382 362/367/383 411/368/384 412/369/385
f 362/367/383 361/366/382 364/370/386 363/371/387
f 363/371/387 364/370/386 368/372/388 367/373/389
s 17
f 365/365/381 366/364/380 370/374/390 369/375/391
s 18
f 367/373/389 368/372/388 372/376/392 371/377/393
s 17
f 369/375/391 370/374/390 374/317/333 373/316/332
s 18
f 371/377/393 372/376/392 376/325/341 375/324/340
s 17
f 377/378/394 378/379/395 429/380/396 430/381/397
f 378/379/395 377/378/394 380/382/398 379/383/399
f 379/383/399 380/382/398 386/384/400 385/385/401
s 18
f 381/386/402 382/387/403 431/388/404 432/389/405
f 382/387/403 381/386/402 384/390/406 383/391/407
f 383/391/407 384/390/406 388/392/408 387/393/409
s 17
f 385/385/401 386/384/400 390/394/410 389/395/411
s 18
f 387/393/409 388/392/408 392/396/412 391/397/413
s 17
f 389/395/411 390/394/410 394/398/414 393/399/415
s 18
f 391/397/413 392/396/412 396/400/416 395/401/417
s 17
f 393/399/415 394/398/414 398/402/418 397/403/419
s 18
f 395/401/417 396/400/416 400/404/420 399/405/421
s 17
f 397/403/419 398/402/418 402/406/422 401/407/423
s 18
f 399/405/421 400/404/420 404/408/424 403/409/425
s 17
f 401/407/423 402/406/422 406/410/426 405/411/427
s 18
f 403/409/425 404/408/424 408/412/428 407/413/429
s 17
f 405/411/427 406/410/426 410/361/377 409/360/376
s 18
f 407/413/429 408/412/428 412/369/385 411/368/384
s 17
f 413/414/430 414/415/431 543/416/432 544/417/433
f 414/415/431 413/414/430 416/418/434 415/419/435
f 415/419/435 416/418/434 422/420/436 421/421/437
s 18
f 417/422/438 418/423/439 545/424/440 546/425/441
f 418/423/439 417/422/438 420/426/442 419/427/443
f 419/427/443 420/426/442 424/428/444 423/429/445
s 17
f 421/421/437 422/420/436 426/430/446 425/431/447
s 18
f 423/429/445 424/428/444 428/432/448 427/433/449
s 17
f 425/431/447 426/430/446 430/381/397 429/380/396
s 18
f 427/433/449 428/432/448 432/389/405 431/388/404
s 17
f 433/434/450 434/435/451 485/436/452 486/437/453
f 434/435/451 433/434/450 436/438/454 435/439/455
f 435/439/455 436/438/454 442/440/456 441/441/457
s 18
f 437/442/458 438/443/459 487/444/460 488/445/461
f 438/443/459 437/442/458 440/446/462 439/447/463
f 439/447/463 440/446/462 444/448/464 443/449/465
s 17
f 441/441/457 442/440/456 446/450/466 445/451/467
s 18
f 443/449/465 444/448/464 448/452/468 447/453/469
s 17
f 445/451/467 446/450/466 450/454/470 449/455/471
s 18
f 447/453/469 448/452/468 452/456/472 451/457/473
s 17
f 449/455/471 450/454/470 454/458/474 453/459/475
s 18
f 451/457/473 452/456/472 456/460/476 455/461/477
s 17
f 453/459/475 454/458/474 458/462/478 457/463/479
s 18
f 455/461/477 456/460/476 460/464/480 459/465/481
s 17
f 457/463/479 458/462/478 462/466/482 461/467/483
s 18
f 459/465/481 460/464/480 464/468/484 463/469/485
s 17
f 461/467/483 462/466/482 544/417/433 543/416/432
s 18
f 463/469/485 464/468/484 546/425/441 545/424/440
s 27
f 465/470/486 466/471/487 548/472/488 547/473/489
f 466/471/487 465/470/486 468/474/490 467/475/491
f 467/475/491 468/474/490 474/476/492 473/477/493
s 18
f 469/478/494 470/479/495 550/480/496 549/481/497
f 470/479/495 469/478/494 472/482/498 471/483/499
f 471/483/499 472/482/498 476/484/500 475/485/501
s 17
f 473/477/502 474/476/503 478/486/504 477/487/505
s 18
f 475/485/501 476/484/500 480/488/506 479/489/507
s 17
f 477/487/505 478/486/504 482/490/508 481/491/509
s 18
f 479/489/507 480/488/506 484/492/510 483/493/511
s 17
f 481/491/509 482/490/508 486/437/453 485/436/452
s 18
f 483/493/511 484/492/510 488/445/461 487/444/460
s 27
f 489/494/512 490/495/513 539/496/514 540/497/515
f 490/495/513 489/494/512 492/498/516 491/499/517
f 491/499/517 492/498/516 498/500/518 497/501/519
s 31
f 493/502/520 494/503/521 542/504/522 541/505/523
f 494/503/521 493/502/520 495/506/524 496/507/525
f 496/507/525 495/506/524 499/508/526 500/509/527
s 27
f 497/501/519 498/500/518 502/510/528 501/511/529
s 31
f 500/509/527 499/508/526 503/512/530 504/513/531
s 27
f 501/511/529 502/510/528 506/514/532 505/515/533
s 31
f 504/516/531 503/517/530 507/518/534 508/519/535
s 27
f 505/515/533 506/514/532 510/520/536 509/521/537
s 31
f 508/519/535 507/518/534 511/522/538 512/523/539
s 27
f 509/521/537 510/520/536 514/524/540 513/525/541
s 31
f 512/523/539 511/522/538 515/526/542 516/527/543
s 27
f 513/525/541 514/524/540 547/473/489 548/472/488
s 31
f 516/527/543 515/526/542 517/528/544 518/529/545
f 518/529/545 517/528/544 521/530/546 522/531/547
s 27
f 519/532/548 520/533/549 524/534/550 523/535/551
s 31
f 522/531/547 521/530/546 525/536/552 526/537/553
s 27
f 523/535/551 524/534/550 528/538/554 527/539/555
s 31
f 526/537/553 525/536/552 529/540/556 530/541/557
s 27
f 527/539/555 528/538/554 532/542/558 531/543/559
s 31
f 530/541/557 529/540/556 533/544/560 534/545/561
s 27
f 531/543/559 532/542/558 536/546/562 535/547/563
s 31
f 534/545/561 533/544/560 537/548/564 538/549/565
s 27
f 535/547/563 536/546/562 540/497/515 539/496/514
s 31
f 538/549/565 537/548/564 541/505/523 542/504/522
s 18
f 549/481/497 550/480/496 583/550/566 584/551/567
s 17
f 553/552/568 554/553/569 923/554/570 924/555/571
f 556/355/371 555/354/370 935/556/572 936/557/573
f 557/558/574 558/559/575 909/560/576 910/561/577
f 558/559/575 557/558/574 560/562/578 559/563/579
f 559/563/579 560/562/578 908/564/580 907/565/581
s off
f 562/566/582 561/567/583 563/568/584 564/569/585
s 18
f 564/570/586 563/571/587 929/572/588 930/573/589
f 566/357/373 565/356/372 933/574/590 934/575/591
f 567/576/592 568/577/593 915/578/594 916/579/595
f 568/577/593 567/576/592 570/580/596 569/581/597
f 569/581/597 570/580/596 906/582/598 905/583/599
f 571/584/600 572/585/601 574/586/602 573/587/603
f 572/585/601 571/584/600 595/588/604 596/589/605
f 573/587/603 574/586/602 576/590/606 575/591/607
f 575/591/607 576/590/606 578/592/608 577/593/609
f 577/593/609 578/592/608 580/594/610 579/595/611
f 579/595/611 580/594/610 582/596/612 581/597/613
f 581/597/613 582/596/612 584/551/567 583/550/566
f 585/598/614 586/599/615 588/600/616 587/601/617
f 587/601/617 588/600/616 590/602/618 589/603/619
f 589/603/619 590/602/618 592/604/620 591/605/621
f 591/605/621 592/604/620 594/606/622 593/607/623
f 593/607/623 594/606/622 596/589/605 595/588/604
s 39
f 597/608/624 598/609/625 624/610/626 623/611/627
f 598/609/625 597/608/624 599/612/628 600/613/629
f 600/613/629 599/612/628 601/614/630 602/615/631
f 602/615/631 601/614/630 603/616/632 604/617/633
f 604/617/633 603/616/632 605/618/634 606/619/635
f 606/619/635 605/618/634 607/620/636 608/621/637
f 608/621/637 607/620/636 609/622/638 610/623/639
f 610/623/639 609/622/638 611/624/640 612/625/641
f 612/625/641 611/624/640 613/626/642 614/627/643
f 614/627/643 613/626/642 615/628/644 616/629/645
f 616/629/645 615/628/644 617/630/646 618/631/647
f 618/632/647 617/633/646 619/634/648 620/635/649
f 620/635/649 619/634/648 621/636/650 622/637/651
f 622/637/651 621/636/650 623/611/627 624/610/626
s 40
f 625/638/652 626/639/653 628/640/654 627/641/655
f 626/639/653 625/638/652 651/642/656 652/643/657
f 627/641/655 628/640/654 630/644/658 629/645/659
f 629/645/659 630/644/658 632/646/660 631/647/661
f 631/647/661 632/646/660 634/648/662 633/649/663
f 633/649/663 634/648/662 636/650/664 635/651/665
f 635/651/665 636/650/664 638/652/666 637/653/667
f 637/653/667 638/652/666 640/654/668 639/655/669
f 639/655/669 640/654/668 642/656/670 641/657/671
f 641/657/671 642/656/670 644/658/672 643/659/673
f 643/659/673 644/658/672 646/660/674 645/661/675
f 645/662/675 646/663/674 648/664/676 647/665/677
f 647/665/677 648/664/676 650/666/678 649/667/679
f 649/667/679 650/666/678 652/643/657 651/642/656
s 41
f 653/668/680 654/669/681 680/670/682 679/671/683
f 654/669/681 653/668/680 655/672/684 656/673/685
f 656/673/685 655/672/684 657/674/686 658/675/687
f 658/675/687 657/674/686 659/676/688 660/677/689
f 660/677/689 659/676/688 661/678/690 662/679/691
f 662/679/691 661/678/690 663/680/692 664/681/693
f 664/681/693 663/680/692 665/682/694 666/683/695
f 666/683/695 665/682/694 667/684/696 668/685/697
f 668/685/697 667/684/696 669/686/698 670/687/699
f 670/687/699 669/686/698 671/688/700 672/689/701
f 672/689/701 671/688/700 673/690/702 674/691/703
f 674/692/703 673/693/702 675/694/704 676/695/705
f 676/695/705 675/694/704 677/696/706 678/697/707
f 678/697/707 677/696/706 679/671/683 680/670/682
s 42
f 681/698/708 682/699/709 684/700/710 683/701/711
f 682/699/709 681/698/708 707/702/712 708/703/713
f 683/701/711 684/700/710 686/704/714 685/705/715
f 685/705/715 686/704/714 688/706/716 687/707/717
f 687/707/717 688/706/716 690/708/718 689/709/719
f 689/709/719 690/708/718 692/710/720 691/711/721
f 691/711/721 692/710/720 694/712/722 693/713/723
f 693/713/723 694/712/722 696/714/724 695/715/725
f 695/715/725 696/714/724 698/716/726 697/717/727
f 697/717/727 698/716/726 700/718/728 699/719/729
f 699/719/729 700/718/728 702/720/730 701/721/731
f 701/722/731 702/723/730 704/724/732 703/725/733
f 703/725/733 704/724/732 706/726/734 705/727/735
f 705/727/735 706/726/734 708/703/713 707/702/712
s 43
f 709/728/736 710/729/737 736/730/738 735/731/739
f 710/729/737 709/728/736 711/732/740 712/733/741
f 712/733/741 711/732/740 713/734/742 714/735/743
f 714/735/743 713/734/742 715/736/744 716/737/745
f 716/738/745 715/739/744 717/740/746 718/741/747
f 718/741/747 717/740/746 719/742/748 720/743/749
f 720/743/749 719/742/748 721/744/750 722/745/751
f 722/745/751 721/744/750 723/746/752 724/747/753
f 724/747/753 723/746/752 725/748/754 726/749/755
f 726/749/755 725/748/754 727/750/756 728/751/757
f 728/751/757 727/750/756 729/752/758 730/753/759
f 730/753/759 729/752/758 731/754/760 732/755/761
f 732/755/761 731/754/760 733/756/762 734/757/763
f 734/757/763 733/756/762 735/731/739 736/730/738
s 44
f 737/758/764 738/759/765 740/760/766 739/761/767
f 738/759/765 737/758/764 763/762/768 764/763/769
f 739/761/767 740/760/766 742/764/770 741/765/771
f 741/765/771 742/764/770 744/766/772 743/767/773
f 743/768/773 744/769/772 746/770/774 745/771/775
f 745/771/775 746/770/774 748/772/776 747/773/777
f 747/773/777 748/772/776 750/774/778 749/775/779
f 749/775/779 750/774/778 752/776/780 751/777/781
f 751/777/781 752/776/780 754/778/782 753/779/783
f 753/779/783 754/778/782 756/780/784 755/781/785
f 755/781/785 756/780/784 758/782/786 757/783/787
f 757/783/787 758/782/786 760/784/788 759/785/789
f 759/785/789 760/784/788 762/786/790 761/787/791
f 761/787/791 762/786/790 764/763/769 763/762/768
s 45
f 765/788/792 766/789/793 792/790/794 791/791/795
f 766/789/793 765/788/792 767/792/796 768/793/797
f 768/793/797 767/792/796 769/794/798 770/795/799
f 770/795/799 769/794/798 771/796/800 772/797/801
f 772/797/801 771/796/800 773/798/802 774/799/803
f 774/799/803 773/798/802 775/800/804 776/801/805
f 776/801/805 775/800/804 777/802/806 778/803/807
f 778/803/807 777/802/806 779/804/808 780/805/809
f 780/805/809 779/804/808 781/806/810 782/807/811
f 782/807/811 781/806/810 783/808/812 784/809/813
f 784/809/813 783/808/812 785/810/814 786/811/815
f 786/812/815 785/813/814 787/814/816 788/815/817
f 788/815/817 787/814/816 789/816/818 790/817/819
f 790/817/819 789/816/818 791/791/795 792/790/794
s 46
f 793/818/820 794/819/821 796/820/822 795/821/823
f 794/819/821 793/818/820 819/822/824 820/823/825
f 795/821/823 796/820/822 798/824/826 797/825/827
f 797/825/827 798/824/826 800/826/828 799/827/829
f 799/827/829 800/826/828 802/828/830 801/829/831
f 801/829/831 802/828/830 804/830/832 803/831/833
f 803/831/833 804/830/832 806/832/834 805/833/835
f 805/833/835 806/832/834 808/834/836 807/835/837
f 807/835/837 808/834/836 810/836/838 809/837/839
f 809/837/839 810/836/838 812/838/840 811/839/841
f 811/839/841 812/838/840 814/840/842 813/841/843
f 813/842/843 814/843/842 816/844/844 815/845/845
f 815/845/845 816/844/844 818/846/846 817/847/847
f 817/847/847 818/846/846 820/823/825 819/822/824
s 47
f 821/848/848 822/849/849 848/850/850 847/851/851
f 822/849/849 821/848/848 823/852/852 824/853/853
f 824/853/853 823/852/852 825/854/854 826/855/855
f 826/855/855 825/854/854 827/856/856 828/857/857
f 828/858/857 827/859/856 829/860/858 830/861/859
f 830/861/859 829/860/858 831/862/860 832/863/861
f 832/863/861 831/862/860 833/864/862 834/865/863
f 834/865/863 833/864/862 835/866/864 836/867/865
f 836/867/865 835/866/864 837/868/866 838/869/867
f 838/869/867 837/868/866 839/870/868 840/871/869
f 840/871/869 839/870/868 841/872/870 842/873/871
f 842/873/871 841/872/870 843/874/872 844/875/873
f 844/875/873 843/874/872 845/876/874 846/877/875
f 846/877/875 845/876/874 847/851/851 848/850/850
s 48
f 849/878/876 850/879/877 876/880/878 875/881/879
f 850/879/877 849/878/876 851/882/880 852/883/881
f 852/883/881 851/882/880 853/884/882 854/885/883
f 854/885/883 853/884/882 855/886/884 856/887/885
f 856/888/885 855/889/884 857/890/886 858/891/887
f 858/891/887 857/890/886 859/892/888 860/893/889
f 860/893/889 859/892/888 861/894/890 862/895/891
f 862/895/891 861/894/890 863/896/892 864/897/893
f 864/897/893 863/896/892 865/898/894 866/899/895
f 866/899/895 865/898/894 867/900/896 868/901/897
f 868/901/897 867/900/896 869/902/898 870/903/899
f 870/903/899 869/902/898 871/904/900 872/905/901
f 872/905/901 871/904/900 873/906/902 874/907/903
f 874/907/903 873/906/902 875/881/879 876/880/878
s 49
f 877/908/904 878/909/905 880/910/906 879/911/907
f 878/909/905 877/908/904 903/912/908 904/913/909
f 879/911/907 880/910/906 882/914/910 881/915/911
f 881/915/911 882/914/910 884/916/912 883/917/913
f 883/918/913 884/919/912 886/920/914 885/921/915
f 885/921/915 886/920/914 888/922/916 887/923/917
f 887/923/917 888/922/916 890/924/918 889/925/919
f 889/925/919 890/924/918 892/926/920 891/927/921
f 891/927/921 892/926/920 894/928/922 893/929/923
f 893/929/923 894/928/922 896/930/924 895/931/925
f 895/931/925 896/930/924 898/932/926 897/933/927
f 897/933/927 898/932/926 900/934/928 899/935/929
f 899/935/929 900/934/928 902/936/930 901/937/931
f 901/937/931 902/936/930 904/913/909 903/912/908
s 18
f 905/583/599 906/582/598 934/938/591 933/939/590
s 17
f 907/565/581 908/564/580 936/557/573 935/556/572
f 910/561/577 909/560/576 913/940/932 914/941/933
f 911/942/934 912/943/935 921/944/936 922/945/937
f 912/943/935 911/942/934 914/941/933 913/940/932
s 18
f 916/579/595 915/578/594 919/946/938 920/947/939
f 917/948/940 918/949/941 927/950/942 928/951/943
f 918/949/941 917/948/940 920/947/939 919/946/938
s 17
f 922/945/937 921/944/936 925/952/944 926/953/945
f 924/555/571 923/554/570 926/953/945 925/952/944
s 18
f 928/951/943 927/950/942 931/954/946 932/955/947
f 930/573/589 929/572/588 932/955/947 931/954/946
s 50
f 380/382/948 377/378/949 382/387/950 383/391/951
f 386/384/952 380/382/948 383/391/951 387/393/953
f 390/394/954 386/384/952 387/393/953 391/397/955
f 394/398/956 390/394/954 391/397/955 395/401/957
f 398/402/958 394/398/956 395/401/957 399/405/959
f 402/406/960 398/402/958 399/405/959 403/409/961
f 407/413/962 406/410/963 402/406/960 403/409/961
f 410/361/964 406/410/963 407/413/962 411/368/965
f 416/418/966 413/414/967 418/423/968 419/427/969
f 422/420/970 416/418/966 419/427/969 423/429/971
f 426/430/972 422/420/970 423/429/971 427/433/973
f 430/381/974 426/430/972 427/433/973 431/388/975
f 377/378/949 430/381/974 431/388/975 382/387/950
f 436/438/976 433/434/977 438/443/978 439/447/979
f 442/440/980 436/438/976 439/447/979 443/449/981
f 446/450/982 442/440/980 443/449/981 447/453/983
f 450/454/984 446/450/982 447/453/983 451/457/985
f 454/458/986 450/454/984 451/457/985 455/461/987
f 458/462/988 454/458/986 455/461/987 459/465/989
f 463/469/990 462/466/991 458/462/988 459/465/989
f 468/474/992 465/470/993 470/479/994 471/483/995
f 474/476/996 468/474/992 471/483/995 475/485/997
f 478/486/998 474/476/996 475/485/997 479/489/999
f 482/490/1000 478/486/998 479/489/999 483/493/1001
f 486/437/1002 482/490/1000 483/493/1001 487/444/1003
f 433/434/977 486/437/1002 487/444/1003 438/443/978
f 324/318/1004 321/314/1005 326/323/1006 327/327/1007
f 330/320/1008 324/318/1004 327/327/1007 331/329/1009
f 334/330/1010 330/320/1008 331/329/1009 335/333/1011
f 338/334/1012 334/330/1010 335/333/1011 339/337/1013
f 342/338/1014 338/334/1012 339/337/1013 343/341/1015
f 346/342/1016 342/338/1014 343/341/1015 347/345/1017
f 351/349/1018 350/346/1019 346/342/1016 347/345/1017
f 354/350/1020 350/346/1019 351/349/1018 355/3269/1021
f 360/362/1022 357/358/1023 362/367/1024 363/371/1025
f 366/364/1026 360/362/1022 363/371/1025 367/373/1027
f 370/374/1028 366/364/1026 367/373/1027 371/377/1029
f 374/317/1030 370/374/1028 371/377/1029 375/324/1031
f 321/314/1005 374/317/1030 375/324/1031 326/323/1006
s 55
f 90/956/1032 89/957/1033 322/315/1034 323/319/1035
s 56
f 102/958/1036 103/959/1037 328/326/1038 325/322/1039
s 55
f 91/960/1040 90/956/1032 323/319/1035 329/321/1041
s 56
f 103/959/1037 104/961/1042 332/328/1043 328/326/1038
s 55
f 92/962/1044 91/960/1040 329/321/1041 333/331/1045
s 56
f 104/961/1042 105/963/1046 336/332/1047 332/328/1043
s 55
f 93/964/1048 92/962/1044 333/331/1045 337/335/1049
s 56
f 105/963/1046 106/965/1050 340/336/1051 336/332/1047
s 55
f 94/966/1052 93/964/1048 337/335/1049 341/339/1053
s 56
f 106/965/1050 107/967/1054 344/340/1055 340/336/1051
s 55
f 95/968/1056 94/966/1052 341/339/1053 345/343/1057
s 56
f 107/967/1054 108/969/1058 348/344/1059 344/340/1055
s 55
f 349/347/1060 96/970/1061 95/968/1056 345/343/1057
s 56
f 109/971/1062 352/348/1063 348/344/1059 108/969/1058
f 109/971/1062 562/972/1064 356/352/1065 352/348/1063
s 55
f 98/973/1066 97/974/1067 358/359/1068 359/363/1069
s 56
f 110/975/1070 111/976/1071 364/370/1072 361/366/1073
s 55
f 99/977/1074 98/973/1066 359/363/1069 365/365/1075
s 56
f 111/976/1071 112/978/1076 368/372/1077 364/370/1072
s 55
f 100/979/1078 99/977/1074 365/365/1075 369/375/1079
s 56
f 112/978/1076 113/980/1080 372/376/1081 368/372/1077
s 55
f 101/981/1082 100/979/1078 369/375/1079 373/316/1083
s 56
f 113/980/1080 114/982/1084 376/325/1085 372/376/1081
s 55
f 89/957/1033 101/981/1082 373/316/1083 322/315/1034
s 56
f 114/982/1084 102/958/1036 325/322/1039 376/325/1085
s 55
f 34/983/1086 33/984/1087 378/379/1088 379/383/1089
s 56
f 47/985/1090 48/986/1091 384/390/1092 381/386/1093
s 55
f 35/987/1094 34/983/1086 379/383/1089 385/385/1095
s 56
f 48/986/1091 49/988/1096 388/392/1097 384/390/1092
s 55
f 36/989/1098 35/987/1094 385/385/1095 389/395/1099
s 56
f 49/988/1096 50/990/1100 392/396/1101 388/392/1097
s 55
f 37/991/1102 36/989/1098 389/395/1099 393/399/1103
s 56
f 50/990/1100 51/992/1104 396/400/1105 392/396/1101
s 55
f 38/993/1106 37/991/1102 393/399/1103 397/403/1107
s 56
f 51/992/1104 52/994/1108 400/404/1109 396/400/1105
s 55
f 39/995/1110 38/993/1106 397/403/1107 401/407/1111
s 56
f 52/994/1108 53/996/1112 404/408/1113 400/404/1109
s 55
f 405/411/1114 40/997/1115 39/995/1110 401/407/1111
s 56
f 54/998/1116 408/412/1117 404/408/1113 53/996/1112
s 55
f 41/999/1118 40/997/1115 405/411/1114 409/360/1119
s 56
f 54/998/1116 55/1000/1120 412/369/1121 408/412/1117
s 55
f 43/1001/1122 42/1002/1123 414/415/1124 415/419/1125
s 56
f 56/1003/1126 57/1004/1127 420/426/1128 417/422/1129
s 55
f 44/1005/1130 43/1001/1122 415/419/1125 421/421/1131
s 56
f 57/1004/1127 58/1006/1132 424/428/1133 420/426/1128
s 55
f 45/1007/1134 44/1005/1130 421/421/1131 425/431/1135
s 56
f 58/1006/1132 59/1008/1136 428/432/1137 424/428/1133
s 55
f 46/1009/1138 45/1007/1134 425/431/1135 429/380/1139
s 56
f 59/1008/1136 60/1010/1140 432/389/1141 428/432/1137
s 55
f 33/984/1087 46/1009/1138 429/380/1139 378/379/1088
s 56
f 60/1010/1140 47/985/1090 381/386/1093 432/389/1141
s 55
f 62/1011/1142 61/1012/1143 434/435/1144 435/439/1145
s 56
f 75/1013/1146 76/1014/1147 440/446/1148 437/442/1149
s 55
f 63/1015/1150 62/1011/1142 435/439/1145 441/441/1151
s 56
f 76/1014/1147 77/1016/1152 444/448/1153 440/446/1148
s 55
f 64/1017/1154 63/1015/1150 441/441/1151 445/451/1155
s 56
f 77/1016/1152 78/1018/1156 448/452/1157 444/448/1153
s 55
f 65/1019/1158 64/1017/1154 445/451/1155 449/455/1159
s 56
f 78/1018/1156 79/1020/1160 452/456/1161 448/452/1157
s 55
f 66/1021/1162 65/1019/1158 449/455/1159 453/459/1163
s 56
f 79/1020/1160 80/1022/1164 456/460/1165 452/456/1161
s 55
f 67/1023/1166 66/1021/1162 453/459/1163 457/463/1167
s 56
f 80/1022/1164 81/1024/1168 460/464/1169 456/460/1165
s 55
f 461/467/1170 68/1025/1171 67/1023/1166 457/463/1167
s 56
f 82/1026/1172 464/468/1173 460/464/1169 81/1024/1168
s 55
f 70/1027/1174 69/1028/1175 466/471/1176 467/475/1177
s 56
f 83/1029/1178 84/1030/1179 472/482/1180 469/478/1181
s 55
f 71/1031/1182 70/1027/1174 467/475/1177 473/477/1183
s 56
f 84/1030/1179 85/1032/1184 476/484/1185 472/482/1180
s 55
f 72/1033/1186 71/1031/1182 473/477/1183 477/487/1187
s 56
f 85/1032/1184 86/1034/1188 480/488/1189 476/484/1185
s 55
f 73/1035/1190 72/1033/1186 477/487/1187 481/491/1191
s 56
f 86/1034/1188 87/1036/1192 484/492/1193 480/488/1189
s 55
f 74/1037/1194 73/1035/1190 481/491/1191 485/436/1195
s 56
f 87/1036/1192 88/1038/1196 488/445/1197 484/492/1193
s 55
f 61/1012/1143 74/1037/1194 485/436/1195 434/435/1144
s 56
f 88/1038/1196 75/1013/1146 437/442/1149 488/445/1197
s 50
f 492/498/1198 489/494/1199 571/584/1200 573/587/1201
f 498/500/1202 492/498/1198 573/587/1201 575/591/1203
f 502/510/1204 498/500/1202 575/591/1203 577/593/1205
f 506/514/1206 502/510/1204 577/593/1205 579/595/1207
f 510/520/1208 506/514/1206 579/595/1207 581/597/1209
f 514/524/1210 510/520/1208 581/597/1209 583/550/1211
f 524/534/1212 520/533/1213 585/598/1214 587/601/1215
f 528/538/1216 524/534/1212 587/601/1215 589/603/1217
f 532/542/1218 528/538/1216 589/603/1217 591/605/1219
f 536/546/1220 532/542/1218 591/605/1219 593/607/1221
f 540/497/1222 536/546/1220 593/607/1221 595/588/1223
f 595/588/1223 571/584/1200 489/494/1199 540/497/1222
s 55
f 130/1039/1224 129/1040/1225 490/495/1226 491/499/1227
s 70
f 115/1041/1228 116/1042/1229 495/506/1230 493/502/1231
s 55
f 131/1043/1232 130/1039/1224 491/499/1227 497/501/1233
s 70
f 116/1042/1229 117/1044/1234 499/508/1235 495/506/1230
s 55
f 132/1045/1236 131/1043/1232 497/501/1233 501/511/1237
s 70
f 117/1044/1234 118/1046/1238 503/512/1239 499/508/1235
s 55
f 133/1047/1240 132/1045/1236 501/511/1237 505/515/1241
s 70
f 118/1048/1238 119/1049/1242 507/518/1243 503/517/1239
s 55
f 134/1050/1244 133/1047/1240 505/515/1241 509/521/1245
s 70
f 119/1049/1242 120/1051/1246 511/522/1247 507/518/1243
s 55
f 135/1052/1248 134/1050/1244 509/521/1245 513/525/1249
s 70
f 120/1051/1246 121/1053/1250 515/526/1251 511/522/1247
f 121/1053/1250 122/1054/1252 517/528/1253 515/526/1251
f 122/1054/1252 123/1055/1254 521/530/1255 517/528/1253
s 55
f 137/1056/1256 136/1057/1257 519/532/1258 523/535/1259
s 70
f 123/1055/1254 124/1058/1260 525/536/1261 521/530/1255
s 55
f 138/1059/1262 137/1056/1256 523/535/1259 527/539/1263
s 70
f 124/1058/1260 125/1060/1264 529/540/1265 525/536/1261
s 55
f 139/1061/1266 138/1059/1262 527/539/1263 531/543/1267
s 70
f 125/1060/1264 126/1062/1268 533/544/1269 529/540/1265
s 55
f 140/1063/1270 139/1061/1266 531/543/1267 535/547/1271
s 70
f 126/1062/1268 127/1064/1272 537/548/1273 533/544/1269
s 55
f 141/1065/1274 140/1063/1270 535/547/1271 539/496/1275
s 70
f 127/1064/1272 128/1066/1276 541/505/1277 537/548/1273
f 128/1066/1276 115/1041/1228 493/502/1231 541/505/1277
s 55
f 129/1040/1225 141/1065/1274 539/496/1275 490/495/1226
f 68/1025/1171 461/467/1170 543/416/1278 142/1067/1279
s 56
f 464/468/1173 82/1026/1172 143/1068/1280 546/425/1281
s 50
f 462/466/991 463/469/990 545/424/1282 544/417/1283
s 55
f 414/415/1124 42/1002/1123 142/1067/1279 543/416/1278
s 56
f 56/1003/1126 417/422/1129 546/425/1281 143/1068/1280
s 50
f 418/423/968 413/414/967 544/417/1283 545/424/1282
s 55
f 466/471/1176 69/1028/1175 144/1069/1284 548/472/1285
s 56
f 83/1029/1178 469/478/1181 549/481/1286 145/1070/1287
s 50
f 470/479/994 465/470/993 547/473/1288 550/480/1289
s 55
f 358/359/1068 97/974/1067 41/999/1118 409/360/1119
s 56
f 110/975/1070 361/366/1073 412/369/1121 55/1000/1120
s 50
f 362/367/1024 357/358/1023 410/361/964 411/368/965
s 55
f 554/1071/1290 552/1072/1291 353/351/1292 556/355/1293
s 56
f 356/3268/1065 562/1073/1064 564/1074/1294 565/356/1295
s 50
f 354/3270/1020 355/353/1021 566/357/1296 555/354/1297
s 72
f 599/612/1298 597/608/1299 625/638/1300 627/641/1301
f 601/614/1302 599/612/1298 627/641/1301 629/645/1303
f 603/616/1304 601/614/1302 629/645/1303 631/647/1305
f 605/618/1306 603/616/1304 631/647/1305 633/649/1307
f 607/620/1308 605/618/1306 633/649/1307 635/651/1309
f 609/622/1310 607/620/1308 635/651/1309 637/653/1311
f 639/655/1312 611/624/1313 609/622/1310 637/653/1311
f 613/626/1314 611/624/1313 639/655/1312 641/657/1315
f 615/628/1316 613/626/1314 641/657/1315 643/659/1317
f 617/630/1318 615/628/1316 643/659/1317 645/661/1319
f 619/634/1320 617/633/1318 645/662/1319 647/665/1321
f 621/636/1322 619/634/1320 647/665/1321 649/667/1323
f 623/611/1324 621/636/1322 649/667/1323 651/642/1325
f 651/642/1325 625/638/1300 597/608/1299 623/611/1324
s 73
f 655/672/1326 653/668/1327 681/698/1328 683/701/1329
f 657/674/1330 655/672/1326 683/701/1329 685/705/1331
f 659/676/1332 657/674/1330 685/705/1331 687/707/1333
f 661/678/1334 659/676/1332 687/707/1333 689/709/1335
f 663/680/1336 661/678/1334 689/709/1335 691/711/1337
f 665/682/1338 663/680/1336 691/711/1337 693/713/1339
f 695/715/1340 667/684/1341 665/682/1338 693/713/1339
f 669/686/1342 667/684/1341 695/715/1340 697/717/1343
f 671/688/1344 669/686/1342 697/717/1343 699/719/1345
f 673/690/1346 671/688/1344 699/719/1345 701/721/1347
f 675/694/1348 673/693/1346 701/722/1347 703/725/1349
f 677/696/1350 675/694/1348 703/725/1349 705/727/1351
f 679/671/1352 677/696/1350 705/727/1351 707/702/1353
f 707/702/1353 681/698/1328 653/668/1327 679/671/1352
s 74
f 711/732/1354 709/728/1355 737/758/1356 739/761/1357
f 713/734/1358 711/732/1354 739/761/1357 741/765/1359
f 715/736/1360 713/734/1358 741/765/1359 743/767/1361
f 717/740/1362 715/739/1360 743/768/1361 745/771/1363
f 719/742/1364 717/740/1362 745/771/1363 747/773/1365
f 721/744/1366 719/742/1364 747/773/1365 749/775/1367
f 751/777/1368 723/746/1369 721/744/1366 749/775/1367
f 725/748/1370 723/746/1369 751/777/1368 753/779/1371
f 727/750/1372 725/748/1370 753/779/1371 755/781/1373
f 729/752/1374 727/750/1372 755/781/1373 757/783/1375
f 731/754/1376 729/752/1374 757/783/1375 759/785/1377
f 733/756/1378 731/754/1376 759/785/1377 761/787/1379
f 735/731/1380 733/756/1378 761/787/1379 763/762/1381
f 763/762/1381 737/758/1356 709/728/1355 735/731/1380
s 75
f 767/792/1382 765/788/1383 793/818/1384 795/821/1385
f 769/794/1386 767/792/1382 795/821/1385 797/825/1387
f 771/796/1388 769/794/1386 797/825/1387 799/827/1389
f 773/798/1390 771/796/1388 799/827/1389 801/829/1391
f 775/800/1392 773/798/1390 801/829/1391 803/831/1393
f 777/802/1394 775/800/1392 803/831/1393 805/833/1395
f 807/835/1396 779/804/1397 777/802/1394 805/833/1395
f 781/806/1398 779/804/1397 807/835/1396 809/837/1399
f 783/808/1400 781/806/1398 809/837/1399 811/839/1401
f 785/810/1402 783/808/1400 811/839/1401 813/841/1403
f 787/814/1404 785/813/1402 813/842/1403 815/845/1405
f 789/816/1406 787/814/1404 815/845/1405 817/847/1407
f 791/791/1408 789/816/1406 817/847/1407 819/822/1409
f 819/822/1409 793/818/1384 765/788/1383 791/791/1408
s 76
f 823/852/1410 821/848/1411 877/908/1412 879/911/1413
f 825/854/1414 823/852/1410 879/911/1413 881/915/1415
f 827/856/1416 825/854/1414 881/915/1415 883/917/1417
f 829/860/1418 827/859/1416 883/918/1417 885/921/1419
f 831/862/1420 829/860/1418 885/921/1419 887/923/1421
f 833/864/1422 831/862/1420 887/923/1421 889/925/1423
f 891/927/1424 835/866/1425 833/864/1422 889/925/1423
f 837/868/1426 835/866/1425 891/927/1424 893/929/1427
f 839/870/1428 837/868/1426 893/929/1427 895/931/1429
f 841/872/1430 839/870/1428 895/931/1429 897/933/1431
f 843/874/1432 841/872/1430 897/933/1431 899/935/1433
f 845/876/1434 843/874/1432 899/935/1433 901/937/1435
f 847/851/1436 845/876/1434 901/937/1435 903/912/1437
f 903/912/1437 877/908/1412 821/848/1411 847/851/1436
s 77
f 851/882/1438 849/878/1439 494/503/1440 496/507/1441
f 853/884/1442 851/882/1438 496/507/1441 500/509/1443
f 855/886/1444 853/884/1442 500/509/1443 504/513/1445
f 857/890/1446 855/889/1444 504/516/1445 508/519/1447
f 859/892/1448 857/890/1446 508/519/1447 512/523/1449
f 861/894/1450 859/892/1448 512/523/1449 516/527/1451
f 518/529/1452 863/896/1453 861/894/1450 516/527/1451
f 865/898/1454 863/896/1453 518/529/1452 522/531/1455
f 867/900/1456 865/898/1454 522/531/1455 526/537/1457
f 869/902/1458 867/900/1456 526/537/1457 530/541/1459
f 871/904/1460 869/902/1458 530/541/1459 534/545/1461
f 873/906/1462 871/904/1460 534/545/1461 538/549/1463
f 875/881/1464 873/906/1462 538/549/1463 542/504/1465
f 494/503/1440 849/878/1439 875/881/1464 542/504/1465
s 56
f 574/586/1466 572/585/1467 146/1075/1468 147/1076/1469
s 79
f 598/609/1470 600/613/1471 149/1077/1472 148/1078/1473
s 56
f 576/590/1474 574/586/1466 147/1076/1469 150/1079/1475
s 79
f 600/613/1471 602/615/1476 151/1080/1477 149/1077/1472
s 56
f 578/592/1478 576/590/1474 150/1079/1475 152/1081/1479
s 79
f 602/615/1476 604/617/1480 153/1082/1481 151/1080/1477
s 56
f 580/594/1482 578/592/1478 152/1081/1479 154/1083/1483
s 79
f 604/617/1480 606/619/1484 155/1084/1485 153/1082/1481
s 56
f 582/596/1486 580/594/1482 154/1083/1483 156/1085/1487
s 79
f 606/619/1484 608/621/1488 157/1086/1489 155/1084/1485
s 56
f 584/551/1490 582/596/1486 156/1085/1487 158/1087/1491
s 79
f 608/621/1488 610/623/1492 159/1088/1493 157/1086/1489
f 612/625/1494 160/1089/1495 159/1088/1493 610/623/1492
f 612/625/1494 614/627/1496 162/1090/1497 160/1089/1495
s 56
f 588/600/1498 586/599/1499 161/1091/1500 163/1092/1501
s 79
f 614/627/1496 616/629/1502 164/1093/1503 162/1090/1497
s 56
f 590/602/1504 588/600/1498 163/1092/1501 165/1094/1505
s 79
f 616/629/1502 618/631/1506 166/1095/1507 164/1093/1503
s 56
f 592/604/1508 590/602/1504 165/1094/1505 167/1096/1509
s 79
f 618/632/1506 620/635/1510 168/1097/1511 166/1098/1507
s 56
f 594/606/1512 592/604/1508 167/1096/1509 169/1099/1513
s 79
f 620/635/1510 622/637/1514 170/1100/1515 168/1097/1511
s 56
f 596/589/1516 594/606/1512 169/1099/1513 171/1101/1517
s 79
f 622/637/1514 624/610/1518 172/1102/1519 170/1100/1515
f 624/610/1518 598/609/1470 148/1078/1473 172/1102/1519
s 56
f 572/585/1467 596/589/1516 171/1101/1517 146/1075/1468
s 81
f 628/640/1520 626/639/1521 173/1103/1522 174/1104/1523
s 82
f 654/669/1524 656/673/1525 176/1105/1526 175/1106/1527
s 81
f 630/644/1528 628/640/1520 174/1104/1523 177/1107/1529
s 82
f 656/673/1525 658/675/1530 178/1108/1531 176/1105/1526
s 81
f 632/646/1532 630/644/1528 177/1107/1529 179/1109/1533
s 82
f 658/675/1530 660/677/1534 180/1110/1535 178/1108/1531
s 81
f 634/648/1536 632/646/1532 179/1109/1533 181/1111/1537
s 82
f 660/677/1534 662/679/1538 182/1112/1539 180/1110/1535
s 81
f 636/650/1540 634/648/1536 181/1111/1537 183/1113/1541
s 82
f 662/679/1538 664/681/1542 184/1114/1543 182/1112/1539
s 81
f 638/652/1544 636/650/1540 183/1113/1541 185/1115/1545
s 82
f 664/681/1542 666/683/1546 186/1116/1547 184/1114/1543
s 81
f 185/1115/1545 187/1117/1548 640/654/1549 638/652/1544
s 82
f 668/685/1550 188/1118/1551 186/1116/1547 666/683/1546
s 81
f 642/656/1552 640/654/1549 187/1117/1548 189/1119/1553
s 82
f 668/685/1550 670/687/1554 190/1120/1555 188/1118/1551
s 81
f 644/658/1556 642/656/1552 189/1119/1553 191/1121/1557
s 82
f 670/687/1554 672/689/1558 192/1122/1559 190/1120/1555
s 81
f 646/660/1560 644/658/1556 191/1121/1557 193/1123/1561
s 82
f 672/689/1558 674/691/1562 194/1124/1563 192/1122/1559
s 81
f 648/664/1564 646/663/1560 193/1125/1561 195/1126/1565
s 82
f 674/692/1562 676/695/1566 196/1127/1567 194/1128/1563
s 81
f 650/666/1568 648/664/1564 195/1126/1565 197/1129/1569
s 82
f 676/695/1566 678/697/1570 198/1130/1571 196/1127/1567
s 81
f 652/643/1572 650/666/1568 197/1129/1569 199/1131/1573
s 82
f 678/697/1570 680/670/1574 200/1132/1575 198/1130/1571
f 680/670/1574 654/669/1524 175/1106/1527 200/1132/1575
s 81
f 626/639/1521 652/643/1572 199/1131/1573 173/1103/1522
s 83
f 684/700/1576 682/699/1577 201/1133/1578 202/1134/1579
s 84
f 710/729/1580 712/733/1581 204/1135/1582 203/1136/1583
s 83
f 686/704/1584 684/700/1576 202/1134/1579 205/1137/1585
s 84
f 712/733/1581 714/735/1586 206/1138/1587 204/1135/1582
s 83
f 688/706/1588 686/704/1584 205/1137/1585 207/1139/1589
s 84
f 714/735/1586 716/737/1590 208/1140/1591 206/1138/1587
s 83
f 690/708/1592 688/706/1588 207/1139/1589 209/1141/1593
s 84
f 716/738/1590 718/741/1594 210/1142/1595 208/1143/1591
s 83
f 692/710/1596 690/708/1592 209/1141/1593 211/1144/1597
s 84
f 718/741/1594 720/743/1598 212/1145/1599 210/1142/1595
s 83
f 694/712/1600 692/710/1596 211/1144/1597 213/1146/1601
s 84
f 720/743/1598 722/745/1602 214/1147/1603 212/1145/1599
s 83
f 213/1146/1601 215/1148/1604 696/714/1605 694/712/1600
s 84
f 724/747/1606 216/1149/1607 214/1147/1603 722/745/1602
s 83
f 698/716/1608 696/714/1605 215/1148/1604 217/1150/1609
s 84
f 724/747/1606 726/749/1610 218/1151/1611 216/1149/1607
s 83
f 700/718/1612 698/716/1608 217/1150/1609 219/1152/1613
s 84
f 726/749/1610 728/751/1614 220/1153/1615 218/1151/1611
s 83
f 702/720/1616 700/718/1612 219/1152/1613 221/1154/1617
s 84
f 728/751/1614 730/753/1618 222/1155/1619 220/1153/1615
s 83
f 704/724/1620 702/723/1616 221/1156/1617 223/1157/1621
s 84
f 730/753/1618 732/755/1622 224/1158/1623 222/1155/1619
s 83
f 706/726/1624 704/724/1620 223/1157/1621 225/1159/1625
s 84
f 732/755/1622 734/757/1626 226/1160/1627 224/1158/1623
s 83
f 708/703/1628 706/726/1624 225/1159/1625 227/1161/1629
s 84
f 734/757/1626 736/730/1630 228/1162/1631 226/1160/1627
f 736/730/1630 710/729/1580 203/1136/1583 228/1162/1631
s 83
f 682/699/1577 708/703/1628 227/1161/1629 201/1133/1578
s 85
f 740/760/1632 738/759/1633 229/1163/1634 230/1164/1635
s 86
f 766/789/1636 768/793/1637 232/1165/1638 231/1166/1639
s 85
f 742/764/1640 740/760/1632 230/1164/1635 233/1167/1641
s 86
f 768/793/1637 770/795/1642 234/1168/1643 232/1165/1638
s 85
f 744/766/1644 742/764/1640 233/1167/1641 235/1169/1645
s 86
f 770/795/1642 772/797/1646 236/1170/1647 234/1168/1643
s 85
f 746/770/1648 744/769/1644 235/1171/1645 237/1172/1649
s 86
f 772/797/1646 774/799/1650 238/1173/1651 236/1170/1647
s 85
f 748/772/1652 746/770/1648 237/1172/1649 239/1174/1653
s 86
f 774/799/1650 776/801/1654 240/1175/1655 238/1173/1651
s 85
f 750/774/1656 748/772/1652 239/1174/1653 241/1176/1657
s 86
f 776/801/1654 778/803/1658 242/1177/1659 240/1175/1655
s 85
f 241/1176/1657 243/1178/1660 752/776/1661 750/774/1656
s 86
f 780/805/1662 244/1179/1663 242/1177/1659 778/803/1658
s 85
f 754/778/1664 752/776/1661 243/1178/1660 245/1180/1665
s 86
f 780/805/1662 782/807/1666 246/1181/1667 244/1179/1663
s 85
f 756/780/1668 754/778/1664 245/1180/1665 247/1182/1669
s 86
f 782/807/1666 784/809/1670 248/1183/1671 246/1181/1667
s 85
f 758/782/1672 756/780/1668 247/1182/1669 249/1184/1673
s 86
f 784/809/1670 786/811/1674 250/1185/1675 248/1183/1671
s 85
f 760/784/1676 758/782/1672 249/1184/1673 251/1186/1677
s 86
f 786/812/1674 788/815/1678 252/1187/1679 250/1188/1675
s 85
f 762/786/1680 760/784/1676 251/1186/1677 253/1189/1681
s 86
f 788/815/1678 790/817/1682 254/1190/1683 252/1187/1679
s 85
f 764/763/1684 762/786/1680 253/1189/1681 255/1191/1685
s 86
f 790/817/1682 792/790/1686 256/1192/1687 254/1190/1683
f 792/790/1686 766/789/1636 231/1166/1639 256/1192/1687
s 85
f 738/759/1633 764/763/1684 255/1191/1685 229/1163/1634
s 87
f 796/820/1688 794/819/1689 257/1193/1690 258/1194/1691
s 88
f 822/849/1692 824/853/1693 260/1195/1694 259/1196/1695
s 87
f 798/824/1696 796/820/1688 258/1194/1691 261/1197/1697
s 88
f 824/853/1693 826/855/1698 262/1198/1699 260/1195/1694
s 87
f 800/826/1700 798/824/1696 261/1197/1697 263/1199/1701
s 88
f 826/855/1698 828/857/1702 264/1200/1703 262/1198/1699
s 87
f 802/828/1704 800/826/1700 263/1199/1701 265/1201/1705
s 88
f 828/858/1702 830/861/1706 266/1202/1707 264/1203/1703
s 87
f 804/830/1708 802/828/1704 265/1201/1705 267/1204/1709
s 88
f 830/861/1706 832/863/1710 268/1205/1711 266/1202/1707
s 87
f 806/832/1712 804/830/1708 267/1204/1709 269/1206/1713
s 88
f 832/863/1710 834/865/1714 270/1207/1715 268/1205/1711
s 87
f 269/1206/1713 271/1208/1716 808/834/1717 806/832/1712
s 88
f 836/867/1718 272/1209/1719 270/1207/1715 834/865/1714
s 87
f 810/836/1720 808/834/1717 271/1208/1716 273/1210/1721
s 88
f 836/867/1718 838/869/1722 274/1211/1723 272/1209/1719
s 87
f 812/838/1724 810/836/1720 273/1210/1721 275/1212/1725
s 88
f 838/869/1722 840/871/1726 276/1213/1727 274/1211/1723
s 87
f 814/840/1728 812/838/1724 275/1212/1725 277/1214/1729
s 88
f 840/871/1726 842/873/1730 278/1215/1731 276/1213/1727
s 87
f 816/844/1732 814/843/1728 277/1216/1729 279/1217/1733
s 88
f 842/873/1730 844/875/1734 280/1218/1735 278/1215/1731
s 87
f 818/846/1736 816/844/1732 279/1217/1733 281/1219/1737
s 88
f 844/875/1734 846/877/1738 282/1220/1739 280/1218/1735
s 87
f 820/823/1740 818/846/1736 281/1219/1737 283/1221/1741
s 88
f 846/877/1738 848/850/1742 284/1222/1743 282/1220/1739
f 848/850/1742 822/849/1692 259/1196/1695 284/1222/1743
s 87
f 794/819/1689 820/823/1740 283/1221/1741 257/1193/1690
s 89
f 880/910/1744 878/909/1745 285/1223/1746 286/1224/1747
s 90
f 850/879/1748 852/883/1749 288/1225/1750 287/1226/1751
s 89
f 882/914/1752 880/910/1744 286/1224/1747 289/1227/1753
s 90
f 852/883/1749 854/885/1754 290/1228/1755 288/1225/1750
s 89
f 884/916/1756 882/914/1752 289/1227/1753 291/1229/1757
s 90
f 854/885/1754 856/887/1758 292/1230/1759 290/1228/1755
s 89
f 886/920/1760 884/919/1756 291/1231/1757 293/1232/1761
s 90
f 856/888/1758 858/891/1762 294/1233/1763 292/1234/1759
s 89
f 888/922/1764 886/920/1760 293/1232/1761 295/1235/1765
s 90
f 858/891/1762 860/893/1766 296/1236/1767 294/1233/1763
s 89
f 890/924/1768 888/922/1764 295/1235/1765 297/1237/1769
s 90
f 860/893/1766 862/895/1770 298/1238/1771 296/1236/1767
s 89
f 297/1237/1769 299/1239/1772 892/926/1773 890/924/1768
s 90
f 864/897/1774 300/1240/1775 298/1238/1771 862/895/1770
s 89
f 894/928/1776 892/926/1773 299/1239/1772 301/1241/1777
s 90
f 864/897/1774 866/899/1778 302/1242/1779 300/1240/1775
s 89
f 896/930/1780 894/928/1776 301/1241/1777 303/1243/1781
s 90
f 866/899/1778 868/901/1782 304/1244/1783 302/1242/1779
s 89
f 898/932/1784 896/930/1780 303/1243/1781 305/1245/1785
s 90
f 868/901/1782 870/903/1786 306/1246/1787 304/1244/1783
s 89
f 900/934/1788 898/932/1784 305/1245/1785 307/1247/1789
s 90
f 870/903/1786 872/905/1790 308/1248/1791 306/1246/1787
s 89
f 902/936/1792 900/934/1788 307/1247/1789 309/1249/1793
s 90
f 872/905/1790 874/907/1794 310/1250/1795 308/1248/1791
s 89
f 904/913/1796 902/936/1792 309/1249/1793 311/1251/1797
s 90
f 874/907/1794 876/880/1798 312/1252/1799 310/1250/1795
f 876/880/1798 850/879/1748 287/1226/1751 312/1252/1799
s 89
f 878/909/1745 904/913/1796 311/1251/1797 285/1223/1746
s 55
f 135/1052/1248 513/525/1249 548/472/1285 144/1069/1284
s 50
f 514/524/1210 583/550/1211 550/480/1289 547/473/1288
s 56
f 584/551/1490 158/1087/1491 145/1070/1287 549/481/1286
s off
f 551/1253/1800 553/552/1801 563/568/1802 561/567/1803
s 50
f 559/563/1804 570/1254/1805 567/1255/1806 558/559/1807
s 92
f 917/1256/1808 912/943/1809 913/940/1810 920/1257/1811
s 56
f 905/583/1812 314/305/1813 568/577/1814 569/581/1815
s 50
f 907/565/1816 906/1258/1817 570/1254/1805 559/563/1804
s 55
f 313/306/1818 908/564/1819 560/562/1820 557/558/1821
f 313/306/1818 557/558/1821 910/561/1822 315/307/1823
s off
f 558/559/1824 567/1255/1825 916/1259/1826 909/560/1827
s 56
f 568/577/1814 314/305/1813 316/308/1828 915/578/1829
s 95
f 929/1260/1830 924/555/1831 925/952/1832 932/1261/1833
s 56
f 915/578/1829 316/308/1828 918/949/1834 919/946/1835
s 92
f 909/560/1836 916/1259/1837 920/1257/1811 913/940/1810
s 55
f 315/307/1823 910/561/1822 914/941/1838 911/942/1839
f 315/307/1823 911/942/1839 922/945/1840 317/309/1841
s off
f 912/943/1842 917/1256/1843 928/1262/1844 921/944/1845
s 56
f 918/949/1834 316/308/1828 318/310/1846 927/950/1847
f 927/950/1847 318/310/1846 930/573/1848 931/954/1849
s 95
f 921/944/1850 928/1262/1851 932/1261/1833 925/952/1832
s 55
f 317/309/1841 922/945/1840 926/953/1852 923/554/1853
f 317/309/1841 923/554/1853 554/553/1290 319/311/1854
s off
f 924/555/1855 929/1260/1856 563/568/1857 553/552/1858
s 56
f 930/573/1848 318/310/1846 320/3264/1859 564/570/1294
f 565/1263/1295 564/3265/1294 320/312/1859 933/939/1860
s 50
f 555/354/1297 566/357/1296 934/575/1861 935/556/1862
s 55
f 554/1071/1290 556/355/1293 936/557/1863 319/313/1854
s 56
f 933/939/1860 320/312/1859 314/305/1813 905/583/1812
s 50
f 935/556/1862 934/575/1861 906/1258/1817 907/565/1816
s 55
f 319/313/1854 936/557/1863 908/564/1819 313/306/1818
f 552/3266/1291 96/970/1061 349/347/1060 353/3267/1292
s 96
f 937/1264/1864 938/1265/1865 940/1266/1866 939/1267/1867
f 938/1265/1865 937/1264/1864 963/1268/1868 964/1269/1869
f 939/1267/1867 940/1266/1866 942/1270/1870 941/1271/1871
f 941/1271/1871 942/1270/1870 944/1272/1872 943/1273/1873
f 943/1273/1873 944/1272/1872 946/1274/1874 945/1275/1875
f 945/1275/1875 946/1274/1874 948/1276/1876 947/1277/1877
f 947/1277/1877 948/1276/1876 950/1278/1878 949/1279/1879
f 949/1279/1879 950/1278/1878 952/1280/1880 951/1281/1881
f 951/1281/1881 952/1280/1880 954/1282/1882 953/1283/1883
f 953/1283/1883 954/1282/1882 956/1284/1884 955/1285/1885
f 955/1285/1885 956/1284/1884 958/1286/1886 957/1287/1887
f 957/1287/1887 958/1286/1886 960/1288/1888 959/1289/1889
f 959/1290/1889 960/1291/1888 962/1292/1890 961/1293/1891
f 961/1293/1891 962/1292/1890 964/1269/1869 963/1268/1868
s 97
f 937/3271/1892 939/3272/1893 32/3273/1894
f 939/3272/1893 941/3274/1895 32/3273/1894
f 941/3274/1895 943/3276/1896 32/3273/1894
f 943/3276/1896 945/3278/1897 32/3273/1894
f 945/3278/1897 947/3280/1898 32/3273/1894
f 947/3280/1898 949/3282/1899 32/3273/1894
f 949/3282/1899 951/3284/1900 32/3273/1894
f 951/3284/1900 953/3285/1901 32/3273/1894
f 953/3285/1901 955/3283/1902 32/3273/1894
f 955/3283/1902 957/3281/1903 32/3273/1894
f 957/3281/1903 959/3279/1904 32/3273/1894
f 959/3279/1904 961/3277/1905 32/3273/1894
f 961/3277/1905 963/3275/1906 32/3273/1894
f 963/3275/1906 937/3271/1892 32/3273/1894
s 98
f 116/1294/1907 115/1295/1908 938/1265/1909 964/1269/1910
f 117/1296/1911 116/1294/1907 964/1269/1910 962/1292/1912
f 118/1297/1913 117/1296/1911 962/1292/1912 960/1291/1914
f 119/1298/1915 118/1299/1913 960/1288/1914 958/1286/1916
f 120/1300/1917 119/1298/1915 958/1286/1916 956/1284/1918
f 121/1301/1919 120/1300/1917 956/1284/1918 954/1282/1920
f 954/1282/1920 952/1280/1921 122/1302/1922 121/1301/1919
f 123/1303/1923 122/1302/1922 952/1280/1921 950/1278/1924
f 124/1304/1925 123/1303/1923 950/1278/1924 948/1276/1926
f 125/1305/1927 124/1304/1925 948/1276/1926 946/1274/1928
f 126/1306/1929 125/1305/1927 946/1274/1928 944/1272/1930
f 127/1307/1931 126/1306/1929 944/1272/1930 942/1270/1932
f 128/1308/1933 127/1307/1931 942/1270/1932 940/1266/1934
f 938/1265/1909 115/1295/1908 128/1308/1933 940/1266/1934
s 99
f 97/30/1935 22/29/1936 965/1309/1937 552/1310/1938
f 552/1310/1938 965/1309/1937 24/32/1939 96/31/1940
s off
f 159/142/1941 160/1311/1942 145/1312/1943 158/141/1944
f 82/1313/1945 81/87/1946 135/88/1947 144/1314/1948
f 54/1315/1949 53/61/1950 67/62/1951 68/1316/1952
f 39/115/1953 40/1317/1954 109/1318/1955 108/116/1956
s 27
f 520/533/549 519/532/548 966/1319/1957
s 18
f 586/599/615 585/598/614 966/1319/1958
s 50
f 585/598/1214 520/533/1213 966/1319/1959
s 55
f 519/532/1258 136/1320/1257 966/1319/1960
s 56
f 161/1321/1500 586/599/1499 966/1319/1961
s off
f 83/90/1962 145/1322/1963 966/1323/1964 136/91/1965
f 69/1324/1966 70/65/1967 56/64/1968 143/1325/1969
f 142/1326/1970 42/120/1971 110/119/1972 55/1327/1973
f 143/1325/1974 82/1313/1975 144/1314/1976 69/1324/1977
f 55/1327/1978 54/1315/1979 68/1316/1980 142/1326/1981
f 40/1317/1982 41/1328/1983 562/1329/1984 109/1318/1985
f 551/1330/1986 561/1331/1987 552/1332/1988
f 561/1331/1989 562/1333/1990 552/1332/1991
f 552/1334/1992 554/1335/1993 553/552/1994 551/1253/1995
f 41/1328/1996 97/30/1997 552/1310/1998 562/1329/1999
s 100
f 967/1336/2000 968/1337/2001 1023/1338/2002 1010/1339/2003
f 968/1337/2001 969/1340/2004 1022/1341/2005 1023/1338/2002
f 969/1340/2004 970/1342/2006 1021/1343/2007 1022/1341/2005
f 970/1342/2006 971/1344/2008 1020/1345/2009 1021/1343/2007
f 971/1344/2008 972/1346/2010 1019/1347/2011 1020/1345/2009
f 972/1346/2010 973/1348/2012 1018/1349/2013 1019/1347/2011
f 973/1348/2012 974/1350/2014 1017/1351/2015 1018/1349/2013
f 974/1350/2014 975/1352/2016 1016/1353/2017 1017/1351/2015
f 975/1354/2016 976/1355/2018 1015/1356/2019 1016/1357/2017
f 976/1355/2018 977/1358/2020 1014/1359/2021 1015/1356/2019
f 977/1358/2020 978/1360/2022 1013/1361/2023 1014/1359/2021
f 978/1360/2022 979/1362/2024 1012/1363/2025 1013/1361/2023
f 979/1362/2024 980/1364/2026 1011/1365/2027 1012/1363/2025
f 980/1364/2026 967/1336/2000 1010/1339/2003 1011/1365/2027
s 101
f 968/3218/2028 967/3219/2029 995/3220/2030
f 969/3222/2031 968/3218/2028 995/3220/2030
f 970/3224/2032 969/3222/2031 995/3220/2030
f 971/3226/2033 970/3224/2032 995/3220/2030
f 972/3228/2034 971/3226/2033 995/3220/2030
f 973/3230/2035 972/3228/2034 995/3220/2030
f 974/3232/2036 973/3230/2035 995/3220/2030
f 975/3231/2037 974/3232/2036 995/3220/2030
f 976/3229/2038 975/3231/2037 995/3220/2030
f 977/3227/2039 976/3229/2038 995/3220/2030
f 978/3225/2040 977/3227/2039 995/3220/2030
f 979/3223/2041 978/3225/2040 995/3220/2030
f 980/3221/2042 979/3223/2041 995/3220/2030
f 967/3219/2029 980/3221/2042 995/3220/2030
s 102
f 997/1366/2043 996/1367/2044 981/1368/2045 994/1369/2046
f 998/1370/2047 997/1366/2043 994/1369/2046 993/1371/2048
f 999/1372/2049 998/1370/2047 993/1371/2048 992/1373/2050
f 1000/1374/2051 999/1372/2049 992/1373/2050 991/1375/2052
f 1001/1376/2053 1000/1374/2051 991/1375/2052 990/1377/2054
f 1002/1378/2055 1001/1376/2053 990/1377/2054 989/1379/2056
f 1003/1380/2057 1002/1381/2055 989/1382/2056 988/1383/2058
f 1004/1384/2059 1003/1380/2057 988/1383/2058 987/1385/2060
f 1005/1386/2061 1004/1384/2059 987/1385/2060 986/1387/2062
f 1006/1388/2063 1005/1386/2061 986/1387/2062 985/1389/2064
f 1007/1390/2065 1006/1388/2063 985/1389/2064 984/1391/2066
f 1008/1392/2067 1007/1390/2065 984/1391/2066 983/1393/2068
f 1009/1394/2069 1008/1392/2067 983/1393/2068 982/1395/2070
f 996/1367/2044 1009/1394/2069 982/1395/2070 981/1368/2045
s 103
f 1025/1396/2071 1024/1397/2072 1026/1398/2073 1027/1399/2074
f 1028/1400/2075 1025/1396/2071 1027/1399/2074 1029/1401/2076
f 1030/1402/2077 1028/1400/2075 1029/1401/2076 1031/1403/2078
f 1032/1404/2079 1030/1402/2077 1031/1403/2078 1033/1405/2080
f 1034/1406/2081 1032/1404/2079 1033/1405/2080 1035/1407/2082
f 1036/1408/2083 1034/1406/2081 1035/1407/2082 1037/1409/2084
f 1038/1410/2085 1036/1411/2083 1037/1412/2084 1039/1413/2086
f 1040/1414/2087 1038/1410/2085 1039/1413/2086 1041/1415/2088
f 1042/1416/2089 1040/1414/2087 1041/1415/2088 1043/1417/2090
f 1044/1418/2091 1042/1416/2089 1043/1417/2090 1045/1419/2092
f 1046/1420/2093 1044/1418/2091 1045/1419/2092 1047/1421/2094
f 1048/1422/2095 1046/1420/2093 1047/1421/2094 1049/1423/2096
f 1050/1424/2097 1048/1422/2095 1049/1423/2096 1051/1425/2098
f 1024/1397/2072 1050/1424/2097 1051/1425/2098 1026/1398/2073
s off
f 1011/1426/2099 1010/1427/2100 1024/1397/2101 1025/1396/2102
f 996/1428/2103 997/1429/2104 1027/1399/2105 1026/1398/2106
f 1012/1430/2107 1011/1426/2108 1025/1396/2109 1028/1400/2110
f 997/1429/2111 998/1431/2112 1029/1401/2113 1027/1399/2114
f 1013/1432/2115 1012/1430/2116 1028/1400/2117 1030/1402/2118
f 998/1431/2119 999/1433/2120 1031/1403/2121 1029/1401/2122
f 1014/1434/2123 1013/1432/2124 1030/1402/2125 1032/1404/2126
f 999/1433/2127 1000/1435/2128 1033/1405/2129 1031/1403/2130
f 1015/1436/2131 1014/1434/2132 1032/1404/2133 1034/1406/2134
f 1000/1435/2135 1001/1437/2136 1035/1407/2137 1033/1405/2138
f 1016/1438/2139 1015/1436/2140 1034/1406/2141 1036/1408/2142
f 1001/1437/2143 1002/1439/2144 1037/1409/2145 1035/1407/2146
f 1017/1440/2147 1016/1441/2148 1036/1411/2149 1038/1410/2150
f 1002/1442/2151 1003/1443/2152 1039/1413/2153 1037/1412/2154
f 1018/1444/2155 1017/1440/2156 1038/1410/2157 1040/1414/2158
f 1003/1443/2159 1004/1445/2160 1041/1415/2161 1039/1413/2162
f 1019/1446/2163 1018/1444/2164 1040/1414/2165 1042/1416/2166
f 1004/1445/2167 1005/1447/2168 1043/1417/2169 1041/1415/2170
f 1020/1448/2171 1019/1446/2172 1042/1416/2173 1044/1418/2174
f 1005/1447/2175 1006/1449/2176 1045/1419/2177 1043/1417/2178
f 1021/1450/2179 1020/1448/2180 1044/1418/2181 1046/1420/2182
f 1006/1449/2183 1007/1451/2184 1047/1421/2185 1045/1419/2186
f 1022/1452/2187 1021/1450/2188 1046/1420/2189 1048/1422/2190
f 1007/1451/2191 1008/1453/2192 1049/1423/2193 1047/1421/2194
f 1023/1454/2195 1022/1452/2196 1048/1422/2197 1050/1424/2198
f 1008/1453/2199 1009/1455/2200 1051/1425/2201 1049/1423/2202
f 1010/1427/2203 1023/1454/2204 1050/1424/2205 1024/1397/2206
f 1009/1455/2207 996/1428/2208 1026/1398/2209 1051/1425/2210
f 1052/1456/2211 1054/1457/2212 1067/1458/2213 1069/1459/2214
f 1053/1460/2215 1052/1461/2216 1056/1462/2217 1055/1463/2218
s 104
f 1054/1464/2219 1053/1460/2220 1058/1465/2221 1057/1466/2222
s off
f 1055/1467/2223 1056/1468/2224 1084/1469/2225 1085/1470/2226
f 1057/1471/2227 1059/1472/2228 1063/1473/2229 1062/1474/2230
s 104
f 1059/1475/2231 1058/1465/2221 1060/1476/2232 1061/1477/2233
s off
f 1061/1478/2234 1060/1479/2235 1086/1480/2236 1087/1481/2237
s 105
f 1062/1482/2238 1064/1483/2239 1068/1484/2240 1067/1485/2241
f 1064/1483/2239 1063/1486/2242 1065/1487/2243 1066/1488/2244
s off
f 1066/1489/2245 1065/1490/2246 1088/1491/2247 1089/1492/2248
f 1069/1493/2249 1068/1484/2250 1070/1494/2251 1071/1495/2252
f 1071/1496/2253 1070/1497/2254 1090/1498/2255 1091/1499/2256
f 1072/1500/2257 1074/1501/2258 1085/1502/2259 1084/1503/2260
f 1073/1504/2261 1072/1505/2262 1083/1506/2263 1082/1507/2264
s 106
f 1074/1501/2265 1073/1508/2266 1076/1509/2267 1075/1510/2268
f 1075/1510/2268 1077/1511/2269 1087/1512/2270 1086/1513/2271
s off
f 1077/1514/2272 1076/1515/2273 1079/1516/2274 1078/1517/2275
s 107
f 1078/1518/2276 1080/1519/2277 1089/1520/2278 1088/1521/2279
f 1080/1519/2277 1079/1522/2280 1082/1523/2281 1081/1524/2282
s off
f 1081/1524/2283 1083/1525/2284 1091/1526/2285 1090/1527/2286
s 108
f 1053/1460/2287 1055/1463/2288 1060/1476/2289 1058/1465/2290
s off
f 1059/1472/2291 1061/1528/2292 1065/1529/2293 1063/1473/2294
s 109
f 1064/1483/2295 1066/1488/2296 1070/1494/2297 1068/1484/2298
s off
f 1069/1459/2299 1071/1530/2300 1056/1531/2301 1052/1456/2302
f 1073/1504/2303 1082/1507/2304 1079/1516/2305 1076/1515/2306
f 1067/1458/2307 1054/1457/2308 1057/1471/2309 1062/1474/2310
s 108
f 1086/1513/2311 1085/1502/2312 1074/1501/2313 1075/1510/2314
s off
f 1088/1532/2315 1087/1533/2316 1077/1514/2317 1078/1517/2318
s 109
f 1090/1527/2319 1089/1520/2320 1080/1519/2321 1081/1524/2322
s off
f 1084/1534/2323 1091/1535/2324 1083/1506/2325 1072/1505/2326
s 108
f 1086/1480/2311 1060/1479/2289 1055/1467/2288 1085/1470/2312
s off
f 1088/1491/2327 1065/1490/2328 1061/1478/2329 1087/1481/2330
s 109
f 1090/1498/2319 1070/1497/2297 1066/1489/2296 1089/1492/2320
s off
f 1084/1469/2331 1056/1468/2332 1071/1536/2333 1091/1537/2334
f 1052/1461/2335 1053/1460/2336 1054/1464/2337
s 104
f 1057/1466/2222 1058/1465/2221 1059/1475/2231
s 105
f 1062/1482/2238 1063/1486/2242 1064/1483/2239
s off
f 1067/1485/2338 1068/1484/2339 1069/1493/2340
f 1072/1500/2341 1073/1508/2342 1074/1501/2343
s 106
f 1075/1510/2268 1076/1509/2267 1077/1511/2269
s 107
f 1078/1518/2276 1079/1522/2280 1080/1519/2277
s off
f 1081/1524/2344 1082/1523/2345 1083/1525/2346
f 1092/3211/2347 1093/1539/2348 1095/3214/2349 1094/3216/2350
f 1094/1541/2351 1095/3215/2352 1097/1542/2353 1096/3213/2354
f 1096/1543/2355 1097/3212/2356 1099/1544/2357 1098/3210/2358
f 1098/1545/2359 1099/3208/2360 1093/1546/2361 1092/1547/2362
f 1093/3209/2363 1099/1548/2364 1097/1549/2365 1095/1540/2366
f 1098/1550/2367 1092/1538/2368 1094/3217/2369 1096/1551/2370
f 1100/3201/2371 1101/1553/2372 1103/3204/2373 1102/3206/2374
f 1102/1555/2375 1103/3205/2376 1105/1556/2377 1104/3203/2378
f 1104/1557/2379 1105/3202/2380 1107/1558/2381 1106/3200/2382
f 1106/1559/2383 1107/3198/2384 1101/1560/2385 1100/1561/2386
f 1101/3199/2387 1107/1562/2388 1105/1563/2389 1103/1554/2390
f 1106/1564/2391 1100/1552/2392 1102/3207/2393 1104/1565/2394
f 1108/3191/2395 1109/1567/2396 1111/3194/2397 1110/3196/2398
f 1110/1569/2399 1111/3195/2400 1113/1570/2401 1112/3193/2402
f 1112/1571/2403 1113/3192/2404 1115/1572/2405 1114/3190/2406
f 1114/1573/2407 1115/3188/2408 1109/1574/2409 1108/1575/2410
f 1109/3189/2411 1115/1576/2412 1113/1577/2413 1111/1568/2414
f 1114/1578/2415 1108/1566/2416 1110/3197/2417 1112/1579/2418
f 1116/3181/2419 1117/1581/2420 1119/3184/2421 1118/3186/2422
f 1118/1583/2423 1119/3185/2424 1121/1584/2425 1120/3183/2426
f 1120/1585/2427 1121/3182/2428 1123/1586/2429 1122/3180/2430
f 1122/1587/2431 1123/3178/2432 1117/1588/2433 1116/1589/2434
f 1117/3179/2435 1123/1590/2436 1121/1591/2437 1119/1582/2438
f 1122/1592/2439 1116/1580/2440 1118/3187/2441 1120/1593/2442
f 1124/3171/2443 1125/1595/2444 1127/3174/2445 1126/3176/2446
f 1126/1597/2447 1127/3175/2448 1129/1598/2449 1128/3173/2450
f 1128/1599/2451 1129/3172/2452 1131/1600/2453 1130/3170/2454
f 1130/1601/2455 1131/3168/2456 1125/1602/2457 1124/1603/2458
f 1125/3169/2459 1131/1604/2460 1129/1605/2461 1127/1596/2462
f 1130/1606/2463 1124/1594/2464 1126/3177/2465 1128/1607/2466
s 110
f 1180/1608/2467 1181/1609/2468 1133/1610/2469 1163/1611/2470
f 1133/1610/2469 1134/1612/2471 1162/1613/2472 1163/1611/2470
f 1134/1612/2471 1135/1614/2473 1161/1615/2474 1162/1613/2472
f 1135/1614/2473 1136/1616/2475 1160/1617/2476 1161/1615/2474
f 1136/1616/2475 1137/1618/2477 1159/1619/2478 1160/1617/2476
f 1137/1618/2477 1138/1620/2479 1158/1621/2480 1159/1619/2478
f 1138/1620/2479 1139/1622/2481 1157/1623/2482 1158/1621/2480
f 1139/1622/2481 1140/1624/2483 1156/1625/2484 1157/1623/2482
f 1140/1624/2483 1141/1626/2485 1155/1627/2486 1156/1625/2484
f 1155/1627/2486 1141/1626/2485 1177/1628/2487 1176/1629/2488
f 1142/1630/2489 1184/1631/2490 1185/1632/2491 1154/1633/2492
f 1154/1633/2492 1185/1632/2491 1186/1634/2493 1153/1635/2494
f 1152/1636/2495 1155/1627/2486 1176/1629/2488 1179/1637/2496
f 1156/1625/2484 1155/1627/2486 1152/1636/2495 1151/1638/2497
f 1157/1623/2482 1156/1625/2484 1151/1638/2497 1150/1639/2498
f 1158/1621/2480 1157/1623/2482 1150/1639/2498 1149/1640/2499
f 1159/1619/2478 1158/1621/2480 1149/1640/2499 1148/1641/2500
f 1160/1617/2476 1159/1619/2478 1148/1641/2500 1147/1642/2501
f 1161/1615/2474 1160/1617/2476 1147/1642/2501 1146/1643/2502
f 1162/1613/2472 1161/1615/2474 1146/1643/2502 1145/1644/2503
f 1163/1611/2470 1162/1613/2472 1145/1644/2503 1144/1645/2504
f 1144/1645/2504 1183/1646/2505 1180/1608/2467 1163/1611/2470
s 112
f 1187/1647/2506 1184/1631/2507 1142/1630/2508 1175/1648/2509
s 113
f 1177/1628/2510 1141/1626/2511 1174/1649/2512 1178/1650/2513
s 114
f 1141/1626/2514 1140/1624/2515 1173/1651/2516 1174/1649/2517
s 115
f 1140/1624/2518 1139/1622/2519 1172/1652/2520 1173/1651/2521
s 116
f 1139/1622/2522 1138/1620/2523 1171/1653/2524 1172/1652/2525
s 117
f 1138/1620/2526 1137/1618/2527 1170/1654/2528 1171/1653/2529
s 118
f 1137/1618/2530 1136/1616/2531 1169/1655/2532 1170/1654/2533
s 119
f 1136/1616/2534 1135/1614/2535 1168/1656/2536 1169/1655/2537
s 120
f 1135/1614/2538 1134/1612/2539 1167/1657/2540 1168/1656/2541
s 121
f 1134/1612/2542 1133/1610/2543 1166/1658/2544 1167/1657/2545
s 122
f 1133/1610/2546 1181/1609/2547 1182/1659/2548 1166/1658/2549
f 1166/1660/2549 1182/1661/2548 1183/1646/2550 1144/1645/2551
s 121
f 1167/1662/2545 1166/1660/2544 1144/1645/2552 1145/1644/2553
s 120
f 1168/1663/2541 1167/1662/2540 1145/1644/2554 1146/1643/2555
s 119
f 1169/1664/2537 1168/1663/2536 1146/1643/2556 1147/1642/2557
s 118
f 1170/1665/2533 1169/1664/2532 1147/1642/2558 1148/1641/2559
s 117
f 1171/1666/2529 1170/1665/2528 1148/1641/2560 1149/1640/2561
s 116
f 1172/1667/2525 1171/1666/2524 1149/1640/2562 1150/1639/2563
s 115
f 1173/1668/2521 1172/1667/2520 1150/1639/2564 1151/1638/2565
s 114
f 1174/1669/2517 1173/1668/2516 1151/1638/2566 1152/1636/2567
s 113
f 1174/1669/2512 1152/1636/2568 1179/1637/2569 1178/1670/2513
s 112
f 1186/1634/2570 1187/1671/2506 1175/1672/2509 1153/1635/2571
s 110
f 1176/1629/2488 1177/1628/2487 1142/1630/2489 1154/1633/2492
f 1179/1637/2496 1176/1629/2488 1154/1633/2492 1153/1635/2494
s 113
f 1175/1672/2572 1178/1670/2513 1179/1637/2569 1153/1635/2573
f 1142/1630/2574 1177/1628/2510 1178/1650/2513 1175/1648/2572
s 110
f 1132/1673/2575 1181/1609/2468 1180/1608/2467 1164/1674/2576
s 122
f 1182/1659/2548 1181/1609/2547 1132/1673/2577 1165/1675/2578
f 1183/1646/2550 1182/1661/2548 1165/1676/2578 1143/1677/2579
s 110
f 1164/1674/2576 1180/1608/2467 1183/1646/2505 1143/1677/2580
f 1189/1678/2581 1188/1679/2582 1132/1673/2575 1164/1674/2576
f 1190/1680/2583 1189/1678/2581 1164/1674/2576 1143/1677/2580
s 123
f 1165/1676/2584 1191/1681/2585 1190/1680/2586 1143/1677/2587
f 1132/1673/2588 1188/1679/2589 1191/1682/2585 1165/1675/2584
s off
f 1192/1683/2590 1193/1684/2591 1203/1685/2592 1202/1686/2593
f 1193/1684/2594 1194/1687/2595 1204/1688/2596 1203/1685/2597
f 1194/1689/2598 1195/1690/2599 1205/1691/2600 1204/1692/2601
f 1195/1690/2602 1196/1693/2603 1206/1694/2604 1205/1691/2605
f 1196/1695/2606 1197/1696/2607 1207/1697/2608 1206/1698/2609
f 1197/1696/2610 1198/1699/2611 1208/1700/2612 1207/1697/2613
f 1198/1699/2614 1199/1701/2615 1209/1702/2616 1208/1700/2617
f 1199/1703/2618 1200/1704/2619 1210/1705/2620 1209/1706/2621
f 1200/1704/2622 1201/1707/2623 1211/1708/2624 1210/1705/2625
f 1201/1709/2626 1192/1683/2627 1202/1686/2628 1211/1710/2629
s 124
f 1193/1711/2630 1192/1712/2631 1212/1713/2632
f 1194/1714/2633 1193/1711/2630 1212/1713/2632
f 1195/1715/2634 1194/1714/2633 1212/1713/2632
f 1196/1716/2635 1195/1715/2634 1212/1713/2632
f 1197/1717/2636 1196/1716/2635 1212/1713/2632
f 1198/1718/2637 1197/1717/2636 1212/1713/2632
f 1199/1719/2638 1198/1718/2637 1212/1713/2632
f 1200/1720/2639 1199/1719/2638 1212/1713/2632
f 1201/1721/2640 1200/1720/2639 1212/1713/2632
f 1192/1712/2631 1201/1721/2640 1212/1713/2632
s 125
f 1202/1722/2641 1203/1723/2642 1213/1724/2643
f 1203/1723/2642 1204/1725/2644 1213/1724/2643
f 1204/1725/2644 1205/1726/2645 1213/1724/2643
f 1205/1726/2645 1206/1727/2646 1213/1724/2643
f 1206/1727/2646 1207/1728/2647 1213/1724/2643
f 1207/1728/2647 1208/1729/2648 1213/1724/2643
f 1208/1729/2648 1209/1730/2649 1213/1724/2643
f 1209/1730/2649 1210/1731/2650 1213/1724/2643
f 1210/1731/2650 1211/1732/2651 1213/1724/2643
f 1211/1732/2651 1202/1722/2641 1213/1724/2643
s off
f 1214/1733/2652 1215/1734/2653 1225/1735/2654 1224/1736/2655
f 1215/1734/2656 1216/1737/2657 1226/1738/2658 1225/1735/2659
f 1216/1739/2660 1217/1740/2661 1227/1741/2662 1226/1742/2663
f 1217/1740/2664 1218/1743/2665 1228/1744/2666 1227/1741/2667
f 1218/1745/2668 1219/1746/2669 1229/1747/2670 1228/1748/2671
f 1219/1746/2672 1220/1749/2673 1230/1750/2674 1229/1747/2675
f 1220/1749/2676 1221/1751/2677 1231/1752/2678 1230/1750/2679
f 1221/1753/2680 1222/1754/2681 1232/1755/2682 1231/1756/2683
f 1222/1754/2684 1223/1757/2685 1233/1758/2686 1232/1755/2687
f 1223/1759/2688 1214/1733/2689 1224/1736/2690 1233/1760/2691
s 126
f 1215/1761/2692 1214/1762/2693 1234/1763/2694
f 1216/1764/2695 1215/1761/2692 1234/1763/2694
f 1217/1765/2696 1216/1764/2695 1234/1763/2694
f 1218/1766/2697 1217/1765/2696 1234/1763/2694
f 1219/1767/2698 1218/1766/2697 1234/1763/2694
f 1220/1768/2699 1219/1767/2698 1234/1763/2694
f 1221/1769/2700 1220/1768/2699 1234/1763/2694
f 1222/1770/2701 1221/1769/2700 1234/1763/2694
f 1223/1771/2702 1222/1770/2701 1234/1763/2694
f 1214/1762/2693 1223/1771/2702 1234/1763/2694
s 127
f 1224/1772/2703 1225/1773/2704 1235/1774/2705
f 1225/1773/2704 1226/1775/2706 1235/1774/2705
f 1226/1775/2706 1227/1776/2707 1235/1774/2705
f 1227/1776/2707 1228/1777/2708 1235/1774/2705
f 1228/1777/2708 1229/1778/2709 1235/1774/2705
f 1229/1778/2709 1230/1779/2710 1235/1774/2705
f 1230/1779/2710 1231/1780/2711 1235/1774/2705
f 1231/1780/2711 1232/1781/2712 1235/1774/2705
f 1232/1781/2712 1233/1782/2713 1235/1774/2705
f 1233/1782/2713 1224/1772/2703 1235/1774/2705
s off
f 1236/1783/2714 1237/1784/2715 1249/1785/2716 1248/1786/2717
f 1237/1784/2718 1238/1787/2719 1250/1788/2720 1249/1785/2721
f 1238/1787/2722 1239/1789/2723 1251/1790/2724 1250/1788/2725
f 1239/1789/2726 1240/1791/2727 1252/1792/2728 1251/1790/2729
f 1240/1791/2730 1241/1793/2731 1253/1794/2732 1252/1792/2733
f 1241/1793/2734 1242/1795/2735 1254/1796/2736 1253/1794/2737
f 1242/1795/2738 1243/1797/2739 1255/1798/2740 1254/1796/2741
f 1243/1797/2742 1244/1799/2743 1256/1800/2744 1255/1798/2745
f 1244/1799/2746 1245/1801/2747 1257/1802/2748 1256/1800/2749
f 1245/1801/2750 1246/1803/2751 1258/1804/2752 1257/1802/2753
f 1246/1803/2754 1247/1805/2755 1259/1806/2756 1258/1804/2757
f 1247/1805/2758 1236/1807/2759 1248/1808/2760 1259/1806/2761
f 1237/1809/2762 1236/1810/2763 1260/1811/2764 1261/1812/2765
f 1238/1813/2766 1237/1809/2767 1261/1812/2768 1262/1814/2769
f 1239/1815/2770 1238/1813/2771 1262/1814/2772 1263/1816/2773
f 1240/1817/2774 1239/1815/2775 1263/1816/2776 1264/1818/2777
f 1241/1819/2778 1240/1817/2779 1264/1818/2780 1265/1820/2781
f 1242/1821/2782 1241/1819/2783 1265/1820/2784 1266/1822/2785
f 1243/1823/2786 1242/1821/2787 1266/1822/2788 1267/1824/2789
f 1244/1825/2790 1243/1823/2791 1267/1824/2792 1268/1826/2793
f 1245/1827/2794 1244/1825/2795 1268/1826/2796 1269/1828/2797
f 1246/1829/2798 1245/1827/2799 1269/1828/2800 1270/1830/2801
f 1247/1831/2802 1246/1829/2803 1270/1830/2804 1271/1832/2805
f 1236/1810/2806 1247/1831/2807 1271/1832/2808 1260/1811/2809
f 1248/1833/2810 1249/1834/2811 1273/3087/2812 1272/3077/2813
f 1249/1834/2814 1250/1837/2815 1274/3086/2816 1273/3087/2817
f 1250/1837/2818 1251/1839/2819 1275/3085/2820 1274/3086/2821
f 1251/1839/2822 1252/1841/2823 1276/3084/2824 1275/3085/2825
f 1252/1841/2826 1253/1843/2827 1277/3083/2828 1276/3084/2829
f 1253/1843/2830 1254/1845/2831 1278/3082/2832 1277/3083/2833
f 1254/1845/2834 1255/1847/2835 1279/3081/2836 1278/3082/2837
f 1255/1847/2838 1256/1849/2839 1280/3080/2840 1279/3081/2841
f 1256/1849/2842 1257/1851/2843 1281/3079/2844 1280/3080/2845
f 1257/1851/2846 1258/1853/2847 1282/3078/2848 1281/3079/2849
f 1258/1853/2850 1259/1855/2851 1283/3076/2852 1282/3078/2853
f 1259/1855/2854 1248/1833/2855 1272/3077/2856 1283/3076/2857
f 1261/1812/2858 1260/1811/2859 1272/1836/2860 1273/1835/2861
f 1260/1811/2862 1271/1832/2863 1283/1856/2864 1272/1836/2865
f 1271/1832/2866 1270/1830/2867 1282/1854/2868 1283/1856/2869
f 1270/1830/2870 1269/1828/2871 1281/1852/2872 1282/1854/2873
f 1269/1828/2874 1268/1826/2875 1280/1850/2876 1281/1852/2877
f 1268/1826/2878 1267/1824/2879 1279/1848/2880 1280/1850/2881
f 1267/1824/2882 1266/1822/2883 1278/1846/2884 1279/1848/2885
f 1266/1822/2886 1265/1820/2887 1277/1844/2888 1278/1846/2889
f 1265/1820/2890 1264/1818/2891 1276/1842/2892 1277/1844/2893
f 1264/1818/2894 1263/1816/2895 1275/1840/2896 1276/1842/2897
f 1263/1816/2898 1262/1814/2899 1274/1838/2900 1275/1840/2901
f 1262/1814/2902 1261/1812/2903 1273/1835/2904 1274/1838/2905
f 1284/3161/2906 1285/1858/2907 1287/3164/2908 1286/3166/2909
f 1286/1860/2910 1287/3165/2911 1289/1861/2912 1288/3163/2913
f 1288/1862/2914 1289/3162/2915 1291/1863/2916 1290/3160/2917
f 1290/1864/2918 1291/3158/2919 1285/1865/2920 1284/1866/2921
f 1285/3159/2922 1291/1867/2923 1289/1868/2924 1287/1859/2925
f 1290/1869/2926 1284/1857/2927 1286/3167/2928 1288/1870/2929
f 1292/3151/2930 1293/1872/2931 1295/3154/2932 1294/3156/2933
f 1294/1874/2934 1295/3155/2935 1297/1875/2936 1296/3153/2937
f 1296/1876/2938 1297/3152/2939 1299/1877/2940 1298/3150/2941
f 1298/1878/2942 1299/3148/2943 1293/1879/2944 1292/1880/2945
f 1293/3149/2946 1299/1881/2947 1297/1882/2948 1295/1873/2949
f 1298/1883/2950 1292/1871/2951 1294/3157/2952 1296/1884/2953
f 1300/3141/2954 1301/1886/2955 1303/3144/2956 1302/3146/2957
f 1302/1888/2958 1303/3145/2959 1305/1889/2960 1304/3143/2961
f 1304/1890/2962 1305/3142/2963 1307/1891/2964 1306/3140/2965
f 1306/1892/2966 1307/3138/2967 1301/1893/2968 1300/1894/2969
f 1301/3139/2970 1307/1895/2971 1305/1896/2972 1303/1887/2973
f 1306/1897/2974 1300/1885/2975 1302/3147/2976 1304/1898/2977
f 1308/1899/2978 1309/1900/2979 1321/1901/2980 1320/1902/2981
f 1309/1900/2982 1310/1903/2983 1322/1904/2984 1321/1901/2985
f 1310/1903/2986 1311/1905/2987 1323/1906/2988 1322/1904/2989
f 1311/1905/2990 1312/1907/2991 1324/1908/2992 1323/1906/2993
f 1312/1907/2994 1313/1909/2995 1325/1910/2996 1324/1908/2997
f 1313/1909/2998 1314/1911/2999 1326/1912/3000 1325/1910/3001
f 1314/1911/3002 1315/1913/3003 1327/1914/3004 1326/1912/3005
f 1315/1913/3006 1316/1915/3007 1328/1916/3008 1327/1914/3009
f 1316/1915/3010 1317/1917/3011 1329/1918/3012 1328/1916/3013
f 1317/1917/3014 1318/1919/3015 1330/1920/3016 1329/1918/3017
f 1318/1919/3018 1319/1921/3019 1331/1922/3020 1330/1920/3021
f 1319/1921/3022 1308/1923/3023 1320/1924/3024 1331/1922/3025
s 128
f 1309/1925/3026 1308/1926/3027 1332/1927/3028
f 1310/1928/3029 1309/1925/3026 1332/1927/3028
f 1311/1929/3030 1310/1928/3029 1332/1927/3028
f 1312/1930/3031 1311/1929/3030 1332/1927/3028
f 1313/1931/3032 1312/1930/3031 1332/1927/3028
f 1314/1932/3033 1313/1931/3032 1332/1927/3028
f 1315/1933/3034 1314/1932/3033 1332/1927/3028
f 1316/1934/3035 1315/1933/3034 1332/1927/3028
f 1317/1935/3036 1316/1934/3035 1332/1927/3028
f 1318/1936/3037 1317/1935/3036 1332/1927/3028
f 1319/1937/3038 1318/1936/3037 1332/1927/3028
f 1308/1926/3027 1319/1937/3038 1332/1927/3028
s 129
f 1320/1938/3039 1321/1939/3040 1333/1940/3041
f 1321/1939/3040 1322/1941/3042 1333/1940/3041
f 1322/1941/3042 1323/1942/3043 1333/1940/3041
f 1323/1942/3043 1324/1943/3044 1333/1940/3041
f 1324/1943/3044 1325/1944/3045 1333/1940/3041
f 1325/1944/3045 1326/1945/3046 1333/1940/3041
f 1326/1945/3046 1327/1946/3047 1333/1940/3041
f 1327/1946/3047 1328/1947/3048 1333/1940/3041
f 1328/1947/3048 1329/1948/3049 1333/1940/3041
f 1329/1948/3049 1330/1949/3050 1333/1940/3041
f 1330/1949/3050 1331/1950/3051 1333/1940/3041
f 1331/1950/3051 1320/1938/3039 1333/1940/3041
s off
f 1334/3131/3052 1335/1952/3053 1337/3134/3054 1336/3136/3055
f 1336/1954/3056 1337/3135/3057 1339/1955/3058 1338/3133/3059
f 1338/1956/3060 1339/3132/3061 1341/1957/3062 1340/3130/3063
f 1340/1958/3064 1341/3128/3065 1335/1959/3066 1334/1960/3067
f 1335/3129/3068 1341/1961/3069 1339/1962/3070 1337/1953/3071
f 1340/1963/3072 1334/1951/3073 1336/3137/3074 1338/1964/3075
f 1342/3121/3076 1343/1966/3077 1345/3124/3078 1344/3126/3079
f 1344/1968/3080 1345/3125/3081 1347/1969/3082 1346/3123/3083
f 1346/1970/3084 1347/3122/3085 1349/1971/3086 1348/3120/3087
f 1348/1972/3088 1349/3118/3089 1343/1973/3090 1342/1974/3091
f 1343/3119/3092 1349/1975/3093 1347/1976/3094 1345/1967/3095
f 1348/1977/3096 1342/1965/3097 1344/3127/3098 1346/1978/3099
f 1350/3111/3100 1351/1980/3101 1353/3114/3102 1352/3116/3103
f 1352/1982/3104 1353/3115/3105 1355/1983/3106 1354/3113/3107
f 1354/1984/3108 1355/3112/3109 1357/1985/3110 1356/3110/3111
f 1356/1986/3112 1357/3108/3113 1351/1987/3114 1350/1988/3115
f 1351/3109/3116 1357/1989/3117 1355/1990/3118 1353/1981/3119
f 1356/1991/3120 1350/1979/3121 1352/3117/3122 1354/1992/3123
f 1358/1993/3124 1359/1994/3125 1371/1995/3126 1370/1996/3127
f 1359/1994/3128 1360/1997/3129 1372/1998/3130 1371/1995/3131
f 1360/1997/3132 1361/1999/3133 1373/2000/3134 1372/1998/3135
f 1361/1999/3136 1362/2001/3137 1374/2002/3138 1373/2000/3139
f 1362/2001/3140 1363/2003/3141 1375/2004/3142 1374/2002/3143
f 1363/2003/3144 1364/2005/3145 1376/2006/3146 1375/2004/3147
f 1364/2005/3148 1365/2007/3149 1377/2008/3150 1376/2006/3151
f 1365/2007/3152 1366/2009/3153 1378/2010/3154 1377/2008/3155
f 1366/2009/3156 1367/2011/3157 1379/2012/3158 1378/2010/3159
f 1367/2011/3160 1368/2013/3161 1380/2014/3162 1379/2012/3163
f 1368/2013/3164 1369/2015/3165 1381/2016/3166 1380/2014/3167
f 1369/2015/3168 1358/2017/3169 1370/2018/3170 1381/2016/3171
f 1359/2019/3172 1358/2020/3173 1382/2021/3174 1383/2022/3175
f 1360/2023/3176 1359/2019/3177 1383/2022/3178 1384/2024/3179
f 1361/2025/3180 1360/2023/3181 1384/2024/3182 1385/2026/3183
f 1362/2027/3184 1361/2025/3185 1385/2026/3186 1386/2028/3187
f 1363/2029/3188 1362/2027/3189 1386/2028/3190 1387/2030/3191
f 1364/2031/3192 1363/2029/3193 1387/2030/3194 1388/2032/3195
f 1365/2033/3196 1364/2031/3197 1388/2032/3198 1389/2034/3199
f 1366/2035/3200 1365/2033/3201 1389/2034/3202 1390/2036/3203
f 1367/2037/3204 1366/2035/3205 1390/2036/3206 1391/2038/3207
f 1368/2039/3208 1367/2037/3209 1391/2038/3210 1392/2040/3211
f 1369/2041/3212 1368/2039/3213 1392/2040/3214 1393/2042/3215
f 1358/2020/3216 1369/2041/3217 1393/2042/3218 1382/2021/3219
f 1370/2043/3220 1371/2044/3221 1395/3075/3222 1394/3065/3223
f 1371/2044/3224 1372/2047/3225 1396/3074/3226 1395/3075/3227
f 1372/2047/3228 1373/2049/3229 1397/3073/3230 1396/3074/3231
f 1373/2049/3232 1374/2051/3233 1398/3072/3234 1397/3073/3235
f 1374/2051/3236 1375/2053/3237 1399/3071/3238 1398/3072/3239
f 1375/2053/3240 1376/2055/3241 1400/3070/3242 1399/3071/3243
f 1376/2055/3244 1377/2057/3245 1401/3069/3246 1400/3070/3247
f 1377/2057/3248 1378/2059/3249 1402/3068/3250 1401/3069/3251
f 1378/2059/3252 1379/2061/3253 1403/3067/3254 1402/3068/3255
f 1379/2061/3256 1380/2063/3257 1404/3066/3258 1403/3067/3259
f 1380/2063/3260 1381/2065/3261 1405/3064/3262 1404/3066/3263
f 1381/2065/3264 1370/2043/3265 1394/3065/3266 1405/3064/3267
f 1383/2022/3268 1382/2021/3269 1394/2046/3270 1395/2045/3271
f 1382/2021/3272 1393/2042/3273 1405/2066/3274 1394/2046/3275
f 1393/2042/3276 1392/2040/3277 1404/2064/3278 1405/2066/3279
f 1392/2040/3280 1391/2038/3281 1403/2062/3282 1404/2064/3283
f 1391/2038/3284 1390/2036/3285 1402/2060/3286 1403/2062/3287
f 1390/2036/3288 1389/2034/3289 1401/2058/3290 1402/2060/3291
f 1389/2034/3292 1388/2032/3293 1400/2056/3294 1401/2058/3295
f 1388/2032/3296 1387/2030/3297 1399/2054/3298 1400/2056/3299
f 1387/2030/3300 1386/2028/3301 1398/2052/3302 1399/2054/3303
f 1386/2028/3304 1385/2026/3305 1397/2050/3306 1398/2052/3307
f 1385/2026/3308 1384/2024/3309 1396/2048/3310 1397/2050/3311
f 1384/2024/3312 1383/2022/3313 1395/2045/3314 1396/2048/3315
f 1406/3101/3316 1407/2068/3317 1409/3104/3318 1408/3106/3319
f 1408/2070/3320 1409/3105/3321 1411/2071/3322 1410/3103/3323
f 1410/2072/3324 1411/3102/3325 1413/2073/3326 1412/3100/3327
f 1412/2074/3328 1413/3098/3329 1407/2075/3330 1406/2076/3331
f 1407/3099/3332 1413/2077/3333 1411/2078/3334 1409/2069/3335
f 1412/2079/3336 1406/2067/3337 1408/3107/3338 1410/2080/3339
f 1414/3091/3340 1415/2082/3341 1417/3094/3342 1416/3096/3343
f 1416/2084/3344 1417/3095/3345 1419/2085/3346 1418/3093/3347
f 1418/2086/3348 1419/3092/3349 1421/2087/3350 1420/3090/3351
f 1420/2088/3352 1421/3088/3353 1415/2089/3354 1414/2090/3355
f 1415/3089/3356 1421/2091/3357 1419/2092/3358 1417/2083/3359
f 1420/2093/3360 1414/2081/3361 1416/3097/3362 1418/2094/3363
f 1423/2095/3364 1424/2096/3365 1429/2097/3366 1426/2098/3367
f 1427/2099/3368 1428/2100/3369 1433/2101/3370 1430/2102/3371
f 1431/2103/3372 1432/2104/3373 1437/2105/3374 1434/2106/3375
f 1435/2107/3376 1436/2108/3377 1425/2109/3378 1422/2110/3379
f 1423/2095/3380 1422/2110/3381 1425/2109/3382 1424/2096/3383
f 1427/2099/3384 1426/2098/3385 1429/2097/3386 1428/2100/3387
f 1431/2111/3388 1430/2102/3389 1433/2101/3390 1432/2112/3391
f 1435/2107/3392 1434/2106/3393 1437/2105/3394 1436/2108/3395
s 130
f 1482/2113/3396 1483/2114/3397 1484/2115/3398
f 1483/2114/3397 1485/2116/3399 1484/2115/3398
f 1485/2116/3399 1486/2117/3400 1484/2115/3398
f 1486/2117/3400 1487/2118/3401 1484/2115/3398
f 1487/2118/3401 1488/2119/3402 1484/2115/3398
f 1488/2119/3402 1489/2120/3403 1484/2115/3398
f 1489/2120/3403 1490/2121/3404 1484/2115/3398
f 1490/2121/3404 1491/2122/3405 1484/2115/3398
f 1491/2122/3405 1492/2123/3406 1484/2115/3398
f 1492/2123/3406 1493/2124/3407 1484/2115/3398
f 1493/2124/3407 1494/2125/3408 1484/2115/3398
f 1494/2125/3408 1495/2126/3409 1484/2115/3398
f 1495/2126/3409 1496/2127/3410 1484/2115/3398
f 1496/2127/3410 1497/2128/3411 1484/2115/3398
f 1497/2128/3411 1498/2129/3412 1484/2115/3398
f 1498/2129/3412 1499/2130/3413 1484/2115/3398
f 1499/2130/3413 1500/2131/3414 1484/2115/3398
f 1500/2131/3414 1501/2132/3415 1484/2115/3398
f 1501/2132/3415 1502/2133/3416 1484/2115/3398
f 1502/2133/3416 1503/2134/3417 1484/2115/3398
f 1503/2134/3417 1504/2135/3418 1484/2115/3398
f 1504/2135/3418 1482/2113/3396 1484/2115/3398
s 131
f 1438/2136/3419 1439/2137/3420 1461/2138/3421 1460/2139/3422
f 1439/2137/3420 1440/2140/3423 1462/2141/3424 1461/2138/3425
f 1440/2140/3423 1441/2142/3426 1463/2143/3427 1462/2141/3428
f 1441/2142/3426 1442/2144/3429 1464/2145/3430 1463/2143/3431
f 1442/2144/3429 1443/2146/3432 1465/2147/3433 1464/2145/3434
f 1443/2148/3432 1444/2149/3435 1466/2150/3436 1465/2151/3437
f 1444/2149/3435 1445/2152/3438 1467/2153/3439 1466/2150/3440
f 1445/2152/3438 1446/2154/3441 1468/2155/3442 1467/2153/3443
f 1446/2154/3441 1447/2156/3444 1469/2157/3445 1468/2155/3446
f 1447/2156/3444 1448/2158/3447 1470/2159/3448 1469/2157/3449
f 1448/2158/3447 1449/2160/3450 1471/2161/3451 1470/2159/3452
f 1449/2160/3450 1450/2162/3453 1472/2163/3454 1471/2161/3455
f 1450/2162/3453 1451/2164/3456 1473/2165/3457 1472/2163/3458
f 1451/2164/3456 1452/2166/3459 1474/2167/3460 1473/2165/3461
f 1452/2166/3459 1453/2168/3462 1475/2169/3463 1474/2167/3464
f 1453/2168/3462 1454/2170/3465 1476/2171/3466 1475/2169/3467
f 1454/2170/3465 1455/2172/3468 1477/2173/3469 1476/2171/3470
f 1455/2172/3468 1456/2174/3471 1478/2175/3472 1477/2173/3473
f 1456/2174/3471 1457/2176/3474 1479/2177/3475 1478/2175/3476
f 1457/2176/3474 1458/2178/3477 1480/2179/3478 1479/2177/3479
f 1458/2178/3477 1459/2180/3480 1481/2181/3481 1480/2179/3482
f 1459/2180/3480 1438/2136/3419 1460/2139/3483 1481/2181/3484
s off
f 1549/2182/3485 1550/3255/3486 1551/2184/3487 1552/2185/3488
f 1550/3255/3489 1553/3254/3490 1554/2187/3491 1551/2184/3492
f 1553/3254/3493 1555/3253/3494 1556/2189/3495 1554/2187/3496
f 1555/3253/3497 1557/3251/3498 1558/2191/3499 1556/2189/3500
f 1557/3252/3501 1559/3250/3502 1560/2194/3503 1558/2195/3504
f 1559/3250/3505 1561/3249/3506 1562/2197/3507 1560/2194/3508
f 1561/3249/3509 1563/3248/3510 1564/2199/3511 1562/2197/3512
f 1563/3248/3513 1565/3247/3514 1566/2201/3515 1564/2199/3516
f 1565/3247/3517 1567/3246/3518 1568/2203/3519 1566/2201/3520
f 1567/3246/3521 1569/3245/3522 1570/2205/3523 1568/2203/3524
f 1569/3245/3525 1571/3244/3526 1572/2207/3527 1570/2205/3528
f 1571/3244/3529 1573/3243/3530 1574/2209/3531 1572/2207/3532
f 1573/3243/3533 1575/3242/3534 1576/2211/3535 1574/2209/3536
f 1575/3242/3537 1577/3241/3538 1578/2213/3539 1576/2211/3540
f 1577/3241/3541 1579/3240/3542 1580/2215/3543 1578/2213/3544
f 1579/3240/3545 1581/3239/3546 1582/2217/3547 1580/2215/3548
f 1581/3239/3549 1583/3238/3550 1584/2219/3551 1582/2217/3552
f 1583/3238/3553 1585/3237/3554 1586/2221/3555 1584/2219/3556
f 1585/3237/3557 1587/3236/3558 1588/2223/3559 1586/2221/3560
f 1587/3236/3561 1589/3235/3562 1590/2225/3563 1588/2223/3564
f 1589/3235/3565 1591/3233/3566 1592/2227/3567 1590/2225/3568
f 1591/3233/3569 1549/2182/3570 1552/2185/3571 1592/2227/3572
f 1528/2228/3573 1527/2229/3574 1483/2230/3575 1482/2231/3576
f 1529/2232/3577 1528/2228/3578 1482/2231/3579 1504/2233/3580
f 1530/2234/3581 1529/2232/3582 1504/2233/3583 1503/2235/3584
f 1531/2236/3585 1530/2234/3586 1503/2235/3587 1502/2237/3588
f 1532/2238/3589 1531/2236/3590 1502/2237/3591 1501/2239/3592
f 1533/2240/3593 1532/2238/3594 1501/2239/3595 1500/2241/3596
f 1534/2242/3597 1533/2240/3598 1500/2241/3599 1499/2243/3600
f 1535/2244/3601 1534/2242/3602 1499/2243/3603 1498/2245/3604
f 1536/2246/3605 1535/2244/3606 1498/2245/3607 1497/2247/3608
f 1537/2248/3609 1536/2246/3610 1497/2247/3611 1496/2249/3612
f 1538/2250/3613 1537/2248/3614 1496/2249/3615 1495/2251/3616
f 1539/2252/3617 1538/2250/3618 1495/2251/3619 1494/2253/3620
f 1540/2254/3621 1539/2252/3622 1494/2253/3623 1493/2255/3624
f 1541/2256/3625 1540/2254/3626 1493/2255/3627 1492/2257/3628
f 1542/2258/3629 1541/2256/3630 1492/2257/3631 1491/2259/3632
f 1543/2260/3633 1542/2258/3634 1491/2259/3635 1490/2261/3636
f 1544/2262/3637 1543/2260/3638 1490/2261/3639 1489/2263/3640
f 1545/2264/3641 1544/2262/3642 1489/2263/3643 1488/2265/3644
f 1546/2266/3645 1545/2267/3646 1488/2268/3647 1487/2269/3648
f 1547/2270/3649 1546/2266/3650 1487/2269/3651 1486/2271/3652
f 1548/2272/3653 1547/2270/3654 1486/2271/3655 1485/2273/3656
f 1527/2229/3657 1548/2272/3658 1485/2273/3659 1483/2230/3660
f 1461/2138/3661 1462/2141/3662 1550/2183/3663 1549/3234/3664
f 1548/2274/3665 1527/2275/3666 1552/2185/3667 1551/2184/3668
f 1462/2141/3669 1463/2143/3670 1553/2186/3671 1550/2183/3672
f 1547/2276/3673 1548/2274/3674 1551/2184/3675 1554/2187/3676
f 1463/2143/3677 1464/2145/3678 1555/2188/3679 1553/2186/3680
f 1546/2277/3681 1547/2276/3682 1554/2187/3683 1556/2189/3684
f 1464/2145/3685 1465/2147/3686 1557/2190/3687 1555/2188/3688
f 1545/2278/3689 1546/2277/3690 1556/2189/3691 1558/2191/3692
f 1465/2151/3693 1466/2150/3694 1559/2193/3695 1557/2192/3696
f 1544/2279/3697 1545/2280/3698 1558/2195/3699 1560/2194/3700
f 1466/2150/3701 1467/2153/3702 1561/2196/3703 1559/2193/3704
f 1543/2281/3705 1544/2279/3706 1560/2194/3707 1562/2197/3708
f 1467/2153/3709 1468/2155/3710 1563/2198/3711 1561/2196/3712
f 1542/2282/3713 1543/2281/3714 1562/2197/3715 1564/2199/3716
f 1468/2155/3717 1469/2157/3718 1565/2200/3719 1563/2198/3720
f 1541/2283/3721 1542/2282/3722 1564/2199/3723 1566/2201/3724
f 1469/2157/3725 1470/2159/3726 1567/2202/3727 1565/2200/3728
f 1540/2284/3729 1541/2283/3730 1566/2201/3731 1568/2203/3732
f 1470/2159/3733 1471/2161/3734 1569/2204/3735 1567/2202/3736
f 1539/2285/3737 1540/2284/3738 1568/2203/3739 1570/2205/3740
f 1471/2161/3741 1472/2163/3742 1571/2206/3743 1569/2204/3744
f 1538/2286/3745 1539/2285/3746 1570/2205/3747 1572/2207/3748
f 1472/2163/3749 1473/2165/3750 1573/2208/3751 1571/2206/3752
f 1537/2287/3753 1538/2286/3754 1572/2207/3755 1574/2209/3756
f 1473/2165/3757 1474/2167/3758 1575/2210/3759 1573/2208/3760
f 1536/2288/3761 1537/2287/3762 1574/2209/3763 1576/2211/3764
f 1474/2167/3765 1475/2169/3766 1577/2212/3767 1575/2210/3768
f 1535/2289/3769 1536/2288/3770 1576/2211/3771 1578/2213/3772
f 1475/2169/3773 1476/2171/3774 1579/2214/3775 1577/2212/3776
f 1534/2290/3777 1535/2289/3778 1578/2213/3779 1580/2215/3780
f 1476/2171/3781 1477/2173/3782 1581/2216/3783 1579/2214/3784
f 1533/2291/3785 1534/2290/3786 1580/2215/3787 1582/2217/3788
f 1477/2173/3789 1478/2175/3790 1583/2218/3791 1581/2216/3792
f 1532/2292/3793 1533/2291/3794 1582/2217/3795 1584/2219/3796
f 1478/2175/3797 1479/2177/3798 1585/2220/3799 1583/2218/3800
f 1531/2293/3801 1532/2292/3802 1584/2219/3803 1586/2221/3804
f 1479/2177/3805 1480/2179/3806 1587/2222/3807 1585/2220/3808
f 1530/2294/3809 1531/2293/3810 1586/2221/3811 1588/2223/3812
f 1480/2179/3813 1481/2181/3814 1589/2224/3815 1587/2222/3816
f 1529/2295/3817 1530/2294/3818 1588/2223/3819 1590/2225/3820
f 1481/2181/3821 1460/2139/3822 1591/2226/3823 1589/2224/3824
f 1528/2296/3825 1529/2295/3826 1590/2225/3827 1592/2227/3828
f 1460/2139/3829 1461/2138/3830 1549/3234/3831 1591/2226/3832
f 1527/2275/3833 1528/2296/3834 1592/2227/3835 1552/2185/3836
s 153
f 1594/2297/3837 1593/2298/3838 1505/2299/3839 1506/2300/3840
f 1595/2301/3841 1594/2297/3837 1506/2300/3840 1507/2302/3842
f 1596/2303/3843 1595/2301/3841 1507/2302/3842 1508/2304/3844
f 1597/2305/3845 1596/2303/3843 1508/2304/3844 1509/2306/3846
f 1598/2307/3847 1597/2305/3845 1509/2306/3846 1510/2308/3848
f 1599/2309/3849 1598/2307/3847 1510/2308/3848 1511/2310/3850
f 1600/2311/3851 1599/2309/3849 1511/2310/3850 1512/2312/3852
f 1601/2313/3853 1600/2311/3851 1512/2312/3852 1513/2314/3854
f 1602/2315/3855 1601/2313/3853 1513/2314/3854 1514/2316/3856
f 1603/2317/3857 1602/2315/3855 1514/2316/3856 1515/2318/3858
f 1604/2319/3859 1603/2317/3857 1515/2318/3858 1516/2320/3860
f 1605/2321/3861 1604/2319/3859 1516/2320/3860 1517/2322/3862
f 1606/2323/3863 1605/2321/3861 1517/2322/3862 1518/2324/3864
f 1607/2325/3865 1606/2323/3863 1518/2324/3864 1519/2326/3866
f 1608/2327/3867 1607/2325/3865 1519/2326/3866 1520/2328/3868
f 1609/2329/3869 1608/2327/3867 1520/2328/3868 1521/2330/3870
f 1610/2331/3871 1609/2329/3869 1521/2330/3870 1522/2332/3872
f 1611/2333/3873 1610/2334/3871 1522/2335/3872 1523/2336/3874
f 1612/2337/3875 1611/2333/3873 1523/2336/3874 1524/2338/3876
f 1613/2339/3877 1612/2337/3875 1524/2338/3876 1525/2340/3878
f 1614/2341/3879 1613/2339/3877 1525/2340/3878 1526/2342/3880
f 1593/2298/3838 1614/2341/3879 1526/2342/3880 1505/2299/3839
s 154
f 1659/2343/3881 1660/2344/3882 1664/2345/3883 1663/2346/3884
f 1660/2344/3882 1659/2343/3881 1661/2347/3885 1662/2348/3886
f 1662/2348/3886 1661/2347/3885 1701/2349/3887 1702/2350/3888
f 1663/2346/3884 1664/2345/3883 1666/2351/3889 1665/2352/3890
f 1665/2352/3890 1666/2351/3889 1668/2353/3891 1667/2354/3892
f 1667/2354/3892 1668/2353/3891 1670/2355/3893 1669/3260/3894
f 1669/2356/3894 1670/3259/3893 1672/2357/3895 1671/2358/3896
f 1671/2358/3896 1672/2357/3895 1674/2359/3897 1673/2360/3898
f 1673/2360/3898 1674/2359/3897 1676/2361/3899 1675/2362/3900
f 1675/2362/3900 1676/2361/3899 1678/2363/3901 1677/2364/3902
f 1677/2364/3902 1678/2363/3901 1680/2365/3903 1679/2366/3904
f 1679/2366/3904 1680/2365/3903 1682/2367/3905 1681/2368/3906
f 1681/2368/3906 1682/2367/3905 1684/2369/3907 1683/2370/3908
f 1683/2370/3908 1684/2369/3907 1686/2371/3909 1685/2372/3910
f 1685/2372/3910 1686/2371/3909 1688/2373/3911 1687/2374/3912
f 1687/2374/3912 1688/2373/3911 1690/2375/3913 1689/2376/3914
f 1689/2376/3914 1690/2375/3913 1692/2377/3915 1691/2378/3916
f 1691/2378/3916 1692/2377/3915 1694/2379/3917 1693/2380/3918
f 1693/2380/3918 1694/2379/3917 1696/2381/3919 1695/2382/3920
f 1695/2382/3920 1696/2381/3919 1698/2383/3921 1697/2384/3922
f 1697/2384/3922 1698/2383/3921 1700/2385/3923 1699/2386/3924
f 1699/2386/3924 1700/2385/3923 1702/2350/3888 1701/2349/3887
s 155
f 1703/2387/3925 1704/2388/3926 1708/2389/3927 1707/2390/3928
f 1704/2388/3926 1703/2387/3925 1706/2391/3929 1705/2392/3930
f 1705/2392/3930 1706/2391/3929 1745/2393/3931 1746/2394/3932
f 1707/2390/3928 1708/2389/3927 1710/2395/3933 1709/2396/3934
f 1709/2396/3934 1710/2395/3933 1712/2397/3935 1711/2398/3936
f 1711/2398/3936 1712/2397/3935 1714/2399/3937 1713/3256/3938
f 1713/2400/3938 1714/3263/3937 1716/2401/3939 1715/2402/3940
f 1715/2402/3940 1716/2401/3939 1718/2403/3941 1717/2404/3942
f 1717/2404/3942 1718/2403/3941 1720/2405/3943 1719/2406/3944
f 1719/2406/3944 1720/2405/3943 1722/2407/3945 1721/2408/3946
f 1721/2408/3946 1722/2407/3945 1724/2409/3947 1723/2410/3948
f 1723/2410/3948 1724/2409/3947 1726/2411/3949 1725/2412/3950
f 1725/2412/3950 1726/2411/3949 1728/2413/3951 1727/2414/3952
f 1727/2414/3952 1728/2413/3951 1730/2415/3953 1729/2416/3954
f 1729/2416/3954 1730/2415/3953 1732/2417/3955 1731/2418/3956
f 1731/2418/3956 1732/2417/3955 1734/2419/3957 1733/2420/3958
f 1733/2420/3958 1734/2419/3957 1736/2421/3959 1735/2422/3960
f 1735/2422/3960 1736/2421/3959 1738/2423/3961 1737/2424/3962
f 1737/2424/3962 1738/2423/3961 1740/2425/3963 1739/2426/3964
f 1739/2426/3964 1740/2425/3963 1742/2427/3965 1741/2428/3966
f 1741/2428/3966 1742/2427/3965 1744/2429/3967 1743/2430/3968
f 1743/2430/3968 1744/2429/3967 1746/2394/3932 1745/2393/3931
s 156
f 1637/2431/3969 1638/2432/3970 1704/2388/3971 1705/2392/3972
f 1638/2432/3970 1639/2433/3973 1708/2389/3974 1704/2388/3971
f 1639/2433/3973 1640/2434/3975 1710/2395/3976 1708/2389/3974
f 1640/2434/3975 1641/2435/3977 1712/2397/3978 1710/2395/3976
f 1641/2435/3977 1642/2436/3979 1714/2399/3980 1712/2397/3978
f 1642/3262/3979 1643/2437/3981 1716/2401/3982 1714/3263/3980
f 1643/2437/3981 1644/2438/3983 1718/2403/3984 1716/2401/3982
f 1644/2438/3983 1645/2439/3985 1720/2405/3986 1718/2403/3984
f 1645/2439/3985 1646/2440/3987 1722/2407/3988 1720/2405/3986
f 1646/2440/3987 1647/2441/3989 1724/2409/3990 1722/2407/3988
f 1647/2441/3989 1648/2442/3991 1726/2411/3992 1724/2409/3990
f 1648/2442/3991 1649/2443/3993 1728/2413/3994 1726/2411/3992
f 1649/2443/3993 1650/2444/3995 1730/2415/3996 1728/2413/3994
f 1650/2444/3995 1651/2445/3997 1732/2417/3998 1730/2415/3996
f 1651/2445/3997 1652/2446/3999 1734/2419/4000 1732/2417/3998
f 1652/2446/3999 1653/2447/4001 1736/2421/4002 1734/2419/4000
f 1653/2447/4001 1654/2448/4003 1738/2423/4004 1736/2421/4002
f 1654/2448/4003 1655/2449/4005 1740/2425/4006 1738/2423/4004
f 1655/2449/4005 1656/2450/4007 1742/2427/4008 1740/2425/4006
f 1656/2450/4007 1657/2451/4009 1744/2429/4010 1742/2427/4008
f 1657/2451/4009 1658/2452/4011 1746/2394/4012 1744/2429/4010
f 1658/2452/4011 1637/2431/3969 1705/2392/3972 1746/2394/4012
s 157
f 1614/2453/4013 1593/2454/4014 1661/2347/4015 1659/2343/4016
f 1613/2455/4017 1614/2453/4013 1659/2343/4016 1663/2346/4018
f 1612/2456/4019 1613/2455/4017 1663/2346/4018 1665/2352/4020
f 1611/2457/4021 1612/2456/4019 1665/2352/4020 1667/2354/4022
f 1610/2458/4023 1611/2457/4021 1667/2354/4022 1669/3260/4024
f 1609/2459/4025 1610/3261/4023 1669/2356/4024 1671/2358/4026
f 1608/2460/4027 1609/2459/4025 1671/2358/4026 1673/2360/4028
f 1607/2461/4029 1608/2460/4027 1673/2360/4028 1675/2362/4030
f 1606/2462/4031 1607/2461/4029 1675/2362/4030 1677/2364/4032
f 1605/2463/4033 1606/2462/4031 1677/2364/4032 1679/2366/4034
f 1604/2464/4035 1605/2463/4033 1679/2366/4034 1681/2368/4036
f 1603/2465/4037 1604/2464/4035 1681/2368/4036 1683/2370/4038
f 1602/2466/4039 1603/2465/4037 1683/2370/4038 1685/2372/4040
f 1601/2467/4041 1602/2466/4039 1685/2372/4040 1687/2374/4042
f 1600/2468/4043 1601/2467/4041 1687/2374/4042 1689/2376/4044
f 1599/2469/4045 1600/2468/4043 1689/2376/4044 1691/2378/4046
f 1598/2470/4047 1599/2469/4045 1691/2378/4046 1693/2380/4048
f 1597/2471/4049 1598/2470/4047 1693/2380/4048 1695/2382/4050
f 1596/2472/4051 1597/2471/4049 1695/2382/4050 1697/2384/4052
f 1595/2473/4053 1596/2472/4051 1697/2384/4052 1699/2386/4054
f 1594/2474/4055 1595/2473/4053 1699/2386/4054 1701/2349/4056
f 1593/2454/4014 1594/2474/4055 1701/2349/4056 1661/2347/4015
s 158
f 1616/2475/4057 1615/2476/4058 1660/2344/4059 1662/2348/4060
f 1617/2477/4061 1616/2475/4057 1662/2348/4060 1702/2350/4062
f 1618/2478/4063 1617/2477/4061 1702/2350/4062 1700/2385/4064
f 1619/2479/4065 1618/2478/4063 1700/2385/4064 1698/2383/4066
f 1620/2480/4067 1619/2479/4065 1698/2383/4066 1696/2381/4068
f 1621/2481/4069 1620/2480/4067 1696/2381/4068 1694/2379/4070
f 1622/2482/4071 1621/2481/4069 1694/2379/4070 1692/2377/4072
f 1623/2483/4073 1622/2482/4071 1692/2377/4072 1690/2375/4074
f 1624/2484/4075 1623/2483/4073 1690/2375/4074 1688/2373/4076
f 1625/2485/4077 1624/2484/4075 1688/2373/4076 1686/2371/4078
f 1626/2486/4079 1625/2485/4077 1686/2371/4078 1684/2369/4080
f 1627/2487/4081 1626/2486/4079 1684/2369/4080 1682/2367/4082
f 1628/2488/4083 1627/2487/4081 1682/2367/4082 1680/2365/4084
f 1629/2489/4085 1628/2488/4083 1680/2365/4084 1678/2363/4086
f 1630/2490/4087 1629/2489/4085 1678/2363/4086 1676/2361/4088
f 1631/2491/4089 1630/2490/4087 1676/2361/4088 1674/2359/4090
f 1632/2492/4091 1631/2491/4089 1674/2359/4090 1672/2357/4092
f 1633/3257/4093 1632/2492/4091 1672/2357/4092 1670/3259/4094
f 1634/2494/4095 1633/2493/4093 1670/2355/4094 1668/2353/4096
f 1635/2495/4097 1634/2494/4095 1668/2353/4096 1666/2351/4098
f 1636/2496/4099 1635/2495/4097 1666/2351/4098 1664/2345/4100
f 1615/2476/4058 1636/2496/4099 1664/2345/4100 1660/2344/4059
s 159
f 1615/2497/4101 1616/2498/4102 1706/2391/4103 1703/2387/4104
f 1636/2499/4105 1615/2497/4101 1703/2387/4104 1707/2390/4106
f 1635/2500/4107 1636/2499/4105 1707/2390/4106 1709/2396/4108
f 1634/2501/4109 1635/2500/4107 1709/2396/4108 1711/2398/4110
f 1633/2502/4111 1634/2501/4109 1711/2398/4110 1713/3256/4112
f 1632/2503/4113 1633/3258/4111 1713/2400/4112 1715/2402/4114
f 1631/2504/4115 1632/2503/4113 1715/2402/4114 1717/2404/4116
f 1630/2505/4117 1631/2504/4115 1717/2404/4116 1719/2406/4118
f 1629/2506/4119 1630/2505/4117 1719/2406/4118 1721/2408/4120
f 1628/2507/4121 1629/2506/4119 1721/2408/4120 1723/2410/4122
f 1627/2508/4123 1628/2507/4121 1723/2410/4122 1725/2412/4124
f 1626/2509/4125 1627/2508/4123 1725/2412/4124 1727/2414/4126
f 1625/2510/4127 1626/2509/4125 1727/2414/4126 1729/2416/4128
f 1624/2511/4129 1625/2510/4127 1729/2416/4128 1731/2418/4130
f 1623/2512/4131 1624/2511/4129 1731/2418/4130 1733/2420/4132
f 1622/2513/4133 1623/2512/4131 1733/2420/4132 1735/2422/4134
f 1621/2514/4135 1622/2513/4133 1735/2422/4134 1737/2424/4136
f 1620/2515/4137 1621/2514/4135 1737/2424/4136 1739/2426/4138
f 1619/2516/4139 1620/2515/4137 1739/2426/4138 1741/2428/4140
f 1618/2517/4141 1619/2516/4139 1741/2428/4140 1743/2430/4142
f 1617/2518/4143 1618/2517/4141 1743/2430/4142 1745/2393/4144
f 1616/2498/4102 1617/2518/4143 1745/2393/4144 1706/2391/4103
s 160
f 1747/2519/4145 1748/2520/4146 1831/2521/4147 1832/2522/4148
f 1748/2520/4146 1747/2519/4145 1750/2523/4149 1749/2524/4150
f 1749/2524/4150 1750/2523/4149 1756/2525/4151 1755/2526/4152
s 161
f 1751/2527/4153 1752/2528/4154 1833/2529/4155 1834/2530/4156
f 1752/2528/4154 1751/2527/4153 1754/2531/4157 1753/2532/4158
f 1753/2532/4158 1754/2531/4157 1758/2533/4159 1757/2534/4160
s 160
f 1755/2526/4152 1756/2525/4151 1760/2535/4161 1759/2536/4162
s 161
f 1757/2534/4160 1758/2533/4159 1762/2537/4163 1761/2538/4164
s 160
f 1759/2536/4162 1760/2535/4161 1764/2539/4165 1763/2540/4166
s 161
f 1761/2538/4164 1762/2537/4163 1766/2541/4167 1765/2542/4168
s 160
f 1763/2540/4166 1764/2539/4165 1768/2543/4169 1767/2544/4170
s 161
f 1765/2542/4168 1766/2541/4167 1770/2545/4171 1769/2546/4172
s 160
f 1767/2544/4170 1768/2543/4169 1772/2547/4173 1771/2548/4174
s 161
f 1769/2546/4172 1770/2545/4171 1774/2549/4175 1773/2550/4176
s 160
f 1771/2548/4174 1772/2547/4173 1776/2551/4177 1775/2552/4178
s 161
f 1773/2550/4176 1774/2549/4175 1778/2553/4179 1777/2554/4180
s 160
f 1775/2552/4178 1776/2551/4177 1780/2555/4181 1779/2556/4182
s 161
f 1777/2554/4180 1778/2553/4179 1782/2557/4183 1781/2558/4184
s 160
f 1779/2556/4182 1780/2555/4181 1784/2559/4185 1783/2560/4186
s 161
f 1781/2558/4184 1782/2557/4183 1786/2561/4187 1785/2562/4188
s 160
f 1783/2560/4186 1784/2559/4185 1788/2563/4189 1787/2564/4190
s 161
f 1785/2562/4188 1786/2561/4187 1790/2565/4191 1789/2566/4192
s 160
f 1787/2564/4190 1788/2563/4189 1792/2567/4193 1791/2568/4194
s 161
f 1789/2566/4192 1790/2565/4191 1794/2569/4195 1793/2570/4196
s 160
f 1791/2568/4194 1792/2567/4193 1796/2571/4197 1795/2572/4198
s 161
f 1793/2570/4196 1794/2569/4195 1798/2573/4199 1797/2574/4200
s 160
f 1795/2572/4198 1796/2571/4197 1800/2575/4201 1799/2576/4202
s 161
f 1797/2574/4200 1798/2573/4199 1802/2577/4203 1801/2578/4204
s 160
f 1799/2576/4202 1800/2575/4201 1804/2579/4205 1803/2580/4206
s 161
f 1801/2578/4204 1802/2577/4203 1806/2581/4207 1805/2582/4208
s 160
f 1803/2580/4206 1804/2579/4205 1808/2583/4209 1807/2584/4210
s 161
f 1805/2582/4208 1806/2581/4207 1810/2585/4211 1809/2586/4212
s 160
f 1807/2584/4210 1808/2583/4209 1812/2587/4213 1811/2588/4214
s 161
f 1809/2586/4212 1810/2585/4211 1814/2589/4215 1813/2590/4216
s 160
f 1811/2588/4214 1812/2587/4213 1816/2591/4217 1815/2592/4218
s 161
f 1813/2590/4216 1814/2589/4215 1818/2593/4219 1817/2594/4220
s 160
f 1815/2595/4218 1816/2596/4217 1820/2597/4221 1819/2598/4222
s 161
f 1817/2599/4220 1818/2600/4219 1822/2601/4223 1821/2602/4224
s 160
f 1819/2598/4222 1820/2597/4221 1824/2603/4225 1823/2604/4226
s 161
f 1821/2602/4224 1822/2601/4223 1826/2605/4227 1825/2606/4228
s 160
f 1823/2604/4226 1824/2603/4225 1828/2607/4229 1827/2608/4230
s 161
f 1825/2606/4228 1826/2605/4227 1830/2609/4231 1829/2610/4232
s 160
f 1827/2608/4230 1828/2607/4229 1832/2522/4148 1831/2521/4147
s 161
f 1829/2610/4232 1830/2609/4231 1834/2530/4156 1833/2529/4155
s 162
f 1750/2523/4233 1747/2519/4234 1752/2528/4235 1753/2532/4236
f 1756/2525/4237 1750/2523/4233 1753/2532/4236 1757/2534/4238
f 1760/2535/4239 1756/2525/4237 1757/2534/4238 1761/2538/4240
f 1764/2539/4241 1760/2535/4239 1761/2538/4240 1765/2542/4242
f 1768/2543/4243 1764/2539/4241 1765/2542/4242 1769/2546/4244
f 1772/2547/4245 1768/2543/4243 1769/2546/4244 1773/2550/4246
f 1776/2551/4247 1772/2547/4245 1773/2550/4246 1777/2554/4248
f 1780/2555/4249 1776/2551/4247 1777/2554/4248 1781/2558/4250
f 1784/2559/4251 1780/2555/4249 1781/2558/4250 1785/2562/4252
f 1788/2563/4253 1784/2559/4251 1785/2562/4252 1789/2566/4254
f 1792/2567/4255 1788/2563/4253 1789/2566/4254 1793/2570/4256
f 1796/2571/4257 1792/2567/4255 1793/2570/4256 1797/2574/4258
f 1800/2575/4259 1796/2571/4257 1797/2574/4258 1801/2578/4260
f 1804/2579/4261 1800/2575/4259 1801/2578/4260 1805/2582/4262
f 1808/2583/4263 1804/2579/4261 1805/2582/4262 1809/2586/4264
f 1812/2587/4265 1808/2583/4263 1809/2586/4264 1813/2590/4266
f 1816/2591/4267 1812/2587/4265 1813/2590/4266 1817/2594/4268
f 1820/2597/4269 1816/2596/4267 1817/2599/4268 1821/2602/4270
f 1824/2603/4271 1820/2597/4269 1821/2602/4270 1825/2606/4272
f 1828/2607/4273 1824/2603/4271 1825/2606/4272 1829/2610/4274
f 1832/2522/4275 1828/2607/4273 1829/2610/4274 1833/2529/4276
f 1747/2519/4234 1832/2522/4275 1833/2529/4276 1752/2528/4235
s 163
f 1506/2611/4277 1505/2612/4278 1748/2520/4279 1749/2524/4280
s 131
f 1438/2136/3419 1459/2180/3480 1754/2531/4281 1751/2527/4282
s 163
f 1507/2613/4283 1506/2611/4277 1749/2524/4280 1755/2526/4284
s 131
f 1459/2180/3480 1458/2178/3477 1758/2533/4285 1754/2531/4281
s 163
f 1508/2614/4286 1507/2613/4283 1755/2526/4284 1759/2536/4287
s 131
f 1458/2178/3477 1457/2176/3474 1762/2537/4288 1758/2533/4285
s 163
f 1509/2615/4289 1508/2614/4286 1759/2536/4287 1763/2540/4290
s 131
f 1457/2176/3474 1456/2174/3471 1766/2541/4291 1762/2537/4288
s 163
f 1510/2616/4292 1509/2615/4289 1763/2540/4290 1767/2544/4293
s 131
f 1456/2174/3471 1455/2172/3468 1770/2545/4294 1766/2541/4291
s 163
f 1511/2617/4295 1510/2616/4292 1767/2544/4293 1771/2548/4296
s 131
f 1455/2172/3468 1454/2170/3465 1774/2549/4297 1770/2545/4294
s 163
f 1512/2618/4298 1511/2617/4295 1771/2548/4296 1775/2552/4299
s 131
f 1454/2170/3465 1453/2168/3462 1778/2553/4300 1774/2549/4297
s 163
f 1513/2619/4301 1512/2618/4298 1775/2552/4299 1779/2556/4302
s 131
f 1453/2168/3462 1452/2166/3459 1782/2557/4303 1778/2553/4300
s 163
f 1514/2620/4304 1513/2619/4301 1779/2556/4302 1783/2560/4305
s 131
f 1452/2166/3459 1451/2164/3456 1786/2561/4306 1782/2557/4303
s 163
f 1515/2621/4307 1514/2620/4304 1783/2560/4305 1787/2564/4308
s 131
f 1451/2164/3456 1450/2162/3453 1790/2565/4309 1786/2561/4306
s 163
f 1516/2622/4310 1515/2621/4307 1787/2564/4308 1791/2568/4311
s 131
f 1450/2162/3453 1449/2160/3450 1794/2569/4312 1790/2565/4309
s 163
f 1517/2623/4313 1516/2622/4310 1791/2568/4311 1795/2572/4314
s 131
f 1449/2160/3450 1448/2158/3447 1798/2573/4315 1794/2569/4312
s 163
f 1518/2624/4316 1517/2623/4313 1795/2572/4314 1799/2576/4317
s 131
f 1448/2158/3447 1447/2156/3444 1802/2577/4318 1798/2573/4315
s 163
f 1519/2625/4319 1518/2624/4316 1799/2576/4317 1803/2580/4320
s 131
f 1447/2156/3444 1446/2154/3441 1806/2581/4321 1802/2577/4318
s 163
f 1520/2626/4322 1519/2625/4319 1803/2580/4320 1807/2584/4323
s 131
f 1446/2154/3441 1445/2152/3438 1810/2585/4324 1806/2581/4321
s 163
f 1521/2627/4325 1520/2626/4322 1807/2584/4323 1811/2588/4326
s 131
f 1445/2152/3438 1444/2149/3435 1814/2589/4327 1810/2585/4324
s 163
f 1522/2628/4328 1521/2627/4325 1811/2588/4326 1815/2592/4329
s 131
f 1444/2149/3435 1443/2148/3432 1818/2593/4330 1814/2589/4327
s 163
f 1523/2629/4331 1522/2630/4328 1815/2595/4329 1819/2598/4332
s 131
f 1443/2146/3432 1442/2144/3429 1822/2601/4333 1818/2600/4330
s 163
f 1524/2631/4334 1523/2629/4331 1819/2598/4332 1823/2604/4335
s 131
f 1442/2144/3429 1441/2142/3426 1826/2605/4336 1822/2601/4333
s 163
f 1525/2632/4337 1524/2631/4334 1823/2604/4335 1827/2608/4338
s 131
f 1441/2142/3426 1440/2140/3423 1830/2609/4339 1826/2605/4336
s 163
f 1526/2633/4340 1525/2632/4337 1827/2608/4338 1831/2521/4341
s 131
f 1440/2140/3423 1439/2137/3420 1834/2530/4342 1830/2609/4339
s 163
f 1505/2612/4278 1526/2633/4340 1831/2521/4341 1748/2520/4279
s 131
f 1439/2137/3420 1438/2136/3419 1751/2527/4282 1834/2530/4342
s off
f 1835/2634/4343 1837/2635/4344 1853/2636/4345 1855/2637/4346
f 1836/2638/4347 1835/2639/4348 1840/2640/4349 1839/2641/4350
f 1837/2635/4351 1836/2638/4352 1842/2642/4353 1841/2643/4354
f 1838/2644/4355 1840/2645/4356 1856/2646/4357 1858/2647/4358
f 1839/2641/4359 1838/2644/4360 1846/2648/4361 1845/2649/4362
f 1841/2643/4363 1843/2650/4364 1848/2651/4365 1847/2652/4366
f 1843/2653/4367 1842/2642/4368 1845/2649/4369 1844/2654/4370
f 1844/2655/4371 1846/2648/4372 1852/2656/4373 1851/2657/4374
f 1847/2652/4375 1849/2658/4376 1854/2659/4377 1853/2636/4378
f 1849/2660/4379 1848/2661/4380 1851/2662/4381 1850/2663/4382
f 1850/2664/4383 1852/2656/4384 1858/2647/4385 1857/2665/4386
f 1855/2666/4387 1854/2667/4388 1857/2668/4389 1856/2669/4390
f 1836/2638/4391 1839/2641/4392 1845/2649/4393 1842/2642/4394
f 1843/2653/4395 1844/2654/4396 1851/2662/4397 1848/2661/4398
f 1849/2670/4399 1850/2671/4400 1857/2668/4401 1854/2667/4402
f 1855/2666/4403 1856/2669/4404 1840/2640/4405 1835/2639/4406
f 1838/2644/4407 1858/2647/4408 1852/2656/4409 1846/2648/4410
f 1853/2636/4411 1837/2635/4412 1841/2643/4413 1847/2652/4414
f 1835/2634/4415 1836/2638/4416 1837/2635/4417
f 1838/2644/4418 1839/2641/4419 1840/2645/4420
f 1841/2643/4421 1842/2642/4422 1843/2650/4423
f 1844/2655/4424 1845/2649/4425 1846/2648/4426
f 1847/2652/4427 1848/2651/4428 1849/2658/4429
f 1850/2664/4430 1851/2657/4431 1852/2656/4432
f 1853/2636/4433 1854/2659/4434 1855/2637/4435
f 1856/2646/4436 1857/2665/4437 1858/2647/4438
s 164
f 1859/2672/4439 1860/2673/4440 1862/2674/4441 1861/2675/4442
f 1860/2673/4440 1859/2672/4439 1905/2676/4443 1906/2677/4444
f 1861/2675/4442 1862/2674/4441 1864/2678/4445 1863/2679/4446
f 1863/2679/4446 1864/2678/4445 1866/2680/4447 1865/2681/4448
f 1865/2681/4448 1866/2680/4447 1868/2682/4449 1867/2683/4450
f 1867/2683/4450 1868/2682/4449 1870/2684/4451 1869/2685/4452
f 1869/2686/4452 1870/2687/4451 1872/2688/4453 1871/2689/4454
f 1871/2689/4454 1872/2688/4453 1874/2690/4455 1873/2691/4456
f 1873/2691/4456 1874/2690/4455 1876/2692/4457 1875/2693/4458
f 1875/2693/4458 1876/2692/4457 1878/2694/4459 1877/2695/4460
f 1877/2695/4460 1878/2694/4459 1880/2696/4461 1879/2697/4462
f 1879/2697/4462 1880/2696/4461 1882/2698/4463 1881/2699/4464
f 1881/2699/4464 1882/2698/4463 1884/2700/4465 1883/2701/4466
f 1883/2701/4466 1884/2700/4465 1886/2702/4467 1885/2703/4468
f 1885/2703/4468 1886/2702/4467 1888/2704/4469 1887/2705/4470
f 1887/2705/4470 1888/2704/4469 1890/2706/4471 1889/2707/4472
f 1889/2707/4472 1890/2706/4471 1892/2708/4473 1891/2709/4474
f 1891/2709/4474 1892/2708/4473 1894/2710/4475 1893/2711/4476
f 1893/2711/4476 1894/2710/4475 1896/2712/4477 1895/2713/4478
f 1895/2713/4478 1896/2712/4477 1898/2714/4479 1897/2715/4480
f 1897/2715/4480 1898/2714/4479 1900/2716/4481 1899/2717/4482
f 1899/2717/4482 1900/2716/4481 1902/2718/4483 1901/2719/4484
f 1901/2719/4484 1902/2718/4483 1904/2720/4485 1903/2721/4486
f 1903/2721/4486 1904/2720/4485 1906/2677/4444 1905/2676/4443
s 165
f 1907/2722/4487 1908/2723/4488 1954/2724/4489 1953/2725/4490
f 1908/2723/4488 1907/2722/4487 1909/2726/4491 1910/2727/4492
f 1910/2727/4492 1909/2726/4491 1911/2728/4493 1912/2729/4494
f 1912/2729/4494 1911/2728/4493 1913/2730/4495 1914/2731/4496
f 1914/2731/4496 1913/2730/4495 1915/2732/4497 1916/2733/4498
f 1916/2733/4498 1915/2732/4497 1917/2734/4499 1918/2735/4500
f 1918/2736/4500 1917/2737/4499 1919/2738/4501 1920/2739/4502
f 1920/2739/4502 1919/2738/4501 1921/2740/4503 1922/2741/4504
f 1922/2741/4504 1921/2740/4503 1923/2742/4505 1924/2743/4506
f 1924/2743/4506 1923/2742/4505 1925/2744/4507 1926/2745/4508
f 1926/2745/4508 1925/2744/4507 1927/2746/4509 1928/2747/4510
f 1928/2747/4510 1927/2746/4509 1929/2748/4511 1930/2749/4512
f 1930/2749/4512 1929/2748/4511 1931/2750/4513 1932/2751/4514
f 1932/2751/4514 1931/2750/4513 1933/2752/4515 1934/2753/4516
f 1934/2753/4516 1933/2752/4515 1935/2754/4517 1936/2755/4518
f 1936/2755/4518 1935/2754/4517 1937/2756/4519 1938/2757/4520
f 1938/2757/4520 1937/2756/4519 1939/2758/4521 1940/2759/4522
f 1940/2759/4522 1939/2758/4521 1941/2760/4523 1942/2761/4524
f 1942/2761/4524 1941/2760/4523 1943/2762/4525 1944/2763/4526
f 1944/2763/4526 1943/2762/4525 1945/2764/4527 1946/2765/4528
f 1946/2765/4528 1945/2764/4527 1947/2766/4529 1948/2767/4530
f 1948/2767/4530 1947/2766/4529 1949/2768/4531 1950/2769/4532
f 1950/2769/4532 1949/2768/4531 1951/2770/4533 1952/2771/4534
f 1952/2771/4534 1951/2770/4533 1953/2725/4490 1954/2724/4489
s 166
f 1955/2772/4535 1956/2773/4536 2002/2774/4537 2001/2775/4538
f 1956/2773/4536 1955/2772/4535 1957/2776/4539 1958/2777/4540
f 1958/2777/4540 1957/2776/4539 1959/2778/4541 1960/2779/4542
f 1960/2779/4542 1959/2778/4541 1961/2780/4543 1962/2781/4544
f 1962/2781/4544 1961/2782/4543 1963/2783/4545 1964/2784/4546
f 1964/2784/4546 1963/2783/4545 1965/2785/4547 1966/2786/4548
f 1966/2787/4548 1965/2788/4547 1967/2789/4549 1968/2790/4550
f 1968/2790/4550 1967/2789/4549 1969/2791/4551 1970/2792/4552
f 1970/2792/4552 1969/2791/4551 1971/2793/4553 1972/2794/4554
f 1972/2794/4554 1971/2793/4553 1973/2795/4555 1974/2796/4556
f 1974/2796/4556 1973/2797/4555 1975/2798/4557 1976/2799/4558
f 1976/2799/4558 1975/2798/4557 1977/2800/4559 1978/2801/4560
f 1978/2801/4560 1977/2800/4559 1979/2802/4561 1980/2803/4562
f 1980/2803/4562 1979/2802/4561 1981/2804/4563 1982/2805/4564
f 1982/2805/4564 1981/2804/4563 1983/2806/4565 1984/2807/4566
f 1984/2807/4566 1983/2806/4565 1985/2808/4567 1986/2809/4568
f 1986/2809/4568 1985/2808/4567 1987/2810/4569 1988/2811/4570
f 1988/2811/4570 1987/2810/4569 1989/2812/4571 1990/2813/4572
f 1990/2813/4572 1989/2812/4571 1991/2814/4573 1992/2815/4574
f 1992/2815/4574 1991/2814/4573 1993/2816/4575 1994/2817/4576
f 1994/2817/4576 1993/2816/4575 1995/2818/4577 1996/2819/4578
f 1996/2819/4578 1995/2818/4577 1997/2820/4579 1998/2821/4580
f 1998/2821/4580 1997/2820/4579 1999/2822/4581 2000/2823/4582
f 2000/2823/4582 1999/2822/4581 2001/2775/4538 2002/2774/4537
s 167
f 2003/2824/4583 2004/2825/4584 2006/2826/4585 2005/2827/4586
f 2004/2825/4584 2003/2824/4583 2049/2828/4587 2050/2829/4588
f 2005/2827/4586 2006/2826/4585 2008/2830/4589 2007/2831/4590
f 2007/2831/4590 2008/2830/4589 2010/2832/4591 2009/2833/4592
f 2009/2833/4592 2010/2832/4591 2012/2834/4593 2011/2835/4594
f 2011/2835/4594 2012/2834/4593 2014/2836/4595 2013/2837/4596
f 2013/2838/4596 2014/2839/4595 2016/2840/4597 2015/2841/4598
f 2015/2841/4598 2016/2840/4597 2018/2842/4599 2017/2843/4600
f 2017/2843/4600 2018/2842/4599 2020/2844/4601 2019/2845/4602
f 2019/2845/4602 2020/2844/4601 2022/2846/4603 2021/2847/4604
f 2021/2847/4604 2022/2846/4603 2024/2848/4605 2023/2849/4606
f 2023/2849/4606 2024/2848/4605 2026/2850/4607 2025/2851/4608
f 2025/2851/4608 2026/2850/4607 2028/2852/4609 2027/2853/4610
f 2027/2853/4610 2028/2852/4609 2030/2854/4611 2029/2855/4612
f 2029/2855/4612 2030/2854/4611 2032/2856/4613 2031/2857/4614
f 2031/2857/4614 2032/2856/4613 2034/2858/4615 2033/2859/4616
f 2033/2859/4616 2034/2858/4615 2036/2860/4617 2035/2861/4618
f 2035/2861/4618 2036/2860/4617 2038/2862/4619 2037/2863/4620
f 2037/2863/4620 2038/2862/4619 2040/2864/4621 2039/2865/4622
f 2039/2865/4622 2040/2864/4621 2042/2866/4623 2041/2867/4624
f 2041/2867/4624 2042/2866/4623 2044/2868/4625 2043/2869/4626
f 2043/2869/4626 2044/2868/4625 2046/2870/4627 2045/2871/4628
f 2045/2871/4628 2046/2870/4627 2048/2872/4629 2047/2873/4630
f 2047/2873/4630 2048/2872/4629 2050/2829/4588 2049/2828/4587
s 168
f 1859/2672/4631 1861/2675/4632 1909/2726/4633 1907/2722/4634
f 1861/2675/4632 1863/2679/4635 1911/2728/4636 1909/2726/4633
f 1863/2679/4635 1865/2681/4637 1913/2730/4638 1911/2728/4636
f 1865/2681/4637 1867/2683/4639 1915/2732/4640 1913/2730/4638
f 1867/2683/4639 1869/2685/4641 1917/2734/4642 1915/2732/4640
f 1869/2686/4641 1871/2689/4643 1919/2738/4644 1917/2737/4642
f 1871/2689/4643 1873/2691/4645 1921/2740/4646 1919/2738/4644
f 1873/2691/4645 1875/2693/4647 1923/2742/4648 1921/2740/4646
f 1875/2693/4647 1877/2695/4649 1925/2744/4650 1923/2742/4648
f 1877/2695/4649 1879/2697/4651 1927/2746/4652 1925/2744/4650
f 1879/2697/4651 1881/2699/4653 1929/2748/4654 1927/2746/4652
f 1881/2699/4653 1883/2701/4655 1931/2750/4656 1929/2748/4654
f 1883/2701/4655 1885/2703/4657 1933/2752/4658 1931/2750/4656
f 1885/2703/4657 1887/2705/4659 1935/2754/4660 1933/2752/4658
f 1887/2705/4659 1889/2707/4661 1937/2756/4662 1935/2754/4660
f 1889/2707/4661 1891/2709/4663 1939/2758/4664 1937/2756/4662
f 1891/2709/4663 1893/2711/4665 1941/2760/4666 1939/2758/4664
f 1893/2711/4665 1895/2713/4667 1943/2762/4668 1941/2760/4666
f 1895/2713/4667 1897/2715/4669 1945/2764/4670 1943/2762/4668
f 1897/2715/4669 1899/2717/4671 1947/2766/4672 1945/2764/4670
f 1899/2717/4671 1901/2719/4673 1949/2768/4674 1947/2766/4672
f 1901/2719/4673 1903/2721/4675 1951/2770/4676 1949/2768/4674
f 1903/2721/4675 1905/2676/4677 1953/2725/4678 1951/2770/4676
f 1905/2676/4677 1859/2672/4631 1907/2722/4634 1953/2725/4678
s 169
f 1908/2723/4679 1910/2727/4680 1957/2874/4681 1955/2875/4682
f 1910/2727/4680 1912/2729/4683 1959/2876/4684 1957/2874/4681
f 1912/2729/4683 1914/2731/4685 1961/2877/4686 1959/2876/4684
f 1914/2731/4685 1916/2733/4687 1963/2878/4688 1961/2877/4686
f 1916/2733/4687 1918/2735/4689 1965/2879/4690 1963/2878/4688
f 1918/2736/4689 1920/2739/4691 1967/2880/4692 1965/2881/4690
f 1920/2739/4691 1922/2741/4693 1969/2882/4694 1967/2880/4692
f 1922/2741/4693 1924/2743/4695 1971/2883/4696 1969/2882/4694
f 1924/2743/4695 1926/2745/4697 1973/2884/4698 1971/2883/4696
f 1926/2745/4697 1928/2747/4699 1975/2885/4700 1973/2884/4698
f 1928/2747/4699 1930/2749/4701 1977/2886/4702 1975/2885/4700
f 1930/2749/4701 1932/2751/4703 1979/2887/4704 1977/2886/4702
f 1932/2751/4703 1934/2753/4705 1981/2888/4706 1979/2887/4704
f 1934/2753/4705 1936/2755/4707 1983/2889/4708 1981/2888/4706
f 1936/2755/4707 1938/2757/4709 1985/2890/4710 1983/2889/4708
f 1938/2757/4709 1940/2759/4711 1987/2891/4712 1985/2890/4710
f 1940/2759/4711 1942/2761/4713 1989/2892/4714 1987/2891/4712
f 1942/2761/4713 1944/2763/4715 1991/2893/4716 1989/2892/4714
f 1944/2763/4715 1946/2765/4717 1993/2894/4718 1991/2893/4716
f 1946/2765/4717 1948/2767/4719 1995/2895/4720 1993/2894/4718
f 1948/2767/4719 1950/2769/4721 1997/2896/4722 1995/2895/4720
f 1950/2769/4721 1952/2771/4723 1999/2897/4724 1997/2896/4722
f 1952/2771/4723 1954/2724/4725 2001/2898/4726 1999/2897/4724
f 1954/2724/4725 1908/2723/4679 1955/2875/4682 2001/2898/4726
s 170
f 1860/2899/4727 2003/2824/4728 2005/2827/4729 1862/2900/4730
f 1862/2900/4730 2005/2827/4729 2007/2831/4731 1864/2901/4732
f 1864/2901/4732 2007/2831/4731 2009/2833/4733 1866/2902/4734
f 1866/2902/4734 2009/2833/4733 2011/2835/4735 1868/2903/4736
f 1868/2903/4736 2011/2835/4735 2013/2837/4737 1870/2904/4738
f 1870/2905/4738 2013/2838/4737 2015/2841/4739 1872/2906/4740
f 1872/2906/4740 2015/2841/4739 2017/2843/4741 1874/2907/4742
f 1874/2907/4742 2017/2843/4741 2019/2845/4743 1876/2908/4744
f 1876/2908/4744 2019/2845/4743 2021/2847/4745 1878/2909/4746
f 1878/2909/4746 2021/2847/4745 2023/2849/4747 1880/2910/4748
f 1880/2910/4748 2023/2849/4747 2025/2851/4749 1882/2911/4750
f 1882/2911/4750 2025/2851/4749 2027/2853/4751 1884/2912/4752
f 1884/2912/4752 2027/2853/4751 2029/2855/4753 1886/2913/4754
f 1886/2913/4754 2029/2855/4753 2031/2857/4755 1888/2914/4756
f 1888/2914/4756 2031/2857/4755 2033/2859/4757 1890/2915/4758
f 1890/2915/4758 2033/2859/4757 2035/2861/4759 1892/2916/4760
f 1892/2916/4760 2035/2861/4759 2037/2863/4761 1894/2917/4762
f 1894/2917/4762 2037/2863/4761 2039/2865/4763 1896/2918/4764
f 1896/2918/4764 2039/2865/4763 2041/2867/4765 1898/2919/4766
f 1898/2919/4766 2041/2867/4765 2043/2869/4767 1900/2920/4768
f 1900/2920/4768 2043/2869/4767 2045/2871/4769 1902/2921/4770
f 1902/2921/4770 2045/2871/4769 2047/2873/4771 1904/2922/4772
f 1904/2922/4772 2047/2873/4771 2049/2828/4773 1906/2923/4774
f 1906/2923/4774 2049/2828/4773 2003/2824/4728 1860/2899/4727
s 171
f 1958/2777/4775 1960/2779/4776 2008/2830/4777 2006/2826/4778
f 1960/2779/4776 1962/2781/4779 2010/2832/4780 2008/2830/4777
f 1962/2781/4779 1964/2784/4781 2012/2834/4782 2010/2832/4780
f 1964/2784/4781 1966/2786/4783 2014/2836/4784 2012/2834/4782
f 1966/2787/4783 1968/2790/4785 2016/2840/4786 2014/2839/4784
f 1968/2790/4785 1970/2792/4787 2018/2842/4788 2016/2840/4786
f 1970/2792/4787 1972/2794/4789 2020/2844/4790 2018/2842/4788
f 1972/2794/4789 1974/2796/4791 2022/2846/4792 2020/2844/4790
f 1974/2796/4791 1976/2799/4793 2024/2848/4794 2022/2846/4792
f 1980/2803/4795 1982/2805/4796 2030/2854/4797 2028/2852/4798
f 1982/2805/4796 1984/2807/4799 2032/2856/4800 2030/2854/4797
f 1984/2807/4799 1986/2809/4801 2034/2858/4802 2032/2856/4800
f 1986/2809/4801 1988/2811/4803 2036/2860/4804 2034/2858/4802
f 1988/2811/4803 1990/2813/4805 2038/2862/4806 2036/2860/4804
f 1990/2813/4805 1992/2815/4807 2040/2864/4808 2038/2862/4806
f 1992/2815/4807 1994/2817/4809 2042/2866/4810 2040/2864/4808
f 1994/2817/4809 1996/2819/4811 2044/2868/4812 2042/2866/4810
f 1976/2799/4793 1978/2801/4813 2026/2850/4814 2024/2848/4794
f 1978/2801/4813 1980/2803/4795 2028/2852/4798 2026/2850/4814
f 1996/2819/4811 1998/2821/4815 2046/2870/4816 2044/2868/4812
f 1998/2821/4815 2000/2823/4817 2048/2872/4818 2046/2870/4816
f 2000/2823/4817 2002/2774/4819 2050/2829/4820 2048/2872/4818
f 2002/2774/4819 1956/2773/4821 2004/2825/4822 2050/2829/4820
f 1956/2773/4821 1958/2777/4775 2006/2826/4778 2004/2825/4822
s off
f 2051/2924/4823 2053/2925/4824 2069/2926/4825 2071/2927/4826
f 2052/2928/4827 2051/2929/4828 2056/2930/4829 2055/2931/4830
f 2053/2925/4831 2052/2932/4832 2058/2933/4833 2057/2934/4834
f 2054/2935/4835 2056/2936/4836 2072/2937/4837 2074/2938/4838
f 2055/2939/4839 2054/2935/4840 2062/2940/4841 2061/2941/4842
f 2057/2934/4843 2059/2942/4844 2064/2943/4845 2063/2944/4846
f 2059/2945/4847 2058/2946/4848 2061/2947/4849 2060/2948/4850
f 2060/2949/4851 2062/2940/4852 2068/2950/4853 2067/2951/4854
f 2063/2944/4855 2065/2952/4856 2070/2953/4857 2069/2926/4858
f 2065/2952/4859 2064/2954/4860 2067/2955/4861 2066/2956/4862
f 2066/2956/4863 2068/2950/4864 2074/2938/4865 2073/2957/4866
f 2071/2958/4867 2070/2953/4868 2073/2957/4869 2072/2959/4870
f 2052/2928/4871 2055/2931/4872 2061/2960/4873 2058/2961/4874
f 2059/2945/4875 2060/2948/4876 2067/2955/4877 2064/2954/4878
f 2065/2952/4879 2066/2956/4880 2073/2957/4881 2070/2953/4882
f 2071/2958/4883 2072/2959/4884 2056/2930/4885 2051/2929/4886
f 2054/2935/4887 2074/2938/4888 2068/2950/4889 2062/2940/4890
f 2069/2926/4891 2053/2925/4892 2057/2934/4893 2063/2944/4894
f 2051/2924/4895 2052/2932/4896 2053/2925/4897
f 2054/2935/4898 2055/2939/4899 2056/2936/4900
f 2057/2934/4901 2058/2933/4902 2059/2942/4903
f 2060/2949/4904 2061/2941/4905 2062/2940/4906
f 2063/2944/4907 2064/2943/4908 2065/2952/4909
f 2066/2956/4910 2067/2951/4911 2068/2950/4912
f 2069/2926/4913 2070/2953/4914 2071/2927/4915
f 2072/2937/4916 2073/2957/4917 2074/2938/4918
f 2078/2962/4919 2075/2963/4920 2080/2964/4921 2081/2965/4922
f 2086/2966/4923 2083/2967/4924 2088/2968/4925 2089/2969/4926
f 2082/2970/4927 2079/2971/4928 2090/2972/4929 2087/2973/4930
f 2084/2974/4931 2085/2975/4932 2076/2976/4933 2077/2977/4934
f 2076/2976/4935 2075/2963/4936 2078/2962/4937 2077/2977/4938
f 2080/2978/4939 2079/2971/4940 2082/2970/4941 2081/2979/4942
f 2084/2974/4943 2083/2967/4944 2086/2966/4945 2085/2975/4946
f 2088/2968/4947 2087/2973/4948 2090/2972/4949 2089/2969/4950
f 2091/2980/4951 2092/2981/4952 2102/2982/4953 2101/2983/4954
f 2092/2984/4955 2093/2985/4956 2103/2986/4957 2102/2987/4958
f 2093/2985/4959 2094/2988/4960 2104/2989/4961 2103/2986/4962
f 2094/2988/4963 2095/2990/4964 2105/2991/4965 2104/2989/4966
f 2095/2990/4967 2096/2992/4968 2106/2993/4969 2105/2991/4970
f 2096/2992/4971 2097/2994/4972 2107/2995/4973 2106/2993/4974
f 2097/2994/4975 2098/2996/4976 2108/2997/4977 2107/2995/4978
f 2098/2996/4979 2099/2998/4980 2109/2999/4981 2108/2997/4982
f 2099/2998/4983 2100/3000/4984 2110/3001/4985 2109/2999/4986
f 2100/3000/4987 2091/2980/4988 2101/2983/4989 2110/3001/4990
f 2111/3002/4991 2112/3003/4992 2122/3004/4993 2121/3005/4994
f 2112/3003/4995 2113/3006/4996 2123/3007/4997 2122/3004/4998
f 2113/3008/4999 2114/3009/5000 2124/3010/5001 2123/3011/5002
f 2114/3009/5003 2115/3012/5004 2125/3013/5005 2124/3010/5006
f 2115/3012/5007 2116/3014/5008 2126/3015/5009 2125/3013/5010
f 2116/3014/5011 2117/3016/5012 2127/3017/5013 2126/3015/5014
f 2117/3016/5015 2118/3018/5016 2128/3019/5017 2127/3017/5018
f 2118/3018/5019 2119/3020/5020 2129/3021/5021 2128/3019/5022
f 2119/3020/5023 2120/3022/5024 2130/3023/5025 2129/3021/5026
f 2120/3022/5027 2111/3002/5028 2121/3005/5029 2130/3023/5030
f 2132/3024/5031 2133/3025/5032 2138/3026/5033 2135/3027/5034
f 2136/3028/5035 2137/3029/5036 2142/3030/5037 2139/3031/5038
f 2140/3032/5039 2141/3033/5040 2146/3034/5041 2143/3035/5042
f 2144/3036/5043 2145/3037/5044 2134/3038/5045 2131/3039/5046
f 2132/3024/5047 2131/3039/5048 2134/3038/5049 2133/3025/5050
f 2136/3028/5051 2135/3040/5052 2138/3041/5053 2137/3029/5054
f 2140/3032/5055 2139/3031/5056 2142/3030/5057 2141/3033/5058
f 2144/3036/5059 2143/3035/5060 2146/3034/5061 2145/3037/5062
f 2147/3042/5063 2148/3043/5064 2158/3044/5065 2157/3045/5066
f 2148/3043/5067 2149/3046/5068 2159/3047/5069 2158/3044/5070
f 2149/3048/5071 2150/3049/5072 2160/3050/5073 2159/3051/5074
f 2150/3049/5075 2151/3052/5076 2161/3053/5077 2160/3050/5078
f 2151/3052/5079 2152/3054/5080 2162/3055/5081 2161/3053/5082
f 2152/3054/5083 2153/3056/5084 2163/3057/5085 2162/3055/5086
f 2153/3056/5087 2154/3058/5088 2164/3059/5089 2163/3057/5090
f 2154/3058/5091 2155/3060/5092 2165/3061/5093 2164/3059/5094
f 2155/3060/5095 2156/3062/5096 2166/3063/5097 2165/3061/5098
f 2156/3062/5099 2147/3042/5100 2157/3045/5101 2166/3063/5102
g default
v -2.171721 0.707735 2.452936
v -2.185225 0.674546 2.452936
v -2.182549 0.759637 3.159401
v -2.197975 0.721723 3.159401
v -2.008741 0.759637 3.159401
v -1.993315 0.721723 3.159401
v -2.019569 0.707735 2.452936
v -2.006065 0.674546 2.452936
v -2.460298 0.267006 2.452936
v -2.427109 0.253502 2.452936
v -2.512200 0.256178 3.159401
v -2.474286 0.240752 3.159401
v -2.512200 0.429986 3.159401
v -2.474286 0.445413 3.159401
v -2.460298 0.419158 2.452936
v -2.427109 0.432662 2.452936
v -2.343855 0.620843 2.452936
v -2.338956 0.585348 2.452936
v -2.379184 0.660377 3.159401
v -2.373586 0.619830 3.159401
v -2.228661 0.747281 3.159401
v -2.196345 0.722160 3.159401
v -2.212088 0.696919 2.452936
v -2.183798 0.674928 2.452936
v -2.422363 0.255049 2.481198
v -2.334073 0.103068 2.481198
v -2.181621 0.015594 2.481198
v -2.005857 0.016065 2.481198
v -1.853875 0.104355 2.481198
v -1.766401 0.256807 2.481198
v -1.766872 0.432571 2.481198
v -1.855162 0.584552 2.481198
v -2.007614 0.672027 2.481198
v -2.183378 0.671556 2.481198
v -2.335360 0.583266 2.481198
v -2.422834 0.430814 2.481198
v -2.429430 0.253145 2.523576
v -2.339230 0.097877 2.523576
v -2.183481 0.008511 2.523576
v -2.003914 0.008992 2.523576
v -1.848646 0.099191 2.523576
v -1.759280 0.254941 2.523576
v -1.759761 0.434507 2.523576
v -1.849961 0.589775 2.523576
v -2.005710 0.679142 2.523576
v -2.185276 0.678661 2.523576
v -2.340544 0.588461 2.523576
v -2.429911 0.432711 2.523576
v -2.094617 0.343810 2.481198
v -2.094435 0.343940 2.532209
v -2.501390 0.233645 2.568909
v -2.391812 0.045020 2.568909
v -2.202604 -0.063545 2.568909
v -1.984461 -0.062960 2.568909
v -1.795837 0.046617 2.568909
v -1.687272 0.235826 2.568909
v -1.687856 0.453968 2.568909
v -1.797434 0.642593 2.568909
v -1.986643 0.751158 2.568909
v -2.204785 0.750573 2.568909
v -2.393409 0.640996 2.568909
v -2.501974 0.451787 2.568909
v -2.510159 0.231282 2.611612
v -2.398212 0.038578 2.611612
v -2.204911 -0.072335 2.611612
v -1.982051 -0.071738 2.611612
v -1.789347 0.040209 2.611612
v -1.678434 0.233510 2.611612
v -1.679031 0.456371 2.611612
v -1.790978 0.649074 2.611612
v -1.984280 0.759987 2.611612
v -2.207140 0.759390 2.611612
v -2.399844 0.647443 2.611612
v -2.510756 0.454142 2.611612
v -2.467625 0.242790 2.571855
v -2.367143 0.069821 2.571855
v -2.193639 -0.029733 2.571855
v -1.993602 -0.029197 2.571855
v -1.820634 0.071286 2.571855
v -1.721080 0.244790 2.571855
v -1.721616 0.444826 2.571855
v -1.822098 0.617795 2.571855
v -1.995603 0.717349 2.571855
v -2.195639 0.716813 2.571855
v -2.368607 0.616330 2.571855
v -2.468161 0.442826 2.571855
v -2.475667 0.240623 2.609886
v -2.373012 0.063913 2.609886
v -2.195755 -0.037794 2.609886
v -1.991392 -0.037246 2.609886
v -1.814683 0.065409 2.609886
v -1.712976 0.242666 2.609886
v -1.713523 0.447029 2.609886
v -1.816179 0.623738 2.609886
v -1.993436 0.725446 2.609886
v -2.197798 0.724898 2.609886
v -2.374508 0.622243 2.609886
v -2.476215 0.444986 2.609886
v -1.847435 0.065322 2.452936
v -1.852335 0.100816 2.452936
v -1.812107 0.025787 3.159401
v -1.817704 0.066335 3.159401
v -1.962629 -0.061117 3.159401
v -1.994945 -0.035996 3.159401
v -1.979202 -0.010754 2.452936
v -2.007492 0.011236 2.452936
v -2.449481 0.459525 2.452936
v -2.427491 0.431235 2.452936
v -2.499844 0.476098 3.159401
v -2.474723 0.443782 3.159401
v -2.412940 0.626621 3.159401
v -2.372392 0.621023 3.159401
v -2.373406 0.591292 2.452936
v -2.337911 0.586393 2.452936
v -2.585310 0.371863 3.055079
v -2.566764 0.497682 2.930831
v -2.509773 0.609095 2.820811
v -2.402667 0.699918 2.731122
v -2.258362 0.759200 2.672581
v -2.094264 0.779788 2.652250
v -1.930168 0.759200 2.672581
v -1.785863 0.699918 2.731122
v -1.678756 0.609095 2.820811
v -1.621765 0.497682 2.930831
v -1.603218 0.371863 3.055079
v -2.585310 0.340423 3.023240
v -2.566764 0.466242 2.898993
v -2.509773 0.577654 2.788973
v -2.402667 0.668478 2.699283
v -2.258362 0.727758 2.640742
v -2.094264 0.748347 2.620411
v -1.930168 0.727758 2.640742
v -1.785863 0.668478 2.699283
v -1.678756 0.577654 2.788973
v -1.621765 0.466242 2.898993
v -1.603218 0.340423 3.023240
v -1.579340 0.356775 3.038535
v -1.597888 0.481329 2.915537
v -1.657758 0.598372 2.799956
v -1.770277 0.693786 2.705734
v -1.921874 0.756063 2.644235
v -2.094264 0.777692 2.622877
v -2.266654 0.756063 2.644235
v -2.418251 0.693786 2.705734
v -2.530771 0.598372 2.799956
v -2.590643 0.481329 2.915537
v -2.609189 0.356775 3.038535
v -2.560774 0.359410 3.035933
v -2.542228 0.478695 2.918138
v -2.488196 0.584322 2.813831
v -2.386652 0.670429 2.728799
v -2.249840 0.726632 2.673299
v -2.094264 0.746151 2.654023
v -1.938688 0.726632 2.673299
v -1.801878 0.670429 2.728799
v -1.700333 0.584322 2.813831
v -1.646302 0.478695 2.918138
v -1.627755 0.359410 3.035933
v -1.577227 0.375459 3.020085
v -1.601104 0.390736 3.036442
v -1.625641 0.377303 3.018264
v -1.601104 0.359295 3.004603
v -2.611301 0.375458 3.020085
v -2.587424 0.390736 3.036441
v -2.562887 0.377303 3.018264
v -2.587424 0.359295 3.004603
v -1.639468 0.349581 3.077083
v -1.616165 0.333367 3.061651
v -1.639468 0.318140 3.045244
v -1.663412 0.338284 3.056794
v -2.549061 0.349581 3.077083
v -2.572363 0.333367 3.061651
v -2.549061 0.318140 3.045244
v -2.525115 0.338284 3.056794
v -2.576244 0.348078 2.997900
v -2.577865 0.375640 3.003217
v -2.577865 0.394892 3.023709
v -2.576244 0.398480 3.051548
v -2.573622 0.385034 3.076102
v -2.570999 0.359690 3.087991
v -2.569379 0.332128 3.082675
v -2.569379 0.312876 3.062183
v -2.570999 0.309288 3.034343
v -2.573622 0.322734 3.009789
v -2.544815 0.350336 2.995779
v -2.546436 0.377898 3.001096
v -2.546436 0.397149 3.021588
v -2.544815 0.400737 3.049428
v -2.542193 0.387291 3.073981
v -2.539571 0.361947 3.085871
v -2.537950 0.334386 3.080554
v -2.537950 0.315134 3.060061
v -2.539571 0.311545 3.032222
v -2.542193 0.324991 3.007668
v -2.573622 0.353884 3.042945
v -2.542192 0.356141 3.040825
v -1.643927 0.350542 2.995582
v -1.641937 0.378074 3.000927
v -1.641937 0.397326 3.021420
v -1.643927 0.400944 3.049231
v -1.647148 0.387546 3.073740
v -1.650368 0.362250 3.085583
v -1.652358 0.334718 3.080239
v -1.652358 0.315466 3.059747
v -1.650368 0.311848 3.031935
v -1.647148 0.325246 3.007427
v -1.612576 0.347770 2.998186
v -1.610586 0.375302 3.003531
v -1.610586 0.394555 3.024024
v -1.612576 0.398172 3.051835
v -1.615797 0.384774 3.076344
v -1.619016 0.359478 3.088188
v -1.621007 0.331946 3.082843
v -1.621007 0.312694 3.062351
v -1.619016 0.309076 3.034539
v -1.615797 0.322474 3.010031
v -1.647148 0.356396 3.040583
v -1.615797 0.353624 3.043188
v -2.536655 0.224093 3.025323
v -2.417578 0.019116 3.025323
v -2.211967 -0.098860 3.025323
v -1.974914 -0.098225 3.025323
v -1.769937 0.020851 3.025323
v -1.651960 0.226463 3.025323
v -1.652596 0.463516 3.025323
v -1.771672 0.668493 3.025323
v -1.977284 0.786470 3.025323
v -2.214337 0.785835 3.025323
v -2.419314 0.666758 3.025323
v -2.537290 0.461146 3.025323
v -2.546185 0.221525 3.071728
v -2.424533 0.012115 3.071728
v -2.214475 -0.108413 3.071728
v -1.972295 -0.107764 3.071728
v -1.762885 0.013888 3.071728
v -1.642357 0.223947 3.071728
v -1.643005 0.466127 3.071728
v -1.764657 0.675537 3.071728
v -1.974716 0.796065 3.071728
v -2.216897 0.795416 3.071728
v -2.426306 0.673764 3.071728
v -2.546834 0.463705 3.071728
v -2.499964 0.234031 3.028524
v -2.390771 0.046068 3.028524
v -2.202225 -0.062117 3.028524
v -1.984847 -0.061535 3.028524
v -1.796884 0.047659 3.028524
v -1.688699 0.236205 3.028524
v -1.689282 0.453582 3.028524
v -1.798475 0.641546 3.028524
v -1.987021 0.749730 3.028524
v -2.204398 0.749148 3.028524
v -2.392362 0.639954 3.028524
v -2.500546 0.451409 3.028524
v -2.508703 0.231676 3.069853
v -2.397148 0.039648 3.069853
v -2.204525 -0.070877 3.069853
v -1.982446 -0.070282 3.069853
v -1.790417 0.041273 3.069853
v -1.679892 0.233897 3.069853
v -1.680488 0.455976 3.069853
v -1.792042 0.648005 3.069853
v -1.984666 0.758529 3.069853
v -2.206746 0.757934 3.069853
v -2.398774 0.646379 3.069853
v -2.509298 0.453755 3.069853
v -1.817885 0.591292 2.452936
v -1.853379 0.586393 2.452936
v -1.778350 0.626621 3.159401
v -1.818898 0.621023 3.159401
v -1.691446 0.476098 3.159401
v -1.716567 0.443782 3.159401
v -1.741809 0.459525 2.452936
v -1.763799 0.431235 2.452936
v -1.730992 0.419158 2.452936
v -1.764181 0.432662 2.452936
v -1.679090 0.429986 3.159401
v -1.717004 0.445413 3.159401
v -1.679090 0.256178 3.159401
v -1.717004 0.240752 3.159401
v -1.730992 0.267006 2.452936
v -1.764181 0.253502 2.452936
v -2.373406 0.094872 2.452936
v -2.337911 0.099772 2.452936
v -2.412940 0.059544 3.159401
v -2.372392 0.065141 3.159401
v -2.499844 0.210066 3.159401
v -2.474723 0.242383 3.159401
v -2.449481 0.226640 2.452936
v -2.427491 0.254929 2.452936
v -2.212088 -0.010754 2.452936
v -2.183798 0.011236 2.452936
v -2.228661 -0.061117 3.159401
v -2.196345 -0.035996 3.159401
v -2.379184 0.025787 3.159401
v -2.373586 0.066335 3.159401
v -2.343855 0.065322 2.452936
v -2.338956 0.100816 2.452936
v -2.019569 -0.021570 2.452936
v -2.006065 0.011619 2.452936
v -2.008741 -0.073472 3.159401
v -1.993315 -0.035559 3.159401
v -2.182549 -0.073472 3.159401
v -2.197975 -0.035559 3.159401
v -2.171721 -0.021570 2.452936
v -2.185225 0.011619 2.452936
v -1.979202 0.696919 2.452936
v -2.007492 0.674928 2.452936
v -1.962629 0.747281 3.159401
v -1.994945 0.722160 3.159401
v -1.812107 0.660377 3.159401
v -1.817704 0.619830 3.159401
v -1.847435 0.620843 2.452936
v -1.852335 0.585348 2.452936
v -1.741809 0.226640 2.452936
v -1.763799 0.254929 2.452936
v -1.691446 0.210066 3.159401
v -1.716567 0.242383 3.159401
v -1.778350 0.059544 3.159401
v -1.818898 0.065141 3.159401
v -1.817885 0.094872 2.452936
v -1.853379 0.099772 2.452936
v -1.730992 0.419158 2.452936
v -1.758712 0.434140 2.452703
v -1.679090 0.429986 3.159401
v -1.717018 0.445409 3.159375
v -1.679090 0.256178 3.159401
v -1.717018 0.240756 3.159375
v -1.730992 0.267006 2.452936
v -1.758712 0.252024 2.452703
vt 0.352410 0.017293
vt 0.484873 0.008755
vt 0.281416 0.151764
vt 0.438790 0.027145
vt 0.470599 0.185851
vt 0.474268 0.008792
vt 0.484910 0.210972
vt 0.438791 0.027144
vt 0.470599 0.185851
vt 0.438800 0.172915
vt 0.315297 0.026644
vt 0.317580 0.151756
vt 0.323242 0.017296
vt 0.321178 0.153091
vt 0.352410 0.017293
vt 0.484873 0.008755
vt 0.281416 0.151764
vt 0.438790 0.027145
vt 0.470600 0.185851
vt 0.474268 0.008792
vt 0.484910 0.210972
vt 0.438790 0.027144
vt 0.470599 0.185851
vt 0.438801 0.172915
vt 0.315297 0.026644
vt 0.317580 0.151756
vt 0.323242 0.017296
vt 0.321178 0.153091
vt 0.352410 0.017293
vt 0.484873 0.008755
vt 0.281416 0.151764
vt 0.438790 0.027145
vt 0.470600 0.185851
vt 0.474268 0.008792
vt 0.484910 0.210972
vt 0.438791 0.027144
vt 0.470599 0.185851
vt 0.438801 0.172915
vt 0.315297 0.026644
vt 0.317580 0.151756
vt 0.323242 0.017296
vt 0.321178 0.153091
vt 0.948785 0.014410
vt 0.915404 0.014412
vt 0.915407 0.006288
vt 0.949150 0.006287
vt 0.881880 0.014415
vt 0.881876 0.006291
vt 0.848353 0.014417
vt 0.848348 0.006293
vt 0.814826 0.014419
vt 0.814821 0.006294
vt 0.781298 0.014422
vt 0.781294 0.006296
vt 0.747770 0.014424
vt 0.747768 0.006299
vt 0.714242 0.014427
vt 0.714243 0.006301
vt 0.680714 0.014429
vt 0.680717 0.006304
vt 0.647187 0.014432
vt 0.647191 0.006306
vt 0.613660 0.014434
vt 0.613664 0.006309
vt 0.580135 0.014437
vt 0.580133 0.006312
vt 0.546754 0.014440
vt 0.546391 0.006314
vt 0.830615 0.113166
vt 0.841567 0.154036
vt 0.759827 0.154036
vt 0.800697 0.083247
vt 0.759827 0.072296
vt 0.718958 0.083247
vt 0.689039 0.113166
vt 0.678088 0.154035
vt 0.689039 0.194905
vt 0.718957 0.224824
vt 0.759827 0.235775
vt 0.800697 0.224824
vt 0.830615 0.194905
vt 0.830615 0.194905
vt 0.800697 0.224824
vt 0.759827 0.154035
vt 0.759827 0.235775
vt 0.718957 0.224824
vt 0.689039 0.194905
vt 0.678088 0.154035
vt 0.689039 0.113166
vt 0.718957 0.083247
vt 0.759827 0.072296
vt 0.800697 0.083247
vt 0.830615 0.113166
vt 0.841567 0.154035
vt 0.992012 0.025328
vt 0.955095 0.025335
vt 0.955096 0.017986
vt 0.992411 0.017980
vt 0.918038 0.025341
vt 0.918033 0.017992
vt 0.880979 0.025347
vt 0.880973 0.017998
vt 0.843920 0.025353
vt 0.843914 0.018003
vt 0.806860 0.025360
vt 0.806855 0.018009
vt 0.769801 0.025366
vt 0.769797 0.018015
vt 0.732740 0.025372
vt 0.732740 0.018021
vt 0.695680 0.025379
vt 0.695682 0.018028
vt 0.658620 0.025385
vt 0.658624 0.018035
vt 0.621561 0.025392
vt 0.621565 0.018042
vt 0.584504 0.025398
vt 0.584503 0.018049
vt 0.547587 0.025405
vt 0.547189 0.018055
vt 0.385055 0.372449
vt 0.416123 0.413950
vt 0.409023 0.416811
vt 0.380293 0.378448
vt 0.337440 0.351839
vt 0.336275 0.359408
vt 0.285715 0.357881
vt 0.288535 0.365004
vt 0.243994 0.389058
vt 0.250021 0.393776
vt 0.223592 0.436713
vt 0.231168 0.437838
vt 0.229544 0.488253
vt 0.236681 0.485478
vt 0.260637 0.530029
vt 0.265396 0.524026
vt 0.308500 0.550573
vt 0.309572 0.542996
vt 0.359977 0.544414
vt 0.357163 0.537292
vt 0.401633 0.513488
vt 0.395660 0.508695
vt 0.422263 0.465672
vt 0.414684 0.464552
vt 0.422307 0.465493
vt 0.401849 0.513268
vt 0.375250 0.384849
vt 0.401461 0.419895
vt 0.360245 0.544414
vt 0.335058 0.367489
vt 0.308641 0.550585
vt 0.291562 0.372589
vt 0.260866 0.530128
vt 0.256469 0.398790
vt 0.229719 0.488523
vt 0.239234 0.439009
vt 0.223548 0.436919
vt 0.244289 0.482490
vt 0.244006 0.389144
vt 0.270447 0.517608
vt 0.285611 0.357998
vt 0.310682 0.534902
vt 0.337214 0.351827
vt 0.354135 0.529724
vt 0.384990 0.372284
vt 0.389263 0.503607
vt 0.416136 0.413889
vt 0.406600 0.463392
vt 0.352410 0.017293
vt 0.484873 0.008755
vt 0.281416 0.151764
vt 0.438790 0.027145
vt 0.470600 0.185851
vt 0.484910 0.210972
vt 0.474268 0.008792
vt 0.438791 0.027144
vt 0.470599 0.185851
vt 0.438800 0.172915
vt 0.315297 0.026644
vt 0.317580 0.151756
vt 0.323242 0.017296
vt 0.321178 0.153091
vt 0.352410 0.017294
vt 0.484873 0.008755
vt 0.281416 0.151764
vt 0.438790 0.027145
vt 0.470599 0.185851
vt 0.474268 0.008792
vt 0.484910 0.210972
vt 0.438791 0.027144
vt 0.470598 0.185851
vt 0.438800 0.172915
vt 0.315297 0.026644
vt 0.317580 0.151756
vt 0.323242 0.017296
vt 0.321178 0.153091
vt 0.196099 0.651003
vt 0.200545 0.651002
vt 0.200549 0.671694
vt 0.196103 0.671694
vt 0.200553 0.694676
vt 0.196108 0.694677
vt 0.200558 0.717600
vt 0.196112 0.717600
vt 0.200562 0.740443
vt 0.196117 0.740444
vt 0.200567 0.763264
vt 0.196121 0.763265
vt 0.200572 0.786085
vt 0.196126 0.786086
vt 0.200576 0.808928
vt 0.196130 0.808929
vt 0.200580 0.831852
vt 0.196135 0.831853
vt 0.200585 0.854835
vt 0.196140 0.854836
vt 0.200589 0.875526
vt 0.196144 0.875527
vt 0.200590 0.879207
vt 0.200591 0.885452
vt 0.196146 0.885453
vt 0.196144 0.879209
vt 0.191700 0.885454
vt 0.191699 0.879209
vt 0.191694 0.854837
vt 0.191698 0.875528
vt 0.191689 0.831854
vt 0.191685 0.808931
vt 0.191680 0.786087
vt 0.191676 0.763266
vt 0.191671 0.740445
vt 0.191667 0.717601
vt 0.191662 0.694678
vt 0.191657 0.671695
vt 0.191653 0.651004
vt 0.205206 0.885451
vt 0.205205 0.879207
vt 0.205200 0.854834
vt 0.205204 0.875525
vt 0.205195 0.831851
vt 0.205191 0.808927
vt 0.205186 0.786085
vt 0.205182 0.763263
vt 0.205177 0.740442
vt 0.205173 0.717599
vt 0.205168 0.694675
vt 0.205163 0.671693
vt 0.205159 0.651001
vt 0.187043 0.671696
vt 0.187039 0.651005
vt 0.187048 0.694679
vt 0.187052 0.717602
vt 0.187057 0.740446
vt 0.187061 0.763267
vt 0.187066 0.786088
vt 0.187070 0.808932
vt 0.187075 0.831854
vt 0.187080 0.854838
vt 0.187084 0.875529
vt 0.187086 0.885455
vt 0.187084 0.879210
vt 0.200544 0.647321
vt 0.196098 0.647322
vt 0.205159 0.647320
vt 0.187038 0.647324
vt 0.191653 0.647323
vt 0.196097 0.641077
vt 0.200543 0.641076
vt 0.191651 0.641078
vt 0.187037 0.641079
vt 0.205157 0.641076
vt 0.277058 0.911011
vt 0.277041 0.908483
vt 0.279881 0.908464
vt 0.279897 0.910992
vt 0.277024 0.905956
vt 0.279863 0.905937
vt 0.264879 0.916387
vt 0.264879 0.913859
vt 0.267718 0.913859
vt 0.267718 0.916387
vt 0.264879 0.911332
vt 0.267718 0.911332
vt 0.277075 0.913538
vt 0.277059 0.911011
vt 0.279897 0.910992
vt 0.279914 0.913519
vt 0.277042 0.908483
vt 0.279881 0.908464
vt 0.277024 0.905956
vt 0.279864 0.905937
vt 0.264879 0.916387
vt 0.264879 0.913859
vt 0.267718 0.913859
vt 0.267718 0.916387
vt 0.264879 0.911331
vt 0.267718 0.911332
vt 0.277075 0.913538
vt 0.279914 0.913519
vt 0.326040 0.912114
vt 0.313832 0.916081
vt 0.313832 0.895313
vt 0.333583 0.901730
vt 0.333584 0.888896
vt 0.326039 0.878512
vt 0.313833 0.874546
vt 0.301626 0.878512
vt 0.294081 0.888896
vt 0.294082 0.901731
vt 0.301626 0.912115
vt 0.301626 0.912115
vt 0.294081 0.901731
vt 0.313833 0.895314
vt 0.294082 0.888895
vt 0.301626 0.878512
vt 0.313833 0.874546
vt 0.326040 0.878513
vt 0.333584 0.888896
vt 0.333584 0.901731
vt 0.326039 0.912115
vt 0.313832 0.916081
vt 0.277059 0.911011
vt 0.277042 0.908483
vt 0.279881 0.908464
vt 0.279897 0.910992
vt 0.277024 0.905956
vt 0.279863 0.905936
vt 0.264879 0.916387
vt 0.264879 0.913859
vt 0.267718 0.913859
vt 0.267718 0.916387
vt 0.264879 0.911331
vt 0.267718 0.911332
vt 0.277075 0.913538
vt 0.277059 0.911011
vt 0.279897 0.910992
vt 0.279914 0.913519
vt 0.277041 0.908483
vt 0.279881 0.908464
vt 0.277025 0.905956
vt 0.279863 0.905937
vt 0.264879 0.916387
vt 0.264879 0.913859
vt 0.267718 0.913859
vt 0.267718 0.916387
vt 0.264879 0.911332
vt 0.267718 0.911332
vt 0.277076 0.913538
vt 0.279914 0.913519
vt 0.326039 0.912115
vt 0.313832 0.916081
vt 0.313833 0.895313
vt 0.333584 0.901731
vt 0.333584 0.888896
vt 0.326039 0.878512
vt 0.313833 0.874546
vt 0.301626 0.878512
vt 0.294081 0.888895
vt 0.294081 0.901731
vt 0.301626 0.912115
vt 0.301626 0.912115
vt 0.294082 0.901731
vt 0.313833 0.895313
vt 0.294082 0.888896
vt 0.301625 0.878512
vt 0.313832 0.874546
vt 0.326039 0.878512
vt 0.333583 0.888896
vt 0.333584 0.901730
vt 0.326040 0.912114
vt 0.313833 0.916081
vt 0.992011 0.025386
vt 0.955094 0.025383
vt 0.955098 0.018034
vt 0.992413 0.018038
vt 0.918038 0.025379
vt 0.918035 0.018030
vt 0.880979 0.025376
vt 0.880975 0.018026
vt 0.843920 0.025373
vt 0.843915 0.018022
vt 0.806860 0.025369
vt 0.806857 0.018018
vt 0.769800 0.025366
vt 0.769799 0.018015
vt 0.732740 0.025362
vt 0.732741 0.018011
vt 0.695679 0.025359
vt 0.695684 0.018008
vt 0.658620 0.025356
vt 0.658626 0.018006
vt 0.621560 0.025353
vt 0.621567 0.018003
vt 0.584503 0.025349
vt 0.584504 0.018000
vt 0.547587 0.025347
vt 0.547190 0.017997
vt 0.385055 0.372448
vt 0.416123 0.413950
vt 0.409023 0.416810
vt 0.380293 0.378448
vt 0.337440 0.351839
vt 0.336275 0.359408
vt 0.285715 0.357881
vt 0.288535 0.365004
vt 0.243994 0.389058
vt 0.250021 0.393776
vt 0.223592 0.436713
vt 0.231168 0.437838
vt 0.229544 0.488253
vt 0.236681 0.485478
vt 0.260637 0.530029
vt 0.265396 0.524026
vt 0.308500 0.550574
vt 0.309573 0.542996
vt 0.359977 0.544414
vt 0.357163 0.537291
vt 0.401633 0.513488
vt 0.395660 0.508695
vt 0.422263 0.465672
vt 0.414684 0.464552
vt 0.422307 0.465493
vt 0.401849 0.513268
vt 0.375250 0.384849
vt 0.401461 0.419894
vt 0.360245 0.544414
vt 0.335058 0.367489
vt 0.308641 0.550585
vt 0.291562 0.372589
vt 0.260865 0.530128
vt 0.256469 0.398791
vt 0.229719 0.488523
vt 0.239234 0.439009
vt 0.223548 0.436919
vt 0.244289 0.482490
vt 0.244006 0.389144
vt 0.270447 0.517608
vt 0.285611 0.357998
vt 0.310682 0.534902
vt 0.337214 0.351827
vt 0.354135 0.529724
vt 0.384990 0.372284
vt 0.389264 0.503607
vt 0.416136 0.413889
vt 0.406601 0.463391
vt 0.352410 0.017294
vt 0.484873 0.008755
vt 0.281416 0.151764
vt 0.438790 0.027145
vt 0.470599 0.185851
vt 0.474268 0.008792
vt 0.484910 0.210972
vt 0.438791 0.027144
vt 0.470598 0.185851
vt 0.438800 0.172915
vt 0.315297 0.026644
vt 0.317580 0.151756
vt 0.323242 0.017296
vt 0.321178 0.153091
vt 0.352410 0.017293
vt 0.484873 0.008755
vt 0.281416 0.151764
vt 0.438790 0.027145
vt 0.470599 0.185851
vt 0.474268 0.008792
vt 0.484910 0.210972
vt 0.438791 0.027144
vt 0.470599 0.185851
vt 0.438800 0.172915
vt 0.315297 0.026644
vt 0.317580 0.151756
vt 0.323242 0.017296
vt 0.321178 0.153091
vt 0.352410 0.017293
vt 0.484873 0.008755
vt 0.281416 0.151764
vt 0.438790 0.027145
vt 0.470600 0.185851
vt 0.474268 0.008792
vt 0.484910 0.210972
vt 0.438791 0.027144
vt 0.470598 0.185851
vt 0.438800 0.172915
vt 0.315297 0.026644
vt 0.317580 0.151756
vt 0.323242 0.017296
vt 0.321178 0.153091
vt 0.352410 0.017293
vt 0.484873 0.008755
vt 0.281416 0.151764
vt 0.438790 0.027145
vt 0.470599 0.185851
vt 0.484910 0.210972
vt 0.474268 0.008792
vt 0.438791 0.027144
vt 0.470598 0.185851
vt 0.438800 0.172915
vt 0.315297 0.026644
vt 0.317580 0.151756
vt 0.323242 0.017296
vt 0.321178 0.153091
vt 0.352410 0.017294
vt 0.484873 0.008755
vt 0.281416 0.151764
vt 0.438790 0.027145
vt 0.470600 0.185851
vt 0.474268 0.008792
vt 0.484910 0.210972
vt 0.438791 0.027144
vt 0.470598 0.185851
vt 0.438800 0.172915
vt 0.315297 0.026644
vt 0.317580 0.151756
vt 0.323242 0.017296
vt 0.321178 0.153091
vt 0.352410 0.017294
vt 0.484873 0.008755
vt 0.281416 0.151764
vt 0.438790 0.027145
vt 0.470600 0.185851
vt 0.474268 0.008792
vt 0.484910 0.210972
vt 0.438791 0.027144
vt 0.470599 0.185851
vt 0.438800 0.172915
vt 0.315297 0.026644
vt 0.317580 0.151756
vt 0.323242 0.017296
vt 0.321178 0.153091
vt 0.352410 0.017293
vt 0.484873 0.008755
vt 0.281416 0.151764
vt 0.438790 0.027145
vt 0.470599 0.185851
vt 0.474268 0.008792
vt 0.484910 0.210972
vt 0.438791 0.027144
vt 0.470598 0.185851
vt 0.438800 0.172915
vt 0.315297 0.026644
vt 0.317580 0.151756
vt 0.323242 0.017296
vt 0.321178 0.153091
vt 0.352410 0.017293
vt 0.474421 0.211124
vt 0.281443 0.151658
vt 0.438767 0.027154
vt 0.470622 0.185845
vt 0.484794 0.211088
vt 0.474384 0.008676
vt 0.382921 0.018657
vt 0.409468 0.178591
vt 0.382939 0.164257
vt 0.315557 0.026750
vt 0.317553 0.151656
vt 0.323242 0.017296
vt 0.321178 0.153091
vt 0.408391 0.416990
vt 0.414049 0.464306
vt 0.379833 0.378842
vt 0.336028 0.360084
vt 0.288712 0.365743
vt 0.250564 0.394301
vt 0.231806 0.438106
vt 0.237464 0.485422
vt 0.266022 0.523570
vt 0.309828 0.542328
vt 0.357144 0.536670
vt 0.395292 0.508112
vt 0.408391 0.416990
vt 0.414049 0.464306
vt 0.379833 0.378842
vt 0.336027 0.360084
vt 0.288712 0.365743
vt 0.250564 0.394301
vt 0.231806 0.438106
vt 0.237464 0.485422
vt 0.266022 0.523570
vt 0.309828 0.542328
vt 0.357144 0.536669
vt 0.395292 0.508112
vt 0.438801 0.172915
vt 0.484910 0.008792
vt 0.474305 0.211009
vt 0.470587 0.014205
vt 0.474305 0.008755
vt 0.354497 0.153088
vt 0.409447 0.004316
vt 0.283423 0.026752
vt 0.484794 0.008676
vt 0.484758 0.211124
vt 0.474384 0.211088
vt 0.438810 0.172920
vt 0.474421 0.008639
vt 0.470572 0.014211
vt 0.484758 0.008639
vt 0.354497 0.153088
vt 0.470587 0.014204
vt 0.283639 0.026652
vt 0.474268 0.210972
vt 0.474305 0.008755
vt 0.484910 0.008792
vt 0.438800 0.172915
vt 0.484873 0.211009
vt 0.470587 0.014204
vt 0.474305 0.211009
vt 0.354497 0.153088
vt 0.470587 0.014204
vt 0.283639 0.026652
vt 0.474268 0.210972
vt 0.484873 0.211009
vt 0.470587 0.014204
vt 0.283639 0.026652
vt 0.474268 0.210972
vt 0.474305 0.008755
vt 0.484910 0.008792
vt 0.438801 0.172915
vt 0.484873 0.211009
vt 0.470586 0.014205
vt 0.474305 0.211009
vt 0.354497 0.153088
vt 0.470588 0.014204
vt 0.283639 0.026652
vt 0.484910 0.008792
vt 0.474305 0.008755
vt 0.474268 0.210972
vt 0.438800 0.172915
vt 0.484873 0.211009
vt 0.470587 0.014205
vt 0.474305 0.211009
vt 0.354497 0.153088
vt 0.470587 0.014204
vt 0.283639 0.026652
vt 0.474268 0.210972
vt 0.474305 0.008755
vt 0.484910 0.008792
vt 0.438800 0.172915
vt 0.484873 0.211009
vt 0.470587 0.014205
vt 0.474305 0.211009
vt 0.354497 0.153088
vt 0.470587 0.014204
vt 0.283639 0.026652
vt 0.474268 0.210972
vt 0.474305 0.008755
vt 0.484910 0.008792
vt 0.438800 0.172915
vt 0.484873 0.211009
vt 0.470587 0.014205
vt 0.474305 0.211009
vt 0.354497 0.153088
vt 0.470587 0.014204
vt 0.283639 0.026652
vt 0.474268 0.210972
vt 0.474305 0.008755
vt 0.484910 0.008792
vt 0.438800 0.172915
vt 0.484873 0.211009
vt 0.470587 0.014205
vt 0.474305 0.211009
vt 0.354497 0.153088
vt 0.470588 0.014204
vt 0.283639 0.026652
vt 0.474268 0.210972
vt 0.474305 0.008755
vt 0.484910 0.008792
vt 0.438800 0.172915
vt 0.484873 0.211009
vt 0.470587 0.014205
vt 0.474305 0.211009
vt 0.354497 0.153088
vt 0.470587 0.014204
vt 0.283639 0.026652
vt 0.484910 0.008792
vt 0.474305 0.008755
vt 0.474268 0.210972
vt 0.438801 0.172915
vt 0.484873 0.211009
vt 0.470587 0.014205
vt 0.474305 0.211009
vt 0.354497 0.153088
vt 0.470587 0.014204
vt 0.283639 0.026652
vt 0.474268 0.210972
vt 0.474305 0.008755
vt 0.484910 0.008792
vt 0.438801 0.172915
vt 0.484873 0.211009
vt 0.470586 0.014205
vt 0.474305 0.211009
vt 0.354497 0.153088
vt 0.470587 0.014204
vt 0.283639 0.026652
vt 0.474268 0.210972
vt 0.474305 0.008755
vt 0.484910 0.008792
vt 0.438800 0.172915
vt 0.484873 0.211009
vt 0.470587 0.014205
vt 0.474305 0.211009
vt 0.354497 0.153088
vt 0.470587 0.014204
vt 0.283639 0.026652
vt 0.474268 0.210972
vt 0.474305 0.008755
vt 0.484910 0.008792
vt 0.438801 0.172915
vt 0.484873 0.211009
vt 0.470587 0.014205
vt 0.474305 0.211009
vt 0.354497 0.153088
vn -0.925451 0.376549 -0.041849
vn -0.925451 0.376549 -0.041849
vn -0.925451 0.376549 -0.041849
vn -0.925451 0.376549 -0.041849
vn 0.000000 0.000000 1.000000
vn 0.000000 0.000000 1.000000
vn 0.000000 0.000000 1.000000
vn 0.000000 0.000000 1.000000
vn 0.925453 0.376545 -0.041848
vn 0.925453 0.376545 -0.041848
vn 0.925453 0.376545 -0.041848
vn 0.925453 0.376545 -0.041848
vn 0.000000 0.000000 -1.000000
vn 0.000000 0.000000 -1.000000
vn 0.000000 0.000000 -1.000000
vn 0.000000 0.000000 -1.000000
vn 0.000000 -0.997778 0.066631
vn 0.000000 -0.997778 0.066631
vn 0.000000 -0.997778 0.066631
vn 0.000000 -0.997778 0.066631
vn 0.000000 0.997312 -0.073269
vn 0.000000 0.997312 -0.073269
vn 0.000000 0.997312 -0.073269
vn 0.000000 0.997312 -0.073269
vn -0.376549 -0.925451 -0.041849
vn -0.376549 -0.925451 -0.041849
vn -0.376549 -0.925451 -0.041849
vn -0.376549 -0.925451 -0.041849
vn 0.000008 0.000000 1.000000
vn 0.000008 0.000000 1.000000
vn 0.000008 0.000000 1.000000
vn 0.000008 0.000000 1.000000
vn -0.376549 0.925451 -0.041849
vn -0.376549 0.925451 -0.041849
vn -0.376549 0.925451 -0.041849
vn -0.376549 0.925451 -0.041849
vn 0.000000 0.000000 -1.000000
vn 0.000000 0.000000 -1.000000
vn 0.000000 0.000000 -1.000000
vn 0.000000 0.000000 -1.000000
vn 0.997778 0.000000 0.066631
vn 0.997778 0.000000 0.066631
vn 0.997778 0.000000 0.066631
vn 0.997778 0.000000 0.066631
vn -0.997312 0.000000 -0.073269
vn -0.997312 0.000000 -0.073269
vn -0.997312 0.000000 -0.073269
vn -0.997312 0.000000 -0.073269
vn -0.989738 -0.136626 -0.041849
vn -0.989738 -0.136626 -0.041849
vn -0.989738 -0.136626 -0.041849
vn -0.989738 -0.136626 -0.041849
vn 0.000000 0.000000 1.000000
vn 0.000000 0.000000 1.000000
vn 0.000000 0.000000 1.000000
vn 0.000000 0.000000 1.000000
vn 0.613186 0.788829 -0.041848
vn 0.613186 0.788829 -0.041848
vn 0.613186 0.788829 -0.041848
vn 0.613186 0.788829 -0.041848
vn 0.000000 0.000000 -1.000000
vn 0.000000 0.000000 -1.000000
vn 0.000000 0.000000 -1.000000
vn 0.000000 0.000000 -1.000000
vn 0.498888 -0.864101 0.066631
vn 0.498888 -0.864101 0.066631
vn 0.498888 -0.864101 0.066631
vn 0.498888 -0.864101 0.066631
vn -0.498657 0.863697 -0.073270
vn -0.498657 0.863697 -0.073270
vn -0.498657 0.863697 -0.073270
vn -0.498657 0.863697 -0.073270
vn -0.852906 -0.495478 -0.164479
vn -0.852906 -0.495478 -0.164479
vn -0.852906 -0.495478 -0.164479
vn -0.852906 -0.495478 -0.164479
vn -0.490896 -0.855541 -0.164533
vn -0.490896 -0.855541 -0.164533
vn -0.490896 -0.855541 -0.164533
vn -0.490896 -0.855541 -0.164533
vn 0.002643 -0.986334 -0.164739
vn 0.002643 -0.986334 -0.164739
vn 0.002643 -0.986334 -0.164739
vn 0.002643 -0.986334 -0.164739
vn 0.495430 -0.852826 -0.165039
vn 0.495430 -0.852826 -0.165039
vn 0.495430 -0.852826 -0.165039
vn 0.495430 -0.852826 -0.165039
vn 0.855422 -0.490828 -0.165352
vn 0.855422 -0.490828 -0.165352
vn 0.855422 -0.490828 -0.165352
vn 0.855422 -0.490828 -0.165352
vn 0.986190 0.002643 -0.165598
vn 0.986190 0.002643 -0.165598
vn 0.986190 0.002643 -0.165598
vn 0.986190 0.002643 -0.165598
vn 0.852729 0.495372 -0.165707
vn 0.852730 0.495372 -0.165708
vn 0.852730 0.495372 -0.165707
vn 0.852730 0.495372 -0.165708
vn 0.490802 0.855378 -0.165655
vn 0.490802 0.855378 -0.165655
vn 0.490802 0.855378 -0.165655
vn 0.490802 0.855378 -0.165655
vn -0.002642 0.986214 -0.165453
vn -0.002642 0.986214 -0.165453
vn -0.002642 0.986214 -0.165453
vn -0.002642 0.986214 -0.165453
vn -0.495421 0.852809 -0.165151
vn -0.495421 0.852809 -0.165151
vn -0.495421 0.852809 -0.165151
vn -0.495421 0.852809 -0.165151
vn -0.855497 0.490870 -0.164835
vn -0.855498 0.490870 -0.164835
vn -0.855498 0.490870 -0.164835
vn -0.855497 0.490870 -0.164835
vn -0.986359 -0.002643 -0.164589
vn -0.986359 -0.002643 -0.164589
vn -0.986359 -0.002643 -0.164589
vn -0.986359 -0.002643 -0.164589
vn 0.000000 0.000000 -1.000000
vn -0.000000 0.000000 -1.000000
vn 0.000000 0.000000 -1.000000
vn 0.000000 0.000000 -1.000000
vn 0.000000 0.000000 -1.000000
vn 0.000000 0.000000 -1.000000
vn 0.000000 0.000000 -1.000000
vn 0.000000 0.000000 -1.000000
vn 0.000000 0.000000 -1.000000
vn 0.000000 0.000000 -1.000000
vn 0.000000 0.000000 -1.000000
vn 0.000000 0.000000 -1.000000
vn -0.000000 0.000000 -1.000000
vn -0.023999 -0.006501 0.999691
vn -0.017534 -0.017628 0.999691
vn 0.000006 0.000004 1.000000
vn -0.006374 -0.024036 0.999691
vn 0.006500 -0.024009 0.999691
vn 0.017637 -0.017548 0.999690
vn 0.024055 -0.006379 0.999690
vn 0.024025 0.006506 0.999690
vn 0.017553 0.017648 0.999690
vn 0.006376 0.024058 0.999690
vn -0.006507 0.024017 0.999690
vn -0.017639 0.017540 0.999691
vn -0.024039 0.006370 0.999691
vn -0.847005 -0.492047 -0.201179
vn -0.847005 -0.492047 -0.201179
vn -0.847005 -0.492047 -0.201179
vn -0.847005 -0.492047 -0.201179
vn -0.487495 -0.849617 -0.201247
vn -0.487495 -0.849617 -0.201247
vn -0.487495 -0.849617 -0.201247
vn -0.487495 -0.849617 -0.201247
vn 0.002624 -0.979486 -0.201493
vn 0.002624 -0.979486 -0.201493
vn 0.002624 -0.979486 -0.201493
vn 0.002624 -0.979486 -0.201493
vn 0.491979 -0.846884 -0.201853
vn 0.491979 -0.846884 -0.201853
vn 0.491979 -0.846884 -0.201853
vn 0.491979 -0.846884 -0.201853
vn 0.849440 -0.487395 -0.202232
vn 0.849440 -0.487395 -0.202232
vn 0.849440 -0.487395 -0.202232
vn 0.849440 -0.487395 -0.202232
vn 0.979272 0.002623 -0.202531
vn 0.979272 0.002623 -0.202531
vn 0.979272 0.002623 -0.202531
vn 0.979272 0.002623 -0.202531
vn 0.846738 0.491896 -0.202666
vn 0.846738 0.491896 -0.202666
vn 0.846738 0.491895 -0.202666
vn 0.846738 0.491895 -0.202666
vn 0.487357 0.849376 -0.202594
vn 0.487357 0.849376 -0.202594
vn 0.487357 0.849376 -0.202594
vn 0.487356 0.849376 -0.202594
vn -0.002623 0.979310 -0.202348
vn -0.002623 0.979310 -0.202348
vn -0.002623 0.979310 -0.202348
vn -0.002623 0.979310 -0.202348
vn -0.491966 0.846859 -0.201988
vn -0.491966 0.846859 -0.201988
vn -0.491966 0.846859 -0.201988
vn -0.491966 0.846859 -0.201988
vn -0.849553 0.487458 -0.201606
vn -0.849553 0.487458 -0.201606
vn -0.849553 0.487458 -0.201606
vn -0.849553 0.487458 -0.201606
vn -0.979525 -0.002624 -0.201307
vn -0.979525 -0.002624 -0.201307
vn -0.979525 -0.002624 -0.201307
vn -0.979525 -0.002624 -0.201307
vn 0.075099 0.043626 -0.996221
vn 0.075099 0.043626 -0.996221
vn 0.075099 0.043626 -0.996221
vn 0.075099 0.043626 -0.996221
vn 0.043225 0.075330 -0.996221
vn 0.043225 0.075330 -0.996221
vn 0.043225 0.075330 -0.996221
vn 0.043225 0.075330 -0.996221
vn -0.000232 0.086851 -0.996221
vn -0.000232 0.086851 -0.996221
vn -0.000232 0.086851 -0.996221
vn -0.000232 0.086851 -0.996221
vn -0.043629 0.075102 -0.996221
vn -0.043629 0.075102 -0.996221
vn -0.043629 0.075102 -0.996221
vn -0.043629 0.075102 -0.996221
vn -0.075342 0.043228 -0.996220
vn -0.075342 0.043228 -0.996220
vn -0.075342 0.043228 -0.996220
vn -0.075342 0.043228 -0.996220
vn -0.086863 -0.000233 -0.996220
vn -0.086863 -0.000233 -0.996220
vn -0.086863 -0.000233 -0.996220
vn -0.086863 -0.000233 -0.996220
vn -0.075106 -0.043633 -0.996221
vn -0.075106 -0.043633 -0.996220
vn -0.075106 -0.043633 -0.996220
vn -0.075106 -0.043633 -0.996221
vn -0.043229 -0.075341 -0.996220
vn -0.043229 -0.075341 -0.996220
vn -0.043229 -0.075341 -0.996220
vn -0.043229 -0.075341 -0.996220
vn 0.000232 -0.086859 -0.996221
vn 0.000232 -0.086859 -0.996221
vn 0.000232 -0.086859 -0.996221
vn 0.000232 -0.086859 -0.996221
vn 0.043630 -0.075103 -0.996221
vn 0.043630 -0.075103 -0.996221
vn 0.043630 -0.075103 -0.996221
vn 0.043630 -0.075103 -0.996221
vn 0.075333 -0.043224 -0.996221
vn 0.075333 -0.043224 -0.996221
vn 0.075333 -0.043224 -0.996221
vn 0.075333 -0.043224 -0.996221
vn 0.086853 0.000233 -0.996221
vn 0.086853 0.000233 -0.996221
vn 0.086853 0.000233 -0.996221
vn 0.086853 0.000233 -0.996221
vn 0.043167 0.025075 0.998753
vn 0.043167 0.025075 0.998753
vn 0.043167 0.025075 0.998753
vn 0.043167 0.025075 0.998753
vn 0.024848 0.043298 0.998753
vn 0.024848 0.043298 0.998753
vn 0.024848 0.043298 0.998753
vn 0.024848 0.043298 0.998753
vn -0.000134 0.049919 0.998753
vn -0.000134 0.049919 0.998753
vn -0.000134 0.049919 0.998753
vn -0.000134 0.049919 0.998753
vn -0.025075 0.043164 0.998753
vn -0.025075 0.043164 0.998753
vn -0.025075 0.043164 0.998753
vn -0.025075 0.043164 0.998753
vn -0.043295 0.024844 0.998753
vn -0.043295 0.024844 0.998753
vn -0.043295 0.024844 0.998753
vn -0.043295 0.024844 0.998753
vn -0.049914 -0.000134 0.998754
vn -0.049914 -0.000134 0.998753
vn -0.049914 -0.000134 0.998753
vn -0.049914 -0.000134 0.998753
vn -0.043163 -0.025075 0.998753
vn -0.043163 -0.025075 0.998753
vn -0.043163 -0.025075 0.998753
vn -0.043163 -0.025075 0.998753
vn -0.024846 -0.043298 0.998753
vn -0.024846 -0.043298 0.998753
vn -0.024846 -0.043298 0.998753
vn -0.024846 -0.043298 0.998753
vn 0.000134 -0.049919 0.998753
vn 0.000134 -0.049919 0.998753
vn 0.000134 -0.049919 0.998753
vn 0.000134 -0.049919 0.998753
vn 0.025075 -0.043164 0.998753
vn 0.025075 -0.043164 0.998753
vn 0.025075 -0.043164 0.998753
vn 0.025075 -0.043164 0.998753
vn 0.043294 -0.024844 0.998753
vn 0.043294 -0.024843 0.998753
vn 0.043294 -0.024844 0.998753
vn 0.043294 -0.024844 0.998753
vn 0.049919 0.000134 0.998753
vn 0.049919 0.000134 0.998753
vn 0.049919 0.000134 0.998753
vn 0.049919 0.000134 0.998753
vn 0.845976 0.491450 0.206887
vn 0.845975 0.491450 0.206887
vn 0.845975 0.491450 0.206887
vn 0.845976 0.491450 0.206887
vn 0.978332 0.002621 0.207027
vn 0.978332 0.002621 0.207027
vn 0.978332 0.002621 0.207027
vn 0.978332 0.002621 0.207027
vn 0.848516 -0.486862 0.207330
vn 0.848516 -0.486862 0.207330
vn 0.848516 -0.486862 0.207330
vn 0.848516 -0.486862 0.207330
vn 0.491360 -0.845823 0.207724
vn 0.491360 -0.845823 0.207724
vn 0.491360 -0.845823 0.207724
vn 0.491360 -0.845823 0.207724
vn 0.002620 -0.978106 0.208090
vn 0.002620 -0.978106 0.208090
vn 0.002620 -0.978106 0.208090
vn 0.002620 -0.978106 0.208090
vn -0.486757 -0.848329 0.208340
vn -0.486757 -0.848329 0.208340
vn -0.486757 -0.848329 0.208340
vn -0.486757 -0.848329 0.208340
vn -0.845695 -0.491289 0.208409
vn -0.845695 -0.491289 0.208409
vn -0.845695 -0.491289 0.208409
vn -0.845695 -0.491289 0.208409
vn -0.978067 -0.002622 0.208272
vn -0.978067 -0.002622 0.208272
vn -0.978067 -0.002622 0.208272
vn -0.978067 -0.002622 0.208272
vn -0.848398 0.486797 0.207965
vn -0.848398 0.486797 0.207965
vn -0.848398 0.486797 0.207965
vn -0.848398 0.486797 0.207965
vn -0.491379 0.845848 0.207580
vn -0.491379 0.845848 0.207580
vn -0.491379 0.845847 0.207580
vn -0.491379 0.845847 0.207580
vn -0.002621 0.978293 0.207212
vn -0.002621 0.978293 0.207212
vn -0.002621 0.978293 0.207212
vn -0.002621 0.978293 0.207212
vn 0.486903 0.848585 0.206953
vn 0.486903 0.848585 0.206953
vn 0.486903 0.848585 0.206953
vn 0.486903 0.848585 0.206953
vn 0.989738 0.136626 -0.041848
vn 0.989738 0.136626 -0.041848
vn 0.989738 0.136626 -0.041848
vn 0.989738 0.136626 -0.041848
vn 0.000000 0.000000 1.000000
vn 0.000000 0.000000 1.000000
vn 0.000000 0.000000 1.000000
vn 0.000000 0.000000 1.000000
vn -0.613191 -0.788825 -0.041849
vn -0.613191 -0.788825 -0.041849
vn -0.613191 -0.788825 -0.041849
vn -0.613191 -0.788825 -0.041849
vn 0.000003 0.000000 -1.000000
vn 0.000003 0.000000 -1.000000
vn 0.000003 0.000000 -1.000000
vn 0.000003 0.000000 -1.000000
vn -0.498890 0.864100 0.066631
vn -0.498890 0.864100 0.066631
vn -0.498890 0.864100 0.066631
vn -0.498890 0.864101 0.066631
vn 0.498656 -0.863698 -0.073270
vn 0.498656 -0.863698 -0.073270
vn 0.498656 -0.863698 -0.073270
vn 0.498656 -0.863698 -0.073270
vn -0.788829 -0.613187 -0.041848
vn -0.788829 -0.613187 -0.041848
vn -0.788829 -0.613187 -0.041848
vn -0.788829 -0.613187 -0.041848
vn -0.000004 0.000000 1.000000
vn -0.000004 0.000000 1.000000
vn -0.000004 0.000000 1.000000
vn -0.000004 0.000000 1.000000
vn 0.136620 0.989739 -0.041849
vn 0.136620 0.989739 -0.041849
vn 0.136620 0.989739 -0.041849
vn 0.136620 0.989739 -0.041849
vn 0.000000 0.000000 -1.000000
vn 0.000000 0.000000 -1.000000
vn 0.000000 0.000000 -1.000000
vn 0.000000 0.000000 -1.000000
vn 0.864101 -0.498890 0.066631
vn 0.864101 -0.498889 0.066631
vn 0.864101 -0.498889 0.066631
vn 0.864101 -0.498889 0.066631
vn -0.863697 0.498657 -0.073270
vn -0.863697 0.498657 -0.073270
vn -0.863697 0.498657 -0.073270
vn -0.863697 0.498657 -0.073270
vn -0.994498 0.074540 -0.073610
vn -0.682333 0.562378 0.467068
vn -0.675292 0.631484 0.381063
vn -0.972459 0.165843 -0.163766
vn -0.617321 0.750589 0.235649
vn -0.874391 0.345255 -0.340938
vn -0.469645 0.879593 0.075831
vn -0.652678 0.539086 -0.532351
vn -0.253827 0.966696 -0.032719
vn -0.348634 0.666897 -0.658561
vn 0.000001 0.997463 -0.071185
vn 0.000000 0.711538 -0.702648
vn 0.253821 0.966698 -0.032705
vn 0.348639 0.666894 -0.658561
vn 0.469634 0.879597 0.075850
vn 0.652681 0.539083 -0.532351
vn 0.617322 0.750588 0.235650
vn 0.874392 0.345251 -0.340942
vn 0.675310 0.631475 0.381046
vn 0.972459 0.165841 -0.163771
vn 0.682352 0.562370 0.467049
vn 0.994497 0.074545 -0.073615
vn 0.610050 0.123209 0.782725
vn 0.542619 -0.039265 0.839061
vn 0.660094 -0.534501 0.527811
vn 0.886766 -0.328884 0.324779
vn 0.542617 -0.839490 0.028695
vn 0.610044 -0.781116 -0.133054
vn 0.675306 -0.373082 -0.636217
vn 0.682345 -0.459948 -0.568201
vn 0.617320 -0.226201 -0.753492
vn 0.469632 -0.064782 -0.880482
vn 0.253824 0.044864 -0.966209
vn 0.000000 0.083726 -0.996489
vn -0.253831 0.044876 -0.966207
vn -0.469644 -0.064766 -0.880477
vn -0.617320 -0.226201 -0.753492
vn -0.675295 -0.373092 -0.636223
vn -0.682337 -0.459956 -0.568205
vn -0.646940 0.542576 -0.535798
vn -0.484428 0.871994 0.070391
vn -0.484428 0.871994 0.070391
vn -0.646940 0.542575 -0.535799
vn -0.670156 0.470172 0.574309
vn -0.669320 0.450604 0.590734
vn -0.990188 -0.099435 0.098183
vn -0.993836 -0.078885 0.077898
vn -0.631874 0.356424 0.688257
vn -0.631874 0.356424 0.688257
vn -0.939691 -0.243360 0.240328
vn -0.939691 -0.243365 0.240323
vn -0.514196 0.213833 0.830589
vn -0.514196 0.213833 0.830589
vn -0.766045 -0.457369 0.451652
vn -0.766045 -0.457370 0.451651
vn -0.335175 0.108319 0.935908
vn -0.335175 0.108319 0.935909
vn -0.499999 -0.616209 0.608513
vn -0.499999 -0.616208 0.608514
vn -0.116325 0.052283 0.991834
vn -0.116325 0.052283 0.991834
vn -0.173651 -0.700729 0.691971
vn -0.173651 -0.700729 0.691971
vn 0.116322 0.052285 0.991834
vn 0.116322 0.052285 0.991834
vn 0.173649 -0.700730 0.691971
vn 0.173649 -0.700730 0.691971
vn 0.335175 0.108319 0.935909
vn 0.335175 0.108319 0.935909
vn 0.499998 -0.616208 0.608515
vn 0.499998 -0.616210 0.608512
vn 0.514203 0.213831 0.830585
vn 0.514203 0.213831 0.830585
vn 0.766048 -0.457368 0.451647
vn 0.766048 -0.457368 0.451646
vn 0.631879 0.356421 0.688254
vn 0.631879 0.356421 0.688254
vn 0.939690 -0.243364 0.240328
vn 0.939690 -0.243363 0.240329
vn 0.669316 0.450609 0.590734
vn 0.670153 0.470174 0.574310
vn 0.993836 -0.078885 0.077895
vn 0.990189 -0.099433 0.098178
vn 0.670153 -0.568354 -0.477356
vn 0.669315 -0.585024 -0.457999
vn 0.631870 -0.683721 -0.365057
vn 0.631870 -0.683721 -0.365057
vn 0.514196 -0.827834 -0.224260
vn 0.514196 -0.827834 -0.224260
vn 0.335174 -0.934473 -0.120074
vn 0.335174 -0.934473 -0.120074
vn 0.116326 -0.991098 -0.064755
vn 0.116326 -0.991098 -0.064755
vn -0.116327 -0.991098 -0.064753
vn -0.116327 -0.991098 -0.064753
vn -0.335177 -0.934473 -0.120070
vn -0.335177 -0.934473 -0.120070
vn -0.514194 -0.827836 -0.224261
vn -0.514194 -0.827836 -0.224261
vn -0.631867 -0.683719 -0.365065
vn -0.631867 -0.683719 -0.365065
vn -0.669310 -0.585030 -0.458000
vn -0.670147 -0.568358 -0.477359
vn -0.484434 -0.059429 -0.872807
vn -0.484434 -0.059429 -0.872807
vn -0.996668 0.058038 -0.057305
vn -0.668007 -0.482566 -0.566477
vn -0.668005 0.560361 0.489657
vn -0.610051 0.123222 0.782723
vn -0.886772 -0.328873 0.324773
vn 0.668009 0.560353 0.489662
vn 0.996670 0.058030 -0.057287
vn 0.668013 -0.482574 -0.566464
vn -0.610048 -0.781112 -0.133064
vn -0.660101 -0.534496 0.527807
vn -0.542622 -0.039255 0.839059
vn -0.542622 -0.839487 0.028685
vn 0.646941 0.542575 -0.535798
vn 0.646941 0.542576 -0.535797
vn 0.484429 -0.059439 -0.872809
vn 0.484429 -0.059439 -0.872809
vn 0.484426 0.871995 0.070401
vn 0.484426 0.871995 0.070401
vn -0.079347 0.184317 -0.979659
vn -0.079347 0.184317 -0.979659
vn -0.079347 0.184317 -0.979659
vn -0.079347 0.184317 -0.979659
vn -0.098078 0.725303 -0.681408
vn -0.098078 0.725303 -0.681408
vn -0.098078 0.725303 -0.681408
vn -0.098078 0.725303 -0.681408
vn -0.079344 0.989245 -0.122877
vn -0.079344 0.989245 -0.122877
vn -0.079344 0.989245 -0.122877
vn -0.079344 0.989245 -0.122877
vn -0.030306 0.875329 0.482578
vn -0.030306 0.875329 0.482578
vn -0.030306 0.875328 0.482578
vn -0.030306 0.875329 0.482578
vn 0.030298 0.427069 0.903711
vn 0.030298 0.427069 0.903711
vn 0.030298 0.427069 0.903711
vn 0.030298 0.427069 0.903711
vn 0.079352 -0.184304 0.979661
vn 0.079352 -0.184304 0.979661
vn 0.079352 -0.184304 0.979661
vn 0.079352 -0.184304 0.979661
vn 0.098102 -0.725302 0.681406
vn 0.098102 -0.725302 0.681406
vn 0.098102 -0.725302 0.681406
vn 0.098102 -0.725302 0.681406
vn 0.079349 -0.989245 0.122875
vn 0.079349 -0.989245 0.122875
vn 0.079349 -0.989245 0.122875
vn 0.079349 -0.989245 0.122875
vn 0.030305 -0.875330 -0.482576
vn 0.030304 -0.875330 -0.482576
vn 0.030305 -0.875330 -0.482576
vn 0.030305 -0.875330 -0.482576
vn -0.030301 -0.427067 -0.903712
vn -0.030301 -0.427067 -0.903712
vn -0.030301 -0.427067 -0.903712
vn -0.030301 -0.427067 -0.903712
vn -0.995179 -0.071475 0.067152
vn -0.995179 -0.071478 0.067152
vn -0.995180 -0.071474 0.067150
vn -0.995179 -0.071476 0.067150
vn -0.995179 -0.071479 0.067147
vn -0.995179 -0.071479 0.067147
vn -0.995180 -0.071466 0.067149
vn -0.995180 -0.071468 0.067147
vn -0.995180 -0.071476 0.067147
vn -0.995180 -0.071468 0.067152
vn -0.995179 -0.071473 0.067155
vn 0.995179 0.071478 -0.067152
vn 0.995180 0.071472 -0.067152
vn 0.995180 0.071469 -0.067146
vn 0.995179 0.071478 -0.067151
vn 0.995179 0.071483 -0.067147
vn 0.995181 0.071465 -0.067140
vn 0.995181 0.071466 -0.067136
vn 0.995181 0.071466 -0.067139
vn 0.995181 0.071454 -0.067145
vn 0.995181 0.071459 -0.067147
vn 0.995180 0.071471 -0.067148
vn 0.097419 0.182884 -0.978296
vn 0.097419 0.182884 -0.978296
vn 0.097419 0.182884 -0.978296
vn 0.097419 0.182884 -0.978296
vn 0.120423 0.723507 -0.679732
vn 0.120423 0.723507 -0.679732
vn 0.120423 0.723507 -0.679732
vn 0.120423 0.723507 -0.679732
vn 0.097430 0.987796 -0.121519
vn 0.097430 0.987796 -0.121519
vn 0.097430 0.987796 -0.121519
vn 0.097430 0.987796 -0.121519
vn 0.037215 0.874771 0.483105
vn 0.037215 0.874771 0.483105
vn 0.037215 0.874771 0.483105
vn 0.037215 0.874771 0.483105
vn -0.037217 0.427625 0.903190
vn -0.037217 0.427625 0.903190
vn -0.037217 0.427625 0.903190
vn -0.037217 0.427625 0.903190
vn -0.097413 -0.182861 0.978301
vn -0.097413 -0.182861 0.978301
vn -0.097413 -0.182861 0.978301
vn -0.097413 -0.182861 0.978301
vn -0.120429 -0.723514 0.679724
vn -0.120429 -0.723514 0.679724
vn -0.120429 -0.723514 0.679724
vn -0.120429 -0.723514 0.679724
vn -0.097425 -0.987795 0.121529
vn -0.097425 -0.987795 0.121529
vn -0.097425 -0.987795 0.121529
vn -0.097425 -0.987795 0.121529
vn -0.037211 -0.874774 -0.483099
vn -0.037211 -0.874775 -0.483099
vn -0.037211 -0.874775 -0.483099
vn -0.037211 -0.874775 -0.483099
vn 0.037211 -0.427634 -0.903186
vn 0.037211 -0.427634 -0.903186
vn 0.037211 -0.427634 -0.903186
vn 0.037211 -0.427634 -0.903186
vn -0.992722 0.087774 -0.082461
vn -0.992722 0.087775 -0.082458
vn -0.992722 0.087769 -0.082457
vn -0.992721 0.087772 -0.082464
vn -0.992721 0.087773 -0.082465
vn -0.992722 0.087770 -0.082464
vn -0.992724 0.087751 -0.082460
vn -0.992724 0.087754 -0.082453
vn -0.992723 0.087772 -0.082444
vn -0.992723 0.087775 -0.082446
vn -0.992722 0.087775 -0.082456
vn 0.992722 -0.087774 0.082458
vn 0.992722 -0.087773 0.082461
vn 0.992723 -0.087768 0.082455
vn 0.992721 -0.087776 0.082464
vn 0.992721 -0.087773 0.082466
vn 0.992723 -0.087762 0.082454
vn 0.992724 -0.087768 0.082442
vn 0.992722 -0.087776 0.082448
vn 0.992722 -0.087765 0.082460
vn 0.992724 -0.087751 0.082451
vn 0.992724 -0.087761 0.082446
vn -0.847003 -0.492050 -0.201180
vn -0.847003 -0.492050 -0.201180
vn -0.847003 -0.492050 -0.201180
vn -0.847003 -0.492050 -0.201180
vn -0.487495 -0.849617 -0.201244
vn -0.487495 -0.849617 -0.201245
vn -0.487495 -0.849617 -0.201244
vn -0.487495 -0.849617 -0.201244
vn 0.002624 -0.979487 -0.201493
vn 0.002624 -0.979487 -0.201493
vn 0.002624 -0.979487 -0.201493
vn 0.002624 -0.979486 -0.201493
vn 0.491976 -0.846885 -0.201854
vn 0.491976 -0.846885 -0.201854
vn 0.491976 -0.846885 -0.201854
vn 0.491976 -0.846885 -0.201854
vn 0.849442 -0.487392 -0.202231
vn 0.849442 -0.487392 -0.202231
vn 0.849442 -0.487392 -0.202231
vn 0.849442 -0.487392 -0.202231
vn 0.979273 0.002624 -0.202529
vn 0.979273 0.002624 -0.202529
vn 0.979273 0.002624 -0.202529
vn 0.979273 0.002624 -0.202529
vn 0.846740 0.491893 -0.202663
vn 0.846740 0.491893 -0.202663
vn 0.846740 0.491893 -0.202663
vn 0.846740 0.491893 -0.202663
vn 0.487357 0.849375 -0.202595
vn 0.487357 0.849375 -0.202595
vn 0.487357 0.849375 -0.202595
vn 0.487357 0.849375 -0.202595
vn -0.002624 0.979310 -0.202348
vn -0.002624 0.979310 -0.202348
vn -0.002624 0.979310 -0.202348
vn -0.002624 0.979310 -0.202348
vn -0.491965 0.846860 -0.201987
vn -0.491965 0.846860 -0.201987
vn -0.491965 0.846860 -0.201987
vn -0.491965 0.846860 -0.201987
vn -0.849553 0.487458 -0.201604
vn -0.849553 0.487458 -0.201604
vn -0.849553 0.487458 -0.201604
vn -0.849553 0.487458 -0.201604
vn -0.979524 -0.002624 -0.201310
vn -0.979524 -0.002624 -0.201310
vn -0.979524 -0.002624 -0.201310
vn -0.979524 -0.002624 -0.201310
vn 0.075095 0.043626 -0.996222
vn 0.075095 0.043626 -0.996222
vn 0.075095 0.043626 -0.996222
vn 0.075095 0.043626 -0.996222
vn 0.043225 0.075329 -0.996221
vn 0.043225 0.075329 -0.996221
vn 0.043225 0.075329 -0.996221
vn 0.043225 0.075329 -0.996221
vn -0.000233 0.086851 -0.996221
vn -0.000233 0.086851 -0.996221
vn -0.000233 0.086851 -0.996221
vn -0.000233 0.086851 -0.996221
vn -0.043629 0.075102 -0.996221
vn -0.043629 0.075102 -0.996221
vn -0.043629 0.075102 -0.996221
vn -0.043629 0.075102 -0.996221
vn -0.075343 0.043228 -0.996220
vn -0.075343 0.043228 -0.996220
vn -0.075343 0.043228 -0.996220
vn -0.075343 0.043228 -0.996220
vn -0.086861 -0.000233 -0.996220
vn -0.086861 -0.000233 -0.996220
vn -0.086861 -0.000233 -0.996220
vn -0.086861 -0.000233 -0.996220
vn -0.075111 -0.043633 -0.996220
vn -0.075111 -0.043633 -0.996220
vn -0.075111 -0.043633 -0.996220
vn -0.075111 -0.043633 -0.996220
vn -0.043231 -0.075340 -0.996220
vn -0.043231 -0.075340 -0.996220
vn -0.043231 -0.075340 -0.996220
vn -0.043231 -0.075340 -0.996220
vn 0.000233 -0.086859 -0.996221
vn 0.000233 -0.086859 -0.996221
vn 0.000233 -0.086859 -0.996221
vn 0.000233 -0.086859 -0.996221
vn 0.043630 -0.075103 -0.996221
vn 0.043630 -0.075103 -0.996221
vn 0.043630 -0.075103 -0.996221
vn 0.043630 -0.075103 -0.996221
vn 0.075328 -0.043224 -0.996221
vn 0.075328 -0.043224 -0.996222
vn 0.075328 -0.043224 -0.996222
vn 0.075328 -0.043224 -0.996221
vn 0.086846 0.000233 -0.996222
vn 0.086846 0.000233 -0.996222
vn 0.086846 0.000233 -0.996222
vn 0.086846 0.000233 -0.996222
vn 0.043163 0.025077 0.998753
vn 0.043163 0.025077 0.998753
vn 0.043163 0.025077 0.998753
vn 0.043163 0.025077 0.998753
vn 0.024842 0.043302 0.998753
vn 0.024842 0.043302 0.998753
vn 0.024842 0.043302 0.998753
vn 0.024842 0.043302 0.998753
vn -0.000133 0.049923 0.998753
vn -0.000133 0.049923 0.998753
vn -0.000133 0.049923 0.998753
vn -0.000133 0.049923 0.998753
vn -0.025076 0.043168 0.998753
vn -0.025076 0.043168 0.998753
vn -0.025076 0.043168 0.998753
vn -0.025076 0.043168 0.998753
vn -0.043302 0.024846 0.998753
vn -0.043302 0.024846 0.998753
vn -0.043302 0.024846 0.998753
vn -0.043302 0.024846 0.998753
vn -0.049929 -0.000134 0.998753
vn -0.049929 -0.000134 0.998753
vn -0.049929 -0.000134 0.998753
vn -0.049929 -0.000134 0.998753
vn -0.043171 -0.025077 0.998753
vn -0.043171 -0.025077 0.998753
vn -0.043171 -0.025077 0.998753
vn -0.043171 -0.025077 0.998753
vn -0.024847 -0.043301 0.998753
vn -0.024847 -0.043301 0.998753
vn -0.024847 -0.043301 0.998753
vn -0.024847 -0.043301 0.998753
vn 0.000134 -0.049923 0.998753
vn 0.000134 -0.049923 0.998753
vn 0.000134 -0.049923 0.998753
vn 0.000134 -0.049923 0.998753
vn 0.025076 -0.043168 0.998753
vn 0.025076 -0.043168 0.998753
vn 0.025076 -0.043168 0.998753
vn 0.025076 -0.043168 0.998753
vn 0.043303 -0.024846 0.998753
vn 0.043303 -0.024846 0.998753
vn 0.043303 -0.024846 0.998753
vn 0.043303 -0.024846 0.998753
vn 0.049926 0.000134 0.998753
vn 0.049926 0.000134 0.998753
vn 0.049926 0.000134 0.998753
vn 0.049926 0.000134 0.998753
vn 0.845974 0.491453 0.206887
vn 0.845974 0.491452 0.206887
vn 0.845974 0.491453 0.206887
vn 0.845974 0.491453 0.206887
vn 0.978334 0.002621 0.207018
vn 0.978334 0.002621 0.207018
vn 0.978334 0.002621 0.207018
vn 0.978334 0.002621 0.207018
vn 0.848518 -0.486863 0.207320
vn 0.848518 -0.486863 0.207320
vn 0.848518 -0.486863 0.207320
vn 0.848518 -0.486863 0.207320
vn 0.491364 -0.845821 0.207720
vn 0.491364 -0.845821 0.207720
vn 0.491364 -0.845821 0.207720
vn 0.491364 -0.845821 0.207720
vn 0.002620 -0.978106 0.208089
vn 0.002620 -0.978106 0.208089
vn 0.002620 -0.978106 0.208089
vn 0.002620 -0.978106 0.208089
vn -0.486758 -0.848329 0.208340
vn -0.486758 -0.848329 0.208340
vn -0.486758 -0.848329 0.208340
vn -0.486758 -0.848329 0.208340
vn -0.845695 -0.491291 0.208409
vn -0.845695 -0.491291 0.208409
vn -0.845695 -0.491291 0.208409
vn -0.845695 -0.491291 0.208409
vn -0.978068 -0.002620 0.208271
vn -0.978068 -0.002620 0.208271
vn -0.978068 -0.002620 0.208271
vn -0.978068 -0.002620 0.208271
vn -0.848397 0.486798 0.207968
vn -0.848397 0.486798 0.207968
vn -0.848397 0.486798 0.207968
vn -0.848397 0.486798 0.207968
vn -0.491378 0.845849 0.207576
vn -0.491378 0.845849 0.207576
vn -0.491378 0.845849 0.207576
vn -0.491378 0.845849 0.207576
vn -0.002621 0.978294 0.207208
vn -0.002621 0.978294 0.207208
vn -0.002621 0.978294 0.207208
vn -0.002621 0.978294 0.207207
vn 0.486903 0.848585 0.206953
vn 0.486903 0.848585 0.206953
vn 0.486903 0.848585 0.206953
vn 0.486903 0.848585 0.206953
vn -0.136621 0.989739 -0.041849
vn -0.136621 0.989739 -0.041849
vn -0.136621 0.989739 -0.041849
vn -0.136621 0.989739 -0.041849
vn 0.000004 0.000000 1.000000
vn 0.000004 0.000000 1.000000
vn 0.000004 0.000000 1.000000
vn 0.000004 0.000000 1.000000
vn 0.788827 -0.613189 -0.041848
vn 0.788827 -0.613189 -0.041848
vn 0.788827 -0.613189 -0.041848
vn 0.788827 -0.613189 -0.041848
vn 0.000000 0.000000 -1.000000
vn 0.000000 0.000000 -1.000000
vn 0.000000 0.000000 -1.000000
vn 0.000000 0.000000 -1.000000
vn -0.864101 -0.498888 0.066631
vn -0.864101 -0.498888 0.066631
vn -0.864101 -0.498888 0.066631
vn -0.864101 -0.498888 0.066631
vn 0.863697 0.498657 -0.073270
vn 0.863697 0.498657 -0.073270
vn 0.863697 0.498657 -0.073270
vn 0.863697 0.498656 -0.073270
vn 0.376549 0.925451 -0.041849
vn 0.376549 0.925451 -0.041849
vn 0.376549 0.925451 -0.041849
vn 0.376549 0.925451 -0.041849
vn -0.000008 0.000000 1.000000
vn -0.000008 0.000000 1.000000
vn -0.000008 0.000000 1.000000
vn -0.000008 0.000000 1.000000
vn 0.376549 -0.925451 -0.041849
vn 0.376549 -0.925451 -0.041849
vn 0.376549 -0.925451 -0.041849
vn 0.376549 -0.925451 -0.041849
vn 0.000000 0.000000 -1.000000
vn 0.000000 0.000000 -1.000000
vn 0.000000 0.000000 -1.000000
vn 0.000000 0.000000 -1.000000
vn -0.997778 0.000000 0.066631
vn -0.997778 0.000000 0.066631
vn -0.997778 0.000000 0.066631
vn -0.997778 0.000000 0.066631
vn 0.997312 0.000000 -0.073270
vn 0.997312 0.000000 -0.073270
vn 0.997312 0.000000 -0.073270
vn 0.997312 0.000000 -0.073270
vn 0.136623 -0.989739 -0.041849
vn 0.136623 -0.989739 -0.041849
vn 0.136623 -0.989739 -0.041849
vn 0.136623 -0.989739 -0.041849
vn 0.000000 0.000000 1.000000
vn 0.000000 0.000000 1.000000
vn 0.000000 0.000000 1.000000
vn 0.000000 0.000000 1.000000
vn -0.788829 0.613187 -0.041849
vn -0.788829 0.613187 -0.041849
vn -0.788829 0.613187 -0.041849
vn -0.788829 0.613187 -0.041849
vn 0.000000 0.000000 -1.000000
vn 0.000000 0.000000 -1.000000
vn 0.000000 0.000000 -1.000000
vn 0.000000 0.000000 -1.000000
vn 0.864100 0.498890 0.066631
vn 0.864100 0.498890 0.066631
vn 0.864100 0.498890 0.066631
vn 0.864100 0.498890 0.066631
vn -0.863698 -0.498656 -0.073270
vn -0.863698 -0.498656 -0.073270
vn -0.863698 -0.498656 -0.073270
vn -0.863698 -0.498656 -0.073270
vn 0.613185 -0.788830 -0.041849
vn 0.613185 -0.788830 -0.041849
vn 0.613185 -0.788830 -0.041849
vn 0.613185 -0.788830 -0.041849
vn 0.000000 0.000000 1.000000
vn 0.000000 0.000000 1.000000
vn 0.000000 0.000000 1.000000
vn 0.000000 0.000000 1.000000
vn -0.989738 0.136626 -0.041849
vn -0.989738 0.136626 -0.041849
vn -0.989738 0.136626 -0.041849
vn -0.989738 0.136626 -0.041849
vn 0.000000 0.000000 -1.000000
vn 0.000000 0.000000 -1.000000
vn 0.000000 0.000000 -1.000000
vn 0.000000 0.000000 -1.000000
vn 0.498889 0.864101 0.066631
vn 0.498889 0.864101 0.066631
vn 0.498889 0.864101 0.066631
vn 0.498889 0.864101 0.066631
vn -0.498657 -0.863697 -0.073270
vn -0.498657 -0.863697 -0.073270
vn -0.498657 -0.863697 -0.073270
vn -0.498657 -0.863697 -0.073270
vn 0.925452 -0.376547 -0.041848
vn 0.925452 -0.376547 -0.041848
vn 0.925452 -0.376547 -0.041848
vn 0.925452 -0.376547 -0.041848
vn 0.000000 0.000000 1.000000
vn 0.000000 0.000000 1.000000
vn 0.000000 0.000000 1.000000
vn 0.000000 0.000000 1.000000
vn -0.925450 -0.376551 -0.041849
vn -0.925450 -0.376551 -0.041849
vn -0.925450 -0.376551 -0.041849
vn -0.925450 -0.376551 -0.041849
vn 0.000000 0.000000 -1.000000
vn 0.000000 0.000000 -1.000000
vn 0.000000 0.000000 -1.000000
vn 0.000000 0.000000 -1.000000
vn 0.000000 0.997778 0.066631
vn 0.000000 0.997778 0.066631
vn 0.000000 0.997778 0.066631
vn 0.000000 0.997778 0.066631
vn 0.000000 -0.997312 -0.073270
vn 0.000000 -0.997312 -0.073270
vn 0.000000 -0.997312 -0.073270
vn 0.000000 -0.997312 -0.073270
vn -0.613193 0.788824 -0.041848
vn -0.613193 0.788824 -0.041848
vn -0.613193 0.788824 -0.041848
vn -0.613193 0.788824 -0.041848
vn 0.000000 0.000000 1.000000
vn 0.000000 0.000000 1.000000
vn 0.000000 0.000000 1.000000
vn 0.000000 0.000000 1.000000
vn 0.989738 -0.136626 -0.041848
vn 0.989738 -0.136626 -0.041849
vn 0.989738 -0.136626 -0.041848
vn 0.989738 -0.136626 -0.041848
vn -0.000003 0.000000 -1.000000
vn -0.000003 0.000000 -1.000000
vn -0.000003 0.000000 -1.000000
vn -0.000003 0.000000 -1.000000
vn -0.498889 -0.864101 0.066631
vn -0.498889 -0.864101 0.066631
vn -0.498889 -0.864101 0.066631
vn -0.498889 -0.864101 0.066631
vn 0.498656 0.863698 -0.073270
vn 0.498656 0.863698 -0.073270
vn 0.498656 0.863698 -0.073270
vn 0.498656 0.863698 -0.073270
vn 0.788827 0.613189 -0.041849
vn 0.788827 0.613189 -0.041849
vn 0.788827 0.613189 -0.041849
vn 0.788827 0.613189 -0.041849
vn 0.000000 0.000000 1.000000
vn 0.000000 0.000000 1.000000
vn 0.000000 0.000000 1.000000
vn 0.000000 0.000000 1.000000
vn -0.136624 -0.989739 -0.041849
vn -0.136624 -0.989739 -0.041849
vn -0.136624 -0.989739 -0.041849
vn -0.136624 -0.989739 -0.041849
vn 0.000000 0.000000 -1.000000
vn 0.000000 0.000000 -1.000000
vn 0.000000 0.000000 -1.000000
vn 0.000000 0.000000 -1.000000
vn -0.864101 0.498888 0.066631
vn -0.864101 0.498888 0.066631
vn -0.864101 0.498888 0.066631
vn -0.864101 0.498888 0.066631
vn 0.863698 -0.498656 -0.073270
vn 0.863698 -0.498656 -0.073270
vn 0.863698 -0.498656 -0.073270
vn 0.863698 -0.498656 -0.073270
vn 0.420027 0.906539 -0.041995
vn 0.420027 0.906539 -0.041995
vn 0.420027 0.906539 -0.041995
vn 0.420027 0.906539 -0.041995
vn -0.000681 0.000000 1.000000
vn -0.000681 0.000000 1.000000
vn -0.000681 0.000000 1.000000
vn -0.000681 0.000000 1.000000
vn 0.420029 -0.906539 -0.041995
vn 0.420029 -0.906539 -0.041995
vn 0.420029 -0.906539 -0.041995
vn 0.420029 -0.906539 -0.041995
vn 0.008407 0.000000 -0.999965
vn 0.008407 0.000000 -0.999965
vn 0.008407 0.000000 -0.999965
vn 0.008407 0.000000 -0.999965
vn -0.998264 0.000000 0.058898
vn -0.998264 0.000000 0.058898
vn -0.998264 0.000000 0.058898
vn -0.998264 0.000000 0.058898
vn 0.997312 0.000000 -0.073270
vn 0.997312 0.000000 -0.073270
vn 0.997312 0.000000 -0.073270
vn 0.997312 0.000000 -0.073270
s off
g polySurface131
usemtl initialShadingGroup
f 2167/3990/5103 2168/3287/5104 2170/3993/5105 2169/3995/5106
f 2169/3289/5107 2170/3994/5108 2172/3290/5109 2171/3992/5110
f 2171/3291/5111 2172/3991/5112 2174/3292/5113 2173/3989/5114
f 2173/3293/5115 2174/3987/5116 2168/3294/5117 2167/3295/5118
f 2168/3988/5119 2174/3296/5120 2172/3297/5121 2170/3288/5122
f 2173/3298/5123 2167/3286/5124 2169/3996/5125 2171/3299/5126
f 2175/3980/5127 2176/3301/5128 2178/3983/5129 2177/3985/5130
f 2177/3303/5131 2178/3984/5132 2180/3304/5133 2179/3982/5134
f 2179/3305/5135 2180/3981/5136 2182/3306/5137 2181/3979/5138
f 2181/3307/5139 2182/3977/5140 2176/3308/5141 2175/3309/5142
f 2176/3978/5143 2182/3310/5144 2180/3311/5145 2178/3302/5146
f 2181/3312/5147 2175/3300/5148 2177/3986/5149 2179/3313/5150
f 2183/3970/5151 2184/3315/5152 2186/3973/5153 2185/3975/5154
f 2185/3317/5155 2186/3974/5156 2188/3318/5157 2187/3972/5158
f 2187/3319/5159 2188/3971/5160 2190/3320/5161 2189/3969/5162
f 2189/3321/5163 2190/3967/5164 2184/3322/5165 2183/3323/5166
f 2184/3968/5167 2190/3324/5168 2188/3325/5169 2186/3316/5170
f 2189/3326/5171 2183/3314/5172 2185/3976/5173 2187/3327/5174
f 2191/3328/5175 2192/3329/5176 2204/3330/5177 2203/3331/5178
f 2192/3329/5179 2193/3332/5180 2205/3333/5181 2204/3330/5182
f 2193/3332/5183 2194/3334/5184 2206/3335/5185 2205/3333/5186
f 2194/3334/5187 2195/3336/5188 2207/3337/5189 2206/3335/5190
f 2195/3336/5191 2196/3338/5192 2208/3339/5193 2207/3337/5194
f 2196/3338/5195 2197/3340/5196 2209/3341/5197 2208/3339/5198
f 2197/3340/5199 2198/3342/5200 2210/3343/5201 2209/3341/5202
f 2198/3342/5203 2199/3344/5204 2211/3345/5205 2210/3343/5206
f 2199/3344/5207 2200/3346/5208 2212/3347/5209 2211/3345/5210
f 2200/3346/5211 2201/3348/5212 2213/3349/5213 2212/3347/5214
f 2201/3348/5215 2202/3350/5216 2214/3351/5217 2213/3349/5218
f 2202/3350/5219 2191/3352/5220 2203/3353/5221 2214/3351/5222
s 1
f 2192/3354/5223 2191/3355/5224 2215/3356/5225
f 2193/3357/5226 2192/3354/5223 2215/3356/5225
f 2194/3358/5227 2193/3357/5226 2215/3356/5225
f 2195/3359/5228 2194/3358/5227 2215/3356/5225
f 2196/3360/5229 2195/3359/5228 2215/3356/5225
f 2197/3361/5230 2196/3360/5229 2215/3356/5225
f 2198/3362/5231 2197/3361/5230 2215/3356/5225
f 2199/3363/5232 2198/3362/5231 2215/3356/5225
f 2200/3364/5233 2199/3363/5232 2215/3356/5225
f 2201/3365/5234 2200/3364/5233 2215/3356/5225
f 2202/3366/5235 2201/3365/5234 2215/3356/5225
f 2191/3355/5224 2202/3366/5235 2215/3356/5225
s 2
f 2203/3367/5236 2204/3368/5237 2216/3369/5238
f 2204/3368/5237 2205/3370/5239 2216/3369/5238
f 2205/3370/5239 2206/3371/5240 2216/3369/5238
f 2206/3371/5240 2207/3372/5241 2216/3369/5238
f 2207/3372/5241 2208/3373/5242 2216/3369/5238
f 2208/3373/5242 2209/3374/5243 2216/3369/5238
f 2209/3374/5243 2210/3375/5244 2216/3369/5238
f 2210/3375/5244 2211/3376/5245 2216/3369/5238
f 2211/3376/5245 2212/3377/5246 2216/3369/5238
f 2212/3377/5246 2213/3378/5247 2216/3369/5238
f 2213/3378/5247 2214/3379/5248 2216/3369/5238
f 2214/3379/5248 2203/3367/5236 2216/3369/5238
s off
f 2217/3380/5249 2218/3381/5250 2230/3382/5251 2229/3383/5252
f 2218/3381/5253 2219/3384/5254 2231/3385/5255 2230/3382/5256
f 2219/3384/5257 2220/3386/5258 2232/3387/5259 2231/3385/5260
f 2220/3386/5261 2221/3388/5262 2233/3389/5263 2232/3387/5264
f 2221/3388/5265 2222/3390/5266 2234/3391/5267 2233/3389/5268
f 2222/3390/5269 2223/3392/5270 2235/3393/5271 2234/3391/5272
f 2223/3392/5273 2224/3394/5274 2236/3395/5275 2235/3393/5276
f 2224/3394/5277 2225/3396/5278 2237/3397/5279 2236/3395/5280
f 2225/3396/5281 2226/3398/5282 2238/3399/5283 2237/3397/5284
f 2226/3398/5285 2227/3400/5286 2239/3401/5287 2238/3399/5288
f 2227/3400/5289 2228/3402/5290 2240/3403/5291 2239/3401/5292
f 2228/3402/5293 2217/3404/5294 2229/3405/5295 2240/3403/5296
f 2218/3406/5297 2217/3407/5298 2241/3408/5299 2242/3409/5300
f 2219/3410/5301 2218/3406/5302 2242/3409/5303 2243/3411/5304
f 2220/3412/5305 2219/3410/5306 2243/3411/5307 2244/3413/5308
f 2221/3414/5309 2220/3412/5310 2244/3413/5311 2245/3415/5312
f 2222/3416/5313 2221/3414/5314 2245/3415/5315 2246/3417/5316
f 2223/3418/5317 2222/3416/5318 2246/3417/5319 2247/3419/5320
f 2224/3420/5321 2223/3418/5322 2247/3419/5323 2248/3421/5324
f 2225/3422/5325 2224/3420/5326 2248/3421/5327 2249/3423/5328
f 2226/3424/5329 2225/3422/5330 2249/3423/5331 2250/3425/5332
f 2227/3426/5333 2226/3424/5334 2250/3425/5335 2251/3427/5336
f 2228/3428/5337 2227/3426/5338 2251/3427/5339 2252/3429/5340
f 2217/3407/5341 2228/3428/5342 2252/3429/5343 2241/3408/5344
f 2229/3430/5345 2230/3431/5346 2254/3866/5347 2253/3856/5348
f 2230/3431/5349 2231/3434/5350 2255/3865/5351 2254/3866/5352
f 2231/3434/5353 2232/3436/5354 2256/3864/5355 2255/3865/5356
f 2232/3436/5357 2233/3438/5358 2257/3863/5359 2256/3864/5360
f 2233/3438/5361 2234/3440/5362 2258/3862/5363 2257/3863/5364
f 2234/3440/5365 2235/3442/5366 2259/3861/5367 2258/3862/5368
f 2235/3442/5369 2236/3444/5370 2260/3860/5371 2259/3861/5372
f 2236/3444/5373 2237/3446/5374 2261/3859/5375 2260/3860/5376
f 2237/3446/5377 2238/3448/5378 2262/3858/5379 2261/3859/5380
f 2238/3448/5381 2239/3450/5382 2263/3857/5383 2262/3858/5384
f 2239/3450/5385 2240/3452/5386 2264/3855/5387 2263/3857/5388
f 2240/3452/5389 2229/3430/5390 2253/3856/5391 2264/3855/5392
f 2242/3409/5393 2241/3408/5394 2253/3433/5395 2254/3432/5396
f 2241/3408/5397 2252/3429/5398 2264/3453/5399 2253/3433/5400
f 2252/3429/5401 2251/3427/5402 2263/3451/5403 2264/3453/5404
f 2251/3427/5405 2250/3425/5406 2262/3449/5407 2263/3451/5408
f 2250/3425/5409 2249/3423/5410 2261/3447/5411 2262/3449/5412
f 2249/3423/5413 2248/3421/5414 2260/3445/5415 2261/3447/5416
f 2248/3421/5417 2247/3419/5418 2259/3443/5419 2260/3445/5420
f 2247/3419/5421 2246/3417/5422 2258/3441/5423 2259/3443/5424
f 2246/3417/5425 2245/3415/5426 2257/3439/5427 2258/3441/5428
f 2245/3415/5429 2244/3413/5430 2256/3437/5431 2257/3439/5432
f 2244/3413/5433 2243/3411/5434 2255/3435/5435 2256/3437/5436
f 2243/3411/5437 2242/3409/5438 2254/3432/5439 2255/3435/5440
f 2265/3960/5441 2266/3455/5442 2268/3963/5443 2267/3965/5444
f 2267/3457/5445 2268/3964/5446 2270/3458/5447 2269/3962/5448
f 2269/3459/5449 2270/3961/5450 2272/3460/5451 2271/3959/5452
f 2271/3461/5453 2272/3957/5454 2266/3462/5455 2265/3463/5456
f 2266/3958/5457 2272/3464/5458 2270/3465/5459 2268/3456/5460
f 2271/3466/5461 2265/3454/5462 2267/3966/5463 2269/3467/5464
f 2273/3950/5465 2274/3469/5466 2276/3953/5467 2275/3955/5468
f 2275/3471/5469 2276/3954/5470 2278/3472/5471 2277/3952/5472
f 2277/3473/5473 2278/3951/5474 2280/3474/5475 2279/3949/5476
f 2279/3475/5477 2280/3947/5478 2274/3476/5479 2273/3477/5480
f 2274/3948/5481 2280/3478/5482 2278/3479/5483 2276/3470/5484
f 2279/3480/5485 2273/3468/5486 2275/3956/5487 2277/3481/5488
s 3
f 2329/3482/5489 2330/3483/5490 2282/3484/5491 2312/3485/5492
f 2282/3484/5491 2283/3486/5493 2311/3487/5494 2312/3485/5492
f 2283/3486/5493 2284/3488/5495 2310/3489/5496 2311/3487/5494
f 2284/3488/5495 2285/3490/5497 2309/3491/5498 2310/3489/5496
f 2285/3490/5497 2286/3492/5499 2308/3493/5500 2309/3491/5498
f 2286/3492/5499 2287/3494/5501 2307/3495/5502 2308/3493/5500
f 2287/3494/5501 2288/3496/5503 2306/3497/5504 2307/3495/5502
f 2288/3496/5503 2289/3498/5505 2305/3499/5506 2306/3497/5504
f 2289/3498/5505 2290/3500/5507 2304/3501/5508 2305/3499/5506
f 2304/3501/5508 2290/3500/5507 2326/3502/5509 2325/3503/5510
f 2291/3504/5511 2333/3505/5512 2334/3506/5513 2303/3507/5514
f 2303/3507/5514 2334/3506/5513 2335/3508/5515 2302/3509/5516
f 2301/3510/5517 2304/3501/5508 2325/3503/5510 2328/3511/5518
f 2305/3499/5506 2304/3501/5508 2301/3510/5517 2300/3512/5519
f 2306/3497/5504 2305/3499/5506 2300/3512/5519 2299/3513/5520
f 2307/3495/5502 2306/3497/5504 2299/3513/5520 2298/3514/5521
f 2308/3493/5500 2307/3495/5502 2298/3514/5521 2297/3515/5522
f 2309/3491/5498 2308/3493/5500 2297/3515/5522 2296/3516/5523
f 2310/3489/5496 2309/3491/5498 2296/3516/5523 2295/3517/5524
f 2311/3487/5494 2310/3489/5496 2295/3517/5524 2294/3518/5525
f 2312/3485/5492 2311/3487/5494 2294/3518/5525 2293/3519/5526
f 2293/3519/5526 2332/3520/5527 2329/3482/5489 2312/3485/5492
s 5
f 2336/3521/5528 2333/3505/5529 2291/3504/5530 2324/3522/5531
s 6
f 2326/3502/5532 2290/3500/5533 2323/3523/5534 2327/3524/5535
s 7
f 2290/3500/5536 2289/3498/5537 2322/3525/5538 2323/3523/5539
s 8
f 2289/3498/5540 2288/3496/5541 2321/3526/5542 2322/3525/5543
s 9
f 2288/3496/5544 2287/3494/5545 2320/3527/5546 2321/3526/5547
s 10
f 2287/3494/5548 2286/3492/5549 2319/3528/5550 2320/3527/5551
s 11
f 2286/3492/5552 2285/3490/5553 2318/3529/5554 2319/3528/5555
s 12
f 2285/3490/5556 2284/3488/5557 2317/3530/5558 2318/3529/5559
s 13
f 2284/3488/5560 2283/3486/5561 2316/3531/5562 2317/3530/5563
s 14
f 2283/3486/5564 2282/3484/5565 2315/3532/5566 2316/3531/5567
s 15
f 2282/3484/5568 2330/3483/5569 2331/3533/5570 2315/3532/5571
f 2315/3534/5571 2331/3535/5570 2332/3520/5572 2293/3519/5573
s 14
f 2316/3536/5567 2315/3534/5566 2293/3519/5574 2294/3518/5575
s 13
f 2317/3537/5563 2316/3536/5562 2294/3518/5576 2295/3517/5577
s 12
f 2318/3538/5559 2317/3537/5558 2295/3517/5578 2296/3516/5579
s 11
f 2319/3539/5555 2318/3538/5554 2296/3516/5580 2297/3515/5581
s 10
f 2320/3540/5551 2319/3539/5550 2297/3515/5582 2298/3514/5583
s 9
f 2321/3541/5547 2320/3540/5546 2298/3514/5584 2299/3513/5585
s 8
f 2322/3542/5543 2321/3541/5542 2299/3513/5586 2300/3512/5587
s 7
f 2323/3543/5539 2322/3542/5538 2300/3512/5588 2301/3510/5589
s 6
f 2323/3543/5534 2301/3510/5590 2328/3511/5591 2327/3544/5535
s 5
f 2335/3508/5592 2336/3545/5528 2324/3546/5531 2302/3509/5593
s 3
f 2325/3503/5510 2326/3502/5509 2291/3504/5511 2303/3507/5514
f 2328/3511/5518 2325/3503/5510 2303/3507/5514 2302/3509/5516
s 6
f 2324/3546/5594 2327/3544/5535 2328/3511/5591 2302/3509/5595
f 2291/3504/5596 2326/3502/5532 2327/3524/5535 2324/3522/5594
s 3
f 2281/3547/5597 2330/3483/5490 2329/3482/5489 2313/3548/5598
s 15
f 2331/3533/5570 2330/3483/5569 2281/3547/5599 2314/3549/5600
f 2332/3520/5572 2331/3535/5570 2314/3550/5600 2292/3551/5601
s 3
f 2313/3548/5598 2329/3482/5489 2332/3520/5527 2292/3551/5602
f 2338/3552/5603 2337/3553/5604 2281/3547/5597 2313/3548/5598
f 2339/3554/5605 2338/3552/5603 2313/3548/5598 2292/3551/5602
s 16
f 2314/3550/5606 2340/3555/5607 2339/3554/5608 2292/3551/5609
f 2281/3547/5610 2337/3553/5611 2340/3556/5607 2314/3549/5606
s off
f 2341/3557/5612 2342/3558/5613 2352/3559/5614 2351/3560/5615
f 2342/3558/5616 2343/3561/5617 2353/3562/5618 2352/3559/5619
f 2343/3563/5620 2344/3564/5621 2354/3565/5622 2353/3566/5623
f 2344/3564/5624 2345/3567/5625 2355/3568/5626 2354/3565/5627
f 2345/3569/5628 2346/3570/5629 2356/3571/5630 2355/3572/5631
f 2346/3570/5632 2347/3573/5633 2357/3574/5634 2356/3571/5635
f 2347/3573/5636 2348/3575/5637 2358/3576/5638 2357/3574/5639
f 2348/3577/5640 2349/3578/5641 2359/3579/5642 2358/3580/5643
f 2349/3578/5644 2350/3581/5645 2360/3582/5646 2359/3579/5647
f 2350/3583/5648 2341/3557/5649 2351/3560/5650 2360/3584/5651
s 17
f 2342/3585/5652 2341/3586/5653 2361/3587/5654
f 2343/3588/5655 2342/3585/5652 2361/3587/5654
f 2344/3589/5656 2343/3588/5655 2361/3587/5654
f 2345/3590/5657 2344/3589/5656 2361/3587/5654
f 2346/3591/5658 2345/3590/5657 2361/3587/5654
f 2347/3592/5659 2346/3591/5658 2361/3587/5654
f 2348/3593/5660 2347/3592/5659 2361/3587/5654
f 2349/3594/5661 2348/3593/5660 2361/3587/5654
f 2350/3595/5662 2349/3594/5661 2361/3587/5654
f 2341/3586/5653 2350/3595/5662 2361/3587/5654
s 18
f 2351/3596/5663 2352/3597/5664 2362/3598/5665
f 2352/3597/5664 2353/3599/5666 2362/3598/5665
f 2353/3599/5666 2354/3600/5667 2362/3598/5665
f 2354/3600/5667 2355/3601/5668 2362/3598/5665
f 2355/3601/5668 2356/3602/5669 2362/3598/5665
f 2356/3602/5669 2357/3603/5670 2362/3598/5665
f 2357/3603/5670 2358/3604/5671 2362/3598/5665
f 2358/3604/5671 2359/3605/5672 2362/3598/5665
f 2359/3605/5672 2360/3606/5673 2362/3598/5665
f 2360/3606/5673 2351/3596/5663 2362/3598/5665
s off
f 2363/3607/5674 2364/3608/5675 2374/3609/5676 2373/3610/5677
f 2364/3608/5678 2365/3611/5679 2375/3612/5680 2374/3609/5681
f 2365/3613/5682 2366/3614/5683 2376/3615/5684 2375/3616/5685
f 2366/3614/5686 2367/3617/5687 2377/3618/5688 2376/3615/5689
f 2367/3619/5690 2368/3620/5691 2378/3621/5692 2377/3622/5693
f 2368/3620/5694 2369/3623/5695 2379/3624/5696 2378/3621/5697
f 2369/3623/5698 2370/3625/5699 2380/3626/5700 2379/3624/5701
f 2370/3627/5702 2371/3628/5703 2381/3629/5704 2380/3630/5705
f 2371/3628/5706 2372/3631/5707 2382/3632/5708 2381/3629/5709
f 2372/3633/5710 2363/3607/5711 2373/3610/5712 2382/3634/5713
s 19
f 2364/3635/5714 2363/3636/5715 2383/3637/5716
f 2365/3638/5717 2364/3635/5714 2383/3637/5716
f 2366/3639/5718 2365/3638/5717 2383/3637/5716
f 2367/3640/5719 2366/3639/5718 2383/3637/5716
f 2368/3641/5720 2367/3640/5719 2383/3637/5716
f 2369/3642/5721 2368/3641/5720 2383/3637/5716
f 2370/3643/5722 2369/3642/5721 2383/3637/5716
f 2371/3644/5723 2370/3643/5722 2383/3637/5716
f 2372/3645/5724 2371/3644/5723 2383/3637/5716
f 2363/3636/5715 2372/3645/5724 2383/3637/5716
s 20
f 2373/3646/5725 2374/3647/5726 2384/3648/5727
f 2374/3647/5726 2375/3649/5728 2384/3648/5727
f 2375/3649/5728 2376/3650/5729 2384/3648/5727
f 2376/3650/5729 2377/3651/5730 2384/3648/5727
f 2377/3651/5730 2378/3652/5731 2384/3648/5727
f 2378/3652/5731 2379/3653/5732 2384/3648/5727
f 2379/3653/5732 2380/3654/5733 2384/3648/5727
f 2380/3654/5733 2381/3655/5734 2384/3648/5727
f 2381/3655/5734 2382/3656/5735 2384/3648/5727
f 2382/3656/5735 2373/3646/5725 2384/3648/5727
s off
f 2385/3657/5736 2386/3658/5737 2398/3659/5738 2397/3660/5739
f 2386/3658/5740 2387/3661/5741 2399/3662/5742 2398/3659/5743
f 2387/3661/5744 2388/3663/5745 2400/3664/5746 2399/3662/5747
f 2388/3663/5748 2389/3665/5749 2401/3666/5750 2400/3664/5751
f 2389/3665/5752 2390/3667/5753 2402/3668/5754 2401/3666/5755
f 2390/3667/5756 2391/3669/5757 2403/3670/5758 2402/3668/5759
f 2391/3669/5760 2392/3671/5761 2404/3672/5762 2403/3670/5763
f 2392/3671/5764 2393/3673/5765 2405/3674/5766 2404/3672/5767
f 2393/3673/5768 2394/3675/5769 2406/3676/5770 2405/3674/5771
f 2394/3675/5772 2395/3677/5773 2407/3678/5774 2406/3676/5775
f 2395/3677/5776 2396/3679/5777 2408/3680/5778 2407/3678/5779
f 2396/3679/5780 2385/3681/5781 2397/3682/5782 2408/3680/5783
f 2386/3683/5784 2385/3684/5785 2409/3685/5786 2410/3686/5787
f 2387/3687/5788 2386/3683/5789 2410/3686/5790 2411/3688/5791
f 2388/3689/5792 2387/3687/5793 2411/3688/5794 2412/3690/5795
f 2389/3691/5796 2388/3689/5797 2412/3690/5798 2413/3692/5799
f 2390/3693/5800 2389/3691/5801 2413/3692/5802 2414/3694/5803
f 2391/3695/5804 2390/3693/5805 2414/3694/5806 2415/3696/5807
f 2392/3697/5808 2391/3695/5809 2415/3696/5810 2416/3698/5811
f 2393/3699/5812 2392/3697/5813 2416/3698/5814 2417/3700/5815
f 2394/3701/5816 2393/3699/5817 2417/3700/5818 2418/3702/5819
f 2395/3703/5820 2394/3701/5821 2418/3702/5822 2419/3704/5823
f 2396/3705/5824 2395/3703/5825 2419/3704/5826 2420/3706/5827
f 2385/3684/5828 2396/3705/5829 2420/3706/5830 2409/3685/5831
f 2397/3707/5832 2398/3708/5833 2422/3854/5834 2421/3844/5835
f 2398/3708/5836 2399/3711/5837 2423/3853/5838 2422/3854/5839
f 2399/3711/5840 2400/3713/5841 2424/3852/5842 2423/3853/5843
f 2400/3713/5844 2401/3715/5845 2425/3851/5846 2424/3852/5847
f 2401/3715/5848 2402/3717/5849 2426/3850/5850 2425/3851/5851
f 2402/3717/5852 2403/3719/5853 2427/3849/5854 2426/3850/5855
f 2403/3719/5856 2404/3721/5857 2428/3848/5858 2427/3849/5859
f 2404/3721/5860 2405/3723/5861 2429/3847/5862 2428/3848/5863
f 2405/3723/5864 2406/3725/5865 2430/3846/5866 2429/3847/5867
f 2406/3725/5868 2407/3727/5869 2431/3845/5870 2430/3846/5871
f 2407/3727/5872 2408/3729/5873 2432/3843/5874 2431/3845/5875
f 2408/3729/5876 2397/3707/5877 2421/3844/5878 2432/3843/5879
f 2410/3686/5880 2409/3685/5881 2421/3710/5882 2422/3709/5883
f 2409/3685/5884 2420/3706/5885 2432/3730/5886 2421/3710/5887
f 2420/3706/5888 2419/3704/5889 2431/3728/5890 2432/3730/5891
f 2419/3704/5892 2418/3702/5893 2430/3726/5894 2431/3728/5895
f 2418/3702/5896 2417/3700/5897 2429/3724/5898 2430/3726/5899
f 2417/3700/5900 2416/3698/5901 2428/3722/5902 2429/3724/5903
f 2416/3698/5904 2415/3696/5905 2427/3720/5906 2428/3722/5907
f 2415/3696/5908 2414/3694/5909 2426/3718/5910 2427/3720/5911
f 2414/3694/5912 2413/3692/5913 2425/3716/5914 2426/3718/5915
f 2413/3692/5916 2412/3690/5917 2424/3714/5918 2425/3716/5919
f 2412/3690/5920 2411/3688/5921 2423/3712/5922 2424/3714/5923
f 2411/3688/5924 2410/3686/5925 2422/3709/5926 2423/3712/5927
f 2433/3940/5928 2434/3732/5929 2436/3943/5930 2435/3945/5931
f 2435/3734/5932 2436/3944/5933 2438/3735/5934 2437/3942/5935
f 2437/3736/5936 2438/3941/5937 2440/3737/5938 2439/3939/5939
f 2439/3738/5940 2440/3937/5941 2434/3739/5942 2433/3740/5943
f 2434/3938/5944 2440/3741/5945 2438/3742/5946 2436/3733/5947
f 2439/3743/5948 2433/3731/5949 2435/3946/5950 2437/3744/5951
f 2441/3930/5952 2442/3746/5953 2444/3933/5954 2443/3935/5955
f 2443/3748/5956 2444/3934/5957 2446/3749/5958 2445/3932/5959
f 2445/3750/5960 2446/3931/5961 2448/3751/5962 2447/3929/5963
f 2447/3752/5964 2448/3927/5965 2442/3753/5966 2441/3754/5967
f 2442/3928/5968 2448/3755/5969 2446/3756/5970 2444/3747/5971
f 2447/3757/5972 2441/3745/5973 2443/3936/5974 2445/3758/5975
f 2449/3920/5976 2450/3760/5977 2452/3923/5978 2451/3925/5979
f 2451/3762/5980 2452/3924/5981 2454/3763/5982 2453/3922/5983
f 2453/3764/5984 2454/3921/5985 2456/3765/5986 2455/3919/5987
f 2455/3766/5988 2456/3917/5989 2450/3767/5990 2449/3768/5991
f 2450/3918/5992 2456/3769/5993 2454/3770/5994 2452/3761/5995
f 2455/3771/5996 2449/3759/5997 2451/3926/5998 2453/3772/5999
f 2457/3910/6000 2458/3774/6001 2460/3913/6002 2459/3915/6003
f 2459/3776/6004 2460/3914/6005 2462/3777/6006 2461/3912/6007
f 2461/3778/6008 2462/3911/6009 2464/3779/6010 2463/3909/6011
f 2463/3780/6012 2464/3907/6013 2458/3781/6014 2457/3782/6015
f 2458/3908/6016 2464/3783/6017 2462/3784/6018 2460/3775/6019
f 2463/3785/6020 2457/3773/6021 2459/3916/6022 2461/3786/6023
f 2465/3900/6024 2466/3788/6025 2468/3903/6026 2467/3905/6027
f 2467/3790/6028 2468/3904/6029 2470/3791/6030 2469/3902/6031
f 2469/3792/6032 2470/3901/6033 2472/3793/6034 2471/3899/6035
f 2471/3794/6036 2472/3897/6037 2466/3795/6038 2465/3796/6039
f 2466/3898/6040 2472/3797/6041 2470/3798/6042 2468/3789/6043
f 2471/3799/6044 2465/3787/6045 2467/3906/6046 2469/3800/6047
f 2473/3871/6048 2474/3802/6049 2476/3896/6050 2475/3869/6051
f 2475/3804/6052 2476/3870/6053 2478/3805/6054 2477/3867/6055
f 2477/3806/6056 2478/3868/6057 2480/3807/6058 2479/3895/6059
f 2479/3808/6060 2480/3893/6061 2474/3809/6062 2473/3810/6063
f 2474/3894/6064 2480/3811/6065 2478/3812/6066 2476/3803/6067
f 2479/3813/6068 2473/3801/6069 2475/3872/6070 2477/3814/6071
f 2481/3886/6072 2482/3816/6073 2484/3889/6074 2483/3891/6075
f 2483/3818/6076 2484/3890/6077 2486/3819/6078 2485/3888/6079
f 2485/3820/6080 2486/3887/6081 2488/3821/6082 2487/3885/6083
f 2487/3822/6084 2488/3883/6085 2482/3823/6086 2481/3824/6087
f 2482/3884/6088 2488/3825/6089 2486/3826/6090 2484/3817/6091
f 2487/3827/6092 2481/3815/6093 2483/3892/6094 2485/3828/6095
f 2489/3876/6096 2490/3830/6097 2492/3879/6098 2491/3881/6099
f 2491/3832/6100 2492/3880/6101 2494/3833/6102 2493/3878/6103
f 2493/3834/6104 2494/3877/6105 2496/3835/6106 2495/3875/6107
f 2495/3836/6108 2496/3873/6109 2490/3837/6110 2489/3838/6111
f 2490/3874/6112 2496/3839/6113 2494/3840/6114 2492/3831/6115
f 2495/3841/6116 2489/3829/6117 2491/3882/6118 2493/3842/6119
