# This file uses meters as units for non-parametric coordinates.

mtllib lpwhitewoman_unity.mtl
g default
v 0.000000 236.736465 24.955070
v 0.000000 237.083267 25.301682
v -1.626265 236.989243 24.805073
v -1.543406 236.660461 24.420727
v 1.543406 236.660461 24.420727
v 1.626265 236.989243 24.805073
v 0.000000 235.910446 24.830406
v -1.714519 236.081558 24.348042
v 1.714519 236.081558 24.348042
v -1.495078 238.135391 24.862610
v 0.000000 238.013275 25.229036
v 1.495078 238.135391 24.862610
v -2.280781 236.929306 24.181889
v -2.247097 238.353073 24.392071
v 2.247097 238.353073 24.392071
v 2.280781 236.929306 24.181889
v -2.274010 236.536057 23.982388
v -2.209041 236.209946 24.048264
v 2.209041 236.209946 24.048264
v 2.274010 236.536057 23.982388
v -1.161072 239.636169 25.554356
v -1.904214 239.460281 25.141222
v 1.904214 239.460281 25.141222
v 1.161072 239.636169 25.554356
v 0.000000 239.039383 25.880182
v -2.955211 239.391602 24.295048
v -2.327630 240.007523 24.925835
v 2.327630 240.007523 24.925835
v 2.955211 239.391602 24.295048
v -4.157297 238.209778 23.419861
v -3.600519 237.781021 23.588825
v 3.600519 237.781021 23.588825
v 4.157297 238.209778 23.419861
v -3.615594 237.052261 23.464691
v 3.615594 237.052261 23.464691
v 4.411467 237.061417 23.121922
v -4.411467 237.061417 23.121922
v 3.078248 235.625015 23.415768
v 3.631921 235.397629 23.002613
v -3.631921 235.397629 23.002613
v -3.078248 235.625015 23.415768
v 2.459507 234.962234 23.580137
v 2.963000 234.570419 23.240971
v -2.963000 234.570419 23.240971
v -2.459507 234.962234 23.580137
v 1.021158 234.401382 23.956524
v 1.234365 233.625107 23.876289
v -1.234365 233.625107 23.876289
v -1.021158 234.401382 23.956524
v 0.000000 234.327423 23.999619
v 0.000000 233.462906 24.038433
v -3.447039 236.340652 23.341934
v -4.113931 236.279099 22.962643
v 3.447039 236.340652 23.341934
v 4.113931 236.279099 22.962643
v -0.479477 239.509613 25.786228
v -0.478174 238.030411 25.189163
v -0.556446 237.060471 25.249344
v -0.566119 236.708588 24.814064
v -0.694395 235.913651 24.729233
v 0.479477 239.509613 25.786228
v 0.478174 238.030411 25.189163
v 0.556446 237.060471 25.249344
v 0.566119 236.708588 24.814064
v 0.694395 235.913651 24.729233
v -3.649989 238.826141 23.808599
v -3.059237 238.056885 23.838507
v -2.971608 237.065643 23.793251
v -2.873061 236.459366 23.668011
v -2.608710 235.919983 23.723305
v -2.029960 235.476700 23.914589
v -0.905286 235.193054 24.147095
v 0.000000 235.195572 24.167519
v 0.905286 235.193054 24.147095
v 2.029960 235.476700 23.914589
v 2.608710 235.919983 23.723305
v 2.873061 236.459366 23.668011
v 2.971608 237.065643 23.793251
v 3.059237 238.056885 23.838507
v 3.649989 238.826141 23.808599
v 1.124055 239.894089 25.945297
v 0.499302 239.637604 26.361416
v -0.499302 239.637604 26.361416
v -1.124055 239.894089 25.945297
v 1.761454 239.772476 26.037819
v -1.761454 239.772476 26.037819
v 0.000000 239.219894 26.611967
v 0.000000 239.384903 27.223820
v -0.515510 239.485641 27.060532
v 0.515510 239.485641 27.060532
v 0.000000 239.787003 27.749243
v -0.694275 239.857056 27.506804
v 0.694275 239.857056 27.506804
v 0.000000 240.644470 28.023016
v -0.680339 240.667358 27.662445
v 0.680339 240.667358 27.662445
v 0.000000 242.022079 27.358984
v -0.588064 241.910767 27.156799
v 0.588064 241.910767 27.156799
v -1.203469 240.698013 26.980068
v -1.198684 240.061234 27.008595
v 1.198684 240.061234 27.008595
v 1.203469 240.698013 26.980068
v -1.804960 240.493195 26.422966
v -1.621075 239.940216 26.486809
v 1.621075 239.940216 26.486809
v 1.804960 240.493195 26.422966
v -2.072413 240.314636 25.962814
v 2.072413 240.314636 25.962814
v 1.058870 241.633453 26.515057
v -1.058870 241.633453 26.515057
v 1.564622 241.250198 25.908184
v -1.564622 241.250198 25.908184
v 1.989574 240.960602 25.564991
v -1.989574 240.960602 25.564991
v 2.273227 240.648499 25.000181
v -2.273227 240.648499 25.000181
v 0.909856 239.742142 26.649292
v -0.909856 239.742142 26.649292
v 1.241263 239.844131 26.318123
v -1.241263 239.844131 26.318123
v 0.000000 243.584702 26.772882
v -0.538955 243.386688 26.483257
v 0.538955 243.386688 26.483257
v -0.992467 242.784180 25.862532
v 0.992467 242.784180 25.862532
v -1.683628 242.051559 25.234184
v 1.683628 242.051559 25.234184
v -2.287346 241.700928 24.955729
v 2.287346 241.700928 24.955729
v -3.107702 241.422226 24.755943
v 3.107702 241.422226 24.755943
v -3.558260 240.074005 24.338120
v 3.558260 240.074005 24.338120
v -4.248717 240.713593 24.434011
v 4.248717 240.713593 24.434011
v -5.211380 239.987457 23.907072
v -4.373879 239.397659 23.869419
v 4.373879 239.397659 23.869419
v 5.211380 239.987457 23.907072
v 4.967181 238.499512 23.251328
v 5.846589 239.238831 22.651440
v -5.846589 239.238831 22.651440
v -4.967181 238.499512 23.251328
v 5.075285 237.469437 22.586720
v 5.782395 238.221344 21.935362
v -5.782395 238.221344 21.935362
v -5.075285 237.469437 22.586720
v 4.844164 236.422272 22.320105
v 5.532960 236.729584 21.314211
v -5.532960 236.729584 21.314211
v -4.844164 236.422272 22.320105
v 4.298918 235.250061 22.375729
v 4.999970 235.304428 21.389143
v -4.999970 235.304428 21.389143
v -4.298918 235.250061 22.375729
v 3.477316 234.125885 22.679947
v 4.008832 233.793243 21.663204
v -4.008832 233.793243 21.663204
v -3.477316 234.125885 22.679947
v 1.558929 232.743774 23.594311
v 1.920107 231.878067 22.826427
v -1.920107 231.878067 22.826427
v -1.558929 232.743774 23.594311
v 0.000000 232.439896 24.011280
v 0.000000 231.290009 23.359346
v -5.017176 241.397079 24.506002
v -5.650496 242.493851 24.132517
v -6.428910 241.744537 23.600250
v -5.773641 240.883041 24.019238
v 5.773641 240.883041 24.019238
v 6.428910 241.744537 23.600250
v 5.650496 242.493851 24.132517
v 5.017176 241.397079 24.506002
v -3.584101 241.969009 24.713606
v -4.305429 242.554642 24.389372
v 4.305429 242.554642 24.389372
v 3.584101 241.969009 24.713606
v -6.434533 243.062958 23.372654
v -7.379633 242.905991 22.194262
v 7.379633 242.905991 22.194262
v 6.434533 243.062958 23.372654
v -2.705790 242.308350 24.673290
v -3.097109 242.764465 24.217184
v 3.097109 242.764465 24.217184
v 2.705790 242.308350 24.673290
v -1.984743 242.657211 24.738914
v -2.114124 243.175842 24.111248
v 2.114124 243.175842 24.111248
v 1.984743 242.657211 24.738914
v 1.961690 248.893753 26.181576
v 2.160719 247.585876 25.150997
v -2.160719 247.585876 25.150997
v -1.961690 248.893753 26.181576
v 0.000000 248.944305 26.288754
v 0.000000 247.736069 26.069441
v 6.733955 244.398300 22.353115
v -6.733955 244.398300 22.353115
v 7.140213 244.328522 22.230093
v -7.140213 244.328522 22.230093
v 1.840243 250.515518 26.101654
v -1.840243 250.515518 26.101654
v 0.000000 250.568161 26.272194
v 0.000000 245.761230 26.026340
v -0.899342 245.461624 24.787975
v 0.899342 245.461624 24.787975
v 1.241290 246.579758 24.776562
v 0.000000 246.504776 25.835625
v -1.241290 246.579758 24.776562
v -1.208743 244.138824 24.251839
v 1.208743 244.138824 24.251839
v -1.145664 243.501053 25.202579
v 1.145664 243.501053 25.202579
v 0.685520 244.454514 25.839211
v 0.000000 244.793167 26.407192
v -0.685520 244.454514 25.839211
v -4.439062 248.937592 25.454948
v -4.119341 248.187439 24.906296
v 4.119341 248.187439 24.906296
v 4.439062 248.937592 25.454948
v -5.649624 248.676865 24.765217
v -5.398940 248.114822 24.151121
v 5.398940 248.114822 24.151121
v 5.649624 248.676865 24.765217
v -6.457969 247.903976 23.740082
v -6.245311 247.359604 23.354570
v 6.245311 247.359604 23.354570
v 6.457969 247.903976 23.740082
v -6.774378 246.200089 22.554520
v -6.564286 245.887604 22.310131
v 6.564286 245.887604 22.310131
v 6.774378 246.200089 22.554520
v -1.370521 244.598801 23.304502
v -1.371933 245.883041 23.226681
v 1.371933 245.883041 23.226681
v 1.370521 244.598801 23.304502
v -2.250981 243.579483 23.483913
v 2.250981 243.579483 23.483913
v -1.714131 246.625473 23.479706
v 1.714131 246.625473 23.479706
v -2.566261 247.434280 23.726017
v 2.566261 247.434280 23.726017
v -4.001550 247.945770 23.705523
v 4.001550 247.945770 23.705523
v -5.234731 247.579697 23.422821
v 5.234731 247.579697 23.422821
v -5.895745 247.002274 22.988302
v 5.895745 247.002274 22.988302
v -6.332132 245.763809 22.202232
v 6.332132 245.763809 22.202232
v -6.373224 244.515976 22.366852
v 6.373224 244.515976 22.366852
v -5.877596 243.612808 23.001003
v 5.877596 243.612808 23.001003
v -5.397868 243.111420 23.482700
v 5.397868 243.111420 23.482700
v -3.100019 243.123535 23.642460
v 3.100019 243.123535 23.642460
v -4.173038 242.909088 23.950802
v 4.173038 242.909088 23.950802
v -5.665534 246.528030 22.354586
v -6.127141 245.668472 22.176258
v 6.127141 245.668472 22.176258
v 5.665534 246.528030 22.354586
v -1.965695 244.649124 22.617645
v -2.107766 245.760498 22.928925
v 2.107766 245.760498 22.928925
v 1.965695 244.649124 22.617645
v -5.988959 244.646881 22.241289
v 5.988959 244.646881 22.241289
v -5.586521 243.926895 22.760517
v 5.586521 243.926895 22.760517
v -5.185377 243.578995 23.066242
v 5.185377 243.578995 23.066242
v -3.962592 243.396652 23.318617
v 3.962592 243.396652 23.318617
v -3.326996 243.513229 23.319687
v 3.326996 243.513229 23.319687
v -2.611883 243.889236 23.171202
v 2.611883 243.889236 23.171202
v -2.450550 246.206970 23.007095
v 2.450550 246.206970 23.007095
v -2.891351 246.678741 23.110201
v 2.891351 246.678741 23.110201
v -4.503846 247.092392 22.858143
v 4.503846 247.092392 22.858143
v -5.011037 246.925339 22.717201
v 5.011037 246.925339 22.717201
v -5.501868 245.413269 23.031723
v 5.501868 245.413269 23.031723
v -2.725408 244.955658 23.275059
v 2.725408 244.955658 23.275059
v -3.571985 245.076645 23.601250
v 3.571985 245.076645 23.601250
v -4.767869 245.294479 23.483713
v 4.767869 245.294479 23.483713
v -6.635423 246.946167 23.076988
v -6.427372 246.551437 22.743603
v -6.167905 246.357071 22.482151
v -5.936210 246.043945 22.252472
v -5.366674 246.157730 22.973415
v -4.608058 246.202179 23.378078
v -3.295290 245.896652 23.484678
v -2.576761 245.558121 23.195488
v -2.018065 245.190582 22.674570
v -1.250135 245.164993 23.188475
v -1.011276 244.750809 24.443338
v -0.920913 243.918259 25.487377
v -0.784438 243.082458 26.155592
v -0.862183 241.768768 26.809597
v -0.978427 240.685379 27.282986
v -0.974171 239.980576 27.250051
v -0.785967 239.620773 26.881901
v 6.635423 246.946167 23.076988
v 6.427372 246.551437 22.743603
v 6.167905 246.357071 22.482151
v 5.936210 246.043945 22.252472
v 5.366674 246.157730 22.973415
v 4.608058 246.202179 23.378078
v 3.295290 245.896652 23.484678
v 2.576761 245.558121 23.195488
v 2.018065 245.190582 22.674570
v 1.250135 245.164993 23.188475
v 1.011276 244.750809 24.443338
v 0.920913 243.918259 25.487377
v 0.784438 243.082458 26.155592
v 0.862183 241.768768 26.809597
v 0.978427 240.685379 27.282986
v 0.974171 239.980576 27.250051
v 0.785967 239.620773 26.881901
v -2.972882 232.722900 22.152672
v -2.594270 233.348007 23.062286
v -2.192712 233.986938 23.557766
v -1.814975 234.575302 23.786533
v -1.467711 235.282822 24.078789
v -1.227805 235.976883 24.572769
v -1.063043 236.694855 24.648342
v -1.085154 237.032455 25.169094
v -0.947362 238.067307 25.090734
v -0.750287 239.648270 25.634424
v -0.728906 239.954453 26.135843
v -1.064181 239.832581 26.466011
v -1.414580 240.053543 26.750202
v -1.459811 240.598358 26.696178
v -1.304018 241.449783 26.206852
v -1.301297 242.373550 25.540550
v -1.487517 243.062424 24.927559
v -1.566347 243.612320 24.132591
v -1.730769 244.060287 23.335400
v -2.259393 244.287582 22.887348
v -3.015295 244.292099 23.245131
v -3.755636 244.270584 23.437202
v -4.948463 244.465591 23.275177
v -5.537962 244.699127 22.926167
v -6.075612 245.150620 22.327377
v -6.385044 245.165115 22.169266
v -6.677117 245.192215 22.147249
v -6.953944 245.325363 22.360577
v 2.972882 232.722900 22.152672
v 2.594270 233.348007 23.062286
v 2.192712 233.986938 23.557766
v 1.814975 234.575302 23.786533
v 1.467711 235.282822 24.078789
v 1.227805 235.976883 24.572769
v 1.063043 236.694855 24.648342
v 1.085154 237.032455 25.169094
v 0.947362 238.067307 25.090734
v 0.750287 239.648270 25.634424
v 0.728906 239.954453 26.135843
v 1.064181 239.832581 26.466011
v 1.414580 240.053543 26.750202
v 1.459811 240.598358 26.696178
v 1.304018 241.449783 26.206852
v 1.301297 242.373550 25.540550
v 1.487517 243.062424 24.927559
v 1.566347 243.612320 24.132591
v 1.730769 244.060287 23.335400
v 2.259393 244.287582 22.887348
v 3.015295 244.292099 23.245131
v 3.755636 244.270584 23.437202
v 4.948463 244.465591 23.275177
v 5.537962 244.699127 22.926167
v 6.075612 245.150620 22.327377
v 6.385044 245.165115 22.169266
v 6.677117 245.192215 22.147249
v 6.953944 245.325363 22.360577
v -6.199935 248.840652 24.445959
v -5.934607 249.652237 24.636623
v 5.934607 249.652237 24.636623
v 6.199935 248.840652 24.445959
v -4.400456 250.088943 25.418362
v 4.400456 250.088943 25.418362
v -7.096828 248.490677 25.078842
v -7.314855 247.462509 25.010193
v 7.441368 246.320328 24.896667
v 7.314855 247.462509 25.010193
v -7.441368 246.320328 24.896667
v -7.661665 245.227142 24.588318
v 7.661665 245.227142 24.588318
v 7.096828 248.490677 25.078842
v -7.954724 243.960175 24.508663
v 7.954724 243.960175 24.508663
v -8.179916 242.551590 24.449615
v 8.179916 242.551590 24.449615
v -6.347136 240.113586 22.578522
v 6.347136 240.113586 22.578522
v -6.883177 240.883163 22.135107
v 6.883177 240.883163 22.135107
v -7.420581 241.610001 21.540016
v 7.420581 241.610001 21.540016
v -6.214306 238.779465 21.367865
v 6.214306 238.779465 21.367865
v -6.628298 239.269089 20.796482
v 6.628298 239.269089 20.796482
v -7.139957 239.881760 20.105566
v 7.139957 239.881760 20.105566
v -6.030768 237.049042 20.414635
v 6.030768 237.049042 20.414635
v -6.491240 237.532990 19.570084
v 6.491240 237.532990 19.570084
v -6.883746 238.156342 18.718523
v 6.883746 238.156342 18.718523
v -5.404686 235.213333 20.409847
v 5.404686 235.213333 20.409847
v -5.967468 235.602707 18.976902
v 5.967468 235.602707 18.976902
v -6.366866 236.180237 17.306345
v 6.366866 236.180237 17.306345
v -4.409204 233.731735 20.624031
v 4.409204 233.731735 20.624031
v -4.617507 233.781677 19.572586
v 4.617507 233.781677 19.572586
v -4.549787 234.117447 18.298719
v 4.549787 234.117447 18.298719
v 0.000000 231.246277 22.126204
v -1.785796 231.686111 21.721144
v 1.785796 231.686111 21.721144
v -3.204544 232.523178 21.108450
v 3.204544 232.523178 21.108450
v -1.657710 232.136398 20.559423
v 0.000000 231.827255 20.622835
v 1.657710 232.136398 20.559423
v -3.120063 232.781158 20.082750
v 3.120063 232.781158 20.082750
v -1.639351 232.692108 19.394917
v 0.000000 232.567795 19.421375
v 1.639351 232.692108 19.394917
v -2.950400 233.210770 18.901014
v 2.950400 233.210770 18.901014
v 6.810645 249.501144 25.170425
v -6.810645 249.501144 25.170425
v 6.449141 250.460846 25.215134
v -6.449141 250.460846 25.215134
v -5.475390 250.508484 24.792509
v -4.608539 251.529160 25.005705
v 4.608539 251.529160 25.005705
v 5.475390 250.508484 24.792509
v 0.000000 252.335266 26.026966
v -1.701443 252.252670 25.835629
v 1.701443 252.252670 25.835629
v 5.998772 251.403763 25.298950
v 5.407738 252.530991 25.394201
v -5.407738 252.530991 25.394201
v -5.998772 251.403763 25.298950
v 3.993133 252.582764 25.048948
v -3.993133 252.582764 25.048948
v 0.000000 254.431732 25.300093
v -1.388144 254.399200 25.365368
v 1.388144 254.399200 25.365368
v -4.503249 253.689590 25.658129
v 4.503249 253.689590 25.658129
v -1.441830 255.378311 26.291397
v 1.441830 255.378311 26.291397
v 0.000000 255.015701 25.713036
v 8.189097 239.520798 24.001633
v -8.189097 239.520798 24.001633
v 8.216067 236.961777 23.178366
v -8.216067 236.961777 23.178366
v 8.009063 234.477554 22.381920
v -8.009063 234.477554 22.381920
v 7.795314 232.787750 21.599491
v -7.795314 232.787750 21.599491
v 4.369976 233.034775 15.991821
v 5.423181 236.562927 14.532370
v -5.423181 236.562927 14.532370
v -4.369976 233.034775 15.991821
v 7.543189 230.207077 20.461428
v -7.543189 230.207077 20.461428
v 4.173953 229.403336 14.739537
v 4.927299 230.844116 13.009807
v -4.927299 230.844116 13.009807
v -4.173953 229.403336 14.739537
v 7.519929 227.824936 19.659578
v -7.519929 227.824936 19.659578
v 5.506002 226.656952 12.257938
v 4.294145 225.808731 15.389293
v -4.294145 225.808731 15.389293
v -5.506002 226.656952 12.257938
v 7.760903 225.384537 19.123631
v -7.760903 225.384537 19.123631
v 6.739809 226.131912 16.218313
v 6.535262 229.258408 16.647671
v 6.740414 232.080048 17.770626
v 7.176562 234.089691 19.626791
v 7.489022 235.758667 20.725815
v 7.706868 238.358032 21.707943
v 7.781485 240.516205 22.835865
v 7.700398 242.707413 23.400520
v 7.427196 244.134796 23.374416
v 7.192502 245.205948 23.490250
v 6.999062 246.075073 23.653866
v 6.880461 247.016098 24.217293
v 6.667358 247.993118 24.584492
v 6.405781 248.868454 24.805815
v 6.064601 249.764969 24.955261
v 5.613790 250.683212 25.099758
v 4.941310 251.735336 25.266613
v 4.189492 252.719971 25.454895
v 1.401533 254.848022 25.923256
v 0.000000 254.724701 25.529507
v -1.401533 254.848022 25.923256
v -4.189492 252.719971 25.454895
v -4.941310 251.735336 25.266613
v -5.613790 250.683212 25.099758
v -6.064601 249.764969 24.955261
v -6.405781 248.868454 24.805815
v -6.667358 247.993118 24.584492
v -6.880461 247.016098 24.217293
v -6.999062 246.075073 23.653866
v -7.192502 245.205948 23.490250
v -7.427196 244.134796 23.374416
v -7.700398 242.707413 23.400520
v -7.781485 240.516205 22.835865
v -7.706868 238.358032 21.707943
v -7.489022 235.758667 20.725815
v -7.176562 234.089691 19.626791
v -6.740414 232.080048 17.770626
v -6.535262 229.258408 16.647671
v -6.739809 226.131912 16.218313
v -2.943847 231.449783 17.101412
v -1.491455 230.941772 17.400047
v 0.000000 230.866562 17.384474
v 1.491455 230.941772 17.400047
v 2.943847 231.449783 17.101412
v -1.474664 228.147141 16.353405
v 0.000000 228.060898 16.220135
v 1.474664 228.147141 16.353405
v -3.036204 228.496719 16.398203
v 3.036204 228.496719 16.398203
v -1.488666 224.728958 16.276432
v 0.000000 224.596130 15.794630
v 1.488666 224.728958 16.276432
v -3.053756 225.056412 16.342001
v 3.053756 225.056412 16.342001
v -7.521664 223.369797 16.408598
v -6.831221 223.522659 14.249477
v 6.831221 223.522659 14.249477
v 7.521664 223.369797 16.408598
v -5.577979 223.028870 15.501188
v 5.577979 223.028870 15.501188
v -1.966242 221.819107 16.845272
v 0.000000 221.661011 16.486633
v 1.966242 221.819107 16.845272
v -3.878024 222.322708 16.544107
v 3.878024 222.322708 16.544107
v 8.310773 223.441299 18.669834
v -8.310773 223.441299 18.669834
v 8.587367 221.758957 15.525136
v 8.549847 222.119034 16.766169
v -8.549847 222.119034 16.766169
v -8.587367 221.758957 15.525136
v 8.836861 222.297028 18.018415
v -8.836861 222.297028 18.018415
v 9.679348 222.078537 18.390455
v 11.383555 221.775223 16.810604
v 10.745466 222.474411 18.550764
v -10.745466 222.474411 18.550764
v -11.383555 221.775223 16.810604
v -9.679348 222.078537 18.390455
v 10.047363 221.528946 17.080624
v -10.047363 221.528946 17.080624
v -6.451278 220.896393 16.973743
v 6.451278 220.896393 16.973743
v -2.308604 219.769073 17.920231
v 0.000000 219.578293 17.869999
v 2.308604 219.769073 17.920231
v -4.459121 220.259308 17.517046
v 4.459121 220.259308 17.517046
v 9.983600 219.246216 18.146641
v -9.983600 219.246216 18.146641
v 7.547479 218.490829 18.950129
v -7.547479 218.490829 18.950129
v 15.307579 221.708008 14.915716
v -15.307579 221.708008 14.915716
v -2.955885 217.439346 20.325434
v 0.000000 217.213135 20.425896
v 2.955885 217.439346 20.325434
v -5.407879 217.932892 19.696777
v 5.407879 217.932892 19.696777
v 15.874353 222.835449 9.402695
v -15.874353 222.835449 9.402695
v 13.682307 223.831558 8.624630
v -13.682307 223.831558 8.624630
v 9.493360 223.016144 19.435055
v -9.493360 223.016144 19.435055
v 10.633429 223.402603 19.408754
v -10.633429 223.402603 19.408754
v 8.621094 239.294693 24.407293
v 8.673165 242.462845 24.435165
v -8.673165 242.462845 24.435165
v -8.621094 239.294693 24.407293
v 8.642962 236.854507 23.866301
v -8.642962 236.854507 23.866301
v 8.747364 233.851746 23.410545
v -8.747364 233.851746 23.410545
v 8.763231 231.749252 23.023109
v -8.763231 231.749252 23.023109
v 8.683223 229.193390 22.376865
v -8.683223 229.193390 22.376865
v 8.756132 227.105942 21.764668
v -8.756132 227.105942 21.764668
v 9.103033 224.911423 20.718822
v -9.103033 224.911423 20.718822
v 12.856244 224.051422 13.051368
v -12.856244 224.051422 13.051368
v 13.651193 224.805130 8.805039
v -13.651193 224.805130 8.805039
v 9.999879 239.846268 22.583332
v 9.795219 242.387405 22.590454
v -9.795219 242.387405 22.590454
v -9.999879 239.846268 22.583332
v 9.961831 237.257309 22.430096
v -9.961831 237.257309 22.430096
v 9.810760 234.687683 22.424696
v -9.810760 234.687683 22.424696
v 9.717319 232.472824 22.334236
v -9.717319 232.472824 22.334236
v 9.652303 229.731644 22.100180
v -9.652303 229.731644 22.100180
v 9.890575 227.127716 21.393282
v -9.890575 227.127716 21.393282
v 10.150435 224.991180 20.489906
v -10.150435 224.991180 20.489906
v -7.855849 249.762695 24.187054
v -8.130833 248.601776 24.164772
v 8.374058 247.217026 24.069061
v 8.130833 248.601776 24.164772
v -8.374058 247.217026 24.069061
v -8.537902 245.718094 24.073221
v 7.855849 249.762695 24.187054
v 8.537902 245.718094 24.073221
v -8.708053 244.176315 24.183758
v 8.708053 244.176315 24.183758
v 7.487516 250.905228 24.065836
v -7.487516 250.905228 24.065836
v 7.047114 251.960129 23.953373
v -7.047114 251.960129 23.953373
v 6.608684 252.939453 23.854012
v 5.973693 253.911911 23.872999
v -5.973693 253.911911 23.872999
v -6.608684 252.939453 23.854012
v -4.691993 255.412643 23.902851
v 4.691993 255.412643 23.902851
v -1.824293 256.859558 23.759598
v 1.824293 256.859558 23.759598
v 0.000000 256.617462 23.396713
v -8.688159 250.627914 22.238033
v -9.051453 249.278580 22.351200
v 9.334088 247.763016 22.354809
v 9.051453 249.278580 22.351200
v -9.334088 247.763016 22.354809
v -9.540633 246.110336 22.318279
v 8.688159 250.627914 22.238033
v 9.540633 246.110336 22.318279
v -9.620477 244.376144 22.506855
v 9.620477 244.376144 22.506855
v 8.232024 251.858353 22.163765
v -8.232024 251.858353 22.163765
v 7.724624 252.972473 22.134125
v -7.724624 252.972473 22.134125
v 7.197013 254.077347 21.955795
v 6.416704 255.302094 21.851631
v -6.416704 255.302094 21.851631
v -7.197013 254.077347 21.955795
v -4.722510 257.015137 21.540276
v 4.722510 257.015137 21.540276
v -2.265553 258.279694 21.026054
v 2.265553 258.279694 21.026054
v 0.000000 258.080566 20.445478
v 12.624389 225.192612 13.502427
v -12.624389 225.192612 13.502427
v 13.541180 225.677612 9.186011
v -13.541180 225.677612 9.186011
v 12.254203 226.645248 14.172709
v -12.254203 226.645248 14.172709
v 13.147506 227.467468 9.716140
v -13.147506 227.467468 9.716140
v 11.884114 228.568405 14.891448
v -11.884114 228.568405 14.891448
v 12.761233 228.955429 10.176230
v -12.761233 228.955429 10.176230
v 11.388373 230.752731 15.483444
v -11.388373 230.752731 15.483444
v 12.141117 230.964188 10.823480
v -12.141117 230.964188 10.823480
v 10.828632 233.090103 15.828107
v -10.828632 233.090103 15.828107
v 11.609444 233.240677 11.236806
v -11.609444 233.240677 11.236806
v 10.556556 235.438980 16.139782
v -10.556556 235.438980 16.139782
v 11.290437 235.611191 11.577624
v -11.290437 235.611191 11.577624
v 10.528255 237.879486 16.420284
v -10.528255 237.879486 16.420284
v 11.124125 238.007324 11.906741
v -11.124125 238.007324 11.906741
v 10.592943 240.294830 16.708387
v -10.592943 240.294830 16.708387
v 11.039004 240.352890 12.206921
v -11.039004 240.352890 12.206921
v 10.625027 242.605637 16.990681
v -10.625027 242.605637 16.990681
v 10.977267 242.549255 12.503289
v -10.977267 242.549255 12.503289
v 10.597335 244.679031 17.153484
v -10.597335 244.679031 17.153484
v 10.914759 244.591202 12.715005
v -10.914759 244.591202 12.715005
v 10.539477 246.634659 17.151316
v -10.539477 246.634659 17.151316
v 10.817441 246.533463 12.855366
v -10.817441 246.533463 12.855366
v 0.000000 259.414215 15.703081
v -2.490341 259.589294 16.329376
v 2.490341 259.589294 16.329376
v -4.983558 258.536835 16.730637
v 4.983558 258.536835 16.730637
v -9.665605 251.903290 16.997375
v -10.046515 250.207550 17.205360
v 10.334951 248.438736 17.267273
v 10.046515 250.207550 17.205360
v -10.334951 248.438736 17.267273
v 9.665605 251.903290 16.997375
v 9.175779 253.296921 17.014956
v -9.175779 253.296921 17.014956
v 8.572249 254.653824 16.825527
v -8.572249 254.653824 16.825527
v 7.857502 255.817154 16.896194
v 6.783660 257.148193 16.843813
v -6.783660 257.148193 16.843813
v -7.857502 255.817154 16.896194
v 0.000000 259.284241 11.437107
v -2.492447 259.365906 11.578272
v 2.492447 259.365906 11.578272
v -4.975695 258.636383 11.915637
v 4.975695 258.636383 11.915637
v -9.909426 251.973007 13.291933
v -10.376825 250.231628 13.130540
v 10.661715 248.393555 13.010576
v 10.376825 250.231628 13.130540
v -10.661715 248.393555 13.010576
v 9.909426 251.973007 13.291933
v 9.347365 253.449066 13.585862
v -9.347365 253.449066 13.585862
v 8.748469 254.743835 13.627132
v -8.748469 254.743835 13.627132
v 8.071879 256.009888 13.154899
v 6.906440 257.437897 12.421736
v -6.906440 257.437897 12.421736
v -8.071879 256.009888 13.154899
v 8.986834 253.509415 10.510216
v 8.693492 254.624557 11.183678
v -8.693492 254.624557 11.183678
v -8.986834 253.509415 10.510216
v 0.000000 258.197174 7.021159
v -2.445687 258.003418 7.240444
v 2.445687 258.003418 7.240444
v -4.554609 257.080444 7.721214
v 4.554609 257.080444 7.721214
v 6.433200 256.148163 8.674789
v -6.433200 256.148163 8.674789
v 7.967890 255.303925 10.005770
v -7.967890 255.303925 10.005770
v 14.113646 221.035141 5.671095
v -14.113646 221.035141 5.671095
v 13.992104 221.334213 4.105131
v -13.992104 221.334213 4.105131
v 13.401297 223.809814 4.248459
v -13.401297 223.809814 4.248459
v 12.925424 226.489395 4.811893
v -12.925424 226.489395 4.811893
v 12.584480 228.623062 5.673988
v -12.584480 228.623062 5.673988
v 12.219846 230.702393 6.405951
v -12.219846 230.702393 6.405951
v 11.825992 232.994476 6.884226
v -11.825992 232.994476 6.884226
v 11.509329 235.477875 7.191329
v -11.509329 235.477875 7.191329
v 11.300942 237.873978 7.570182
v -11.300942 237.873978 7.570182
v 11.089890 240.253891 7.871055
v -11.089890 240.253891 7.871055
v 10.859571 242.376328 8.204237
v -10.859571 242.376328 8.204237
v 10.580773 244.384018 8.481894
v -10.580773 244.384018 8.481894
v 10.281559 246.312790 8.679391
v -10.281559 246.312790 8.679391
v -9.289443 251.895416 9.687737
v -9.655454 250.011215 9.157758
v 9.988451 248.167282 8.889016
v 9.655454 250.011215 9.157758
v -9.988451 248.167282 8.889016
v 9.289443 251.895416 9.687737
v 14.477439 216.698685 3.380770
v -14.477439 216.698685 3.380770
v 13.485771 218.080032 1.205074
v -13.485771 218.080032 1.205074
v 12.588252 222.017761 1.363758
v -12.588252 222.017761 1.363758
v 12.076430 224.962967 1.795035
v -12.076430 224.962967 1.795035
v 11.739104 227.342987 2.345278
v -11.739104 227.342987 2.345278
v 11.421895 229.511063 2.812537
v -11.421895 229.511063 2.812537
v 11.058808 231.907669 3.195295
v -11.058808 231.907669 3.195295
v 10.729891 234.384277 3.574224
v -10.729891 234.384277 3.574224
v 10.442345 236.895081 3.936035
v -10.442345 236.895081 3.936035
v 10.124211 239.245331 4.176706
v -10.124211 239.245331 4.176706
v 9.736377 241.683182 4.480713
v -9.736377 241.683182 4.480713
v 9.298624 243.885086 4.742379
v -9.298624 243.885086 4.742379
v 8.851756 245.839554 4.963488
v -8.851756 245.839554 4.963488
v -7.547720 251.593307 6.460164
v -8.000564 249.380829 5.469492
v 8.441437 247.659882 5.188034
v 8.000564 249.380829 5.469492
v -8.441437 247.659882 5.188034
v 7.547720 251.593307 6.460164
v 7.597976 253.622559 8.059771
v -7.597976 253.622559 8.059771
v 5.927428 253.997391 5.777431
v -5.927428 253.997391 5.777431
v 0.000000 255.392380 3.809278
v -2.321619 255.260056 4.026441
v 2.321619 255.260056 4.026441
v -4.215021 254.611954 4.617148
v 4.215021 254.611954 4.617148
v 5.789730 251.498123 3.856175
v -5.789730 251.498123 3.856175
v 0.000000 252.045288 2.097570
v -2.094754 251.947464 2.360307
v 2.094754 251.947464 2.360307
v -3.861773 251.601669 2.810905
v 3.861773 251.601669 2.810905
v 6.287750 249.000275 3.014525
v -6.287750 249.000275 3.014525
v 0.000000 249.051575 1.299810
v -2.207230 248.956039 1.461976
v 2.207230 248.956039 1.461976
v -4.143033 248.781677 1.969129
v 4.143033 248.781677 1.969129
v 6.693407 247.031708 2.641616
v -6.693407 247.031708 2.641616
v 0.000000 246.749268 1.040235
v -2.299967 246.677673 1.110596
v 2.299967 246.677673 1.110596
v -4.404687 246.609055 1.565345
v 4.404687 246.609055 1.565345
v 7.085706 245.108978 2.431438
v -7.085706 245.108978 2.431438
v 0.000000 244.513382 0.943694
v -2.395749 244.510498 0.939801
v 2.395749 244.510498 0.939801
v -4.741717 244.638397 1.309862
v 4.741717 244.638397 1.309862
v 7.442594 243.090851 2.224807
v -7.442594 243.090851 2.224807
v 0.000000 242.427231 0.853343
v -2.519754 242.457855 0.802591
v 2.519754 242.457855 0.802591
v -5.008299 242.613907 1.079263
v 5.008299 242.613907 1.079263
v 7.760180 240.890381 1.991955
v -7.760180 240.890381 1.991955
v 0.000000 240.413162 0.719090
v -2.628355 240.351990 0.656835
v 2.628355 240.351990 0.656835
v -5.195345 240.430557 0.886250
v 5.195345 240.430557 0.886250
v 8.049344 238.531143 1.747839
v -8.049344 238.531143 1.747839
v 0.000000 238.171951 0.465553
v -2.723999 238.063080 0.412238
v 2.723999 238.063080 0.412238
v -5.375638 238.079514 0.698542
v 5.375638 238.079514 0.698542
v 8.263632 236.051239 1.492250
v -8.263632 236.051239 1.492250
v 0.000000 235.570602 0.131439
v -2.816562 235.579849 0.125462
v 2.816562 235.579849 0.125462
v -5.545762 235.592880 0.487224
v 5.545762 235.592880 0.487224
v 8.492451 233.550522 1.263018
v -8.492451 233.550522 1.263018
v 0.000000 233.036987 -0.156949
v -2.916913 233.045105 -0.164145
v 2.916913 233.045105 -0.164145
v -5.715028 233.066345 0.229799
v 5.715028 233.066345 0.229799
v 8.736171 231.036087 0.967528
v -8.736171 231.036087 0.967528
v 0.000000 230.625656 -0.524685
v -3.066862 230.587769 -0.537518
v 3.066862 230.587769 -0.537518
v -5.992441 230.617264 -0.115378
v 5.992441 230.617264 -0.115378
v 9.028762 228.617569 0.595462
v -9.028762 228.617569 0.595462
v 0.000000 228.139328 -1.069983
v -3.194945 228.145187 -1.049838
v 3.194945 228.145187 -1.049838
v -6.289412 228.099075 -0.571068
v 6.289412 228.099075 -0.571068
v 9.309962 226.263687 0.156355
v -9.309962 226.263687 0.156355
v 0.000000 225.655991 -1.656103
v -3.317022 225.659042 -1.600492
v 3.317022 225.659042 -1.600492
v -6.523855 225.652451 -1.073458
v 6.523855 225.652451 -1.073458
v 9.635544 223.835266 -0.343259
v -9.635544 223.835266 -0.343259
v 0.000000 223.050018 -2.222676
v -3.427370 223.074142 -2.143890
v 3.427370 223.074142 -2.143890
v -6.723341 223.216629 -1.558697
v 6.723341 223.216629 -1.558697
v 10.159141 220.969177 -0.935255
v -10.159141 220.969177 -0.935255
v 0.000000 220.202133 -2.913827
v -3.608851 220.224655 -2.787828
v 3.608851 220.224655 -2.787828
v -7.062325 220.442291 -2.157718
v 7.062325 220.442291 -2.157718
v 10.829928 217.323990 -1.483788
v -10.829928 217.323990 -1.483788
v 0.000000 215.773605 -4.022863
v -3.791698 216.098801 -3.772831
v 3.791698 216.098801 -3.772831
v -7.505153 216.899002 -2.927683
v 7.505153 216.899002 -2.927683
v -14.688576 212.686172 2.111851
v 14.688576 212.686172 2.111851
v 14.591609 212.788437 0.625666
v 11.187246 211.130157 -2.403508
v -14.591609 212.788437 0.625666
v -11.187246 211.130157 -2.403508
v 0.000000 209.280304 -4.919706
v -3.700915 208.984924 -4.799633
v 3.700915 208.984924 -4.799633
v -7.477510 209.687653 -4.070049
v 7.477510 209.687653 -4.070049
v -12.882779 223.461258 12.935861
v 12.882779 223.461258 12.935861
v -15.664886 222.309402 12.754146
v 15.664886 222.309402 12.754146
v -10.076434 221.430664 15.609821
v 10.076434 221.430664 15.609821
v -11.211637 221.577133 15.159911
v 11.211637 221.577133 15.159911
v -12.512043 220.080826 16.783970
v 12.512043 220.080826 16.783970
v -12.855613 222.884979 12.731588
v -13.451017 222.622940 9.549659
v -14.098034 220.289322 6.070332
v -13.891810 216.151428 4.078976
v -13.403609 212.476089 2.787470
v 12.855613 222.884979 12.731588
v 12.988562 222.310257 9.045598
v 14.191681 219.231766 5.286186
v 13.891810 216.151428 4.078976
v 13.403609 212.476089 2.787470
v 0.000000 192.078888 0.104379
v 5.648743 191.972870 -0.031921
v 6.591525 202.870331 0.840151
v 0.000000 202.975693 0.674991
v -6.591525 202.870331 0.840151
v -5.648743 191.972870 -0.031921
v 8.534734 191.301132 -0.325066
v 10.628787 203.105942 0.987535
v -10.628787 203.105942 0.987535
v -8.534734 191.301132 -0.325066
v 11.104300 188.841141 -1.687982
v 14.599041 205.466232 0.314351
v -14.599041 205.466232 0.314351
v -11.104300 188.841141 -1.687982
v 11.234290 189.053986 -2.494444
v 14.678809 205.657745 -0.465876
v -14.678809 205.657745 -0.465876
v -11.234290 189.053986 -2.494444
v 8.770459 190.534088 -3.811251
v 10.643120 202.127853 -3.270473
v -10.643120 202.127853 -3.270473
v -8.770459 190.534088 -3.811251
v 0.000000 190.378250 -5.642405
v 0.000000 200.044418 -5.470053
v 2.905220 190.382950 -5.424635
v 3.408420 200.051941 -5.317146
v -2.905220 190.382950 -5.424635
v -3.408420 200.051941 -5.317146
v 5.883654 190.570770 -4.880880
v 6.918477 200.653610 -4.656322
v -5.883654 190.570770 -4.880880
v -6.918477 200.653610 -4.656322
v 7.473791 213.403671 1.728518
v -7.473791 213.403671 1.728518
v 0.000000 213.788727 1.736623
v 0.000000 181.157791 -1.003954
v 4.770453 181.738052 -1.167913
v -4.770453 181.738052 -1.167913
v 6.753985 181.297440 -1.515472
v -6.753985 181.297440 -1.515472
v 8.354124 180.520798 -2.442825
v -8.354124 180.520798 -2.442825
v 8.549868 180.514633 -3.334342
v -8.549868 180.514633 -3.334342
v 6.602047 181.024796 -4.369274
v -6.602047 181.024796 -4.369274
v 4.437257 180.833420 -5.126379
v -4.437257 180.833420 -5.126379
v 2.321022 180.673996 -5.614578
v 0.000000 180.514084 -5.830952
v -2.321022 180.673996 -5.614578
v 5.627165 174.389572 -3.489134
v 5.781621 174.683884 -4.377987
v -5.627165 174.389572 -3.489134
v -5.781621 174.683884 -4.377987
v 1.842096 171.182312 -4.838377
v 2.003639 171.436783 -5.710613
v -1.842096 171.182312 -4.838377
v -2.003639 171.436783 -5.710613
v 0.000000 170.867691 -4.923815
v 0.000000 171.143906 -5.786785
v 7.015296 176.958191 -3.011412
v 7.142593 177.143494 -3.906506
v -7.015296 176.958191 -3.011412
v -7.142593 177.143494 -3.906506
v 4.246569 172.738586 -4.110184
v 4.435499 172.981110 -4.997110
v -4.246569 172.738586 -4.110184
v -4.435499 172.981110 -4.997110
v -3.659921 213.700516 1.231961
v -3.131244 202.927353 0.815771
v -2.779752 192.097946 0.051833
v -2.355685 181.354599 -1.030134
v 3.659921 213.700516 1.231961
v 3.131244 202.927353 0.815771
v 2.779752 192.097946 0.051833
v 2.355685 181.354599 -1.030134
v 14.098034 220.289322 6.070332
v -21.636120 212.856659 6.251393
v -18.197926 214.109482 5.473502
v -17.863934 210.531158 4.902635
v -20.911404 209.650375 6.232106
v -16.709190 205.993057 5.822580
v -20.026340 206.272202 6.482022
v -16.288338 202.253815 6.564579
v -19.020651 204.578323 7.510704
v -17.300022 199.965744 7.888769
v -18.433786 203.463547 8.442038
v -16.489281 199.052704 9.556178
v -17.881256 202.384872 10.129347
v -15.996028 198.692886 11.259411
v -17.913980 202.496979 11.183647
v -17.056227 198.356033 12.540828
v -17.884130 201.748947 12.044412
v -16.567953 199.244781 14.182553
v -17.696033 203.635635 13.122216
v -16.528746 200.299698 16.079462
v -18.115780 203.800751 14.501469
v -16.689026 202.567230 18.859030
v -18.321630 206.099777 15.315612
v -17.648924 207.533951 19.018627
v -19.130545 208.785767 16.547604
v -17.891380 211.404160 18.958870
v -19.871824 210.544388 17.078096
v -18.791063 214.730316 17.554062
v -21.200623 212.862823 16.696608
v -20.240133 217.479645 15.808121
v -22.540981 215.397034 15.151328
v -22.067045 215.568817 6.890837
v -19.041838 217.317963 6.476970
v -22.399963 217.357040 8.157156
v -20.183090 219.356705 7.756224
v -21.270792 219.732925 13.872205
v -23.143324 216.781342 13.377644
v -23.151783 217.586731 11.489435
v -21.141968 219.951553 11.532830
v 20.911404 209.650375 6.232106
v 17.863934 210.531158 4.902635
v 18.197926 214.109482 5.473502
v 21.636120 212.856659 6.251393
v 20.026340 206.272202 6.482022
v 16.709190 205.993057 5.822580
v 19.020651 204.578323 7.510704
v 16.288338 202.253815 6.564579
v 18.433786 203.463547 8.442038
v 17.300022 199.965744 7.888769
v 17.881256 202.384872 10.129347
v 16.489281 199.052704 9.556178
v 17.913980 202.496979 11.183647
v 15.996028 198.692886 11.259411
v 17.884130 201.748947 12.044412
v 17.056227 198.356033 12.540828
v 17.696033 203.635635 13.122216
v 16.567953 199.244781 14.182553
v 18.115780 203.800751 14.501469
v 16.528746 200.299698 16.079462
v 18.321630 206.099777 15.315612
v 16.689026 202.567230 18.859030
v 19.130545 208.785767 16.547604
v 17.648924 207.533951 19.018627
v 19.871824 210.544388 17.078096
v 17.891380 211.404160 18.958870
v 21.200623 212.862823 16.696608
v 18.791063 214.730316 17.554062
v 22.540981 215.397034 15.151328
v 20.240133 217.479645 15.808121
v 19.041838 217.317963 6.476970
v 22.067045 215.568817 6.890837
v 20.183090 219.356705 7.756224
v 22.399963 217.357040 8.157156
v 23.143324 216.781342 13.377644
v 21.270792 219.732925 13.872205
v 21.141968 219.951553 11.532830
v 23.151783 217.586731 11.489435
v -13.902591 214.189880 19.376375
v -15.436437 217.190125 17.642656
v 15.436437 217.190125 17.642656
v 13.902591 214.189880 19.376375
v -10.318270 219.087845 18.443052
v -13.034860 220.203522 16.912319
v 13.034860 220.203522 16.912319
v 10.318270 219.087845 18.443052
v -5.774098 212.639938 22.213112
v -4.924391 217.604340 20.168840
v 5.774098 212.639938 22.213112
v 4.924391 217.604340 20.168840
v 0.000000 212.073105 22.859024
v 0.000000 217.098846 20.763691
v -16.412310 218.181137 6.059617
v -15.388378 214.866501 4.916577
v 15.388378 214.866501 4.916577
v 16.412310 218.181137 6.059617
v -13.984957 219.960571 5.810751
v -11.909920 217.507416 4.137305
v 11.909920 217.507416 4.137305
v 13.984957 219.960571 5.810751
v -17.826651 220.813995 7.564272
v 17.826651 220.813995 7.564272
v -15.367785 222.007950 7.255971
v 15.367785 222.007950 7.255971
v -18.660086 221.836136 11.330849
v -16.377653 223.153900 11.240929
v 16.377653 223.153900 11.240929
v 18.660086 221.836136 11.330849
v -17.356945 219.719894 15.823884
v -18.491724 221.437668 13.871255
v 17.356945 219.719894 15.823884
v 18.491724 221.437668 13.871255
v -15.202995 221.459259 15.403403
v -16.116495 222.566437 13.572071
v 15.202995 221.459259 15.403403
v 16.116495 222.566437 13.572071
v 14.857684 208.292419 21.945799
v 6.873708 208.014877 24.669466
v -6.873708 208.014877 24.669466
v -14.857684 208.292419 21.945799
v 0.000000 207.646851 24.929708
v -10.876603 208.376862 23.894438
v -9.706158 213.351440 21.114185
v -7.820825 218.419037 19.299858
v 10.876603 208.376862 23.894438
v 9.706158 213.351440 21.114185
v 7.820825 218.419037 19.299858
v 14.161832 211.607620 3.835642
v 9.689798 215.764404 2.701741
v -9.689798 215.764404 2.701741
v -14.161832 211.607620 3.835642
v 8.740106 210.357452 1.656494
v 7.041982 214.386063 1.392626
v -7.041982 214.386063 1.392626
v -8.740106 210.357452 1.656494
v 14.178651 205.337372 3.934059
v -14.178651 205.337372 3.934059
v 9.531483 204.517975 1.750528
v -9.531483 204.517975 1.750528
v 4.322356 209.415710 0.885685
v 3.403571 212.908646 0.661775
v -3.403571 212.908646 0.661775
v -4.322356 209.415710 0.885685
v 4.785119 204.266113 1.179310
v -4.785119 204.266113 1.179310
v 0.000000 208.948120 0.478987
v 0.000000 212.768753 0.197973
v 0.000000 204.102356 0.296020
v -15.141181 222.072693 13.414354
v -15.541457 222.538254 11.358310
v 15.541457 222.538254 11.358310
v 15.141181 222.072693 13.414354
v -10.129503 219.294113 17.907564
v -12.729951 220.184311 16.474712
v 12.729951 220.184311 16.474712
v 10.129503 219.294113 17.907564
v -7.436917 218.469070 18.924244
v 7.436917 218.469070 18.924244
v -4.953003 217.839005 19.767769
v 0.000000 217.249390 20.252476
v 4.953003 217.839005 19.767769
v -14.544018 221.335526 15.045691
v 14.544018 221.335526 15.045691
v -22.703775 217.726639 9.781074
v -20.762178 219.975632 9.462309
v -18.453449 221.720047 9.269407
v -16.118937 223.007645 9.316402
v 22.703775 217.726639 9.781074
v 20.762178 219.975632 9.462309
v 18.453449 221.720047 9.269407
v 16.118937 223.007645 9.316402
v -15.394502 222.535690 9.250317
v 15.394502 222.535690 9.250317
v 14.595226 221.710846 7.579347
v -14.595226 221.710846 7.579347
v -13.422092 220.105209 6.197364
v 13.422092 220.105209 6.197364
v -11.108554 218.041748 4.602232
v 11.108554 218.041748 4.602232
v 8.890622 216.344635 3.133907
v -8.890622 216.344635 3.133907
v 6.270631 214.945251 1.887454
v -6.270631 214.945251 1.887454
v 2.483161 213.571686 1.143538
v -2.483161 213.571686 1.143538
v 0.000000 213.419418 0.663388
v 7.259856 203.179413 27.352436
v 11.300430 203.346771 26.839848
v -15.464721 202.776413 23.079542
v -11.300430 203.346771 26.839848
v 15.464721 202.776413 23.079542
v 0.000000 202.776291 27.279675
v -7.259856 203.179413 27.352436
v 6.974232 197.834198 29.247618
v 10.390287 197.763779 28.979139
v -14.250070 196.655624 23.759277
v -10.390287 197.763779 28.979139
v 14.250070 196.655624 23.759277
v 14.959280 196.172180 20.094851
v -14.959280 196.172180 20.094851
v 0.000000 197.593597 28.912252
v -6.974232 197.834198 29.247618
v -12.828383 197.382690 27.241375
v -13.554083 203.251877 25.749359
v -12.786304 208.423065 23.161963
v -11.635310 213.749252 20.347792
v -8.963805 218.732544 18.915083
v -8.671398 218.827484 18.452154
v 12.828383 197.382690 27.241375
v 13.554083 203.251877 25.749359
v 12.786304 208.423065 23.161963
v 11.635310 213.749252 20.347792
v 8.963805 218.732544 18.915083
v 8.671398 218.827484 18.452154
v 13.706833 201.430450 3.898485
v -13.706833 201.430450 3.898485
v 9.596732 200.983612 2.163309
v -9.596732 200.983612 2.163309
v 4.854906 200.481674 1.877681
v -4.854906 200.481674 1.877681
v 0.000000 200.115646 0.787112
v 15.751077 195.271088 17.080257
v -15.751077 195.271088 17.080257
v 15.734946 194.567993 14.920310
v -15.734946 194.567993 14.920310
v 16.089628 194.214920 12.898821
v -16.089628 194.214920 12.898821
v 15.320943 194.475143 11.102974
v -15.320943 194.475143 11.102974
v 15.362496 194.943146 9.143865
v -15.362496 194.943146 9.143865
v 15.846562 195.326126 7.601834
v -15.846562 195.326126 7.601834
v 15.447318 196.336121 5.784272
v -15.447318 196.336121 5.784272
v 13.158235 196.375000 4.103737
v -13.158235 196.375000 4.103737
v 9.450671 196.077377 2.646607
v -9.450671 196.077377 2.646607
v 5.052108 195.700333 2.181806
v -5.052108 195.700333 2.181806
v 0.000000 195.251511 1.610500
v 3.924011 181.972336 27.283520
v 6.706587 181.605804 26.477127
v -10.465093 181.016510 23.191557
v -8.739540 181.293320 25.013483
v 10.465093 181.016510 23.191557
v 12.151992 180.746292 21.170399
v -12.151992 180.746292 21.170399
v 0.000000 182.389603 27.733120
v -3.924011 181.972336 27.283520
v -6.706587 181.605804 26.477127
v 8.739540 181.293320 25.013483
v 12.879447 180.419785 18.715010
v -12.879447 180.419785 18.715010
v 13.511516 179.970047 16.578123
v -13.511516 179.970047 16.578123
v 14.084332 179.798187 14.602884
v -14.084332 179.798187 14.602884
v 14.248723 179.951340 12.623694
v -14.248723 179.951340 12.623694
v 13.996553 180.383499 10.453237
v -13.996553 180.383499 10.453237
v 13.084030 180.523636 8.996863
v -13.084030 180.523636 8.996863
v 12.102892 180.604340 7.549148
v -12.102892 180.604340 7.549148
v 10.273615 180.457352 5.934451
v -10.273615 180.457352 5.934451
v 7.380762 180.054291 4.337368
v -7.380762 180.054291 4.337368
v 3.764632 179.787659 3.294824
v -3.764632 179.787659 3.294824
v 0.000000 179.862061 2.851040
v 5.749279 191.256927 28.527737
v 8.485381 190.960739 27.966116
v 10.686048 190.589539 26.439402
v 12.284230 190.135056 23.849548
v 13.431444 189.543564 20.802498
v 14.553125 188.907043 18.025553
v 14.618773 188.380203 15.741674
v 15.037940 188.366119 13.676711
v 14.735520 188.629211 11.785896
v 13.915351 188.843109 9.935255
v 13.717207 189.223923 8.488743
v 13.509005 189.361176 6.771657
v 11.874982 189.223724 4.583755
v 8.300016 189.135956 3.314358
v 4.128342 188.857452 2.614669
v 0.000000 188.792038 2.305205
v -4.128342 188.857452 2.614669
v -8.300016 189.135956 3.314358
v -11.874982 189.223724 4.583755
v -13.509005 189.361176 6.771657
v -13.717207 189.223923 8.488743
v -13.915351 188.843109 9.935255
v -14.735520 188.629211 11.785896
v -15.037940 188.366119 13.676711
v -14.618773 188.380203 15.741674
v -14.553125 188.907043 18.025553
v -13.431444 189.543564 20.802498
v -12.284230 190.135056 23.849548
v -10.686048 190.589539 26.439402
v -8.485381 190.960739 27.966116
v -5.749279 191.256927 28.527737
v 0.000000 191.375168 28.827200
v 3.260502 160.765442 27.789179
v 5.991313 160.569473 27.173719
v -10.894421 160.182007 25.188076
v -8.430998 160.399689 26.361574
v 10.894421 160.182007 25.188076
v 13.335137 159.773178 23.589830
v -13.335137 159.773178 23.589830
v -5.991313 160.569473 27.173719
v -3.260502 160.765442 27.789179
v 8.430998 160.399689 26.361574
v 0.000000 160.844833 28.080605
v 15.547557 159.262894 21.674129
v -15.547557 159.262894 21.674129
v 17.344374 158.828690 19.490421
v -17.344374 158.828690 19.490421
v 18.838202 158.654099 16.821489
v -18.838202 158.654099 16.821489
v 19.749489 158.827072 13.064708
v -19.749489 158.827072 13.064708
v 18.970493 159.038055 8.525102
v -18.970493 159.038055 8.525102
v 17.318827 159.448654 6.127612
v -17.318827 159.448654 6.127612
v 15.418695 159.865189 4.343076
v -15.418695 159.865189 4.343076
v 12.669198 160.061844 2.293326
v -12.669198 160.061844 2.293326
v 8.832223 160.115265 0.195942
v -8.832223 160.115265 0.195942
v 4.320390 160.119370 -1.230574
v -4.320390 160.119370 -1.230574
v 0.000000 159.947678 -1.689975
v 3.432731 171.687012 27.282558
v 6.134982 171.454956 26.487961
v 8.419283 171.200211 25.454067
v 10.578413 171.062042 24.061958
v 12.600446 171.143738 22.255310
v 14.277200 171.162216 20.124660
v 15.527251 170.926163 18.018618
v 16.453176 170.859589 15.729124
v 16.880686 171.032578 12.934772
v 16.104996 171.441483 9.636277
v 14.909500 171.154419 7.795853
v 13.382881 170.931595 6.354799
v 11.065477 170.691635 4.749535
v 7.787562 170.301971 2.897048
v 3.716557 170.193039 1.952157
v 0.000000 170.204529 1.826116
v -3.716557 170.193039 1.952157
v -7.787562 170.301971 2.897048
v -11.065477 170.691635 4.749535
v -13.382881 170.931595 6.354799
v -14.909500 171.154419 7.795853
v -16.104996 171.441483 9.636277
v -16.880686 171.032578 12.934772
v -16.453176 170.859589 15.729124
v -15.527251 170.926163 18.018618
v -14.277200 171.162216 20.124660
v -12.600446 171.143738 22.255310
v -10.578413 171.062042 24.061958
v -8.419283 171.200211 25.454067
v -6.134982 171.454956 26.487961
v -3.432731 171.687012 27.282558
v 0.000000 172.017639 27.649529
v 3.269610 147.030716 26.476601
v 5.960994 146.786652 26.416145
v -10.830870 146.431107 25.689625
v -8.349174 146.618546 26.247452
v 10.830870 146.431107 25.689625
v 13.349576 146.038651 24.365223
v -13.349576 146.038651 24.365223
v -5.960994 146.786652 26.416145
v -3.269610 147.030716 26.476601
v 8.349174 146.618546 26.247452
v 0.000000 147.187057 26.501139
v 15.705606 145.537384 22.634993
v -15.705606 145.537384 22.634993
v 17.854378 145.117264 20.750641
v -17.854378 145.117264 20.750641
v 19.797136 144.956619 18.118599
v -19.797136 144.956619 18.118599
v 21.134966 145.147644 14.088278
v -21.134966 145.147644 14.088278
v 20.496643 145.402908 8.702260
v -20.496643 145.402908 8.702260
v 18.495367 145.817017 5.863069
v -18.495367 145.817017 5.863069
v 16.508589 146.233994 4.001900
v -16.508589 146.233994 4.001900
v 13.874182 146.420395 1.673594
v -13.874182 146.420395 1.673594
v 10.018829 146.502731 -0.951306
v -10.018829 146.502731 -0.951306
v 5.512794 146.582443 -3.255709
v -5.512794 146.582443 -3.255709
v 0.000000 146.610260 -4.373539
v 4.141529 93.114319 27.267544
v 7.810494 92.336723 27.450129
v -14.051832 90.146996 25.408474
v -10.963384 91.375275 26.224529
v 14.051832 90.146996 25.408474
v 17.004147 88.726784 24.305359
v -17.004147 88.726784 24.305359
v -7.810494 92.336723 27.450129
v -4.141529 93.114319 27.267544
v 10.963384 91.375275 26.224529
v 0.000000 92.944344 26.835632
v 19.025951 87.839470 21.569279
v -19.025951 87.839470 21.569279
v 22.190943 86.387093 19.342960
v -22.190943 86.387093 19.342960
v 26.115559 83.746262 17.670183
v -26.115559 83.746262 17.670183
v 28.150267 80.733665 13.426129
v -28.150267 80.733665 13.426129
v 26.250092 75.165657 9.516407
v -26.250092 75.165657 9.516407
v 23.835325 75.944824 5.512389
v -23.835325 75.944824 5.512389
v 22.273718 75.784859 1.599383
v -22.273718 75.784859 1.599383
v 19.742735 76.321289 -0.966116
v -19.742735 76.321289 -0.966116
v 14.385545 78.498329 -6.082933
v -14.385545 78.498329 -6.082933
v 7.935688 79.280540 -10.534952
v -7.935688 79.280540 -10.534952
v 0.000000 79.003456 -12.852642
v 7.691918 45.605808 30.612686
v 11.106517 44.580326 27.703022
v -18.554613 40.221394 24.717537
v -15.017207 42.902897 25.812862
v 18.554613 40.221394 24.717537
v 21.007887 39.511662 23.225636
v -21.007887 39.511662 23.225636
v -11.106517 44.580326 27.703022
v -7.691918 45.605808 30.612686
v 15.017207 42.902897 25.812862
v 22.534941 38.991779 21.000607
v -22.534941 38.991779 21.000607
v 24.232857 36.203465 16.328033
v -24.232857 36.203465 16.328033
v 29.989952 31.626225 14.571032
v -29.989952 31.626225 14.571032
v 35.671425 27.368748 11.792418
v -35.671425 27.368748 11.792418
v 33.934734 25.705738 7.995337
v -33.934734 25.705738 7.995337
v 28.631618 19.672871 0.705646
v -28.631618 19.672871 0.705646
v 32.447636 15.903813 -7.320406
v -32.447636 15.903813 -7.320406
v 22.657255 12.908986 -13.728539
v -22.657255 12.908986 -13.728539
v 13.248470 9.529515 -24.231932
v -13.248470 9.529515 -24.231932
v 0.000000 46.426502 30.386829
v 5.390114 68.495407 29.347677
v 9.448421 67.221603 27.925856
v 12.726279 65.908485 25.904068
v 16.088215 63.821445 24.980286
v 18.987291 62.364399 23.595135
v 20.848625 61.487537 20.839931
v 24.042194 58.651600 17.870428
v 28.652185 54.209278 16.594013
v 32.133972 51.744297 12.728991
v 30.706425 48.970768 7.974219
v 25.986246 46.616352 4.093128
v 26.940844 44.635395 0.421634
v 26.129711 43.706715 -3.088061
v 16.776035 44.515888 -8.669130
v 9.697203 43.446796 -16.181850
v 0.000000 42.081974 -20.940012
v -9.697203 43.446796 -16.181850
v -16.776035 44.515888 -8.669130
v -26.129711 43.706715 -3.088061
v -26.940844 44.635395 0.421634
v -25.986246 46.616352 4.093128
v -30.706425 48.970768 7.974219
v -32.133972 51.744297 12.728991
v -28.652185 54.209278 16.594013
v -24.042194 58.651600 17.870428
v -20.848625 61.487537 20.839931
v -18.987291 62.364399 23.595135
v -16.088215 63.821445 24.980286
v -12.726279 65.908485 25.904068
v -9.448421 67.221603 27.925856
v -5.390114 68.495407 29.347677
v 0.000000 68.684288 28.882915
v 18.259983 10.931813 -16.138435
v 13.961366 44.166080 -13.109852
v 11.307582 79.253860 -8.428604
v 7.867245 146.552444 -2.142178
v 6.681478 160.143036 -0.606774
v 5.868581 170.298050 2.224934
v 5.647325 179.926529 3.745400
v 6.290516 188.992783 2.898824
v 7.326806 195.886688 2.335861
v 7.327440 200.706268 1.716353
v 7.203083 204.322144 1.102821
v 6.599853 209.826813 1.130687
v 5.278033 213.674454 1.022148
v 4.432604 214.285477 1.517229
v -18.259983 10.931813 -16.138435
v -13.961366 44.166080 -13.109852
v -11.307582 79.253860 -8.428604
v -7.867245 146.552444 -2.142178
v -6.681478 160.143036 -0.606774
v -5.868581 170.298050 2.224934
v -5.647325 179.926529 3.745400
v -6.290516 188.992783 2.898824
v -7.326806 195.886688 2.335861
v -7.327440 200.706268 1.716353
v -7.203083 204.322144 1.102821
v -6.599853 209.826813 1.130687
v -5.278033 213.674454 1.022148
v -4.432604 214.285477 1.517229
v 19.667925 43.924946 -4.247782
v 17.026381 77.955551 -3.434614
v 11.942761 146.472595 0.253356
v 10.741116 160.105667 1.140510
v 9.391787 170.496140 3.778073
v 8.828709 180.248810 5.030381
v 10.075738 189.163193 3.841775
v 11.317544 196.202087 3.193729
v 11.609488 201.133865 2.882186
v 11.816599 204.847183 2.659582
v 11.298496 210.973389 2.587809
v 8.349243 215.095718 1.942472
v 7.546663 215.685547 2.423664
v -19.667925 43.924946 -4.247782
v -17.026381 77.955551 -3.434614
v -11.942761 146.472595 0.253356
v -10.741116 160.105667 1.140510
v -9.391787 170.496140 3.778073
v -8.828709 180.248810 5.030381
v -10.075738 189.163193 3.841775
v -11.317544 196.202087 3.193729
v -11.609488 201.133865 2.882186
v -11.816599 204.847183 2.659582
v -11.298496 210.973389 2.587809
v -8.349243 215.095718 1.942472
v -7.546663 215.685547 2.423664
v -1.385576 213.498352 0.939007
v -1.903629 212.855820 0.429647
v -2.328701 209.134247 0.692107
v -2.479550 204.089386 1.111673
v -2.677391 200.342133 1.572070
v -2.824285 195.499634 1.904791
v -2.310992 188.823700 2.417705
v -2.109532 179.822830 3.011662
v -2.078482 170.208511 1.850257
v -2.422949 160.067657 -1.528024
v -3.124568 146.635544 -4.010382
v -4.196819 79.328049 -12.120789
v -5.466831 43.021473 -19.389711
v 1.385576 213.498352 0.939007
v 1.903629 212.855820 0.429647
v 2.328701 209.134247 0.692107
v 2.479550 204.089386 1.111673
v 2.677391 200.342133 1.572070
v 2.824285 195.499634 1.904791
v 2.310992 188.823700 2.417705
v 2.109532 179.822830 3.011662
v 2.078482 170.208511 1.850257
v 2.422949 160.067657 -1.528024
v 3.124568 146.635544 -4.010382
v 4.196819 79.328049 -12.120789
v 5.466831 43.021473 -19.389711
v 6.486321 57.023365 29.757299
v 10.140117 55.874836 27.576611
v 13.693317 54.379658 25.440525
v 17.386660 52.013355 24.998678
v 20.282253 50.947254 23.716297
v 22.217436 50.256382 21.273960
v 25.216866 46.708241 17.827108
v 29.645550 42.880253 16.340544
v 33.712215 40.044941 12.420135
v 33.064381 37.441730 7.356806
v 27.070007 34.347111 3.055145
v 28.022678 31.555668 -0.233730
v 29.449619 29.135014 -5.263159
v 23.328979 29.138813 -8.299593
v 18.707558 28.356754 -10.255909
v 17.071093 25.129917 -19.100006
v 14.454917 21.698322 -21.329088
v 6.772272 23.099506 -23.573771
v 0.000000 22.346027 -25.453722
v -6.772272 23.099506 -23.573771
v -14.454917 21.698322 -21.329088
v -17.071093 25.129917 -19.100006
v -18.707558 28.356754 -10.255909
v -23.328979 29.138813 -8.299593
v -29.449619 29.135014 -5.263159
v -28.022678 31.555668 -0.233730
v -27.070007 34.347111 3.055145
v -33.064381 37.441730 7.356806
v -33.712215 40.044941 12.420135
v -29.645550 42.880253 16.340544
v -25.216866 46.708241 17.827108
v -22.217436 50.256382 21.273960
v -20.282253 50.947254 23.716297
v -17.386660 52.013355 24.998678
v -13.693317 54.379658 25.440525
v -10.140117 55.874836 27.576611
v -6.486321 57.023365 29.757299
v 0.000000 57.528141 29.377472
v 18.455042 12.302449 -16.815510
v 22.439924 15.120687 -13.616770
v 32.745132 17.649311 -7.240507
v 29.395475 21.229725 -0.284934
v 34.251247 27.348240 7.565773
v 35.737396 29.639469 11.918092
v 30.053587 33.124622 15.138202
v 24.552895 37.100910 16.641743
v 22.805326 40.518940 21.249296
v 21.136105 41.072254 23.547054
v 18.622778 41.838367 25.315268
v 14.829995 44.463184 25.744619
v 11.159189 46.143559 27.960747
v 7.568164 47.170811 30.616615
v 0.000000 47.947666 30.384260
v -7.568164 47.170811 30.616615
v -11.159189 46.143559 27.960747
v -14.829995 44.463184 25.744619
v -18.622778 41.838367 25.315268
v -21.136105 41.072254 23.547054
v -22.805326 40.518940 21.249296
v -24.552895 37.100910 16.641743
v -30.053587 33.124622 15.138202
v -35.737396 29.639469 11.918092
v -34.251247 27.348240 7.565773
v -29.395475 21.229725 -0.284934
v -32.745132 17.649311 -7.240507
v -22.439924 15.120687 -13.616770
v -18.455042 12.302449 -16.815510
v -13.504665 11.493260 -24.334791
v 0.000000 8.833028 -29.816854
v 13.504665 11.493260 -24.334791
v -7.531576 9.916936 -28.544825
v 7.531576 9.916936 -28.544825
v 0.000000 6.541692 -30.616617
v -7.427714 7.731664 -28.573000
v 7.427714 7.731664 -28.573000
v -27.850462 16.341526 -10.993090
v -28.047165 14.177663 -10.710960
v 28.047165 14.177663 -10.710960
v 27.850462 16.341526 -10.993090
v -29.056290 23.602894 2.105142
v 29.056290 23.602894 2.105142
v -28.750790 21.287678 2.528219
v 28.750790 21.287678 2.528219
v 0.000000 46.196720 29.408728
v -7.259504 45.358021 29.681789
v 7.259504 45.358021 29.681789
v -10.483474 44.645359 26.924469
v 10.483474 44.645359 26.924469
v -14.644729 43.006092 24.838539
v 14.644729 43.006092 24.838539
v -18.353573 40.464512 24.069450
v 18.353573 40.464512 24.069450
v -20.457724 39.485172 22.603544
v 20.457724 39.485172 22.603544
v -22.017632 38.640781 20.207485
v 22.017632 38.640781 20.207485
v -23.727726 36.481586 15.690923
v 23.727726 36.481586 15.690923
v -29.481556 31.718021 13.723029
v 29.481556 31.718021 13.723029
v -34.339291 27.762028 11.720755
v 34.339291 27.762028 11.720755
v -32.748714 25.708302 8.440388
v 32.748714 25.708302 8.440388
v -27.353483 22.813877 3.557299
v 27.353483 22.813877 3.557299
v -26.919521 20.672703 0.652275
v 26.919521 20.672703 0.652275
v -30.874378 15.249898 -6.710264
v 30.874378 15.249898 -6.710264
v -27.411331 13.892827 -9.996384
v 27.411331 13.892827 -9.996384
v -21.925917 12.475713 -12.894875
v 21.925917 12.475713 -12.894875
v -17.847212 11.087438 -15.218157
v 17.847212 11.087438 -15.218157
v -12.372892 9.735677 -23.535593
v 12.372892 9.735677 -23.535593
v -6.771502 7.645604 -27.703470
v 6.771502 7.645604 -27.703470
v 0.000000 6.634313 -29.766619
v -24.544176 34.412952 1.294672
v -24.691113 34.695820 3.571879
v 24.691113 34.695820 3.571879
v 24.544176 34.412952 1.294672
v -25.033068 35.968311 6.212999
v 25.033068 35.968311 6.212999
v -25.292437 37.847324 8.628078
v 25.292437 37.847324 8.628078
v -24.120304 40.260242 10.224593
v 24.120304 40.260242 10.224593
v -22.631054 42.592381 11.559437
v 22.631054 42.592381 11.559437
v -7.042355 54.928791 21.492958
v 0.000000 56.685459 22.407879
v 7.042355 54.928791 21.492958
v -11.865022 52.625217 19.766298
v 11.865022 52.625217 19.766298
v -15.401509 50.350239 18.057213
v 15.401509 50.350239 18.057213
v -18.043455 47.864414 16.754103
v 18.043455 47.864414 16.754103
v -19.811735 46.167698 15.254573
v 19.811735 46.167698 15.254573
v -21.237055 44.495029 13.569839
v 21.237055 44.495029 13.569839
v -23.974628 33.997272 -2.413260
v 23.974628 33.997272 -2.413260
v -22.583990 31.440907 -5.091816
v 22.583990 31.440907 -5.091816
v -19.086859 30.613010 -6.852425
v 19.086859 30.613010 -6.852425
v -15.734210 30.548435 -9.412640
v 15.734210 30.548435 -9.412640
v -11.389091 30.861271 -13.453581
v 11.389091 30.861271 -13.453581
v -5.906953 29.615284 -15.432070
v 5.906953 29.615284 -15.432070
v 0.000000 28.764393 -16.334333
v -20.025537 43.728230 1.508112
v -19.248190 48.294163 8.391815
v 19.248190 48.294163 8.391815
v 20.025537 43.728230 1.508112
v 0.000000 44.884525 -6.530884
v 0.000000 60.304752 6.579984
v -6.601204 44.522480 -5.783560
v -8.669712 57.646397 6.347627
v 6.601204 44.522480 -5.783560
v 8.669712 57.646397 6.347627
v -12.030005 43.724598 -3.964941
v -14.120232 54.408039 7.218520
v 12.030005 43.724598 -3.964941
v 14.120232 54.408039 7.218520
v -15.856153 42.817036 -1.724220
v -17.111818 51.371067 7.852353
v 15.856153 42.817036 -1.724220
v 17.111818 51.371067 7.852353
v -18.605524 42.734119 -0.273404
v -18.547384 49.391727 8.332131
v 18.605524 42.734119 -0.273404
v 18.547384 49.391727 8.332131
v -21.446581 43.144627 3.163030
v -20.812777 45.646076 8.241400
v 21.446581 43.144627 3.163030
v 20.812777 45.646076 8.241400
v -23.295565 39.903538 4.679124
v -22.356529 42.771992 7.949845
v 23.295565 39.903538 4.679124
v 22.356529 42.771992 7.949845
v -25.403273 197.241318 5.731994
v -26.759550 198.668091 5.706735
v -24.043535 196.210068 6.590593
v -23.179213 195.359741 7.815383
v -22.894293 194.468506 8.880663
v -22.709751 193.654999 10.236512
v -22.583479 193.486084 11.139862
v -22.493456 193.538773 11.958108
v -22.185858 194.430389 13.033717
v -22.078707 195.418381 14.203405
v -22.583138 195.835968 15.266045
v -23.530525 196.782089 16.182642
v -25.169840 197.576004 16.396330
v -26.780581 198.757080 15.854901
v -28.220745 199.505630 14.531546
v -27.970005 199.533020 6.407296
v -28.787294 200.479736 7.691690
v -29.031902 200.168060 12.858112
v -29.464899 200.283920 9.495415
v -29.513201 200.025253 11.277357
v 26.759550 198.668091 5.706735
v 25.403273 197.241318 5.731994
v 24.043535 196.210068 6.590593
v 23.179213 195.359741 7.815383
v 22.894293 194.468506 8.880663
v 22.709751 193.654999 10.236512
v 22.583479 193.486084 11.139862
v 22.493456 193.538773 11.958108
v 22.185858 194.430389 13.033717
v 22.078707 195.418381 14.203405
v 22.583138 195.835968 15.266045
v 23.530525 196.782089 16.182642
v 25.169840 197.576004 16.396330
v 26.780581 198.757080 15.854901
v 28.220745 199.505630 14.531546
v 27.970005 199.533020 6.407296
v 28.787294 200.479736 7.691690
v 29.031902 200.168060 12.858112
v 29.513201 200.025253 11.277357
v 29.464899 200.283920 9.495415
v 23.105303 208.742279 5.965518
v 22.224054 205.502045 5.641451
v 21.473791 202.172241 6.350743
v 20.729660 200.582642 7.600019
v 20.428133 199.601578 8.670183
v 20.206364 198.732635 10.247072
v 20.058752 198.662735 11.186607
v 20.186573 198.358566 11.984762
v 19.624760 199.634598 13.079885
v 19.757347 200.225189 14.400316
v 19.646002 202.138016 15.693504
v 20.414593 204.566452 16.742081
v 21.293163 206.419113 17.095612
v 22.664429 208.758789 16.686718
v 23.979950 211.281845 15.067116
v 24.592566 212.671127 13.286758
v 24.770447 213.539673 11.412421
v 24.603857 213.803360 9.617023
v 24.066860 213.351349 7.907830
v 23.563656 211.477631 6.698565
v -23.105303 208.742279 5.965518
v -22.224054 205.502045 5.641451
v -21.473791 202.172241 6.350743
v -20.729660 200.582642 7.600019
v -20.428133 199.601578 8.670183
v -20.206364 198.732635 10.247072
v -20.058752 198.662735 11.186607
v -20.186573 198.358566 11.984762
v -19.624760 199.634598 13.079885
v -19.757347 200.225189 14.400316
v -19.646002 202.138016 15.693504
v -20.414593 204.566452 16.742081
v -21.293163 206.419113 17.095612
v -22.664429 208.758789 16.686718
v -23.979950 211.281845 15.067116
v -24.592566 212.671127 13.286758
v -24.770447 213.539673 11.412421
v -24.603857 213.803360 9.617023
v -24.066860 213.351349 7.907830
v -23.563656 211.477631 6.698565
v -32.882473 180.166504 4.561420
v -34.291111 181.550858 4.974817
v -31.155195 179.039917 5.156855
v -29.921293 178.039078 6.444058
v -29.478779 177.016678 7.707362
v -29.322044 176.186569 9.345419
v -29.310610 176.048828 10.418903
v -29.352783 176.143539 11.339873
v -29.228031 177.113724 12.460960
v -29.364286 178.211639 13.635269
v -30.053823 178.700317 14.602339
v -31.104378 179.674164 15.327021
v -32.678833 180.439789 15.445391
v -34.134884 181.559341 14.785704
v -35.439384 182.255081 13.520098
v -35.333324 182.302811 5.872194
v -35.924942 183.127121 7.184114
v -36.195358 182.875702 11.954107
v -36.610481 182.949265 8.817710
v -36.717117 182.738922 10.483509
v 34.291111 181.550858 4.974817
v 32.882473 180.166504 4.561420
v 31.155195 179.039917 5.156855
v 29.921293 178.039078 6.444058
v 29.478779 177.016678 7.707362
v 29.322044 176.186569 9.345419
v 29.310610 176.048828 10.418903
v 29.352783 176.143539 11.339873
v 29.228031 177.113724 12.460960
v 29.364286 178.211639 13.635269
v 30.053823 178.700317 14.602339
v 31.104378 179.674164 15.327021
v 32.678833 180.439789 15.445391
v 34.134884 181.559341 14.785704
v 35.439384 182.255081 13.520098
v 35.333324 182.302811 5.872194
v 35.924942 183.127121 7.184114
v 36.195358 182.875702 11.954107
v 36.717117 182.738922 10.483509
v 36.610481 182.949265 8.817710
v -37.985580 168.453186 3.927906
v -39.713440 169.978729 4.439680
v -36.115097 166.424393 4.285650
v -34.104515 165.874908 6.410513
v -33.745625 165.135376 8.246065
v -33.770058 164.865677 9.890697
v -33.902584 164.925583 11.070210
v -34.029491 165.262924 12.093029
v -34.235397 165.713730 13.127845
v -34.466145 166.586563 14.231081
v -35.150982 166.958862 15.182116
v -36.096764 167.880173 16.069376
v -37.728397 168.685059 16.273146
v -39.161598 169.782730 15.441194
v -40.390411 170.437363 14.104467
v -41.142944 170.881470 5.402713
v -42.199287 171.964767 7.448672
v -41.220135 171.098145 12.608412
v -42.393864 171.554947 9.681969
v -42.002281 171.089737 11.268135
v 39.713440 169.978729 4.439680
v 37.985580 168.453186 3.927906
v 36.115097 166.424393 4.285650
v 34.104515 165.874908 6.410513
v 33.745625 165.135376 8.246065
v 33.770058 164.865677 9.890697
v 33.902584 164.925583 11.070210
v 34.029491 165.262924 12.093029
v 34.235397 165.713730 13.127845
v 34.466145 166.586563 14.231081
v 35.150982 166.958862 15.182116
v 36.096764 167.880173 16.069376
v 37.728397 168.685059 16.273146
v 39.161598 169.782730 15.441194
v 40.390411 170.437363 14.104467
v 41.142944 170.881470 5.402713
v 42.199287 171.964767 7.448672
v 41.220135 171.098145 12.608412
v 42.002281 171.089737 11.268135
v 42.393864 171.554947 9.681969
v -44.144726 158.195602 2.766479
v -45.044811 160.824936 4.012321
v -41.686642 156.472702 2.651990
v -39.036636 155.823761 4.027626
v -37.261703 155.619202 5.792273
v -37.103111 155.839066 7.873538
v -37.436562 156.361588 9.564428
v -37.929379 156.948441 11.174673
v -38.396049 157.687607 12.551207
v -38.902569 158.623489 13.868217
v -39.661682 159.166855 14.955194
v -40.714214 159.522202 15.850218
v -42.135593 160.214157 16.480686
v -44.181267 160.838669 16.298717
v -45.582558 161.205063 14.713130
v -46.522655 161.888489 5.758712
v -47.132523 162.516525 8.094613
v -46.046623 161.667297 13.076577
v -47.052448 162.028366 10.103014
v -46.676453 161.577591 11.661240
v 45.044811 160.824936 4.012321
v 44.144726 158.195602 2.766479
v 41.686642 156.472702 2.651990
v 39.036636 155.823761 4.027626
v 37.261703 155.619202 5.792273
v 37.103111 155.839066 7.873538
v 37.436562 156.361588 9.564428
v 37.929379 156.948441 11.174673
v 38.396049 157.687607 12.551207
v 38.902569 158.623489 13.868217
v 39.661682 159.166855 14.955194
v 40.714214 159.522202 15.850218
v 42.135593 160.214157 16.480686
v 44.181267 160.838669 16.298717
v 45.582558 161.205063 14.713130
v 46.522655 161.888489 5.758712
v 47.132523 162.516525 8.094613
v 46.046623 161.667297 13.076577
v 46.676453 161.577591 11.661240
v 47.052448 162.028366 10.103014
v -61.132301 137.782791 1.090954
v -58.669155 141.843887 5.475479
v -55.278770 132.275558 -2.574617
v -48.795753 134.942261 -2.421125
v -43.215176 136.586639 -0.062888
v -40.467876 136.661087 2.943009
v -39.682430 138.092392 6.946848
v -40.231373 140.056366 9.694864
v -41.628361 141.105194 11.776231
v -43.476707 144.494614 15.174847
v -45.001804 146.084183 16.548544
v -46.024868 146.958252 17.106411
v -47.107265 147.566849 17.298120
v -48.679356 148.089279 17.320057
v -50.408237 148.559372 16.877399
v -58.036655 146.742798 10.496440
v -51.994293 148.617294 15.782410
v -54.794426 147.877396 12.356680
v -53.309868 148.175980 14.248188
v 58.669155 141.843887 5.475479
v 61.132301 137.782791 1.090954
v 55.278770 132.275558 -2.574617
v 48.795753 134.942261 -2.421125
v 43.215176 136.586639 -0.062888
v 40.467876 136.661087 2.943009
v 39.682430 138.092392 6.946848
v 40.231373 140.056366 9.694864
v 41.628361 141.105194 11.776231
v 43.476707 144.494614 15.174847
v 45.001804 146.084183 16.548544
v 46.024868 146.958252 17.106411
v 47.107265 147.566849 17.298120
v 48.679356 148.089279 17.320057
v 50.408237 148.559372 16.877399
v 58.036655 146.742798 10.496440
v 51.994293 148.617294 15.782410
v 53.309868 148.175980 14.248188
v 54.794426 147.877396 12.356680
v 59.740330 144.795303 7.311199
v -59.740330 144.795303 7.311199
v 51.585411 150.822052 4.895172
v 51.478893 148.232391 2.117848
v 47.274311 147.420486 0.733116
v 43.595169 146.722031 2.503809
v 40.955536 146.146881 3.828568
v 39.081398 146.457901 5.725850
v 38.974236 147.312119 8.257949
v 39.758102 148.515701 10.328474
v 40.522381 149.634613 12.279439
v 41.338734 151.201981 14.352605
v 42.272144 152.304718 15.821524
v 43.384483 153.105453 16.638702
v 44.764660 153.787170 17.029373
v 46.517879 154.539780 17.055677
v 48.061039 155.050385 15.906798
v 48.812435 155.159760 14.297695
v 49.651085 154.816803 12.774326
v 50.638264 154.923553 11.073161
v 51.988338 154.500839 9.099363
v 52.486572 153.241455 6.982152
v -51.585411 150.822052 4.895172
v -51.478893 148.232391 2.117848
v -47.274311 147.420486 0.733116
v -43.595169 146.722031 2.503809
v -40.955536 146.146881 3.828568
v -39.081398 146.457901 5.725850
v -38.974236 147.312119 8.257949
v -39.758102 148.515701 10.328474
v -40.522381 149.634613 12.279439
v -41.338734 151.201981 14.352605
v -42.272144 152.304718 15.821524
v -43.384483 153.105453 16.638702
v -44.764660 153.787170 17.029373
v -46.517879 154.539780 17.055677
v -48.061039 155.050385 15.906798
v -48.812435 155.159760 14.297695
v -49.651085 154.816803 12.774326
v -50.638264 154.923553 11.073161
v -51.988338 154.500839 9.099363
v -52.486572 153.241455 6.982152
v 56.015255 148.824417 6.724764
v 54.833431 150.399460 9.683545
v 52.624146 151.179550 11.619940
v 51.530556 151.396667 13.530754
v 50.622574 151.899414 15.184441
v 49.537903 151.868332 16.795654
v 47.701412 151.271347 17.587212
v 45.953426 150.586151 17.306173
v 44.675228 149.927002 17.064079
v 43.591721 149.089294 16.359978
v 42.449829 147.759598 14.796213
v 41.187832 145.260880 11.959248
v 40.033466 144.165817 9.987441
v 39.278038 142.561264 7.590220
v 39.382065 141.418900 4.115611
v 41.837910 141.397537 2.155621
v 45.958893 141.918472 0.496958
v 51.056805 141.904999 -0.678859
v 56.651798 143.052750 1.333755
v 55.271725 145.904053 5.077511
v -56.015255 148.824417 6.724764
v -54.833431 150.399460 9.683545
v -52.624146 151.179550 11.619940
v -51.530556 151.396667 13.530754
v -50.622574 151.899414 15.184441
v -49.537903 151.868332 16.795654
v -47.701412 151.271347 17.587212
v -45.953426 150.586151 17.306173
v -44.675228 149.927002 17.064079
v -43.591721 149.089294 16.359978
v -42.449829 147.759598 14.796213
v -41.187832 145.260880 11.959248
v -40.033466 144.165817 9.987441
v -39.278038 142.561264 7.590220
v -39.382065 141.418900 4.115611
v -41.837910 141.397537 2.155621
v -45.958893 141.918472 0.496958
v -51.056805 141.904999 -0.678859
v -56.651798 143.052750 1.333755
v -55.271725 145.904053 5.077511
v 58.794945 146.369934 6.518639
v 56.622334 148.308563 10.082676
v 53.887737 149.234863 12.045054
v 52.653660 149.560287 13.996002
v 51.597370 150.063919 15.665325
v 50.159744 149.968521 17.032543
v 48.297565 149.404465 17.611217
v 46.617504 148.807907 17.421183
v 45.428005 148.171051 17.219784
v 44.371479 147.318085 16.600689
v 43.046730 145.851532 15.058043
v 41.416981 142.819107 11.871958
v 40.076118 141.747391 9.852175
v 39.339855 139.917969 7.233967
v 39.760887 138.619781 3.313357
v 42.149349 138.831512 0.958283
v 47.686726 137.838547 -0.895996
v 53.633724 136.507172 -1.585485
v 59.508446 140.161530 0.965550
v 57.508362 143.338043 5.039363
v -58.794945 146.369934 6.518639
v -56.622334 148.308563 10.082676
v -53.887737 149.234863 12.045054
v -52.653660 149.560287 13.996002
v -51.597370 150.063919 15.665325
v -50.159744 149.968521 17.032543
v -48.297565 149.404465 17.611217
v -46.617504 148.807907 17.421183
v -45.428005 148.171051 17.219784
v -44.371479 147.318085 16.600689
v -43.046730 145.851532 15.058043
v -41.416981 142.819107 11.871958
v -40.076118 141.747391 9.852175
v -39.339855 139.917969 7.233967
v -39.760887 138.619781 3.313357
v -42.149349 138.831512 0.958283
v -47.686726 137.838547 -0.895996
v -53.633724 136.507172 -1.585485
v -59.508446 140.161530 0.965550
v -57.508362 143.338043 5.039363
v 44.450096 131.758102 -1.085642
v 49.528049 131.490936 -4.321318
v -49.528049 131.490936 -4.321318
v -44.450096 131.758102 -1.085642
v 54.644226 130.105881 -3.970892
v -54.644226 130.105881 -3.970892
v 50.637005 128.986221 -5.339691
v 45.221970 129.445724 -2.110180
v -45.221970 129.445724 -2.110180
v -50.637005 128.986221 -5.339691
v 54.496426 127.301781 -5.366665
v -54.496426 127.301781 -5.366665
v 51.314884 126.514183 -6.336901
v 49.231422 125.419624 -4.683630
v -49.231422 125.419624 -4.683630
v -51.314884 126.514183 -6.336901
v 54.074192 125.889458 -6.472775
v -54.074192 125.889458 -6.472775
v 51.554962 124.783066 -7.236322
v 50.604805 124.155548 -6.430214
v -50.604805 124.155548 -6.430214
v -51.554962 124.783066 -7.236322
v 53.461712 124.453217 -7.493382
v -53.461712 124.453217 -7.493382
v 54.928314 132.088043 -2.135017
v 54.353416 129.906754 -3.516380
v -54.353416 129.906754 -3.516380
v -54.928314 132.088043 -2.135017
v 44.586582 134.539978 -0.525816
v 49.162048 133.324066 -3.395870
v 54.928490 131.289154 -3.200053
v 54.686184 131.007034 -2.869588
v -44.586582 134.539978 -0.525816
v -49.162048 133.324066 -3.395870
v -54.928490 131.289154 -3.200053
v -54.686184 131.007034 -2.869588
v -43.567474 136.526535 0.490284
v -45.025139 134.537384 -0.187244
v 45.025139 134.537384 -0.187244
v 43.567474 136.526535 0.490284
v 44.860413 131.794846 -0.934157
v -44.860413 131.794846 -0.934157
v 45.766285 129.515335 -1.922530
v -45.766285 129.515335 -1.922530
v 47.506985 126.913872 -3.341192
v 51.061443 127.479843 -5.865150
v 54.228809 126.409973 -6.086586
v -47.506985 126.913872 -3.341192
v -51.061443 127.479843 -5.865150
v -54.228809 126.409973 -6.086586
v 54.150681 127.851646 -4.709187
v -54.150681 127.851646 -4.709187
v 54.011154 126.171921 -5.812876
v -54.011154 126.171921 -5.812876
v -54.007034 125.615494 -6.275167
v 54.007034 125.615494 -6.275167
v 53.308811 124.156769 -7.191097
v -53.308811 124.156769 -7.191097
v 51.436096 122.537712 -8.640976
v 51.111828 123.187759 -7.587080
v -51.111828 123.187759 -7.587080
v -51.436096 122.537712 -8.640976
v 52.616924 123.387985 -8.330975
v -52.616924 123.387985 -8.330975
v 52.682903 123.258080 -8.022810
v -52.682903 123.258080 -8.022810
v 51.685955 122.571220 -8.282091
v -51.685955 122.571220 -8.282091
v 51.409698 123.125267 -7.302063
v -51.409698 123.125267 -7.302063
v 50.893661 124.130554 -6.126352
v -50.893661 124.130554 -6.126352
v 52.477379 124.145607 -6.619541
v -52.477379 124.145607 -6.619541
v 49.733601 125.641563 -4.562326
v 48.095455 127.404457 -3.250064
v -48.095455 127.404457 -3.250064
v -49.733601 125.641563 -4.562326
v 52.191639 125.716232 -5.559566
v -52.191639 125.716232 -5.559566
v 51.548008 127.192734 -4.705957
v -51.548008 127.192734 -4.705957
v 51.165016 129.053818 -3.900358
v -51.165016 129.053818 -3.900358
v 51.174644 131.033737 -2.902239
v -51.174644 131.033737 -2.902239
v 51.340530 132.137115 -2.201087
v -51.340530 132.137115 -2.201087
v 51.466888 133.658478 -1.190656
v -51.466888 133.658478 -1.190656
v -45.605362 146.139969 15.751396
v -44.213936 144.450150 14.386067
v 44.213936 144.450150 14.386067
v 45.605362 146.139969 15.751396
v 52.774063 147.958572 13.765468
v 54.230045 147.584412 11.867961
v -54.230045 147.584412 11.867961
v -52.774063 147.958572 13.765468
v -46.510651 146.863464 16.220308
v -47.453655 147.347855 16.431503
v -48.614151 147.824158 16.305258
v -50.236488 148.114273 15.919673
v -51.388954 148.266464 14.862360
v 46.510651 146.863464 16.220308
v 47.453655 147.347855 16.431503
v 48.614151 147.824158 16.305258
v 50.236488 148.114273 15.919673
v 51.388954 148.266464 14.862360
v 56.958656 146.648270 10.181832
v -56.958656 146.648270 10.181832
v 59.472889 144.430069 7.843467
v -59.472889 144.430069 7.843467
v 58.462471 141.502121 6.077605
v -58.462471 141.502121 6.077605
v 12.106457 218.869751 5.342235
v 12.778876 218.484604 4.977355
v 15.835996 216.290237 5.371537
v 18.567621 215.487289 5.866945
v 21.849695 214.032898 6.433597
v 23.320623 209.919098 6.230258
v 27.312906 199.054382 5.930119
v 34.767426 181.888718 5.298877
v 40.361942 170.386475 4.787158
v 45.732082 161.311111 4.684722
v 51.996979 151.871719 5.753230
v 55.894142 147.456161 5.754924
v 58.132195 145.070511 5.762977
v 59.062012 143.502975 6.356486
v 58.518341 142.918442 6.994483
v -12.106457 218.869751 5.342235
v -12.778876 218.484604 4.977355
v -15.835996 216.290237 5.371537
v -18.567621 215.487289 5.866945
v -21.849695 214.032898 6.433597
v -23.320623 209.919098 6.230258
v -27.312906 199.054382 5.930119
v -34.767426 181.888718 5.298877
v -40.361942 170.386475 4.787158
v -45.732082 161.311111 4.684722
v -51.996979 151.871719 5.753230
v -55.894142 147.456161 5.754924
v -58.132195 145.070511 5.762977
v -59.062012 143.502975 6.356486
v -58.518341 142.918442 6.994483
v 13.954982 220.910370 6.817344
v 14.640983 220.926697 6.502505
v 17.108593 219.460907 6.698186
v 19.616318 218.321686 7.001033
v 22.228466 216.419067 7.486431
v 23.858072 212.389343 7.217263
v 28.412556 200.004898 6.966553
v 35.657951 182.715454 6.458055
v 41.794033 171.475540 6.269578
v 46.957729 162.269653 6.803483
v 52.425343 153.957306 7.953437
v 55.780441 149.848633 8.108400
v 57.851135 147.536484 8.103284
v 59.504829 145.744827 8.953836
v 58.708832 145.630981 8.691324
v -13.954982 220.910370 6.817344
v -14.640983 220.926697 6.502505
v -17.108593 219.460907 6.698186
v -19.616318 218.321686 7.001033
v -22.228466 216.419067 7.486431
v -23.858072 212.389343 7.217263
v -28.412556 200.004898 6.966553
v -35.657951 182.715454 6.458055
v -41.794033 171.475540 6.269578
v -46.957729 162.269653 6.803483
v -52.425343 153.957306 7.953437
v -55.780441 149.848633 8.108400
v -57.851135 147.536484 8.103284
v -59.504829 145.744827 8.953836
v -58.708832 145.630981 8.691324
v 60.749336 137.571396 1.379275
v -60.749336 137.571396 1.379275
v 57.633633 134.917007 -0.584896
v 56.227062 138.108475 -0.354296
v 53.611431 142.501846 -0.008218
v 49.247131 147.943893 0.854349
v 42.785072 157.284317 2.416451
v 36.923649 167.331955 3.980301
v 31.887255 179.534592 4.770662
v 24.615734 196.658020 6.120017
v 21.742317 203.637970 5.862540
v 20.424776 207.790970 6.464782
v 17.351805 208.180557 5.122284
v 14.340317 208.398972 3.785779
v 11.744909 207.986832 2.504160
v 9.320816 207.536743 1.549837
v 6.983903 207.149307 1.007597
v 4.650191 206.873962 0.933331
v 2.379958 206.695694 0.774356
v 0.000000 206.531616 0.406169
v -2.379958 206.695694 0.774356
v -4.650191 206.873962 0.933331
v -6.983903 207.149307 1.007597
v -9.320816 207.536743 1.549837
v -11.744909 207.986832 2.504160
v -14.340317 208.398972 3.785779
v -17.351805 208.180557 5.122284
v -20.424776 207.790970 6.464782
v -21.742317 203.637970 5.862540
v -24.615734 196.658020 6.120017
v -31.887255 179.534592 4.770662
v -36.923649 167.331955 3.980301
v -42.785072 157.284317 2.416451
v -49.247131 147.943893 0.854349
v -53.611431 142.501846 -0.008218
v -56.227062 138.108475 -0.354296
v -57.633633 134.917007 -0.584896
v 57.352455 134.831680 0.002422
v -57.352455 134.831680 0.002422
v -41.073021 139.459457 7.017482
v -41.408543 137.257339 3.104713
v 41.408543 137.257339 3.104713
v 41.073021 139.459457 7.017482
v -41.570446 140.641464 9.589983
v -42.567280 141.762192 11.527826
v 41.570446 140.641464 9.589983
v 42.567280 141.762192 11.527826
v 56.112740 136.543533 0.838072
v 53.213696 137.218353 0.857462
v -53.213696 137.218353 0.857462
v -56.112740 136.543533 0.838072
v 49.977760 138.466171 1.493852
v -49.977760 138.466171 1.493852
v 45.756203 139.615936 2.352590
v -45.756203 139.615936 2.352590
v 43.247337 140.035126 3.032812
v -43.247337 140.035126 3.032812
v 57.795231 139.394104 2.207244
v -57.795231 139.394104 2.207244
v 56.237434 142.792282 5.302237
v -56.237434 142.792282 5.302237
v 55.791985 144.621506 6.319235
v -55.791985 144.621506 6.319235
v 56.591930 146.204453 7.099962
v -56.591930 146.204453 7.099962
v 56.733959 146.468933 8.426607
v -56.733959 146.468933 8.426607
v 55.175022 147.112900 9.165650
v -55.175022 147.112900 9.165650
v -46.814804 146.886597 12.823123
v -46.148022 145.823166 12.207396
v 46.120426 145.823166 12.228980
v 46.799099 146.886597 12.855697
v -42.949039 142.518906 5.238370
v 42.949039 142.518906 5.238370
v -43.493668 144.466293 8.554853
v -45.511150 145.759537 10.933053
v 43.493668 144.466293 8.554853
v 45.472187 145.759537 10.931895
v 53.515335 148.017944 10.236094
v -53.515335 148.017944 10.236094
v -47.265354 147.415482 12.917820
v 47.257694 147.415482 12.952083
v 52.127983 148.737137 11.175937
v -52.127983 148.737137 11.175937
v -47.792202 148.021469 12.821893
v -48.409424 148.699539 12.460783
v -49.851997 149.254654 13.146404
v -50.825935 149.264694 11.846784
v 47.793945 148.021469 12.854445
v 48.422180 148.699539 12.486890
v 49.851997 149.254654 13.146404
v 50.825935 149.264694 11.846784
v 53.972801 140.680084 2.353867
v -53.972801 140.680084 2.353867
v 50.034359 142.018967 2.839068
v -50.034359 142.018967 2.839068
v 46.045692 142.714310 3.880448
v -46.045692 142.714310 3.880448
v 54.904560 146.940323 7.760997
v -54.904560 146.940323 7.760997
v 53.711815 145.457626 5.841604
v -53.711815 145.457626 5.841604
v 53.665627 144.062515 4.486490
v -53.665627 144.062515 4.486490
v 50.303200 145.522720 4.575155
v -50.303200 145.522720 4.575155
v 45.674335 146.027908 6.196524
v -45.674335 146.027908 6.196524
v 46.272518 146.713791 9.043778
v 51.064117 147.527420 6.943810
v -51.064117 147.527420 6.943810
v -46.297451 146.713791 9.078041
v 52.526665 147.980667 8.278030
v -52.526665 147.980667 8.278030
v 49.916847 148.709930 10.595904
v -49.877884 148.709930 10.602953
v 49.551041 148.891251 11.230991
v -49.518490 148.891251 11.226905
v 54.052910 133.797668 -0.971421
v 56.883331 135.407715 0.423791
v 59.620823 138.175369 1.774200
v 57.582745 141.915634 5.853672
v 57.484226 143.536591 6.777825
v 58.420746 145.114395 7.536562
v 57.991070 145.977081 8.581698
v 56.278416 146.780380 9.807338
v 53.949070 147.712372 11.258899
v 52.507599 148.193756 12.791918
v 51.175472 148.627274 13.736702
v 50.093193 148.493088 14.871991
v 48.487846 148.440536 15.082968
v 47.358639 147.984680 15.306703
v 46.480537 147.431015 15.174279
v 45.707218 146.700058 14.799272
v 44.541584 145.176544 13.672233
v 43.322369 143.351700 11.322904
v 42.467659 141.976196 9.228389
v 41.819992 140.881119 6.692341
v 41.856735 137.869751 2.973605
v 44.042999 137.335678 1.059447
v 50.782398 135.116653 -0.246406
v -54.052910 133.797668 -0.971421
v -56.883331 135.407715 0.423791
v -59.620823 138.175369 1.774200
v -57.582745 141.915634 5.853672
v -57.484226 143.536591 6.777825
v -58.420746 145.114395 7.536562
v -57.991070 145.977081 8.581698
v -56.278416 146.780380 9.807338
v -53.949070 147.712372 11.258899
v -52.507599 148.193756 12.791918
v -51.175472 148.627274 13.736702
v -50.093193 148.493088 14.871991
v -48.487846 148.440536 15.082968
v -47.358639 147.984680 15.306703
v -46.480537 147.431015 15.174279
v -45.707218 146.700058 14.799272
v -44.541584 145.176544 13.672233
v -43.322369 143.351700 11.322904
v -42.467659 141.976196 9.228389
v -41.819992 140.881119 6.692341
v -41.856735 137.869751 2.973605
v -44.042999 137.335678 1.059447
v -50.782398 135.116653 -0.246406
v -50.145008 149.388382 9.490642
v -51.013039 147.010361 9.361656
v -50.530804 147.190536 10.862512
v -49.606983 150.063980 10.993698
v -48.430489 148.850128 12.987124
v -49.367279 146.898178 12.330863
v -47.838844 146.103745 13.036270
v -46.766544 147.806595 13.641668
v -46.573570 145.179947 12.721452
v -45.398598 146.575516 13.217445
v -45.068840 144.687424 10.525675
v -44.846821 145.925888 10.685429
v -45.180134 145.131210 9.195704
v -45.240410 146.454391 9.285297
v -47.102318 145.159683 8.043112
v -46.692650 147.009247 8.152059
v -54.980892 140.972214 7.194165
v -54.803375 140.714111 7.793078
v -54.790642 141.334976 8.031292
v -54.801575 141.553772 7.546019
v -55.144161 139.994675 6.340446
v -54.828999 139.646103 6.773730
v -54.499741 140.254532 7.990528
v -54.056328 142.084549 8.713268
v -54.328194 139.327255 6.897250
v -54.189468 142.516296 7.757030
v -54.808144 141.033081 6.629924
v -54.990589 140.218262 5.927896
v -54.301075 139.894104 8.426666
v -53.576996 141.359009 9.469020
v -54.284088 138.809540 7.528062
v -54.011086 140.154388 9.317925
v -54.305515 139.218246 8.756870
v -54.096802 138.860123 9.213148
v -53.762463 139.891571 9.809621
v -54.594654 138.237503 8.017498
v -54.322578 137.764786 8.471827
v -52.976276 140.322556 10.359153
v -53.661915 138.655060 9.690772
v -53.643158 137.465790 8.436957
v -53.290939 138.307480 10.041273
v -52.552704 139.853806 10.800008
v -53.286568 137.048355 8.874995
v -53.893303 139.146652 6.500172
v -53.832890 138.449936 6.929209
v -53.135471 137.284103 7.799489
v -52.727814 136.857834 8.152225
v -52.101501 138.545425 11.241755
v -52.620533 138.754776 10.923284
v -53.040939 137.672653 10.427805
v -52.448555 137.277008 10.783064
v -51.291889 139.065750 11.508718
v -51.735863 137.192154 10.962395
v -50.059437 138.324524 11.897418
v -51.042397 136.794876 11.269018
v -53.370327 136.570572 9.662233
v -52.739635 136.110703 10.041970
v -51.882076 135.970871 9.907842
v -51.297733 135.579361 10.222150
v -51.600266 135.795181 9.139471
v -51.073307 135.517136 9.304860
v -49.315052 136.873154 11.840562
v -50.104946 137.291214 11.912588
v -50.569950 136.257004 11.567001
v -49.771904 135.900864 11.581288
v -48.411648 137.373718 11.578793
v -48.999279 135.827469 11.101962
v -50.960007 135.171158 10.862017
v -50.283939 134.947311 11.088136
v -49.490623 134.727188 10.573503
v -51.349182 133.968628 10.236411
v -50.667152 133.690338 10.415998
v -51.566093 134.193710 9.823576
v -50.025234 133.545181 9.877487
v -51.780685 132.764465 9.697254
v -51.081108 132.493103 9.837658
v -52.035618 133.014420 9.268855
v -50.564831 132.439713 9.277319
v -51.919807 132.444809 9.524012
v -51.224461 132.168259 9.674603
v -52.160488 132.688599 9.099592
v -50.733337 132.131027 9.102742
v -52.035267 132.071991 9.230993
v -51.353199 131.783646 9.398502
v -52.237385 132.306824 8.811472
v -50.881416 131.760574 8.818278
v -50.636761 132.314911 8.730350
v -49.983845 133.662918 9.359320
v -49.313793 134.824280 9.907372
v -48.711304 135.777573 10.176645
v -47.953300 137.003571 10.514476
v -51.904499 132.892166 8.453479
v -51.266426 134.377762 9.067738
v -50.236511 133.802750 8.957394
v -50.881603 132.555832 8.286583
v -51.317295 132.809204 8.147067
v -50.733253 134.090515 8.767988
v -50.421242 135.114685 9.059577
v -49.775169 134.834213 9.263148
v -52.260456 131.211349 8.306347
v -51.612904 130.912064 8.495052
v -52.405418 131.421738 7.911808
v -51.181625 130.916122 8.000614
v -51.136993 131.172958 7.705295
v -52.175117 131.610474 7.437021
v -52.586811 130.214508 7.390943
v -52.036129 129.878571 7.580547
v -52.688927 130.501343 7.036345
v -51.499962 129.965668 7.210829
v -51.548351 129.949326 6.688673
v -52.493992 130.485428 6.518286
v -52.742462 129.796753 7.021137
v -52.182964 129.429321 7.203971
v -52.805717 130.148041 6.812068
v -51.619965 129.584885 6.992444
v -52.806496 129.547211 6.706219
v -52.315632 129.163300 6.912163
v -52.819267 129.930817 6.374731
v -51.716114 129.283066 6.679806
v -51.352619 131.430954 7.445499
v -51.748066 130.368500 6.572990
v -51.746296 131.607880 7.312694
v -52.127789 130.502945 6.453967
v -52.840874 129.167892 6.321529
v -52.344139 128.787933 6.522849
v -52.865017 129.498520 5.952446
v -51.837864 128.962845 6.259861
v -51.791584 129.274124 6.038400
v -52.591034 129.635269 5.743079
v -52.951595 128.371704 5.696905
v -52.631149 128.168289 5.807345
v -52.981041 128.584320 5.468688
v -52.327808 128.258362 5.746521
v -52.189777 128.503555 5.513976
v -52.778423 128.805893 5.300410
v -52.889343 128.318481 5.416839
v -52.555027 128.143188 5.555635
v -52.268394 129.654648 5.754103
v -51.967335 129.565338 5.858339
v -52.290867 128.712173 5.361024
v -52.519993 128.810028 5.270738
v -52.669914 128.572800 5.225431
v -52.383434 128.441833 5.338732
v -53.597157 135.856842 8.492393
v -53.709507 135.451645 9.150310
v -53.193493 134.963272 9.404833
v -52.392128 135.092239 9.170200
v -54.227242 134.430161 7.957680
v -54.244846 134.060242 8.578391
v -53.800556 133.804321 8.845869
v -53.047806 133.662796 8.583336
v -54.332970 134.073990 7.712469
v -54.366016 133.661713 8.281373
v -53.910866 133.343674 8.552673
v -53.091522 133.341278 8.320681
v -54.401402 133.698364 7.504584
v -54.394688 133.396576 7.900001
v -53.934727 133.029892 8.199183
v -53.184666 133.067505 8.086441
v -52.874126 133.486267 7.917808
v -53.856663 134.081360 7.179666
v -53.134983 135.700882 7.991551
v -52.295395 135.030396 8.518587
v -52.935413 133.660873 7.369367
v -52.438244 135.171341 8.133995
v -53.337372 133.992767 7.116735
v -52.801689 135.387161 7.882623
v -51.861179 136.168518 8.487444
v -52.271362 136.443390 8.187684
v -54.345757 132.701996 6.386654
v -54.309376 132.442368 6.642719
v -53.929398 132.127899 6.914810
v -53.326691 132.144897 6.891434
v -53.070446 132.401260 6.633057
v -54.026016 133.060135 6.109356
v -53.098499 132.663635 6.272986
v -53.452389 132.993530 6.055959
v -54.390282 131.653809 5.662794
v -53.962372 131.295364 5.955149
v -54.428371 131.977371 5.381325
v -53.488331 131.288330 5.887736
v -54.418049 131.407852 5.293668
v -53.997429 131.027176 5.609469
v -54.460171 131.742905 5.008827
v -53.486572 131.027054 5.533080
v -54.402901 131.191879 4.987045
v -53.969299 130.821320 5.301451
v -54.472126 131.549179 4.709051
v -53.484978 130.826904 5.237616
v -54.205479 132.045364 4.803576
v -53.205006 131.298630 5.242898
v -53.258976 131.705643 5.066583
v -53.608585 132.028809 4.848354
v -54.347210 130.614243 4.080880
v -53.985607 130.271194 4.333646
v -54.420486 130.888046 3.899448
v -53.457958 130.269989 4.287308
v -54.222866 131.140625 3.667205
v -53.336315 130.521591 4.032976
v -53.386314 130.789185 3.942627
v -53.713387 131.114990 3.746677
v -54.340000 129.815659 3.221036
v -53.971241 129.481155 3.332176
v -54.368244 130.013718 3.116922
v -53.729946 129.556503 3.245618
v -54.115139 130.135132 2.954722
v -53.650604 129.721100 3.217587
v -53.726288 129.940720 3.089931
v -53.888435 130.088318 2.998628
v -54.236378 129.733490 2.940059
v -53.879707 129.448181 3.135048
v -54.028633 129.842682 2.889294
v -53.799328 129.653732 3.003057
v -55.050144 137.050690 7.367317
v -54.755600 136.685822 7.708200
v -54.861385 137.291748 6.791829
v -54.234375 136.424423 7.636798
v -54.448814 137.316055 6.499622
v -53.812141 136.492661 7.372525
v -53.945934 136.916138 6.450348
v -53.428635 137.896011 6.975299
v -53.191612 137.538116 7.293299
v -53.700928 136.565338 6.838273
v -55.313164 139.239075 5.780864
v -55.035419 138.916687 6.011045
v -54.543571 138.786469 6.017806
v -55.209011 139.537720 5.382526
v -54.283798 138.850861 5.869146
v -54.173580 139.044662 5.572270
v -53.831608 139.607208 5.988582
v -54.091526 139.977448 5.744454
v -54.313992 139.361038 5.272654
v -54.540524 140.190033 5.673037
v -54.204746 141.000839 6.188216
v -54.769825 139.582977 5.176687
v -53.778419 140.833420 6.171032
v -53.705372 142.230820 6.664289
v -52.860603 141.126007 6.623610
v -50.266300 137.535294 8.691247
v -49.339657 136.978561 9.022911
v -51.747375 138.951843 7.725294
v -51.065910 138.251877 8.255701
v -48.370766 136.965973 9.628538
v -52.297787 139.808441 7.173226
v -55.349586 136.400970 7.004181
v -55.053493 136.049942 7.326795
v -55.174389 136.685303 6.382859
v -54.560745 135.801010 7.281635
v -54.902145 136.424896 5.874373
v -54.198250 135.550186 6.785118
v -54.353474 136.101364 5.710495
v -54.012218 135.676041 6.148127
v -55.486195 136.118301 6.774433
v -55.185768 135.763321 7.117593
v -55.289879 136.396622 6.154138
v -54.682980 135.492722 7.080251
v -55.521118 135.764404 6.510291
v -55.188770 135.437759 6.847779
v -55.337399 136.088043 5.887073
v -54.732769 135.229340 6.781970
v -55.298542 134.877899 5.165130
v -54.975941 134.599655 5.486724
v -55.172153 135.297989 4.805227
v -54.596985 134.479248 5.384593
v -54.789986 135.385544 4.623533
v -54.235157 134.626419 5.230493
v -54.338963 135.258362 4.694202
v -54.110645 134.930740 4.953122
v -55.254131 134.201553 3.935649
v -54.942467 133.866058 4.181972
v -55.101795 134.555923 3.598886
v -54.534386 133.798019 4.155671
v -54.712528 134.437653 2.999355
v -54.220837 133.763885 3.573622
v -54.315475 134.334045 3.065051
v -54.111729 134.037354 3.307250
v -55.227951 133.969437 3.526020
v -54.944099 133.647675 3.751310
v -55.072624 134.365204 3.231742
v -54.529076 133.597672 3.750036
v -55.164337 133.837494 3.099239
v -54.851341 133.474182 3.351149
v -54.979069 134.174362 2.807288
v -54.493279 133.454163 3.326193
v -54.339325 133.853928 2.170718
v -54.633633 133.910324 2.121440
v -54.259819 133.327927 2.655025
v -54.129299 133.575623 2.398438
v -55.016453 133.505951 2.379160
v -54.698536 133.187393 2.584329
v -54.893600 133.779556 2.186926
v -54.477871 133.174332 2.597903
v -54.479382 133.255539 1.578083
v -54.670338 133.204712 1.502448
v -54.455051 132.867126 1.649348
v -54.354961 133.063278 1.681149
v -54.895752 133.009399 1.603230
v -54.685112 132.769089 1.655011
v -54.858807 133.144852 1.555704
v -54.559605 132.794296 1.645082
v -54.803848 132.948532 1.464066
v -54.640690 132.784485 1.562501
v -54.633423 133.055542 1.455113
v -54.505840 132.887451 1.515393
v -55.511700 138.689560 5.219180
v -55.276390 138.384369 5.464329
v -54.831833 138.249115 5.513952
v -55.371597 138.895157 4.855391
v -54.507332 138.169006 5.116807
v -54.375362 138.347153 4.940663
v -54.441261 138.659866 4.636709
v -55.013599 138.834900 4.505498
v -55.531345 138.519089 5.033007
v -55.309494 138.201553 5.290028
v -54.858437 138.037292 5.260725
v -55.375961 138.710922 4.684982
v -55.501808 138.372086 4.773620
v -55.315166 138.033371 5.037861
v -54.775055 137.870377 4.960872
v -55.320915 138.528214 4.463879
v -54.520763 137.621185 4.407572
v -54.368000 137.769028 4.256145
v -54.438110 138.079620 3.957301
v -54.916023 138.254349 3.879795
v -54.404308 137.065826 3.594830
v -54.268501 137.258102 3.507503
v -54.358200 137.541641 3.219676
v -54.717842 137.513123 2.987582
v -55.287201 137.866287 4.186851
v -55.110775 137.618454 4.424092
v -54.753784 137.547699 4.485001
v -55.192768 138.096161 3.964781
v -55.046661 137.391525 3.441310
v -54.915295 137.152176 3.664547
v -54.692318 137.088516 3.769118
v -54.954468 137.599945 3.255668
v -54.979069 137.220551 3.162091
v -54.848827 136.980667 3.385363
v -54.609188 136.964188 3.543522
v -54.907513 137.402527 3.039109
v -54.907330 137.094238 2.923643
v -54.808250 136.840591 3.146266
v -54.553127 136.821625 3.309213
v -54.808331 137.275421 2.812010
v -54.747692 136.789627 2.549008
v -54.628963 136.561722 2.771526
v -54.401756 136.574799 2.920472
v -54.657581 136.980743 2.444593
v -54.500767 137.057053 2.418224
v -54.267094 136.660202 2.929260
v -54.139549 136.831177 2.778677
v -54.250343 137.066238 2.549459
v -54.490906 136.509567 2.111528
v -54.424232 136.333496 2.307138
v -54.307537 136.333206 2.378170
v -54.486740 136.625046 2.127665
v -54.339741 136.739212 2.166642
v -54.173306 136.494934 2.448205
v -54.145168 136.573410 2.391661
v -54.219265 136.711624 2.233098
v -54.316963 136.300705 2.181746
v -54.384624 136.458084 2.052263
v -54.262798 136.544647 2.110846
v -54.196606 136.443115 2.212915
v -47.689728 138.624802 11.668918
v -49.293682 139.370728 12.009331
v -46.990685 139.602783 11.644558
v -48.498215 140.276962 12.135756
v -46.136150 140.561859 11.510130
v -47.732414 141.180893 12.240396
v -46.334492 139.173508 10.708570
v -45.584328 139.702667 10.642039
v -45.974739 141.680923 11.760336
v -47.139538 142.158600 12.325368
v -45.060905 141.918091 11.097108
v -44.943943 140.882492 10.897651
v -44.700836 140.073074 10.559357
v -47.003189 138.368835 10.747877
v -46.056862 139.049423 9.884948
v -45.250832 138.939011 9.860771
v -44.336292 139.110565 10.028096
v -44.926998 138.187683 9.401310
v -44.267178 138.271530 9.551371
v -45.997196 139.002228 8.961030
v -45.278873 138.227081 8.908072
v -47.275532 138.156311 9.792488
v -48.017128 138.355667 9.259326
v -44.419636 141.209915 9.862682
v -44.617027 142.141296 10.000067
v -44.199741 140.483093 9.629568
v -43.966187 139.706436 9.306530
v -43.870686 138.581436 9.031013
v -45.176266 137.527145 8.630766
v -44.865814 137.492630 9.054642
v -45.330490 136.522125 8.127142
v -44.916096 136.818237 8.786078
v -44.896114 136.494247 8.697419
v -44.987926 136.119064 8.460509
v -44.273872 137.564667 9.191076
v -44.261723 136.924927 8.935727
v -44.276646 136.456467 8.708840
v -44.307880 136.054916 8.382426
v -43.864147 138.752365 8.577461
v -43.926029 139.781326 8.814794
v -44.192631 138.775558 7.982870
v -44.178883 139.888336 8.036875
v -45.614151 144.695419 11.879359
v -44.864159 145.856567 11.887752
v -44.836380 143.317307 10.210776
v -45.251041 143.034195 11.301555
v -45.849010 142.523361 11.856865
v -46.524055 143.390442 12.366753
v -50.630516 140.057922 11.769094
v -49.917927 140.963791 12.018106
v -49.196869 141.836548 12.256274
v -48.466232 142.721024 12.495779
v -47.629410 143.668610 12.665257
v -48.938240 138.928986 8.991709
v -47.877140 139.333420 8.895758
v -52.132671 141.964203 6.917815
v -51.391644 142.520370 7.117017
v -50.674347 140.464005 8.266644
v -49.831261 139.700729 8.738301
v -51.417145 141.047485 7.628602
v -49.745667 140.988495 8.532107
v -48.757629 140.137131 8.816402
v -50.549244 141.754105 7.919620
v -43.882797 137.954483 8.232206
v -44.185570 137.844894 7.708524
v -43.799797 137.157547 7.810440
v -44.038513 136.695389 6.990355
v -43.715046 136.723923 7.614900
v -43.688076 136.295334 7.400080
v -43.856838 137.795303 8.792279
v -43.796310 137.100876 8.527135
v -43.757938 136.576920 8.292830
v -43.844963 136.115906 7.987240
v -45.543076 139.059448 8.301148
v -45.266655 138.223145 8.268568
v -45.999390 139.641434 8.281635
v -45.191444 137.512436 7.988731
v -45.324959 136.536499 7.543587
v -44.923660 139.388397 7.938366
v -44.778767 138.534576 7.855953
v -45.335205 140.111710 7.950715
v -44.707233 137.736191 7.560342
v -44.628479 136.701462 6.867478
v -46.825500 140.542328 8.255974
v -47.754444 141.649643 8.351072
v -48.661129 142.853973 8.191376
v -50.045872 143.674789 7.364121
v -45.534260 135.378372 6.975424
v -44.925663 135.633209 6.324944
v -45.561764 135.337006 7.540911
v -44.129398 135.670135 6.248839
v -43.921371 135.445419 6.687153
v -45.176441 135.177612 7.850971
v -44.553555 135.175446 7.692567
v -44.111603 135.338242 7.324883
v -45.451805 134.247498 6.697628
v -45.044689 134.338150 6.149786
v -45.425732 134.128494 6.987043
v -44.678074 134.266708 6.043059
v -44.374081 134.227325 6.372373
v -45.202358 133.976303 7.170678
v -44.859123 133.942749 7.121913
v -44.497101 133.979462 6.718001
v -44.654198 133.849213 6.406651
v -45.038254 133.766953 6.906237
v -45.269730 133.888199 6.692449
v -44.876377 133.965790 6.219420
v -45.922855 140.981094 7.959518
v -46.586227 142.075867 7.999044
v -47.357418 143.539047 8.029146
v -45.612980 143.342575 7.918835
v -45.110012 142.166260 7.809274
v -49.200466 144.546707 7.467317
v -47.623615 147.127701 7.775807
v -48.463394 145.765869 7.549266
v -46.034573 146.787949 8.548883
v -46.004196 144.637375 8.181853
v -44.343811 140.568832 7.931176
v -44.669636 141.264755 7.826354
v -44.091709 140.685852 8.777735
v -44.683510 143.427292 8.920858
v -44.420998 142.198013 8.828881
v -44.229706 141.312134 8.797589
v -51.747490 140.739700 11.248250
v -51.073212 141.686035 11.576653
v -50.451511 142.616226 11.879582
v -49.783691 143.554703 12.232499
v -48.981911 144.611649 12.594124
v -49.564732 147.604980 7.531535
v -50.264023 146.329956 7.255091
v -50.903984 146.773941 8.182688
v -49.963093 149.067230 8.349430
v -50.819687 136.510956 8.707289
v -50.294369 136.167892 8.883214
v -49.840984 135.910477 9.002977
v -49.116737 135.825455 9.407227
v -51.196774 136.820602 8.479309
v -51.630505 137.205566 8.158211
v -51.944351 137.511383 7.915119
v -52.305019 137.910965 7.598548
v -53.006813 139.125336 6.814340
v -52.803844 138.642593 7.070447
v -52.536572 138.207047 7.361996
v -53.185841 139.862915 6.480941
v -53.381931 140.294708 6.299992
v -53.046097 142.905807 6.726712
v -52.450829 143.498932 6.756887
v -51.702896 144.337357 6.813400
v -51.008705 145.275299 6.967803
v -53.650043 143.229752 7.705141
v -53.142330 143.883636 7.711275
v -52.237213 145.036194 7.798966
v -51.578518 145.864716 7.951418
v -53.523708 142.981796 8.821460
v -53.026096 143.763641 8.894916
v -52.205120 145.064285 9.095007
v -51.647018 145.964645 9.229850
v -53.091702 142.266098 9.750549
v -52.596504 143.193176 9.942789
v -51.730301 144.836121 10.307601
v -51.153290 145.904861 10.610295
v -52.471909 141.450790 10.599751
v -51.947178 142.448013 10.868924
v -51.420517 143.398560 11.148795
v -50.893860 144.327835 11.489086
v -50.187351 145.459106 11.884411
v -47.011833 138.831894 9.190506
v -46.979210 139.561707 8.627972
v -47.558720 140.128189 8.583664
v -48.439781 141.282730 8.570871
v -49.631386 142.286942 8.143562
v -50.704445 143.064682 7.260978
v -52.058105 143.948502 6.788472
v -52.705719 144.441345 7.745229
v -52.616173 144.412491 8.982105
v -52.130047 144.111832 10.093725
v 49.606983 150.063980 10.993698
v 50.530804 147.190536 10.862512
v 51.013039 147.010361 9.361656
v 50.145008 149.388382 9.490642
v 49.367279 146.898178 12.330863
v 48.430489 148.850128 12.987124
v 46.766544 147.806595 13.641668
v 47.838844 146.103745 13.036270
v 45.398598 146.575516 13.217445
v 46.573570 145.179947 12.721452
v 44.846821 145.925888 10.685429
v 45.068840 144.687424 10.525675
v 45.240410 146.454391 9.285297
v 45.180134 145.131210 9.195704
v 46.692650 147.009247 8.152059
v 47.102318 145.159683 8.043112
v 54.801575 141.553772 7.546019
v 54.790642 141.334976 8.031292
v 54.803375 140.714111 7.793078
v 54.980892 140.972214 7.194165
v 54.828999 139.646103 6.773730
v 55.144161 139.994675 6.340446
v 54.056328 142.084549 8.713268
v 54.499741 140.254532 7.990528
v 54.328194 139.327255 6.897250
v 54.189468 142.516296 7.757030
v 54.808144 141.033081 6.629924
v 54.990589 140.218262 5.927896
v 53.576996 141.359009 9.469020
v 54.301075 139.894104 8.426666
v 54.284088 138.809540 7.528062
v 53.762463 139.891571 9.809621
v 54.096802 138.860123 9.213148
v 54.305515 139.218246 8.756870
v 54.011086 140.154388 9.317925
v 54.322578 137.764786 8.471827
v 54.594654 138.237503 8.017498
v 52.976276 140.322556 10.359153
v 53.643158 137.465790 8.436957
v 53.661915 138.655060 9.690772
v 52.552704 139.853806 10.800008
v 53.290939 138.307480 10.041273
v 53.286568 137.048355 8.874995
v 53.832890 138.449936 6.929209
v 53.893303 139.146652 6.500172
v 52.727814 136.857834 8.152225
v 53.135471 137.284103 7.799489
v 52.448555 137.277008 10.783064
v 53.040939 137.672653 10.427805
v 52.620533 138.754776 10.923284
v 52.101501 138.545425 11.241755
v 51.291889 139.065750 11.508718
v 51.735863 137.192154 10.962395
v 51.042397 136.794876 11.269018
v 50.059437 138.324524 11.897418
v 53.370327 136.570572 9.662233
v 52.739635 136.110703 10.041970
v 51.882076 135.970871 9.907842
v 51.073307 135.517136 9.304860
v 51.600266 135.795181 9.139471
v 51.297733 135.579361 10.222150
v 49.771904 135.900864 11.581288
v 50.569950 136.257004 11.567001
v 50.104946 137.291214 11.912588
v 49.315052 136.873154 11.840562
v 48.411648 137.373718 11.578793
v 48.999279 135.827469 11.101962
v 50.283939 134.947311 11.088136
v 50.960007 135.171158 10.862017
v 49.490623 134.727188 10.573503
v 50.667152 133.690338 10.415998
v 51.349182 133.968628 10.236411
v 51.566093 134.193710 9.823576
v 50.025234 133.545181 9.877487
v 51.081108 132.493103 9.837658
v 51.780685 132.764465 9.697254
v 52.035618 133.014420 9.268855
v 50.564831 132.439713 9.277319
v 51.224461 132.168259 9.674603
v 51.919807 132.444809 9.524012
v 52.160488 132.688599 9.099592
v 50.733337 132.131027 9.102742
v 51.353199 131.783646 9.398502
v 52.035267 132.071991 9.230993
v 52.237385 132.306824 8.811472
v 50.881416 131.760574 8.818278
v 50.636761 132.314911 8.730350
v 49.983845 133.662918 9.359320
v 49.313793 134.824280 9.907372
v 48.711304 135.777573 10.176645
v 47.953300 137.003571 10.514476
v 51.904499 132.892166 8.453479
v 51.266426 134.377762 9.067738
v 50.881603 132.555832 8.286583
v 50.236511 133.802750 8.957394
v 50.733253 134.090515 8.767988
v 51.317295 132.809204 8.147067
v 50.421242 135.114685 9.059577
v 49.775169 134.834213 9.263148
v 51.612904 130.912064 8.495052
v 52.260456 131.211349 8.306347
v 52.405418 131.421738 7.911808
v 51.181625 130.916122 8.000614
v 51.136993 131.172958 7.705295
v 52.175117 131.610474 7.437021
v 52.036129 129.878571 7.580547
v 52.586811 130.214508 7.390943
v 52.688927 130.501343 7.036345
v 51.499962 129.965668 7.210829
v 51.548351 129.949326 6.688673
v 52.493992 130.485428 6.518286
v 52.182964 129.429321 7.203971
v 52.742462 129.796753 7.021137
v 52.805717 130.148041 6.812068
v 51.619965 129.584885 6.992444
v 52.315632 129.163300 6.912163
v 52.806496 129.547211 6.706219
v 52.819267 129.930817 6.374731
v 51.716114 129.283066 6.679806
v 51.352619 131.430954 7.445499
v 51.748066 130.368500 6.572990
v 51.746296 131.607880 7.312694
v 52.127789 130.502945 6.453967
v 52.344139 128.787933 6.522849
v 52.840874 129.167892 6.321529
v 52.865017 129.498520 5.952446
v 51.837864 128.962845 6.259861
v 51.791584 129.274124 6.038400
v 52.591034 129.635269 5.743079
v 52.619411 128.163132 5.802971
v 52.949753 128.358780 5.684859
v 52.981041 128.584320 5.468688
v 52.327808 128.258362 5.746521
v 52.189777 128.503555 5.513976
v 52.778423 128.805893 5.300410
v 52.555027 128.143188 5.555635
v 52.889343 128.318481 5.416839
v 52.268394 129.654648 5.754103
v 51.967335 129.565338 5.858339
v 52.290867 128.712173 5.361024
v 52.519993 128.810028 5.270738
v 52.669914 128.572800 5.225431
v 52.383434 128.441833 5.338732
v 53.709507 135.451645 9.150310
v 53.597157 135.856842 8.492393
v 53.193493 134.963272 9.404833
v 52.392128 135.092239 9.170200
v 54.244846 134.060242 8.578391
v 54.227242 134.430161 7.957680
v 53.800556 133.804321 8.845869
v 53.047806 133.662796 8.583336
v 54.366016 133.661713 8.281373
v 54.332970 134.073990 7.712469
v 53.910866 133.343674 8.552673
v 53.091522 133.341278 8.320681
v 54.394688 133.396576 7.900001
v 54.401402 133.698364 7.504584
v 53.934727 133.029892 8.199183
v 53.184666 133.067505 8.086441
v 52.874126 133.486267 7.917808
v 53.856663 134.081360 7.179666
v 53.134983 135.700882 7.991551
v 52.295395 135.030396 8.518587
v 52.438244 135.171341 8.133995
v 52.935413 133.660873 7.369367
v 52.801689 135.387161 7.882623
v 53.337372 133.992767 7.116735
v 51.861179 136.168518 8.487444
v 52.271362 136.443390 8.187684
v 54.309376 132.442368 6.642719
v 54.345757 132.701996 6.386654
v 53.929398 132.127899 6.914810
v 53.326691 132.144897 6.891434
v 53.070446 132.401260 6.633057
v 54.026016 133.060135 6.109356
v 53.452389 132.993530 6.055959
v 53.098499 132.663635 6.272986
v 53.962372 131.295364 5.955149
v 54.390282 131.653809 5.662794
v 54.428371 131.977371 5.381325
v 53.488331 131.288330 5.887736
v 53.997429 131.027176 5.609469
v 54.418049 131.407852 5.293668
v 54.460171 131.742905 5.008827
v 53.486572 131.027054 5.533080
v 53.969299 130.821320 5.301451
v 54.402901 131.191879 4.987045
v 54.472126 131.549179 4.709051
v 53.484978 130.826904 5.237616
v 54.205479 132.045364 4.803576
v 53.205006 131.298630 5.242898
v 53.258976 131.705643 5.066583
v 53.608585 132.028809 4.848354
v 53.985607 130.271194 4.333646
v 54.347210 130.614243 4.080880
v 54.420486 130.888046 3.899448
v 53.457958 130.269989 4.287308
v 54.222866 131.140625 3.667205
v 53.336315 130.521591 4.032976
v 53.386314 130.789185 3.942627
v 53.713387 131.114990 3.746677
v 53.971241 129.481155 3.332176
v 54.340000 129.815659 3.221036
v 54.368244 130.013718 3.116922
v 53.729946 129.556503 3.245618
v 54.115139 130.135132 2.954722
v 53.650604 129.721100 3.217587
v 53.726288 129.940720 3.089931
v 53.888435 130.088318 2.998628
v 53.879707 129.448181 3.135048
v 54.236378 129.733490 2.940059
v 54.028633 129.842682 2.889294
v 53.799328 129.653732 3.003057
v 54.755600 136.685822 7.708200
v 55.050144 137.050690 7.367317
v 54.861385 137.291748 6.791829
v 54.234375 136.424423 7.636798
v 54.448814 137.316055 6.499622
v 53.812141 136.492661 7.372525
v 53.428635 137.896011 6.975299
v 53.945934 136.916138 6.450348
v 53.700928 136.565338 6.838273
v 53.191612 137.538116 7.293299
v 55.035419 138.916687 6.011045
v 55.313164 139.239075 5.780864
v 54.543571 138.786469 6.017806
v 55.209011 139.537720 5.382526
v 54.283798 138.850861 5.869146
v 53.831608 139.607208 5.988582
v 54.173580 139.044662 5.572270
v 54.313992 139.361038 5.272654
v 54.091526 139.977448 5.744454
v 54.204746 141.000839 6.188216
v 54.540524 140.190033 5.673037
v 54.769825 139.582977 5.176687
v 53.778419 140.833420 6.171032
v 53.705372 142.230820 6.664289
v 52.860603 141.126007 6.623610
v 49.339657 136.978561 9.022911
v 50.266300 137.535294 8.691247
v 51.065910 138.251877 8.255701
v 51.747375 138.951843 7.725294
v 48.370766 136.965973 9.628538
v 52.297787 139.808441 7.173226
v 55.053493 136.049942 7.326795
v 55.349586 136.400970 7.004181
v 55.174389 136.685303 6.382859
v 54.560745 135.801010 7.281635
v 54.902145 136.424896 5.874373
v 54.198250 135.550186 6.785118
v 54.353474 136.101364 5.710495
v 54.012218 135.676041 6.148127
v 55.185768 135.763321 7.117593
v 55.486195 136.118301 6.774433
v 55.289879 136.396622 6.154138
v 54.682980 135.492722 7.080251
v 55.188770 135.437759 6.847779
v 55.521118 135.764404 6.510291
v 55.337399 136.088043 5.887073
v 54.732769 135.229340 6.781970
v 54.975941 134.599655 5.486724
v 55.298542 134.877899 5.165130
v 55.172153 135.297989 4.805227
v 54.596985 134.479248 5.384593
v 54.789986 135.385544 4.623533
v 54.235157 134.626419 5.230493
v 54.338963 135.258362 4.694202
v 54.110645 134.930740 4.953122
v 54.942467 133.866058 4.181972
v 55.254131 134.201553 3.935649
v 55.101795 134.555923 3.598886
v 54.534386 133.798019 4.155671
v 54.712528 134.437653 2.999355
v 54.220837 133.763885 3.573622
v 54.315475 134.334045 3.065051
v 54.111729 134.037354 3.307250
v 54.944099 133.647675 3.751310
v 55.227951 133.969437 3.526020
v 55.072624 134.365204 3.231742
v 54.529076 133.597672 3.750036
v 54.851341 133.474182 3.351149
v 55.164337 133.837494 3.099239
v 54.979069 134.174362 2.807288
v 54.493279 133.454163 3.326193
v 54.633633 133.910324 2.121440
v 54.339325 133.853928 2.170718
v 54.129299 133.575623 2.398438
v 54.259819 133.327927 2.655025
v 54.698536 133.187393 2.584329
v 55.016453 133.505951 2.379160
v 54.893600 133.779556 2.186926
v 54.477871 133.174332 2.597903
v 54.670338 133.204712 1.502448
v 54.479382 133.255539 1.578083
v 54.354961 133.063278 1.681149
v 54.455051 132.867126 1.649348
v 54.685112 132.769089 1.655011
v 54.895752 133.009399 1.603230
v 54.858807 133.144852 1.555704
v 54.559605 132.794296 1.645082
v 54.640690 132.784485 1.562501
v 54.803848 132.948532 1.464066
v 54.633423 133.055542 1.455113
v 54.505840 132.887451 1.515393
v 55.276390 138.384369 5.464329
v 55.511700 138.689560 5.219180
v 54.831833 138.249115 5.513952
v 55.371597 138.895157 4.855391
v 54.507332 138.169006 5.116807
v 54.375362 138.347153 4.940663
v 54.441261 138.659866 4.636709
v 55.013599 138.834900 4.505498
v 55.309494 138.201553 5.290028
v 55.531345 138.519089 5.033007
v 54.858437 138.037292 5.260725
v 55.375961 138.710922 4.684982
v 55.315166 138.033371 5.037861
v 55.501808 138.372086 4.773620
v 54.775055 137.870377 4.960872
v 55.320915 138.528214 4.463879
v 54.520763 137.621185 4.407572
v 54.368000 137.769028 4.256145
v 54.438110 138.079620 3.957301
v 54.916023 138.254349 3.879795
v 54.404308 137.065826 3.594830
v 54.268501 137.258102 3.507503
v 54.358200 137.541641 3.219676
v 54.717842 137.513123 2.987582
v 55.110775 137.618454 4.424092
v 55.287201 137.866287 4.186851
v 54.753784 137.547699 4.485001
v 55.192768 138.096161 3.964781
v 54.915295 137.152176 3.664547
v 55.046661 137.391525 3.441310
v 54.692318 137.088516 3.769118
v 54.954468 137.599945 3.255668
v 54.848827 136.980667 3.385363
v 54.979069 137.220551 3.162091
v 54.609188 136.964188 3.543522
v 54.907513 137.402527 3.039109
v 54.808250 136.840591 3.146266
v 54.907330 137.094238 2.923643
v 54.553127 136.821625 3.309213
v 54.808331 137.275421 2.812010
v 54.628963 136.561722 2.771526
v 54.747692 136.789627 2.549008
v 54.401756 136.574799 2.920472
v 54.657581 136.980743 2.444593
v 54.500767 137.057053 2.418224
v 54.267094 136.660202 2.929260
v 54.139549 136.831177 2.778677
v 54.250343 137.066238 2.549459
v 54.424232 136.333496 2.307138
v 54.490906 136.509567 2.111528
v 54.307537 136.333206 2.378170
v 54.486740 136.625046 2.127665
v 54.339741 136.739212 2.166642
v 54.173306 136.494934 2.448205
v 54.145168 136.573410 2.391661
v 54.219265 136.711624 2.233098
v 54.384624 136.458084 2.052263
v 54.316963 136.300705 2.181746
v 54.262798 136.544647 2.110846
v 54.196606 136.443115 2.212915
v 49.293682 139.370728 12.009331
v 47.689728 138.624802 11.668918
v 48.498215 140.276962 12.135756
v 46.990685 139.602783 11.644558
v 47.732414 141.180893 12.240396
v 46.136150 140.561859 11.510130
v 45.584328 139.702667 10.642039
v 46.334492 139.173508 10.708570
v 47.139538 142.158600 12.325368
v 45.974739 141.680923 11.760336
v 44.943943 140.882492 10.897651
v 45.060905 141.918091 11.097108
v 44.700836 140.073074 10.559357
v 47.003189 138.368835 10.747877
v 45.250832 138.939011 9.860771
v 46.056862 139.049423 9.884948
v 44.336292 139.110565 10.028096
v 44.267178 138.271530 9.551371
v 44.926998 138.187683 9.401310
v 45.278873 138.227081 8.908072
v 45.997196 139.002228 8.961030
v 47.275532 138.156311 9.792488
v 48.017128 138.355667 9.259326
v 44.617027 142.141296 10.000067
v 44.419636 141.209915 9.862682
v 44.199741 140.483093 9.629568
v 43.966187 139.706436 9.306530
v 43.870686 138.581436 9.031013
v 44.865814 137.492630 9.054642
v 45.176266 137.527145 8.630766
v 44.916096 136.818237 8.786078
v 45.330490 136.522125 8.127142
v 44.896114 136.494247 8.697419
v 44.987926 136.119064 8.460509
v 44.273872 137.564667 9.191076
v 44.261723 136.924927 8.935727
v 44.276646 136.456467 8.708840
v 44.307880 136.054916 8.382426
v 43.926029 139.781326 8.814794
v 43.864147 138.752365 8.577461
v 44.178883 139.888336 8.036875
v 44.192631 138.775558 7.982870
v 45.614151 144.695419 11.879359
v 44.864159 145.856567 11.887752
v 44.836380 143.317307 10.210776
v 45.251041 143.034195 11.301555
v 45.849010 142.523361 11.856865
v 46.524055 143.390442 12.366753
v 50.630516 140.057922 11.769094
v 49.917927 140.963791 12.018106
v 49.196869 141.836548 12.256274
v 48.466232 142.721024 12.495779
v 47.629410 143.668610 12.665257
v 47.877140 139.333420 8.895758
v 48.938240 138.928986 8.991709
v 52.132671 141.964203 6.917815
v 51.391644 142.520370 7.117017
v 49.831261 139.700729 8.738301
v 50.674347 140.464005 8.266644
v 51.417145 141.047485 7.628602
v 48.757629 140.137131 8.816402
v 49.745667 140.988495 8.532107
v 50.549244 141.754105 7.919620
v 43.882797 137.954483 8.232206
v 44.185570 137.844894 7.708524
v 43.799797 137.157547 7.810440
v 44.038513 136.695389 6.990355
v 43.715046 136.723923 7.614900
v 43.688076 136.295334 7.400080
v 43.856838 137.795303 8.792279
v 43.796310 137.100876 8.527135
v 43.757938 136.576920 8.292830
v 43.844963 136.115906 7.987240
v 45.266655 138.223145 8.268568
v 45.543076 139.059448 8.301148
v 45.999390 139.641434 8.281635
v 45.191444 137.512436 7.988731
v 45.324959 136.536499 7.543587
v 44.778767 138.534576 7.855953
v 44.923660 139.388397 7.938366
v 45.335205 140.111710 7.950715
v 44.707233 137.736191 7.560342
v 44.628479 136.701462 6.867478
v 47.754444 141.649643 8.351072
v 46.825500 140.542328 8.255974
v 48.661129 142.853973 8.191376
v 50.045872 143.674789 7.364121
v 45.534260 135.378372 6.975424
v 44.925663 135.633209 6.324944
v 45.561764 135.337006 7.540911
v 44.129398 135.670135 6.248839
v 43.921371 135.445419 6.687153
v 45.176441 135.177612 7.850971
v 44.553555 135.175446 7.692567
v 44.111603 135.338242 7.324883
v 45.451805 134.247498 6.697628
v 45.044689 134.338150 6.149786
v 45.425732 134.128494 6.987043
v 44.678074 134.266708 6.043059
v 44.374081 134.227325 6.372373
v 45.202358 133.976303 7.170678
v 44.859123 133.942749 7.121913
v 44.497101 133.979462 6.718001
v 44.654198 133.849213 6.406651
v 45.038254 133.766953 6.906237
v 45.269730 133.888199 6.692449
v 44.876377 133.965790 6.219420
v 45.922855 140.981094 7.959518
v 46.586227 142.075867 7.999044
v 47.357418 143.539047 8.029146
v 45.110012 142.166260 7.809274
v 45.612980 143.342575 7.918835
v 49.200466 144.546707 7.467317
v 47.623615 147.127701 7.775807
v 48.463394 145.765869 7.549266
v 46.034573 146.787949 8.548883
v 46.004196 144.637375 8.181853
v 44.343811 140.568832 7.931176
v 44.669636 141.264755 7.826354
v 44.091709 140.685852 8.777735
v 44.683510 143.427292 8.920858
v 44.420998 142.198013 8.828881
v 44.229706 141.312134 8.797589
v 51.747490 140.739700 11.248250
v 51.073212 141.686035 11.576653
v 50.451511 142.616226 11.879582
v 49.783691 143.554703 12.232499
v 48.981911 144.611649 12.594124
v 50.264023 146.329956 7.255091
v 49.564732 147.604980 7.531535
v 50.903984 146.773941 8.182688
v 49.963093 149.067230 8.349430
v 50.294369 136.167892 8.883214
v 50.819687 136.510956 8.707289
v 49.840984 135.910477 9.002977
v 49.116737 135.825455 9.407227
v 51.196774 136.820602 8.479309
v 51.630505 137.205566 8.158211
v 51.944351 137.511383 7.915119
v 52.305019 137.910965 7.598548
v 52.803844 138.642593 7.070447
v 53.006813 139.125336 6.814340
v 52.536572 138.207047 7.361996
v 53.185841 139.862915 6.480941
v 53.381931 140.294708 6.299992
v 53.046097 142.905807 6.726712
v 52.450829 143.498932 6.756887
v 51.702896 144.337357 6.813400
v 51.008705 145.275299 6.967803
v 53.650043 143.229752 7.705141
v 53.142330 143.883636 7.711275
v 52.237213 145.036194 7.798966
v 51.578518 145.864716 7.951418
v 53.523708 142.981796 8.821460
v 53.026096 143.763641 8.894916
v 52.205120 145.064285 9.095007
v 51.647018 145.964645 9.229850
v 53.091702 142.266098 9.750549
v 52.596504 143.193176 9.942789
v 51.730301 144.836121 10.307601
v 51.153290 145.904861 10.610295
v 52.471909 141.450790 10.599751
v 51.947178 142.448013 10.868924
v 51.420517 143.398560 11.148795
v 50.893860 144.327835 11.489086
v 50.187351 145.459106 11.884411
v 47.011833 138.831894 9.190506
v 46.979210 139.561707 8.627972
v 47.558720 140.128189 8.583664
v 48.439781 141.282730 8.570871
v 49.631386 142.286942 8.143562
v 50.704445 143.064682 7.260978
v 52.058105 143.948502 6.788472
v 52.705719 144.441345 7.745229
v 52.616173 144.412491 8.982105
v 52.130047 144.111832 10.093725
v 14.122927 39.877964 4.636775
v 7.399113 39.016285 8.346300
v 7.350770 31.840321 7.426451
v 15.105676 33.938908 4.236107
v 15.268001 24.387852 2.390739
v 6.539888 23.376362 5.887264
v 10.392761 38.390705 9.379349
v 10.394865 32.872135 8.438718
v 9.610778 23.756077 5.553235
v 12.326564 38.598164 8.564280
v 12.229191 33.351627 7.995772
v 11.211616 23.790409 4.932190
v 5.942063 32.341755 4.117047
v 5.864735 38.567081 4.892966
v 4.869837 23.932865 3.482869
v 15.272841 28.948948 3.461891
v 11.718680 28.321827 6.562017
v 10.044345 27.864292 7.188811
v 6.759994 27.201893 6.818449
v 5.267919 27.836704 3.832392
v 6.395841 27.680119 1.743474
v 5.743523 24.628452 1.627889
v 5.638773 38.017673 1.060167
v 6.747274 32.444965 1.842704
v 9.939213 28.493702 0.665422
v 9.435603 25.201725 0.454688
v 8.701451 36.727055 -2.574111
v 9.835086 32.602360 0.022995
v 13.755454 28.910084 0.321650
v 13.045358 25.344898 -0.175623
v 13.372809 36.999546 -2.616699
v 13.512429 33.014393 -0.432308
v 11.573993 36.748280 -2.815216
v 11.966951 33.095219 -0.476169
v 12.047869 29.067585 0.443311
v 11.568074 25.530476 0.043874
v 6.585851 36.961994 -1.261612
v 8.121515 32.433475 0.655672
v 8.111098 27.936481 1.002558
v 7.770755 24.854328 0.774504
v 15.390176 33.381443 1.366825
v 15.777875 28.907658 1.272566
v 15.924509 24.718586 0.544115
v 13.912662 38.778782 0.768189
v 14.131124 42.190311 3.208911
v 12.187534 42.154881 8.550156
v 10.275522 42.045887 9.593565
v 7.480294 42.434849 8.495491
v 5.419373 42.100803 5.626963
v 5.089120 41.516270 -0.130842
v 5.499185 40.619801 -2.889856
v 7.622557 39.995579 -4.101610
v 11.191453 39.836948 -4.579283
v 12.953868 40.402348 -4.358303
v 13.125640 41.917439 -0.200295
v 14.228318 45.358875 2.626192
v 11.851809 46.269230 8.997469
v 9.945179 46.380405 9.684410
v 7.133257 46.071949 8.514753
v 5.628464 45.535709 5.158128
v 5.646938 44.831577 0.355537
v 5.639502 45.139637 -2.973137
v 7.083714 45.454121 -4.434355
v 11.218610 43.914295 -4.983765
v 12.760599 42.801731 -4.152554
v 12.534892 44.182850 0.241714
v 14.333074 43.918171 2.744193
v 12.060579 44.235691 8.793446
v 10.130932 44.269581 9.618206
v 7.342330 44.105244 8.476032
v 5.401558 43.700184 5.315140
v 5.109258 43.299122 -0.089293
v 5.121488 43.120609 -3.074839
v 6.967607 42.471912 -4.868107
v 10.957538 41.831455 -5.177040
v 12.872951 41.765553 -4.263439
v 12.788706 43.199772 0.050522
v 13.534740 47.129139 3.091623
v 11.545781 48.549351 9.141677
v 9.850163 48.787373 9.657282
v 7.386004 48.414936 8.867607
v 5.494871 47.792667 5.877049
v 6.245623 47.211552 2.315095
v 11.616870 46.525379 0.885679
v 11.915245 44.315449 -3.461769
v 10.907399 46.048008 -0.552196
v 12.507753 43.393482 -2.117605
v 12.933224 42.441456 -2.286345
v 13.375878 41.151203 -2.483874
v 14.076773 37.990360 -1.193020
v 14.781425 33.257450 0.064532
v 15.060685 28.960911 0.582719
v 14.735478 25.341419 -0.165269
v 6.746397 46.798603 -0.662842
v 7.375301 46.812717 -1.398273
v 9.096824 45.362431 -4.878998
v 8.438292 46.674580 -1.937134
v 9.224972 46.659718 -1.697942
v 9.750664 45.586948 -3.870388
v 10.928812 45.202961 -3.627333
v 10.150443 46.413792 -1.196282
v 12.618590 46.986652 1.953593
v 13.348330 45.132130 1.409316
v 13.597584 43.466206 1.423749
v 13.614180 42.058079 1.584462
v 14.060491 39.355961 2.777713
v 15.460097 33.274097 2.809426
v 15.830821 28.790821 2.343488
v 15.955332 24.611805 1.407811
v 13.081795 47.555210 6.257605
v 13.426738 45.490604 5.935818
v 13.585185 44.129032 5.767407
v 13.546767 42.785725 5.907088
v 13.702307 39.904484 6.423504
v 14.393858 33.931049 5.962627
v 14.086809 28.828449 4.800666
v 13.621925 24.340626 3.635931
v 12.732111 51.366444 3.984413
v 12.458434 51.995472 6.601302
v 9.530382 54.711948 9.969349
v 7.391995 55.033161 9.124557
v 11.237555 54.415531 9.251654
v 5.898482 54.149876 6.805827
v 6.023029 52.274509 3.949012
v 11.383274 50.787220 1.933998
v 12.226806 50.919239 2.640939
v 10.627988 50.728840 1.429825
v 6.870003 51.520679 1.907195
v 7.806391 50.812626 0.644824
v 8.513055 50.759098 0.438494
v 9.276215 50.653263 0.591321
v 9.982167 50.700520 0.987729
v 13.073293 49.175404 3.427697
v 12.766026 49.749073 6.346240
v 11.354375 51.025181 9.116467
v 9.620431 51.325367 9.626501
v 7.336338 51.267384 8.739980
v 5.640122 50.372486 6.547805
v 6.145252 49.642643 3.516967
v 6.957314 48.899509 1.108087
v 7.610412 48.298908 -0.167390
v 8.419169 48.165836 -0.500485
v 9.010360 48.196293 -0.347118
v 9.732314 48.108036 -0.002367
v 10.389552 47.963062 0.463410
v 11.273043 48.504414 1.462760
v 12.446301 48.981602 2.422643
v 9.550630 60.547642 11.110875
v 7.254609 61.636265 10.456720
v 5.486833 61.350163 8.141472
v 5.813086 59.129398 3.060625
v 7.001982 58.935123 1.591247
v 12.437948 59.731876 5.497846
v 12.300408 59.988483 7.456715
v 11.544242 60.211658 9.791492
v 5.151851 60.150700 5.196139
v 11.502131 59.147953 3.066448
v 12.125124 59.495426 4.065764
v 10.801202 59.035221 2.337022
v 8.326014 58.910358 1.114327
v 9.400282 58.876225 1.327917
v 10.122037 58.976337 1.768068
v 6.489642 18.577381 3.678232
v 8.960288 18.676273 3.037987
v 12.758565 18.542744 1.656248
v 5.833113 19.448231 2.403215
v 6.565041 20.138218 1.450182
v 7.952450 20.256168 1.075451
v 9.489820 19.573795 1.622131
v 14.460926 20.462986 0.557249
v 14.961947 20.344776 0.465293
v 15.407269 20.637257 1.026838
v 15.176534 20.352482 1.487853
v 6.524081 20.759129 4.917598
v 9.558979 19.409367 4.199946
v 11.136774 19.477970 3.652940
v 13.341820 20.018757 2.636786
v 15.395438 21.437061 1.720140
v 15.725810 21.951710 1.219480
v 15.341195 21.987873 0.478226
v 14.180935 22.431812 0.273850
v 12.662517 22.396442 0.259613
v 11.240358 22.413227 0.341895
v 9.488729 22.331486 0.583406
v 8.016397 22.328236 0.840346
v 6.059349 22.296421 1.596469
v 5.368199 21.667377 2.937530
v 5.955003 18.942738 3.141948
v 5.576417 21.182499 4.040323
v 5.291545 23.597111 4.936037
v 5.562719 27.528049 5.616472
v 6.262700 32.090794 6.000892
v 6.417673 38.776768 6.786322
v 6.381642 42.267216 7.160627
v 6.161439 43.912861 7.079266
v 6.026033 45.796070 7.085106
v 6.167185 48.088840 7.601346
v 6.394106 50.827885 7.757502
v 6.558558 54.592808 8.075514
v 6.250432 61.470478 9.439334
v 7.991647 18.577564 3.805674
v 8.082995 20.490803 4.728187
v 8.010714 23.584736 5.944993
v 8.230295 27.416325 7.288192
v 8.646467 32.058048 8.123005
v 8.606048 39.256290 9.230161
v 8.574538 42.430393 9.312773
v 8.449000 44.184498 9.282782
v 8.265963 46.193104 9.335135
v 8.414086 48.577396 9.441902
v 8.283032 51.283894 9.350103
v 8.268604 54.856678 9.714554
v 8.212880 61.110157 10.932846
v 6.188761 17.334660 0.979829
v 6.277538 16.924946 1.973538
v 8.914414 19.509480 1.335828
v 9.405361 18.643711 2.749550
v 9.977623 19.972843 1.198907
v 12.327356 20.195545 0.793360
v 13.855154 20.299152 0.755553
v 13.305938 20.309208 0.783304
v 13.036662 19.481495 1.316177
v 14.930771 20.120365 0.639049
v 15.256817 20.030704 0.925726
v 14.240416 20.183903 1.176073
v 14.548199 20.122318 0.624146
v 14.355647 19.954182 0.831259
v 14.446096 19.781498 0.574478
v 14.898916 19.860706 0.652768
v 14.951710 19.776829 0.919750
v 14.557410 19.748905 0.934008
v 14.732183 19.842930 1.250044
v 14.862668 20.061832 1.558740
v 15.085093 19.879581 1.273269
v 12.436012 59.815495 6.134578
v 12.719204 51.575321 4.836257
v 13.150881 49.388477 4.386022
v 13.568917 47.306080 4.138782
v 14.250511 45.449879 3.753693
v 14.368879 43.993946 3.787457
v 14.126157 42.389652 4.121931
v 14.063816 39.895435 5.234501
v 14.922537 33.936756 4.815590
v 14.929769 28.884571 3.898258
v 14.717041 24.424458 2.865969
v 14.717918 20.931583 2.074943
v 14.223784 19.167423 1.404296
v 13.539688 19.080906 1.414079
v 14.247508 19.354023 0.190562
v 14.046692 18.919315 0.455010
v 13.948224 19.631290 0.039098
v 13.313668 19.640995 0.076979
v 13.232989 19.283558 0.370402
v 11.163019 18.396610 2.020809
v 10.997425 18.580250 2.935221
v 13.612622 18.926167 0.448494
v 13.986349 19.160313 -0.170322
v 13.620723 19.142323 -0.162704
v 10.080441 18.272465 3.394851
v 9.634537 17.600300 1.244265
v 10.006885 17.170551 1.671862
v 10.624927 17.260166 1.358661
v 11.010426 17.636494 0.817382
v 11.968474 19.634800 3.325716
v 12.378216 24.059589 4.366578
v 12.977902 28.665470 5.767551
v 13.509025 33.676426 7.096700
v 13.211929 39.094532 7.529739
v 12.837229 42.390537 7.480242
v 12.793090 44.248417 7.615020
v 12.646722 45.974461 7.812295
v 12.345202 48.202763 8.116512
v 12.142003 50.415653 8.169634
v 11.943357 53.031330 8.272417
v 11.891079 60.136600 9.092606
v 11.451059 18.528309 1.837992
v 11.769355 18.244572 1.791002
v 9.109716 42.045002 -5.153450
v 9.573816 39.651646 -4.321268
v 10.267395 36.639256 -2.718591
v 10.843089 32.991596 -0.314169
v 10.942092 28.921696 0.565207
v 10.663957 25.379871 0.221915
v 10.390005 22.397297 0.443861
v 10.507378 20.018681 1.023900
v 11.360367 19.679447 0.900680
v 10.966117 19.652439 0.896443
v 11.770878 20.166981 0.845441
v 10.986122 18.180927 -0.084492
v 11.518844 18.781345 -0.009247
v 11.548182 18.184361 0.501238
v 11.919451 18.095585 -0.356448
v 12.236904 19.054295 -0.334346
v 11.894716 19.051594 -0.223388
v 12.832661 18.888279 -0.118675
v 12.692823 18.290928 0.114696
v 12.000674 18.025730 0.608006
v 12.536332 18.315464 -0.428997
v 9.715921 18.173054 0.497933
v 9.937077 18.361149 0.128060
v 10.470798 18.488483 -0.125390
v 9.992351 17.701633 -0.293757
v 9.845116 17.176380 0.284448
v 10.489386 17.837711 -0.403048
v 10.623363 17.122562 -0.021519
v 9.576884 18.097828 1.940804
v 10.213079 17.433506 2.558296
v 10.821861 17.660236 2.177855
v 11.117864 18.066532 1.533826
v 10.929085 18.811634 0.293444
v 10.490360 19.172825 0.445967
v 9.985765 19.047565 0.711910
v 9.762385 18.863728 1.017088
v 8.976698 17.056843 1.782924
v 9.059612 17.786060 0.318123
v 6.884878 17.814182 0.145597
v 8.127493 18.051731 -0.155063
v 6.743649 16.849644 2.610088
v 8.228658 16.912388 2.655918
v 7.122412 15.936223 0.006503
v 8.391547 16.216068 -0.221035
v 7.277328 15.360112 1.042412
v 8.478455 15.494817 0.814034
v 7.183827 15.603383 1.508590
v 8.478917 15.717046 1.396802
v 7.024324 16.441502 -0.122888
v 8.283368 16.710484 -0.384381
v 8.824306 15.813039 1.007052
v 8.822660 16.523991 -0.141273
v 6.785262 16.193684 0.213943
v 6.911864 15.648961 1.238093
v -14.122927 39.877964 4.636775
v -7.399113 39.016285 8.346300
v -7.350770 31.840321 7.426451
v -15.105676 33.938908 4.236107
v -15.268001 24.387852 2.390739
v -6.539888 23.376362 5.887264
v -10.392761 38.390705 9.379349
v -10.394865 32.872135 8.438718
v -9.610778 23.756077 5.553235
v -12.326564 38.598164 8.564280
v -12.229191 33.351627 7.995772
v -11.211616 23.790409 4.932190
v -5.942063 32.341755 4.117047
v -5.864735 38.567081 4.892966
v -4.869837 23.932865 3.482869
v -15.272841 28.948948 3.461891
v -11.718680 28.321827 6.562017
v -10.044345 27.864292 7.188811
v -6.759994 27.201893 6.818449
v -5.267919 27.836704 3.832392
v -6.395841 27.680119 1.743474
v -5.743523 24.628452 1.627889
v -5.638773 38.017673 1.060167
v -6.747274 32.444965 1.842704
v -9.939213 28.493702 0.665422
v -9.435603 25.201725 0.454688
v -8.701451 36.727055 -2.574111
v -9.835086 32.602360 0.022995
v -13.755454 28.910084 0.321650
v -13.045358 25.344898 -0.175623
v -13.372809 36.999546 -2.616699
v -13.512429 33.014393 -0.432308
v -11.573993 36.748280 -2.815216
v -11.966951 33.095219 -0.476169
v -12.047869 29.067585 0.443311
v -11.568074 25.530476 0.043874
v -6.585851 36.961994 -1.261612
v -8.121515 32.433475 0.655672
v -8.111098 27.936481 1.002558
v -7.770755 24.854328 0.774504
v -15.390176 33.381443 1.366825
v -15.777875 28.907658 1.272566
v -15.924509 24.718586 0.544115
v -13.912662 38.778782 0.768189
v -14.131124 42.190311 3.208911
v -12.187534 42.154881 8.550156
v -10.275522 42.045887 9.593565
v -7.480294 42.434849 8.495491
v -5.419373 42.100803 5.626963
v -5.089120 41.516270 -0.130842
v -5.499185 40.619801 -2.889856
v -7.622557 39.995579 -4.101610
v -11.191453 39.836948 -4.579283
v -12.953868 40.402348 -4.358303
v -13.125640 41.917439 -0.200295
v -14.228318 45.358875 2.626192
v -11.851809 46.269230 8.997469
v -9.945179 46.380405 9.684410
v -7.133257 46.071949 8.514753
v -5.628464 45.535709 5.158128
v -5.646938 44.831577 0.355537
v -5.639502 45.139637 -2.973137
v -7.083714 45.454121 -4.434355
v -11.218610 43.914295 -4.983765
v -12.760599 42.801731 -4.152554
v -12.534892 44.182850 0.241714
v -14.333074 43.918171 2.744193
v -12.060579 44.235691 8.793446
v -10.130932 44.269581 9.618206
v -7.342330 44.105244 8.476032
v -5.401558 43.700184 5.315140
v -5.109258 43.299122 -0.089293
v -5.121488 43.120609 -3.074839
v -6.967607 42.471912 -4.868107
v -10.957538 41.831455 -5.177040
v -12.872951 41.765553 -4.263439
v -12.788706 43.199772 0.050522
v -13.534740 47.129139 3.091623
v -11.545781 48.549351 9.141677
v -9.850163 48.787373 9.657282
v -7.386004 48.414936 8.867607
v -5.494871 47.792667 5.877049
v -6.245623 47.211552 2.315095
v -11.616870 46.525379 0.885679
v -11.915245 44.315449 -3.461769
v -10.907399 46.048008 -0.552196
v -12.507753 43.393482 -2.117605
v -12.933224 42.441456 -2.286345
v -13.375878 41.151203 -2.483874
v -14.076773 37.990360 -1.193020
v -14.781425 33.257450 0.064532
v -15.060685 28.960911 0.582719
v -14.735478 25.341419 -0.165269
v -6.746397 46.798603 -0.662842
v -7.375301 46.812717 -1.398273
v -9.096824 45.362431 -4.878998
v -8.438292 46.674580 -1.937134
v -9.224972 46.659718 -1.697942
v -9.750664 45.586948 -3.870388
v -10.928812 45.202961 -3.627333
v -10.150443 46.413792 -1.196282
v -12.618590 46.986652 1.953593
v -13.348330 45.132130 1.409316
v -13.597584 43.466206 1.423749
v -13.614180 42.058079 1.584462
v -14.060491 39.355961 2.777713
v -15.460097 33.274097 2.809426
v -15.830821 28.790821 2.343488
v -15.955332 24.611805 1.407811
v -13.081795 47.555210 6.257605
v -13.426738 45.490604 5.935818
v -13.585185 44.129032 5.767407
v -13.546767 42.785725 5.907088
v -13.702307 39.904484 6.423504
v -14.393858 33.931049 5.962627
v -14.086809 28.828449 4.800666
v -13.621925 24.340626 3.635931
v -12.732111 51.366444 3.984413
v -12.458434 51.995472 6.601302
v -9.530382 54.711948 9.969349
v -7.391995 55.033161 9.124557
v -11.237555 54.415531 9.251654
v -5.898482 54.149876 6.805827
v -6.023029 52.274509 3.949012
v -11.383274 50.787220 1.933998
v -12.226806 50.919239 2.640939
v -10.627988 50.728840 1.429825
v -6.870003 51.520679 1.907195
v -7.806391 50.812626 0.644824
v -8.513055 50.759098 0.438494
v -9.276215 50.653263 0.591321
v -9.982167 50.700520 0.987729
v -13.073293 49.175404 3.427697
v -12.766026 49.749073 6.346240
v -11.354375 51.025181 9.116467
v -9.620431 51.325367 9.626501
v -7.336338 51.267384 8.739980
v -5.640122 50.372486 6.547805
v -6.145252 49.642643 3.516967
v -6.957314 48.899509 1.108087
v -7.610412 48.298908 -0.167390
v -8.419169 48.165836 -0.500485
v -9.010360 48.196293 -0.347118
v -9.732314 48.108036 -0.002367
v -10.389552 47.963062 0.463410
v -11.273043 48.504414 1.462760
v -12.446301 48.981602 2.422643
v -9.550630 60.547642 11.110875
v -7.254609 61.636265 10.456720
v -5.486833 61.350163 8.141472
v -5.813086 59.129398 3.060625
v -7.001982 58.935123 1.591247
v -12.437948 59.731876 5.497846
v -12.300408 59.988483 7.456715
v -11.544242 60.211658 9.791492
v -5.151851 60.150700 5.196139
v -11.502131 59.147953 3.066448
v -12.125124 59.495426 4.065764
v -10.801202 59.035221 2.337022
v -8.326014 58.910358 1.114327
v -9.400282 58.876225 1.327917
v -10.122037 58.976337 1.768068
v -6.489642 18.577381 3.678232
v -8.960288 18.676273 3.037987
v -12.758565 18.542744 1.656248
v -5.833113 19.448231 2.403215
v -6.565041 20.138218 1.450182
v -7.952450 20.256168 1.075451
v -9.489820 19.573795 1.622131
v -14.460926 20.462986 0.557249
v -14.961947 20.344776 0.465293
v -15.407269 20.637257 1.026838
v -15.176534 20.352482 1.487853
v -6.524081 20.759129 4.917598
v -9.558979 19.409367 4.199946
v -11.136774 19.477970 3.652940
v -13.341820 20.018757 2.636786
v -15.395438 21.437061 1.720140
v -15.725810 21.951710 1.219480
v -15.341195 21.987873 0.478226
v -14.180935 22.431812 0.273850
v -12.662517 22.396442 0.259613
v -11.240358 22.413227 0.341895
v -9.488729 22.331486 0.583406
v -8.016397 22.328236 0.840346
v -6.059349 22.296421 1.596469
v -5.368199 21.667377 2.937530
v -5.955003 18.942738 3.141948
v -5.576417 21.182499 4.040323
v -5.291545 23.597111 4.936037
v -5.562719 27.528049 5.616472
v -6.262700 32.090794 6.000892
v -6.417673 38.776768 6.786322
v -6.381642 42.267216 7.160627
v -6.161439 43.912861 7.079266
v -6.026033 45.796070 7.085106
v -6.167185 48.088840 7.601346
v -6.394106 50.827885 7.757502
v -6.558558 54.592808 8.075514
v -6.250432 61.470478 9.439334
v -7.991647 18.577564 3.805674
v -8.082995 20.490803 4.728187
v -8.010714 23.584736 5.944993
v -8.230295 27.416325 7.288192
v -8.646467 32.058048 8.123005
v -8.606048 39.256290 9.230161
v -8.574538 42.430393 9.312773
v -8.449000 44.184498 9.282782
v -8.265963 46.193104 9.335135
v -8.414086 48.577396 9.441902
v -8.283032 51.283894 9.350103
v -8.268604 54.856678 9.714554
v -8.212880 61.110157 10.932846
v -6.188761 17.334660 0.979829
v -6.277538 16.924946 1.973538
v -8.914414 19.509480 1.335828
v -9.405361 18.643711 2.749550
v -9.977623 19.972843 1.198907
v -12.327356 20.195545 0.793360
v -13.855154 20.299152 0.755553
v -13.305938 20.309208 0.783304
v -13.036662 19.481495 1.316177
v -14.930771 20.120365 0.639049
v -15.256817 20.030704 0.925726
v -14.240416 20.183903 1.176073
v -14.548199 20.122318 0.624146
v -14.355647 19.954182 0.831259
v -14.446096 19.781498 0.574478
v -14.898916 19.860706 0.652768
v -14.951710 19.776829 0.919750
v -14.557410 19.748905 0.934008
v -14.732183 19.842930 1.250044
v -14.862668 20.061832 1.558740
v -15.085093 19.879581 1.273269
v -12.436012 59.815495 6.134578
v -12.719204 51.575321 4.836257
v -13.150881 49.388477 4.386022
v -13.568917 47.306080 4.138782
v -14.250511 45.449879 3.753693
v -14.368879 43.993946 3.787457
v -14.126157 42.389652 4.121931
v -14.063816 39.895435 5.234501
v -14.922537 33.936756 4.815590
v -14.929769 28.884571 3.898258
v -14.717041 24.424458 2.865969
v -14.717918 20.931583 2.074943
v -14.223784 19.167423 1.404296
v -13.539688 19.080906 1.414079
v -14.247508 19.354023 0.190562
v -14.046692 18.919315 0.455010
v -13.948224 19.631290 0.039098
v -13.313668 19.640995 0.076979
v -13.232989 19.283558 0.370402
v -11.163019 18.396610 2.020809
v -10.997425 18.580250 2.935221
v -13.612622 18.926167 0.448494
v -13.986349 19.160313 -0.170322
v -13.620723 19.142323 -0.162704
v -10.080441 18.272465 3.394851
v -9.634537 17.600300 1.244265
v -10.006885 17.170551 1.671862
v -10.624927 17.260166 1.358661
v -11.010426 17.636494 0.817382
v -11.968474 19.634800 3.325716
v -12.378216 24.059589 4.366578
v -12.977902 28.665470 5.767551
v -13.509025 33.676426 7.096700
v -13.211929 39.094532 7.529739
v -12.837229 42.390537 7.480242
v -12.793090 44.248417 7.615020
v -12.646722 45.974461 7.812295
v -12.345202 48.202763 8.116512
v -12.142003 50.415653 8.169634
v -11.943357 53.031330 8.272417
v -11.891079 60.136600 9.092606
v -11.451059 18.528309 1.837992
v -11.769355 18.244572 1.791002
v -9.109716 42.045002 -5.153450
v -9.573816 39.651646 -4.321268
v -10.267395 36.639256 -2.718591
v -10.843089 32.991596 -0.314169
v -10.942092 28.921696 0.565207
v -10.663957 25.379871 0.221915
v -10.390005 22.397297 0.443861
v -10.507378 20.018681 1.023900
v -11.360367 19.679447 0.900680
v -10.966117 19.652439 0.896443
v -11.770878 20.166981 0.845441
v -10.986122 18.180927 -0.084492
v -11.518844 18.781345 -0.009247
v -11.548182 18.184361 0.501238
v -11.919451 18.095585 -0.356448
v -12.236904 19.054295 -0.334346
v -11.894716 19.051594 -0.223388
v -12.832661 18.888279 -0.118675
v -12.692823 18.290928 0.114696
v -12.000674 18.025730 0.608006
v -12.536332 18.315464 -0.428997
v -9.715921 18.173054 0.497933
v -9.937077 18.361149 0.128060
v -10.470798 18.488483 -0.125390
v -9.992351 17.701633 -0.293757
v -9.845116 17.176380 0.284448
v -10.489386 17.837711 -0.403048
v -10.623363 17.122562 -0.021519
v -9.576884 18.097828 1.940804
v -10.213079 17.433506 2.558296
v -10.821861 17.660236 2.177855
v -11.117864 18.066532 1.533826
v -10.929085 18.811634 0.293444
v -10.490360 19.172825 0.445967
v -9.985765 19.047565 0.711910
v -9.762385 18.863728 1.017088
v -8.976698 17.056843 1.782924
v -9.059612 17.786060 0.318123
v -6.884878 17.814182 0.145597
v -8.127493 18.051731 -0.155063
v -6.743649 16.849644 2.610088
v -8.228658 16.912388 2.655918
v -7.122412 15.936223 0.006503
v -8.391547 16.216068 -0.221035
v -7.277328 15.360112 1.042412
v -8.478455 15.494817 0.814034
v -7.183827 15.603383 1.508590
v -8.478917 15.717046 1.396802
v -7.024324 16.441502 -0.122888
v -8.283368 16.710484 -0.384381
v -8.824306 15.813039 1.007052
v -8.822660 16.523991 -0.141273
v -6.785262 16.193684 0.213943
v -6.911864 15.648961 1.238093
v -16.859005 118.290710 -0.075827
v -19.355377 117.940163 2.596181
v -21.489193 117.771500 5.174743
v -22.778517 117.136215 9.045351
v -23.641321 119.195900 13.813004
v -22.523769 120.341766 18.069656
v -19.811398 121.495499 20.447933
v -17.183546 122.325897 22.365040
v -14.934020 122.982002 24.504707
v -12.327055 123.791985 26.148750
v -9.589972 124.399742 27.026043
v -6.763332 124.885132 27.366518
v -3.597998 125.344528 27.550280
v 0.000000 125.370682 27.748484
v 3.597998 125.344528 27.550280
v 6.763332 124.885132 27.366518
v 9.589972 124.399742 27.026043
v 12.327055 123.791985 26.148750
v 14.934020 122.982002 24.504707
v 17.183546 122.325897 22.365040
v 19.811398 121.495499 20.447933
v 22.523769 120.341766 18.069656
v 23.641321 119.195900 13.813004
v 22.778517 117.136215 9.045351
v 21.489193 117.771500 5.174743
v 19.355377 117.940163 2.596181
v 16.859005 118.290710 -0.075827
v 14.680315 118.997597 -2.050909
v 12.408210 119.240921 -3.859842
v 9.737243 119.569527 -5.464142
v 6.715963 119.561424 -6.679882
v 3.616006 119.579895 -7.509457
v 0.000000 119.422554 -7.927517
v -3.616006 119.579895 -7.509457
v -6.715963 119.561424 -6.679882
v -9.737243 119.569527 -5.464142
v -12.408210 119.240921 -3.859842
v -14.680315 118.997597 -2.050909
vt 0.077546 0.868964
vt 0.077615 0.871241
vt 0.074660 0.871162
vt 0.074260 0.868677
vt 0.080560 0.870984
vt 0.080809 0.868479
vt 0.083723 0.867991
vt 0.083334 0.870665
vt 0.073731 0.865110
vt 0.077435 0.865278
vt 0.081122 0.864887
vt 0.084084 0.864677
vt 0.077740 0.875391
vt 0.074866 0.875490
vt 0.083540 0.875214
vt 0.080615 0.875317
vt 0.063313 0.876064
vt 0.064001 0.868839
vt 0.068584 0.870287
vt 0.068389 0.875707
vt 0.091060 0.868023
vt 0.092182 0.875193
vt 0.087093 0.875143
vt 0.086572 0.869744
vt 0.064713 0.865173
vt 0.067864 0.865132
vt 0.068388 0.867939
vt 0.063904 0.866655
vt 0.086980 0.864555
vt 0.090127 0.864406
vt 0.091024 0.865837
vt 0.086626 0.867388
vt 0.070186 0.882738
vt 0.065701 0.882600
vt 0.090192 0.881861
vt 0.085724 0.882269
vt 0.077904 0.880808
vt 0.074308 0.882103
vt 0.081571 0.881884
vt 0.083462 0.882090
vt 0.058812 0.880980
vt 0.062604 0.885414
vt 0.096971 0.879829
vt 0.093453 0.884483
vt 0.054856 0.877039
vt 0.058405 0.873518
vt 0.096927 0.872356
vt 0.100682 0.875656
vt 0.059659 0.868599
vt 0.095379 0.867521
vt 0.099729 0.870132
vt 0.099106 0.866322
vt 0.103537 0.864974
vt 0.103297 0.871469
vt 0.055866 0.867627
vt 0.055475 0.871468
vt 0.051993 0.873018
vt 0.051362 0.866549
vt 0.097635 0.862827
vt 0.101402 0.861129
vt 0.059772 0.861002
vt 0.057124 0.864050
vt 0.053261 0.862582
vt 0.056615 0.858754
vt 0.093171 0.854889
vt 0.097824 0.857511
vt 0.094808 0.859945
vt 0.090778 0.857808
vt 0.061101 0.855857
vt 0.063666 0.858627
vt 0.083263 0.853539
vt 0.088453 0.853698
vt 0.086940 0.857022
vt 0.082613 0.857113
vt 0.065739 0.854384
vt 0.067450 0.857610
vt 0.077192 0.857238
vt 0.077083 0.853631
vt 0.071774 0.857440
vt 0.070909 0.853912
vt 0.060423 0.865526
vt 0.094431 0.864500
vt 0.062337 0.863185
vt 0.092379 0.862278
vt 0.065934 0.861697
vt 0.088699 0.861010
vt 0.071941 0.875564
vt 0.072432 0.882423
vt 0.071872 0.871011
vt 0.071322 0.868365
vt 0.070762 0.865079
vt 0.069207 0.861261
vt 0.082274 0.860754
vt 0.085405 0.860773
vt 0.072332 0.861054
vt 0.077306 0.861004
vt 0.083068 0.884060
vt 0.081194 0.884106
vt 0.071083 0.884497
vt 0.072945 0.884365
vt 0.087557 0.885604
vt 0.084934 0.884080
vt 0.068557 0.886177
vt 0.078006 0.884190
vt 0.074819 0.884299
vt 0.075867 0.886691
vt 0.078081 0.886678
vt 0.080291 0.886557
vt 0.075402 0.889048
vt 0.078155 0.889149
vt 0.080898 0.888882
vt 0.078251 0.892327
vt 0.075268 0.892373
vt 0.081231 0.892193
vt 0.075316 0.897680
vt 0.078428 0.898201
vt 0.081503 0.897494
vt 0.073453 0.892182
vt 0.073890 0.889106
vt 0.084467 0.891579
vt 0.083031 0.891893
vt 0.082410 0.888849
vt 0.083724 0.888669
vt 0.070065 0.887749
vt 0.071313 0.888579
vt 0.070518 0.891128
vt 0.068817 0.890097
vt 0.084951 0.888167
vt 0.085898 0.890664
vt 0.066750 0.888631
vt 0.089509 0.887945
vt 0.087534 0.889533
vt 0.086146 0.887264
vt 0.085424 0.896044
vt 0.083694 0.896803
vt 0.073088 0.897123
vt 0.087321 0.894880
vt 0.069352 0.895422
vt 0.067451 0.894125
vt 0.091470 0.891040
vt 0.089139 0.893471
vt 0.064979 0.891840
vt 0.094005 0.888264
vt 0.062281 0.889221
vt 0.083843 0.885977
vt 0.082783 0.886182
vt 0.071279 0.886182
vt 0.072287 0.886326
vt 0.084840 0.885773
vt 0.081761 0.886557
vt 0.074400 0.886779
vt 0.073357 0.886467
vt 0.075299 0.904935
vt 0.078650 0.905549
vt 0.081957 0.904734
vt 0.072759 0.903722
vt 0.086588 0.901863
vt 0.084419 0.903370
vt 0.065014 0.898141
vt 0.067754 0.900177
vt 0.089202 0.899530
vt 0.061714 0.895261
vt 0.094935 0.894259
vt 0.091815 0.897332
vt 0.057556 0.892577
vt 0.098923 0.891329
vt 0.055527 0.884385
vt 0.100455 0.883030
vt 0.051871 0.887488
vt 0.104292 0.885907
vt 0.046555 0.882565
vt 0.050993 0.879770
vt 0.104703 0.878150
vt 0.109301 0.880672
vt 0.107935 0.872036
vt 0.114641 0.873741
vt 0.047398 0.873863
vt 0.040807 0.875969
vt 0.108515 0.865260
vt 0.114875 0.866701
vt 0.040149 0.868956
vt 0.046410 0.867134
vt 0.106378 0.859612
vt 0.112699 0.857674
vt 0.041776 0.859815
vt 0.048203 0.861368
vt 0.101781 0.854674
vt 0.107129 0.851504
vt 0.046965 0.853321
vt 0.052494 0.856161
vt 0.095726 0.851062
vt 0.099283 0.846059
vt 0.054467 0.847411
vt 0.058319 0.852191
vt 0.092008 0.843802
vt 0.090172 0.849469
vt 0.084272 0.849148
vt 0.085385 0.843588
vt 0.061593 0.844720
vt 0.063767 0.850267
vt 0.076959 0.849508
vt 0.069637 0.849590
vt 0.076797 0.844151
vt 0.068191 0.844107
vt 0.043677 0.887218
vt 0.047826 0.890612
vt 0.043458 0.895632
vt 0.039105 0.891009
vt 0.108518 0.888782
vt 0.112454 0.885143
vt 0.117247 0.888652
vt 0.113180 0.893529
vt 0.054784 0.894916
vt 0.050342 0.897226
vt 0.106405 0.895535
vt 0.101832 0.893497
vt 0.037757 0.898263
vt 0.805387 0.868189
vt 0.119029 0.895812
vt 0.127019 0.893490
vt 0.059017 0.898023
vt 0.056118 0.900421
vt 0.100832 0.899072
vt 0.097794 0.896853
vt 0.062690 0.901061
vt 0.060762 0.904261
vt 0.096428 0.903185
vt 0.094310 0.900107
vt 0.090848 0.938407
vt 0.079637 0.938324
vt 0.079420 0.931102
vt 0.093614 0.930089
vt 0.068452 0.939082
vt 0.065191 0.930946
vt 0.124222 0.904094
vt 0.656116 0.892596
vt 0.033073 0.906843
vt 0.811298 0.868935
vt 0.090309 0.946998
vt 0.079909 0.947337
vt 0.069507 0.947625
vt 0.078849 0.912159
vt 0.074104 0.911114
vt 0.083523 0.910830
vt 0.070536 0.917656
vt 0.079039 0.918474
vt 0.079188 0.923415
vt 0.069225 0.924089
vt 0.087478 0.917145
vt 0.089174 0.923487
vt 0.065758 0.903783
vt 0.063521 0.907246
vt 0.091412 0.903009
vt 0.093853 0.906332
vt 0.091694 0.909469
vt 0.088679 0.905648
vt 0.068020 0.913605
vt 0.071153 0.908424
vt 0.089746 0.912949
vt 0.086306 0.907967
vt 0.053626 0.940155
vt 0.053959 0.935246
vt 0.105084 0.933705
vt 0.105712 0.938585
vt 0.045107 0.933472
vt 0.045552 0.938215
vt 0.113813 0.931401
vt 0.113654 0.936163
vt 0.825902 0.875415
vt 0.038220 0.927996
vt 0.670696 0.886099
vt 0.120358 0.925520
vt 0.821900 0.872654
vt 0.035593 0.921871
vt 0.666703 0.888864
vt 0.122611 0.919248
vt 0.123680 0.914114
vt 0.663667 0.890947
vt 0.033476 0.912283
vt 0.815328 0.869696
vt 0.124147 0.909550
vt 0.660141 0.891829
vt 0.062486 0.918551
vt 0.062755 0.915452
vt 0.095146 0.911785
vt 0.095113 0.914476
vt 0.060943 0.909915
vt 0.058787 0.907025
vt 0.096588 0.908840
vt 0.061727 0.922007
vt 0.096533 0.920958
vt 0.095567 0.917554
vt 0.058584 0.926418
vt 0.099936 0.925171
vt 0.051390 0.929388
vt 0.107296 0.927703
vt 0.044109 0.928366
vt 0.114502 0.926244
vt 0.039269 0.924822
vt 0.119120 0.922415
vt 0.036724 0.919996
vt 0.121370 0.917445
vt 0.122443 0.913334
vt 0.035022 0.907972
vt 0.034993 0.912250
vt 0.122631 0.909608
vt 0.039389 0.902981
vt 0.117684 0.900620
vt 0.122344 0.905339
vt 0.043068 0.900505
vt 0.113863 0.898370
vt 0.054993 0.903575
vt 0.102144 0.902153
vt 0.098566 0.905825
vt 0.050138 0.900146
vt 0.106784 0.898437
vt 0.037626 0.917689
vt 0.039536 0.920400
vt 0.120330 0.915196
vt 0.121399 0.912864
vt 0.058544 0.917733
vt 0.058798 0.915094
vt 0.098719 0.911702
vt 0.099040 0.913881
vt 0.036902 0.909426
vt 0.036836 0.912355
vt 0.120797 0.909824
vt 0.040258 0.905617
vt 0.120556 0.906903
vt 0.116976 0.903304
vt 0.043189 0.904067
vt 0.113957 0.901933
vt 0.049999 0.904356
vt 0.107177 0.902632
vt 0.053229 0.905675
vt 0.104032 0.904143
vt 0.056493 0.908433
vt 0.100940 0.907093
vt 0.057892 0.910936
vt 0.099694 0.909676
vt 0.057167 0.919756
vt 0.099453 0.916499
vt 0.100949 0.918436
vt 0.055197 0.922060
vt 0.103054 0.920617
vt 0.046725 0.923845
vt 0.111618 0.921888
vt 0.043702 0.922947
vt 0.114582 0.920810
vt 0.118587 0.918017
vt 0.042221 0.918103
vt 0.115768 0.915886
vt 0.116288 0.911731
vt 0.040933 0.910037
vt 0.116569 0.907757
vt 0.055877 0.916525
vt 0.102042 0.915133
vt 0.102814 0.911994
vt 0.054129 0.909826
vt 0.103384 0.908340
vt 0.050460 0.909002
vt 0.106997 0.907297
vt 0.106719 0.911650
vt 0.052464 0.917655
vt 0.105517 0.916055
vt 0.046269 0.918568
vt 0.111756 0.916593
vt 0.112269 0.911628
vt 0.044375 0.909079
vt 0.113075 0.907007
vt 0.034217 0.916811
vt 0.818859 0.870574
vt 0.035404 0.915958
vt 0.036419 0.915426
vt 0.041452 0.913988
vt 0.045458 0.913643
vt 0.050999 0.913330
vt 0.054918 0.913438
vt 0.058988 0.912900
vt 0.062559 0.912768
vt 0.065866 0.910248
vt 0.068645 0.906253
vt 0.070504 0.902348
vt 0.071315 0.896470
vt 0.072002 0.891955
vt 0.072567 0.889005
vt 0.044052 0.943452
vt 0.830043 0.878377
vt 0.674827 0.883134
vt 0.678515 0.881947
vt 0.054209 0.946117
vt 0.105489 0.944571
vt 0.825985 0.878668
vt 0.821936 0.876947
vt 0.662918 0.886882
vt 0.666727 0.884572
vt 0.818119 0.874642
vt 0.814560 0.873935
vt 0.670771 0.882848
vt 0.659363 0.887593
vt 0.810190 0.873217
vt 0.654997 0.888316
vt 0.804397 0.872746
vt 0.649210 0.888795
vt 0.037384 0.880368
vt 0.118324 0.877925
vt 0.032776 0.883726
vt 0.123125 0.881000
vt 0.799969 0.865111
vt 0.644809 0.896432
vt 0.035411 0.870131
vt 0.119675 0.867588
vt 0.030874 0.871068
vt 0.124261 0.868250
vt 0.792262 0.859178
vt 0.637130 0.902375
vt 0.036226 0.858537
vt 0.118162 0.856064
vt 0.030520 0.858207
vt 0.123838 0.855391
vt 0.784162 0.853960
vt 0.629058 0.907609
vt 0.042794 0.849725
vt 0.111074 0.847664
vt 0.035210 0.846714
vt 0.118463 0.844201
vt 0.774400 0.848984
vt 0.814911 0.093549
vt 0.050533 0.843422
vt 0.102970 0.841839
vt 0.046655 0.839667
vt 0.106614 0.837857
vt 0.777774 0.086909
vt 0.807346 0.086909
vt 0.067667 0.838885
vt 0.076639 0.838906
vt 0.085593 0.838344
vt 0.059217 0.839936
vt 0.094091 0.838883
vt 0.066394 0.833231
vt 0.076422 0.831749
vt 0.086522 0.832623
vt 0.056809 0.835369
vt 0.096218 0.834179
vt 0.787530 0.082274
vt 0.792560 0.081540
vt 0.797590 0.082274
vt 0.783046 0.083340
vt 0.802074 0.083340
vt 0.674547 0.881644
vt 0.829766 0.879869
vt 0.678615 0.880609
vt 0.833837 0.880900
vt 0.052994 0.954007
vt 0.837940 0.880485
vt 0.682717 0.881020
vt 0.688506 0.880379
vt 0.080197 0.956910
vt 0.070578 0.956922
vt 0.089800 0.956342
vt 0.682960 0.879630
vt 0.688234 0.878669
vt 0.843463 0.882830
vt 0.838186 0.881875
vt 0.693689 0.879530
vt 0.706387 0.878531
vt 0.848917 0.881963
vt 0.861619 0.882945
vt 0.712258 0.878634
vt 0.848681 0.883664
vt 0.693449 0.877829
vt 0.862240 0.885372
vt 0.707004 0.876103
vt 0.867707 0.884226
vt 0.640694 0.891694
vt 0.795866 0.869859
vt 0.631935 0.895828
vt 0.787086 0.865740
vt 0.621519 0.898754
vt 0.776651 0.862838
vt 0.614277 0.901989
vt 0.769392 0.859622
vt 0.771673 0.837900
vt 0.772647 0.079007
vt 0.812473 0.079006
vt 0.823723 0.088417
vt 0.786731 0.072562
vt 0.792560 0.072141
vt 0.798388 0.072562
vt 0.780818 0.074269
vt 0.804301 0.074268
vt 0.604604 0.906937
vt 0.759692 0.854706
vt 0.812371 0.064902
vt 0.820125 0.068591
vt 0.747189 0.839150
vt 0.772748 0.064903
vt 0.592589 0.907160
vt 0.747667 0.854528
vt 0.810283 0.051750
vt 0.822339 0.055310
vt 0.730027 0.845467
vt 0.774835 0.051751
vt 0.580921 0.902503
vt 0.736011 0.859232
vt 0.584654 0.892543
vt 0.592960 0.895290
vt 0.601842 0.895620
vt 0.611702 0.893573
vt 0.618177 0.891641
vt 0.627409 0.889513
vt 0.637014 0.887401
vt 0.648169 0.884622
vt 0.653676 0.883731
vt 0.658890 0.883015
vt 0.663365 0.882092
vt 0.667722 0.880938
vt 0.671822 0.879895
vt 0.676001 0.878798
vt 0.680075 0.877729
vt 0.684241 0.876701
vt 0.689188 0.875305
vt 0.694836 0.874210
vt 0.707507 0.874061
vt 0.712753 0.875840
vt 0.862746 0.887414
vt 0.850074 0.887282
vt 0.844424 0.886194
vt 0.839472 0.884803
vt 0.835304 0.883779
vt 0.831226 0.882714
vt 0.827043 0.881621
vt 0.822939 0.880582
vt 0.818577 0.879434
vt 0.814098 0.878516
vt 0.808880 0.877807
vt 0.803367 0.876922
vt 0.792198 0.874160
vt 0.782580 0.872067
vt 0.773335 0.869960
vt 0.766849 0.868046
vt 0.756974 0.866029
vt 0.748088 0.866390
vt 0.739787 0.869169
vt 0.780657 0.062418
vt 0.786757 0.061144
vt 0.792559 0.060744
vt 0.798362 0.061144
vt 0.804462 0.062418
vt 0.786655 0.048083
vt 0.792559 0.047753
vt 0.798464 0.048083
vt 0.780737 0.049060
vt 0.804381 0.049060
vt 0.723258 0.860791
vt 0.770788 0.040971
vt 0.814330 0.040970
vt 0.820487 0.043177
vt 0.727981 0.867467
vt 0.572861 0.894303
vt 0.785225 0.036692
vt 0.792559 0.036793
vt 0.799893 0.036692
vt 0.778008 0.038256
vt 0.807110 0.038255
vt 0.578591 0.888828
vt 0.733737 0.872909
vt 0.570637 0.887888
vt 0.824903 0.034902
vt 0.725782 0.873889
vt 0.721285 0.873793
vt 0.574559 0.886155
vt 0.729714 0.875601
vt 0.576511 0.879720
vt 0.575257 0.883131
vt 0.570893 0.881381
vt 0.571519 0.876376
vt 0.730425 0.878619
vt 0.731695 0.882020
vt 0.726712 0.885388
vt 0.726065 0.880390
vt 0.769217 0.031116
vt 0.815901 0.031115
vt 0.784413 0.027862
vt 0.792558 0.027638
vt 0.800705 0.027862
vt 0.776667 0.029390
vt 0.808450 0.029390
vt 0.818318 0.019232
vt 0.827394 0.021219
vt 0.757723 0.021220
vt 0.766799 0.019234
vt 0.782691 0.015238
vt 0.792558 0.014872
vt 0.802426 0.015238
vt 0.774352 0.017255
vt 0.810765 0.017254
vt 0.565508 0.843207
vt 0.846791 0.055322
vt 0.546216 0.836888
vt 0.552742 0.836204
vt 0.579464 0.884096
vt 0.734630 0.877634
vt 0.580405 0.880365
vt 0.735589 0.881357
vt 0.636041 0.885383
vt 0.647359 0.882949
vt 0.802563 0.878598
vt 0.791232 0.876181
vt 0.627274 0.886372
vt 0.782456 0.875209
vt 0.616619 0.886683
vt 0.771795 0.874923
vt 0.609471 0.886792
vt 0.764643 0.874832
vt 0.600912 0.887057
vt 0.756079 0.874592
vt 0.594002 0.886721
vt 0.749166 0.874951
vt 0.741650 0.876170
vt 0.586485 0.885530
vt 0.568960 0.842535
vt 0.552083 0.830263
vt 0.636053 0.876965
vt 0.644926 0.875192
vt 0.800150 0.886362
vt 0.791270 0.884602
vt 0.627105 0.878751
vt 0.782314 0.882833
vt 0.618566 0.880815
vt 0.773765 0.880786
vt 0.611238 0.882145
vt 0.766429 0.879474
vt 0.602380 0.883263
vt 0.757563 0.878380
vt 0.593764 0.882671
vt 0.748946 0.878999
vt 0.741639 0.879808
vt 0.586458 0.881890
vt 0.829240 0.887662
vt 0.824904 0.886273
vt 0.664474 0.876662
vt 0.669674 0.875248
vt 0.819700 0.884865
vt 0.814226 0.882922
vt 0.674006 0.873854
vt 0.659007 0.878611
vt 0.808615 0.881039
vt 0.653402 0.880501
vt 0.678246 0.872080
vt 0.833485 0.889432
vt 0.682271 0.870401
vt 0.837514 0.891107
vt 0.685987 0.868726
vt 0.690146 0.867432
vt 0.845396 0.894068
vt 0.841234 0.892779
vt 0.852493 0.896145
vt 0.697240 0.865346
vt 0.864619 0.897706
vt 0.709363 0.863768
vt 0.716220 0.864465
vt 0.828735 0.895934
vt 0.824009 0.894018
vt 0.663436 0.869241
vt 0.668762 0.867508
vt 0.818678 0.892291
vt 0.812876 0.890617
vt 0.673483 0.865587
vt 0.657638 0.870922
vt 0.807072 0.888224
vt 0.651841 0.873322
vt 0.677958 0.863910
vt 0.833213 0.897606
vt 0.682168 0.862459
vt 0.837426 0.899052
vt 0.686215 0.860455
vt 0.691169 0.858511
vt 0.846435 0.902990
vt 0.841476 0.901052
vt 0.854806 0.906187
vt 0.699535 0.855303
vt 0.864704 0.909431
vt 0.709427 0.852047
vt 0.717898 0.850360
vt 0.576233 0.858453
vt 0.571655 0.858844
vt 0.572350 0.842705
vt 0.727735 0.919008
vt 0.724355 0.919183
vt 0.726928 0.902888
vt 0.731514 0.903261
vt 0.560882 0.827505
vt 0.582233 0.858587
vt 0.737516 0.903108
vt 0.579220 0.842198
vt 0.734591 0.919496
vt 0.570868 0.826072
vt 0.589755 0.858655
vt 0.745039 0.903017
vt 0.585045 0.841979
vt 0.740405 0.919701
vt 0.579314 0.826497
vt 0.597993 0.858608
vt 0.753277 0.903042
vt 0.593046 0.842065
vt 0.748392 0.919598
vt 0.587494 0.826708
vt 0.606452 0.858009
vt 0.761736 0.903622
vt 0.601583 0.841391
vt 0.756919 0.920255
vt 0.596178 0.826051
vt 0.614656 0.857315
vt 0.769938 0.904300
vt 0.610168 0.840592
vt 0.765497 0.921039
vt 0.605296 0.824900
vt 0.623090 0.856376
vt 0.778371 0.905225
vt 0.618722 0.839847
vt 0.774045 0.921770
vt 0.614080 0.824305
vt 0.631502 0.855457
vt 0.786782 0.906130
vt 0.627017 0.839097
vt 0.782336 0.922507
vt 0.622670 0.823552
vt 0.639587 0.854648
vt 0.794866 0.906926
vt 0.634751 0.838475
vt 0.790066 0.923117
vt 0.630342 0.823140
vt 0.646688 0.853510
vt 0.801968 0.908054
vt 0.641830 0.837667
vt 0.797143 0.923914
vt 0.637546 0.822604
vt 0.653202 0.851781
vt 0.808483 0.909775
vt 0.648471 0.836664
vt 0.803782 0.924909
vt 0.644390 0.821842
vt 0.871387 0.932277
vt 0.863044 0.928040
vt 0.707738 0.833448
vt 0.853992 0.924274
vt 0.698691 0.837225
vt 0.826135 0.915333
vt 0.820575 0.912942
vt 0.659378 0.850523
vt 0.665290 0.848599
vt 0.814661 0.911026
vt 0.670846 0.846201
vt 0.675792 0.844786
vt 0.831083 0.916742
vt 0.680572 0.842673
vt 0.835866 0.918850
vt 0.685230 0.841552
vt 0.690987 0.839709
vt 0.846285 0.921800
vt 0.840525 0.919965
vt 0.709804 0.811610
vt 0.857332 0.945428
vt 0.702001 0.816077
vt 0.849355 0.940860
vt 0.694029 0.820654
vt 0.822551 0.927893
vt 0.816422 0.926904
vt 0.654832 0.835741
vt 0.661111 0.834651
vt 0.810143 0.925823
vt 0.667241 0.833654
vt 0.672737 0.833255
vt 0.828046 0.928285
vt 0.677509 0.832075
vt 0.832820 0.929458
vt 0.681812 0.829157
vt 0.687174 0.824920
vt 0.842494 0.936603
vt 0.837126 0.932372
vt 0.698827 0.795241
vt 0.847748 0.960205
vt 0.692398 0.801322
vt 0.841297 0.954951
vt 0.685954 0.806583
vt 0.819770 0.940405
vt 0.812877 0.940824
vt 0.650966 0.821197
vt 0.657546 0.820746
vt 0.806298 0.940382
vt 0.799724 0.939746
vt 0.664441 0.821154
vt 0.670576 0.822739
vt 0.825902 0.938809
vt 0.674967 0.824087
vt 0.830290 0.937454
vt 0.676967 0.819242
vt 0.680713 0.812673
vt 0.836050 0.948866
vt 0.832296 0.942299
vt 0.707556 0.931400
vt 0.708253 0.925477
vt 0.720917 0.918507
vt 0.716313 0.934175
vt 0.726272 0.935616
vt 0.734703 0.935186
vt 0.742870 0.934965
vt 0.751544 0.935609
vt 0.760652 0.936747
vt 0.769429 0.937329
vt 0.778014 0.938068
vt 0.785681 0.938469
vt 0.792882 0.938995
vt 0.534318 0.836777
vt 0.535400 0.833019
vt 0.538123 0.823095
vt 0.693565 0.938464
vt 0.690894 0.928520
vt 0.552087 0.818505
vt 0.707501 0.943127
vt 0.562883 0.816327
vt 0.718279 0.945335
vt 0.571878 0.815357
vt 0.727265 0.946315
vt 0.580122 0.814478
vt 0.735500 0.947194
vt 0.589160 0.813262
vt 0.744531 0.948405
vt 0.598473 0.812241
vt 0.753838 0.949417
vt 0.607847 0.811403
vt 0.763207 0.950244
vt 0.616507 0.810367
vt 0.771863 0.951268
vt 0.625495 0.809489
vt 0.780847 0.952135
vt 0.633605 0.808613
vt 0.788954 0.953000
vt 0.640810 0.807784
vt 0.796158 0.953819
vt 0.817966 0.953171
vt 0.809315 0.954851
vt 0.647527 0.807152
vt 0.653968 0.806732
vt 0.802875 0.954441
vt 0.662623 0.808397
vt 0.670527 0.812965
vt 0.825864 0.948589
vt 0.671997 0.803155
vt 0.827345 0.958403
vt 0.684684 0.783677
vt 0.835402 0.970912
vt 0.680042 0.790639
vt 0.830771 0.965184
vt 0.675417 0.796371
vt 0.662191 0.797344
vt 0.817545 0.964232
vt 0.670266 0.776882
vt 0.822569 0.977784
vt 0.667205 0.783790
vt 0.819372 0.971844
vt 0.664013 0.789731
vt 0.652433 0.796171
vt 0.807788 0.965420
vt 0.657790 0.773067
vt 0.810554 0.980863
vt 0.655190 0.780729
vt 0.808302 0.973941
vt 0.652943 0.787652
vt 0.644938 0.796211
vt 0.800293 0.965391
vt 0.648240 0.771206
vt 0.801501 0.982226
vt 0.646140 0.779380
vt 0.799823 0.974570
vt 0.644464 0.787036
vt 0.637699 0.796778
vt 0.793054 0.964834
vt 0.639019 0.770005
vt 0.792897 0.982952
vt 0.637539 0.778667
vt 0.792115 0.974326
vt 0.636758 0.787291
vt 0.630123 0.797430
vt 0.785478 0.964192
vt 0.630470 0.769255
vt 0.784738 0.983192
vt 0.629383 0.778437
vt 0.784271 0.974040
vt 0.628915 0.787587
vt 0.621865 0.798103
vt 0.777220 0.963530
vt 0.622267 0.768789
vt 0.776400 0.983245
vt 0.621050 0.778393
vt 0.775878 0.973783
vt 0.620525 0.787854
vt 0.613007 0.798884
vt 0.768363 0.962759
vt 0.613183 0.768500
vt 0.767356 0.983160
vt 0.612011 0.778487
vt 0.766848 0.973325
vt 0.611498 0.788321
vt 0.603687 0.799628
vt 0.759044 0.962025
vt 0.602737 0.768374
vt 0.757592 0.982915
vt 0.602255 0.778738
vt 0.757302 0.972719
vt 0.601954 0.788935
vt 0.594271 0.800620
vt 0.749629 0.961040
vt 0.592701 0.768372
vt 0.747688 0.982526
vt 0.592359 0.779129
vt 0.747606 0.972016
vt 0.592262 0.789642
vt 0.584757 0.801662
vt 0.740116 0.960000
vt 0.583199 0.768401
vt 0.738093 0.981936
vt 0.582773 0.779716
vt 0.738178 0.970933
vt 0.582837 0.790723
vt 0.575567 0.802791
vt 0.730929 0.958869
vt 0.573359 0.768419
vt 0.728521 0.981451
vt 0.573210 0.780191
vt 0.728464 0.969819
vt 0.573126 0.791830
vt 0.566617 0.803817
vt 0.721981 0.957833
vt 0.563545 0.768434
vt 0.718817 0.980981
vt 0.563515 0.780645
vt 0.719049 0.968945
vt 0.563715 0.792688
vt 0.557413 0.804988
vt 0.712780 0.956641
vt 0.553322 0.768476
vt 0.708812 0.980508
vt 0.553518 0.781092
vt 0.709759 0.968133
vt 0.554427 0.793476
vt 0.546660 0.806907
vt 0.702034 0.954686
vt 0.542111 0.768561
vt 0.697808 0.979691
vt 0.542521 0.781872
vt 0.699229 0.966793
vt 0.543897 0.794780
vt 0.533359 0.809719
vt 0.688747 0.951815
vt 0.524658 0.768993
vt 0.681938 0.978646
vt 0.526656 0.782854
vt 0.685925 0.964936
vt 0.530588 0.796583
vt 0.373796 0.824301
vt 0.520022 0.838297
vt 0.519063 0.827578
vt 0.510818 0.811939
vt 0.666221 0.949487
vt 0.674537 0.933886
vt 0.499782 0.770546
vt 0.655179 0.977279
vt 0.499899 0.784097
vt 0.659230 0.963582
vt 0.503889 0.797812
vt 0.675491 0.928540
vt 0.724809 0.902177
vt 0.569545 0.859564
vt 0.728055 0.050841
vt 0.732346 0.039124
vt 0.742403 0.042239
vt 0.718024 0.913376
vt 0.567403 0.859896
vt 0.735547 0.031426
vt 0.722270 0.888520
vt 0.834655 0.033623
vt 0.754948 0.032905
vt 0.830170 0.032903
vt 0.747486 0.024731
vt 0.837631 0.024729
vt 0.849570 0.031423
vt 0.706233 0.923179
vt 0.689830 0.924758
vt 0.537137 0.896991
vt 0.852772 0.039121
vt 0.856722 0.050957
vt 0.337920 0.867328
vt 0.298285 0.868828
vt 0.297765 0.858329
vt 0.337726 0.854644
vt 0.461723 0.847673
vt 0.338060 0.878796
vt 0.501400 0.859315
vt 0.461754 0.857847
vt 0.295170 0.847755
vt 0.338635 0.839818
vt 0.461243 0.868346
vt 0.501207 0.872002
vt 0.502120 0.886832
vt 0.458655 0.878921
vt 0.285480 0.837744
vt 0.492727 0.831952
vt 0.510129 0.901928
vt 0.586240 0.934556
vt 0.431621 0.823515
vt 0.493146 0.829030
vt 0.648635 0.932312
vt 0.587086 0.937533
vt 0.435303 0.812527
vt 0.478002 0.813074
vt 0.633415 0.948196
vt 0.590715 0.948539
vt 0.433599 0.801342
vt 0.470673 0.799432
vt 0.586389 0.970564
vt 0.621994 0.974433
vt 0.620241 0.986861
vt 0.429283 0.779936
vt 0.466705 0.786783
vt 0.431082 0.790481
vt 0.588958 0.959716
vt 0.626022 0.961803
vt 0.376420 0.851661
vt 0.539904 0.874996
vt 0.377316 0.865699
vt 0.377712 0.879203
vt 0.540805 0.860962
vt 0.258810 0.870553
vt 0.260154 0.861711
vt 0.422277 0.856153
vt 0.421511 0.847547
vt 0.258393 0.854399
vt 0.421874 0.872307
vt 0.423629 0.864994
vt 0.254917 0.847956
vt 0.554239 0.938650
vt 0.399239 0.818919
vt 0.554683 0.941973
vt 0.399720 0.810591
vt 0.555123 0.950303
vt 0.397543 0.802410
vt 0.552907 0.958474
vt 0.395489 0.794628
vt 0.393189 0.786291
vt 0.550816 0.966246
vt 0.384866 0.818879
vt 0.386141 0.815734
vt 0.540310 0.941944
vt 0.541569 0.945094
vt 0.531794 0.948486
vt 0.395556 0.868791
vt 0.376383 0.812296
vt 0.232078 0.857937
vt 0.225522 0.862858
vt 0.369546 0.808137
vt 0.388996 0.863875
vt 0.524938 0.952612
vt 0.517789 0.960387
vt 0.382526 0.855207
vt 0.362435 0.800327
vt 0.219059 0.871532
vt 0.217721 0.878241
vt 0.514411 0.966900
vt 0.853552 0.067373
vt 0.072714 0.968632
vt 0.057065 0.959514
vt 0.088373 0.968160
vt 0.080553 0.968715
vt 0.843732 0.881120
vt 0.107177 0.952375
vt 0.103444 0.958116
vt 0.115467 0.941300
vt 0.112513 0.946322
vt 0.047302 0.948287
vt 0.833735 0.879561
vt 0.099274 0.828515
vt 0.111388 0.833069
vt 0.041600 0.835176
vt 0.053417 0.829900
vt 0.088604 0.826675
vt 0.063957 0.827419
vt 0.076208 0.824645
vt 0.127373 0.840483
vt 0.026092 0.843541
vt 0.129845 0.855308
vt 0.024519 0.858487
vt 0.129844 0.869307
vt 0.025364 0.872460
vt 0.128237 0.883847
vt 0.027845 0.886875
vt 0.650212 0.893348
vt 0.029642 0.896428
vt 0.120500 0.929577
vt 0.117283 0.936319
vt 0.041940 0.938590
vt 0.038322 0.932054
vt 0.126027 0.910181
vt 0.124807 0.916490
vt 0.031638 0.913026
vt 0.030795 0.906083
vt 0.123194 0.922472
vt 0.035206 0.925124
vt 0.033235 0.919251
vt 0.126449 0.903198
vt 0.511533 0.965038
vt 0.258051 0.879160
vt 0.359088 0.793798
vt 0.548476 0.974572
vt 0.584539 0.981100
vt 0.298264 0.879003
vt 0.541144 0.847470
vt 0.501512 0.847840
vt 0.655000 0.990828
vt 0.465011 0.774347
vt 0.873177 0.911106
vt 0.716075 0.829200
vt 0.679882 0.992496
vt 0.697350 0.993000
vt 0.708574 0.993122
vt 0.718812 0.993190
vt 0.728642 0.993222
vt 0.738497 0.993251
vt 0.748013 0.993284
vt 0.758063 0.993279
vt 0.768520 0.993147
vt 0.777614 0.992850
vt 0.785823 0.992375
vt 0.794378 0.991614
vt 0.803604 0.990400
vt 0.813158 0.988524
vt 0.825635 0.984689
vt 0.840051 0.977869
vt 0.854184 0.966278
vt 0.865140 0.949885
vt 0.871475 0.896999
vt 0.867990 0.885626
vt 0.712473 0.877240
vt 0.867490 0.882833
vt 0.764631 0.043178
vt 0.568167 0.901004
vt 0.574997 0.916298
vt 0.762780 0.055311
vt 0.592175 0.922542
vt 0.764993 0.068592
vt 0.616649 0.923700
vt 0.761397 0.088418
vt 0.619326 0.912610
vt 0.770209 0.093550
vt 0.750463 0.033625
vt 0.722651 0.901866
vt 0.736793 0.052762
vt 0.731162 0.067269
vt 0.721073 0.881879
vt 0.760215 0.034903
vt 0.567068 0.873268
vt 0.842715 0.042237
vt 0.565897 0.879922
vt 0.566141 0.888010
vt 0.560792 0.847511
vt 0.549131 0.840767
vt 0.522514 0.950197
vt 0.514971 0.958752
vt 0.367111 0.810540
vt 0.359609 0.801949
vt 0.405166 0.873771
vt 0.529804 0.945573
vt 0.241685 0.852949
vt 0.374378 0.815199
vt 0.356201 0.795646
vt 0.381182 0.848498
vt 0.418402 0.878753
vt 0.398780 0.822240
vt 0.448973 0.888939
vt 0.430760 0.826488
vt 0.648229 0.929387
vt 0.519991 0.832928
vt 0.346640 0.824719
vt 0.537282 0.902350
vt 0.675549 0.923169
vt 0.373651 0.829661
vt 0.128011 0.064635
vt 0.125994 0.052795
vt 0.139117 0.049016
vt 0.140359 0.062315
vt 0.141412 0.071148
vt 0.128992 0.071577
vt 0.131846 0.084938
vt 0.130009 0.077158
vt 0.142235 0.079942
vt 0.142047 0.094157
vt 0.131244 0.090469
vt 0.136648 0.102942
vt 0.126440 0.096022
vt 0.131492 0.108355
vt 0.122591 0.096404
vt 0.125748 0.111522
vt 0.411602 0.644701
vt 0.408454 0.647517
vt 0.407578 0.631471
vt 0.413784 0.631468
vt 0.420069 0.634650
vt 0.415877 0.651809
vt 0.426870 0.638786
vt 0.421001 0.653359
vt 0.424620 0.662288
vt 0.436874 0.647562
vt 0.429364 0.673194
vt 0.439022 0.667031
vt 0.440879 0.681886
vt 0.430190 0.680672
vt 0.437732 0.695418
vt 0.427287 0.690291
vt 0.421986 0.701333
vt 0.432028 0.707067
vt 0.135659 0.036850
vt 0.137633 0.043814
vt 0.125203 0.048415
vt 0.124187 0.042520
vt 0.133335 0.032837
vt 0.123081 0.038743
vt 0.121853 0.034505
vt 0.130837 0.028384
vt 0.427585 0.717341
vt 0.417889 0.709273
vt 0.117747 0.029535
vt 0.126413 0.023044
vt 0.423115 0.724547
vt 0.414463 0.716401
vt 0.287926 0.052386
vt 0.285968 0.064236
vt 0.273610 0.061955
vt 0.274788 0.048648
vt 0.285021 0.071185
vt 0.272601 0.070797
vt 0.284032 0.076773
vt 0.282236 0.084565
vt 0.272080 0.093827
vt 0.271823 0.079600
vt 0.282866 0.090100
vt 0.277518 0.102601
vt 0.287698 0.095643
vt 0.282697 0.108000
vt 0.291549 0.096013
vt 0.288454 0.111148
vt 0.612035 0.647490
vt 0.608886 0.644674
vt 0.606702 0.631441
vt 0.612908 0.631442
vt 0.604612 0.651785
vt 0.600418 0.634624
vt 0.593617 0.638762
vt 0.599489 0.653336
vt 0.595872 0.662268
vt 0.583615 0.647542
vt 0.591129 0.673176
vt 0.581471 0.667014
vt 0.579615 0.681871
vt 0.590304 0.680656
vt 0.582763 0.695403
vt 0.593208 0.690275
vt 0.598510 0.701318
vt 0.588468 0.707053
vt 0.276249 0.043440
vt 0.288698 0.048004
vt 0.289688 0.042108
vt 0.278195 0.036470
vt 0.280505 0.032451
vt 0.290780 0.038330
vt 0.602607 0.709258
vt 0.592911 0.717327
vt 0.296084 0.029115
vt 0.287400 0.022644
vt 0.292956 0.017407
vt 0.301363 0.025280
vt 0.606034 0.716385
vt 0.597382 0.724532
vt 0.456707 0.691889
vt 0.450606 0.704188
vt 0.569890 0.704175
vt 0.563788 0.691877
vt 0.470088 0.710653
vt 0.459196 0.716071
vt 0.561300 0.716060
vt 0.550408 0.710643
vt 0.465711 0.689709
vt 0.475357 0.709111
vt 0.547142 0.687864
vt 0.540673 0.707761
vt 0.529312 0.704430
vt 0.531934 0.684929
vt 0.491184 0.704435
vt 0.488561 0.684934
vt 0.510247 0.682527
vt 0.510248 0.702353
vt 0.147893 0.041184
vt 0.145469 0.033976
vt 0.265974 0.040845
vt 0.264214 0.046290
vt 0.159256 0.033075
vt 0.154314 0.027342
vt 0.254566 0.032784
vt 0.250866 0.037015
vt 0.142567 0.029007
vt 0.139327 0.023457
vt 0.268369 0.033627
vt 0.271256 0.028647
vt 0.151440 0.023360
vt 0.148098 0.019296
vt 0.259492 0.027026
vt 0.262357 0.023030
vt 0.135121 0.017346
vt 0.143208 0.012377
vt 0.283087 0.010836
vt 0.278674 0.016968
vt 0.270573 0.012018
vt 0.274238 0.005976
vt 0.442875 0.714894
vt 0.437196 0.723536
vt 0.432647 0.731746
vt 0.577622 0.714880
vt 0.583301 0.723522
vt 0.587850 0.731732
vt 0.450204 0.721967
vt 0.445050 0.728716
vt 0.441377 0.736616
vt 0.570292 0.721955
vt 0.575448 0.728703
vt 0.579120 0.736603
vt 0.534920 0.665930
vt 0.549842 0.667075
vt 0.454247 0.667967
vt 0.463105 0.667509
vt 0.566245 0.667954
vt 0.510246 0.665092
vt 0.485572 0.665936
vt 0.473353 0.687873
vt 0.470650 0.667085
vt 0.479823 0.707769
vt 0.557388 0.667497
vt 0.554784 0.689698
vt 0.545140 0.709103
vt 0.259396 0.058795
vt 0.242008 0.044142
vt 0.149677 0.046621
vt 0.162969 0.037285
vt 0.171850 0.044367
vt 0.154556 0.059100
vt 0.248230 0.061649
vt 0.236782 0.047002
vt 0.175482 0.064433
vt 0.165732 0.061901
vt 0.177085 0.047198
vt 0.181969 0.049915
vt 0.260476 0.070700
vt 0.153537 0.071003
vt 0.249971 0.072571
vt 0.173416 0.074682
vt 0.164052 0.072825
vt 0.231907 0.049750
vt 0.238492 0.064232
vt 0.230611 0.066336
vt 0.225601 0.052336
vt 0.183374 0.066490
vt 0.188283 0.052460
vt 0.194991 0.055223
vt 0.191544 0.068055
vt 0.240617 0.074476
vt 0.232055 0.076071
vt 0.190312 0.077353
vt 0.181988 0.076228
vt 0.213584 0.055467
vt 0.215348 0.069093
vt 0.207002 0.069830
vt 0.206949 0.055932
vt 0.200311 0.055511
vt 0.198653 0.069149
vt 0.215635 0.078025
vt 0.207029 0.078654
vt 0.198421 0.078081
vt 0.448909 0.729694
vt 0.445309 0.736887
vt 0.575189 0.736874
vt 0.571588 0.729681
vt 0.470559 0.712807
vt 0.460260 0.717722
vt 0.560237 0.717711
vt 0.549938 0.712797
vt 0.476333 0.710909
vt 0.544164 0.710900
vt 0.539278 0.709203
vt 0.510248 0.704299
vt 0.490974 0.706120
vt 0.529522 0.706115
vt 0.452529 0.723421
vt 0.567968 0.723409
vt 0.481219 0.709210
vt 0.112459 0.025711
vt 0.120847 0.017818
vt 0.130697 0.011223
vt 0.139535 0.006343
vt 0.291993 0.034091
vt 0.282990 0.027993
vt 0.274480 0.023089
vt 0.265692 0.018952
vt 0.143136 0.004633
vt 0.146308 0.011995
vt 0.267472 0.011642
vt 0.270635 0.004272
vt 0.262772 0.017873
vt 0.151014 0.018209
vt 0.153913 0.022163
vt 0.259878 0.021842
vt 0.257511 0.025440
vt 0.161465 0.030813
vt 0.156287 0.025747
vt 0.252343 0.030534
vt 0.248306 0.034059
vt 0.239447 0.041112
vt 0.165511 0.034315
vt 0.174390 0.041321
vt 0.234184 0.043915
vt 0.179657 0.044093
vt 0.184525 0.047004
vt 0.222698 0.049341
vt 0.229324 0.046858
vt 0.191155 0.049444
vt 0.198094 0.051997
vt 0.211866 0.052372
vt 0.206934 0.053044
vt 0.201997 0.052404
vt 0.534793 0.646317
vt 0.548652 0.646662
vt 0.463328 0.646883
vt 0.452074 0.647109
vt 0.568415 0.647092
vt 0.510244 0.645272
vt 0.485695 0.646324
vt 0.471837 0.646672
vt 0.557160 0.646870
vt 0.533127 0.626183
vt 0.544075 0.626524
vt 0.466751 0.626153
vt 0.454318 0.624052
vt 0.566166 0.624035
vt 0.578851 0.622344
vt 0.441633 0.622365
vt 0.476408 0.626534
vt 0.487356 0.626189
vt 0.553733 0.626140
vt 0.510242 0.625100
vt 0.260266 0.082120
vt 0.258336 0.096556
vt 0.153806 0.082413
vt 0.155807 0.096828
vt 0.249857 0.097762
vt 0.250497 0.084083
vt 0.164294 0.097995
vt 0.163586 0.084330
vt 0.172460 0.085657
vt 0.172029 0.098656
vt 0.233789 0.099684
vt 0.233003 0.086319
vt 0.241633 0.085455
vt 0.242128 0.098461
vt 0.180376 0.099835
vt 0.181096 0.086475
vt 0.189689 0.086942
vt 0.189239 0.101027
vt 0.207054 0.087466
vt 0.216252 0.087676
vt 0.217072 0.101501
vt 0.207091 0.102152
vt 0.197857 0.087732
vt 0.197105 0.101559
vt 0.589570 0.619220
vt 0.430913 0.619245
vt 0.597053 0.616428
vt 0.423429 0.616456
vt 0.604397 0.615131
vt 0.416086 0.615161
vt 0.611616 0.615194
vt 0.408867 0.615226
vt 0.277289 0.122755
vt 0.283755 0.125955
vt 0.136967 0.123080
vt 0.130513 0.126300
vt 0.272269 0.119714
vt 0.141975 0.120022
vt 0.266351 0.115231
vt 0.147875 0.115519
vt 0.256190 0.115215
vt 0.158038 0.115461
vt 0.248789 0.115961
vt 0.165445 0.116174
vt 0.172474 0.116799
vt 0.233996 0.117596
vt 0.241765 0.116620
vt 0.180250 0.117737
vt 0.188540 0.118649
vt 0.217521 0.119390
vt 0.207130 0.120294
vt 0.196735 0.119445
vt 0.530594 0.602424
vt 0.540644 0.602043
vt 0.459268 0.599363
vt 0.470120 0.601009
vt 0.561207 0.599346
vt 0.572747 0.597083
vt 0.447728 0.597104
vt 0.479830 0.602052
vt 0.489881 0.602430
vt 0.550354 0.600996
vt 0.510237 0.602398
vt 0.583459 0.594966
vt 0.437017 0.594992
vt 0.591552 0.592790
vt 0.428923 0.592820
vt 0.599288 0.592731
vt 0.421188 0.592765
vt 0.606433 0.593289
vt 0.414044 0.593325
vt 0.281072 0.146630
vt 0.273849 0.145188
vt 0.140502 0.145482
vt 0.133286 0.146949
vt 0.268813 0.143139
vt 0.145531 0.143415
vt 0.262655 0.141676
vt 0.151684 0.141929
vt 0.252551 0.141712
vt 0.161791 0.141923
vt 0.245351 0.142200
vt 0.168994 0.142380
vt 0.175872 0.142706
vt 0.230844 0.143340
vt 0.238476 0.142558
vt 0.183509 0.143453
vt 0.191654 0.144127
vt 0.215856 0.144274
vt 0.207180 0.144441
vt 0.198502 0.144316
vt 0.525675 0.568271
vt 0.537066 0.567152
vt 0.546872 0.566095
vt 0.556635 0.565123
vt 0.566816 0.564204
vt 0.576644 0.563207
vt 0.585042 0.561737
vt 0.592741 0.561263
vt 0.600098 0.562035
vt 0.280788 0.175979
vt 0.272667 0.174959
vt 0.266128 0.174514
vt 0.259399 0.174291
vt 0.249925 0.174939
vt 0.243269 0.175836
vt 0.229795 0.177289
vt 0.236983 0.176687
vt 0.215576 0.177826
vt 0.207244 0.177718
vt 0.198912 0.177863
vt 0.192302 0.177967
vt 0.184691 0.177386
vt 0.171210 0.175990
vt 0.177499 0.176815
vt 0.164550 0.175121
vt 0.155072 0.174511
vt 0.148344 0.174760
vt 0.141806 0.175229
vt 0.133689 0.176279
vt 0.420376 0.562081
vt 0.427733 0.561303
vt 0.435408 0.561764
vt 0.443809 0.563230
vt 0.453638 0.564223
vt 0.463819 0.565137
vt 0.473583 0.566106
vt 0.483390 0.567160
vt 0.494781 0.568276
vt 0.510229 0.569810
vt 0.523441 0.530722
vt 0.534181 0.529840
vt 0.467056 0.528194
vt 0.476749 0.528825
vt 0.553377 0.528179
vt 0.563561 0.528420
vt 0.456872 0.528440
vt 0.486254 0.529848
vt 0.496995 0.530727
vt 0.543686 0.528814
vt 0.510218 0.531930
vt 0.573667 0.528519
vt 0.446766 0.528544
vt 0.582764 0.527713
vt 0.437668 0.527744
vt 0.591861 0.527791
vt 0.428551 0.527814
vt 0.602132 0.529295
vt 0.418283 0.529328
vt 0.289972 0.206418
vt 0.277339 0.207273
vt 0.137259 0.207549
vt 0.124624 0.206740
vt 0.269424 0.209072
vt 0.145181 0.209318
vt 0.261726 0.210292
vt 0.152884 0.210509
vt 0.251299 0.211602
vt 0.163317 0.211778
vt 0.244092 0.212578
vt 0.170528 0.212726
vt 0.177360 0.213723
vt 0.229596 0.213815
vt 0.237263 0.213602
vt 0.185029 0.213905
vt 0.193232 0.214217
vt 0.215182 0.214069
vt 0.207313 0.214023
vt 0.199444 0.214101
vt 0.522123 0.490560
vt 0.532294 0.489679
vt 0.541633 0.488883
vt 0.551541 0.487918
vt 0.562134 0.486307
vt 0.572770 0.484402
vt 0.583084 0.482939
vt 0.594251 0.482684
vt 0.608276 0.484399
vt 0.304423 0.249920
vt 0.287784 0.252458
vt 0.277121 0.252298
vt 0.267606 0.251671
vt 0.255290 0.251904
vt 0.247285 0.252314
vt 0.231546 0.253081
vt 0.239713 0.252758
vt 0.216030 0.253898
vt 0.207388 0.254456
vt 0.198744 0.253932
vt 0.191911 0.253591
vt 0.183226 0.253176
vt 0.167484 0.252469
vt 0.175058 0.252884
vt 0.159478 0.252090
vt 0.147160 0.251903
vt 0.137648 0.252565
vt 0.126985 0.252765
vt 0.110337 0.250288
vt 0.412135 0.484422
vt 0.426161 0.482705
vt 0.437329 0.482959
vt 0.447643 0.484420
vt 0.458281 0.486322
vt 0.468875 0.487931
vt 0.478784 0.488893
vt 0.488123 0.489686
vt 0.498295 0.490564
vt 0.510209 0.490957
vt 0.522185 0.439719
vt 0.532047 0.438803
vt 0.470273 0.437428
vt 0.479590 0.438153
vt 0.550133 0.437419
vt 0.560566 0.435998
vt 0.459839 0.436008
vt 0.488359 0.438808
vt 0.498221 0.439722
vt 0.540815 0.438146
vt 0.510203 0.440298
vt 0.571297 0.434253
vt 0.449108 0.434265
vt 0.581792 0.432858
vt 0.438613 0.432871
vt 0.593784 0.432584
vt 0.426621 0.432599
vt 0.609260 0.434244
vt 0.411145 0.434260
vt 0.318183 0.299183
vt 0.298445 0.301521
vt 0.116507 0.301861
vt 0.096761 0.299594
vt 0.285699 0.301560
vt 0.129254 0.301854
vt 0.275696 0.301067
vt 0.139256 0.301325
vt 0.262935 0.301653
vt 0.152018 0.301866
vt 0.254274 0.302239
vt 0.160682 0.302420
vt 0.168872 0.302943
vt 0.237217 0.303265
vt 0.246085 0.302791
vt 0.177742 0.303386
vt 0.187126 0.303860
vt 0.218810 0.304022
vt 0.207482 0.304348
vt 0.196152 0.304063
vt 0.525503 0.242001
vt 0.539009 0.239108
vt 0.457100 0.231355
vt 0.468892 0.235729
vt 0.563279 0.231348
vt 0.574921 0.226281
vt 0.445458 0.226289
vt 0.481372 0.239111
vt 0.494878 0.242003
vt 0.551488 0.235724
vt 0.510191 0.241448
vt 0.587504 0.223392
vt 0.432875 0.223401
vt 0.601819 0.218358
vt 0.418560 0.218369
vt 0.617609 0.208945
vt 0.402768 0.208957
vt 0.635446 0.198910
vt 0.384930 0.198924
vt 0.356987 0.531810
vt 0.344389 0.554376
vt 0.071473 0.554841
vt 0.058792 0.532328
vt 0.326781 0.554356
vt 0.089082 0.554757
vt 0.311375 0.557578
vt 0.104501 0.557923
vt 0.297719 0.557258
vt 0.118157 0.557557
vt 0.283323 0.552665
vt 0.132541 0.552920
vt 0.146761 0.552384
vt 0.254302 0.550745
vt 0.269096 0.552173
vt 0.207927 0.554228
vt 0.224003 0.552607
vt 0.176514 0.551955
vt 0.161547 0.550906
vt 0.191847 0.552666
vt 0.530018 0.151476
vt 0.545864 0.147022
vt 0.447326 0.134935
vt 0.460263 0.142452
vt 0.573043 0.134928
vt 0.584919 0.129731
vt 0.435450 0.129739
vt 0.474506 0.147026
vt 0.490353 0.151478
vt 0.560108 0.142447
vt 0.597202 0.126980
vt 0.423166 0.126990
vt 0.613415 0.116949
vt 0.406953 0.116960
vt 0.631302 0.101024
vt 0.389064 0.101037
vt 0.650567 0.092825
vt 0.369798 0.092840
vt 0.386323 0.633532
vt 0.371785 0.647664
vt 0.044432 0.648203
vt 0.029833 0.634145
vt 0.351562 0.659682
vt 0.064699 0.660113
vt 0.340779 0.670541
vt 0.075523 0.670904
vt 0.329143 0.676991
vt 0.087176 0.677284
vt 0.305078 0.676256
vt 0.111189 0.676385
vt 0.130560 0.677396
vt 0.266837 0.681295
vt 0.285662 0.676969
vt 0.149448 0.681593
vt 0.168411 0.685926
vt 0.228805 0.689481
vt 0.208193 0.693894
vt 0.187554 0.689583
vt 0.510186 0.152316
vt 0.533889 0.109670
vt 0.549665 0.105739
vt 0.564756 0.100354
vt 0.578218 0.091681
vt 0.589942 0.087944
vt 0.601522 0.085638
vt 0.618767 0.072541
vt 0.636255 0.059366
vt 0.657635 0.051288
vt 0.400365 0.674521
vt 0.385574 0.688733
vt 0.362032 0.704373
vt 0.354501 0.717967
vt 0.340055 0.731908
vt 0.315321 0.732107
vt 0.297846 0.735058
vt 0.271922 0.755239
vt 0.233307 0.764016
vt 0.208449 0.767729
vt 0.183578 0.764157
vt 0.155194 0.769115
vt 0.144967 0.755611
vt 0.119017 0.735672
vt 0.101649 0.732220
vt 0.076830 0.732214
vt 0.062225 0.718386
vt 0.054577 0.704847
vt 0.030918 0.689352
vt 0.016034 0.675226
vt 0.362726 0.051303
vt 0.384107 0.059379
vt 0.401596 0.072552
vt 0.418843 0.085648
vt 0.430423 0.087952
vt 0.442147 0.091688
vt 0.455609 0.100360
vt 0.470701 0.105743
vt 0.486478 0.109673
vt 0.510184 0.111606
vt 0.247920 0.685728
vt 0.261748 0.768817
vt 0.239335 0.551841
vt 0.227836 0.303786
vt 0.222863 0.253530
vt 0.221394 0.214160
vt 0.222186 0.177902
vt 0.222703 0.144053
vt 0.225711 0.118551
vt 0.224934 0.100925
vt 0.224415 0.086836
vt 0.223739 0.077247
vt 0.222449 0.067953
vt 0.218906 0.055143
vt 0.215769 0.051940
vt 0.552731 0.069693
vt 0.537028 0.074237
vt 0.537365 0.068750
vt 0.552720 0.063748
vt 0.568279 0.063738
vt 0.569116 0.057899
vt 0.582276 0.055641
vt 0.583135 0.049754
vt 0.593236 0.052894
vt 0.593190 0.047328
vt 0.603274 0.050110
vt 0.602730 0.044431
vt 0.620085 0.034983
vt 0.619908 0.031180
vt 0.643916 0.024668
vt 0.645364 0.018996
vt 0.669306 0.015086
vt 0.670484 0.006823
vt 0.396212 0.724387
vt 0.410751 0.712434
vt 0.412052 0.720667
vt 0.398448 0.730074
vt 0.344482 0.772609
vt 0.367009 0.756295
vt 0.371394 0.762031
vt 0.344788 0.778545
vt 0.290340 0.806630
vt 0.288466 0.801219
vt 0.304689 0.787469
vt 0.306742 0.795629
vt 0.257419 0.807062
vt 0.257477 0.814381
vt 0.126667 0.806980
vt 0.128527 0.801565
vt 0.159630 0.807310
vt 0.159598 0.814627
vt 0.112239 0.787842
vt 0.110211 0.796002
vt 0.049931 0.756759
vt 0.072490 0.772981
vt 0.072197 0.778917
vt 0.045563 0.762514
vt 0.005905 0.713186
vt 0.020523 0.725049
vt 0.018323 0.730745
vt 0.004657 0.721422
vt 0.376442 0.024682
vt 0.351051 0.015103
vt 0.349872 0.006840
vt 0.374993 0.019010
vt 0.400274 0.034995
vt 0.400450 0.031192
vt 0.417086 0.050120
vt 0.417630 0.044441
vt 0.427125 0.052902
vt 0.427170 0.047337
vt 0.438085 0.055648
vt 0.437225 0.049762
vt 0.452083 0.063744
vt 0.451245 0.057905
vt 0.467632 0.069698
vt 0.467642 0.063752
vt 0.483336 0.074239
vt 0.482998 0.068753
vt 0.510182 0.070629
vt 0.510182 0.076302
vt 0.183422 0.814902
vt 0.233665 0.814771
vt 0.208553 0.818895
vt 0.208572 0.827623
vt 0.183665 0.822859
vt 0.233455 0.822731
vt 0.088899 0.788208
vt 0.091967 0.780698
vt 0.328080 0.787865
vt 0.325004 0.780368
vt 0.043591 0.746161
vt 0.373286 0.745652
vt 0.039785 0.755118
vt 0.377139 0.754597
vt 0.484038 0.065317
vt 0.510181 0.066929
vt 0.536324 0.065314
vt 0.469327 0.060463
vt 0.551035 0.060458
vt 0.452844 0.054446
vt 0.567518 0.054439
vt 0.438281 0.047558
vt 0.582079 0.047550
vt 0.428106 0.044530
vt 0.592254 0.044521
vt 0.417448 0.040867
vt 0.602912 0.040857
vt 0.402349 0.028894
vt 0.618009 0.028882
vt 0.377053 0.016104
vt 0.643304 0.016090
vt 0.354940 0.006337
vt 0.665416 0.006321
vt 0.016092 0.734678
vt 0.003204 0.726270
vt 0.413534 0.725507
vt 0.400701 0.733997
vt 0.031494 0.757831
vt 0.385441 0.757265
vt 0.040027 0.765876
vt 0.376946 0.765369
vt 0.069962 0.783556
vt 0.347034 0.783175
vt 0.087877 0.791596
vt 0.329105 0.791249
vt 0.109373 0.800286
vt 0.307588 0.799910
vt 0.124245 0.809674
vt 0.292767 0.809317
vt 0.158884 0.818713
vt 0.258204 0.818465
vt 0.183788 0.826792
vt 0.233349 0.826665
vt 0.208578 0.830374
vt 0.972035 0.754151
vt 0.970432 0.766828
vt 0.938922 0.735924
vt 0.942733 0.728772
vt 0.729203 0.761344
vt 0.728179 0.748607
vt 0.758603 0.724586
vt 0.762086 0.731904
vt 0.983602 0.729550
vt 0.944418 0.718354
vt 0.717741 0.723506
vt 0.757394 0.714103
vt 0.986671 0.715702
vt 0.943971 0.707326
vt 0.715305 0.709533
vt 0.758341 0.703106
vt 0.971201 0.700594
vt 0.938191 0.698104
vt 0.731446 0.695143
vt 0.764535 0.694156
vt 0.952160 0.681067
vt 0.931410 0.690380
vt 0.751353 0.676503
vt 0.771659 0.686748
vt 0.853376 0.607559
vt 0.884260 0.612003
vt 0.874755 0.646103
vt 0.852531 0.644714
vt 0.822322 0.610595
vt 0.830267 0.645091
vt 0.899445 0.621875
vt 0.890842 0.652730
vt 0.806704 0.619767
vt 0.813896 0.650981
vt 0.917116 0.633354
vt 0.903104 0.660286
vt 0.788530 0.630431
vt 0.801303 0.657972
vt 0.932904 0.641972
vt 0.913642 0.666536
vt 0.772367 0.638323
vt 0.790492 0.663736
vt 0.939878 0.650210
vt 0.920309 0.673572
vt 0.765025 0.646235
vt 0.783512 0.670462
vt 0.944784 0.660944
vt 0.925979 0.681148
vt 0.759637 0.656735
vt 0.777504 0.677773
vt 0.967952 0.800726
vt 0.932258 0.747224
vt 0.768229 0.743496
vt 0.730141 0.795319
vt 0.955736 0.812920
vt 0.928571 0.760223
vt 0.771322 0.756649
vt 0.741790 0.808057
vt 0.937396 0.825938
vt 0.917734 0.768401
vt 0.781775 0.765310
vt 0.759519 0.821895
vt 0.923389 0.836485
vt 0.905355 0.775349
vt 0.793826 0.772813
vt 0.773033 0.833067
vt 0.893288 0.856099
vt 0.887304 0.783687
vt 0.811480 0.781963
vt 0.802211 0.854028
vt 0.871497 0.869293
vt 0.868951 0.791416
vt 0.823380 0.868200
vt 0.829463 0.790518
vt 0.847292 0.875193
vt 0.849111 0.795176
vt 0.931258 0.716266
vt 0.927434 0.701802
vt 0.782174 0.712501
vt 0.783768 0.694310
vt 0.791759 0.691290
vt 0.787776 0.716684
vt 0.911124 0.694004
vt 0.913949 0.719552
vt 0.909933 0.726663
vt 0.907781 0.693037
vt 0.830090 0.738845
vt 0.828633 0.689127
vt 0.851581 0.686532
vt 0.850330 0.741529
vt 0.874387 0.690167
vt 0.870672 0.739768
vt 0.812738 0.734527
vt 0.812511 0.689216
vt 0.890488 0.690989
vt 0.888203 0.736242
vt 0.799765 0.729160
vt 0.801600 0.690082
vt 0.901349 0.692349
vt 0.901406 0.731471
vt 0.791465 0.723970
vt 0.795143 0.690476
vt 0.918971 0.697383
vt 0.919736 0.715629
vt 0.770635 0.712615
vt 0.775113 0.698339
vt 0.685672 0.639153
vt 0.679345 0.628848
vt 0.681296 0.596386
vt 0.687758 0.599726
vt 0.675651 0.623032
vt 0.677525 0.595350
vt 0.672649 0.618329
vt 0.666536 0.613716
vt 0.668306 0.592701
vt 0.674420 0.594526
vt 0.662241 0.610603
vt 0.663819 0.590011
vt 0.656420 0.607606
vt 0.658537 0.587480
vt 0.652947 0.607276
vt 0.655160 0.587057
vt 0.770811 0.614401
vt 0.767819 0.613289
vt 0.767232 0.594053
vt 0.770244 0.593819
vt 0.764055 0.618411
vt 0.763222 0.597357
vt 0.759156 0.620171
vt 0.758765 0.600729
vt 0.754126 0.626622
vt 0.754216 0.601323
vt 0.747240 0.633456
vt 0.748491 0.602976
vt 0.741682 0.638294
vt 0.741736 0.602993
vt 0.733743 0.643956
vt 0.734217 0.604215
vt 0.723781 0.650087
vt 0.726504 0.604096
vt 0.690587 0.648289
vt 0.687768 0.643054
vt 0.690278 0.600459
vt 0.693609 0.601450
vt 0.696012 0.654495
vt 0.693171 0.651233
vt 0.696496 0.602702
vt 0.699676 0.604099
vt 0.716080 0.653365
vt 0.719251 0.604560
vt 0.702458 0.655919
vt 0.706762 0.603149
vt 0.708954 0.655428
vt 0.713396 0.602827
vt 0.892187 0.366746
vt 0.885991 0.376976
vt 0.885572 0.360932
vt 0.892076 0.350738
vt 0.895869 0.344986
vt 0.896238 0.360994
vt 0.905773 0.351729
vt 0.899243 0.356187
vt 0.898952 0.340336
vt 0.905143 0.335828
vt 0.910434 0.348690
vt 0.909490 0.332791
vt 0.917169 0.345584
vt 0.915363 0.329894
vt 0.921040 0.345436
vt 0.918841 0.329624
vt 0.802830 0.348574
vt 0.799152 0.350622
vt 0.800870 0.334715
vt 0.803882 0.333655
vt 0.807134 0.355095
vt 0.807557 0.338841
vt 0.812317 0.355040
vt 0.812425 0.340685
vt 0.817130 0.362439
vt 0.817343 0.347222
vt 0.825094 0.370125
vt 0.824110 0.354175
vt 0.830386 0.374926
vt 0.829585 0.359108
vt 0.838210 0.380755
vt 0.837425 0.364907
vt 0.848121 0.387154
vt 0.847281 0.371208
vt 0.883870 0.380824
vt 0.883410 0.364796
vt 0.880975 0.385961
vt 0.878429 0.388831
vt 0.877867 0.372881
vt 0.880501 0.369982
vt 0.855862 0.390594
vt 0.854925 0.374618
vt 0.869500 0.393336
vt 0.863038 0.392765
vt 0.862013 0.376804
vt 0.868501 0.377406
vt 0.875564 0.392002
vt 0.874970 0.376094
vt 0.884164 0.321476
vt 0.890683 0.318249
vt 0.894471 0.317278
vt 0.897590 0.316508
vt 0.903735 0.314788
vt 0.908268 0.312176
vt 0.913592 0.309738
vt 0.916977 0.309372
vt 0.801793 0.314144
vt 0.804800 0.314429
vt 0.808753 0.317803
vt 0.813151 0.321251
vt 0.817688 0.321925
vt 0.823384 0.323676
vt 0.830137 0.323810
vt 0.837634 0.325162
vt 0.845348 0.325176
vt 0.852592 0.325766
vt 0.858477 0.324134
vt 0.865104 0.324571
vt 0.872173 0.325643
vt 0.875376 0.324301
vt 0.878284 0.323099
vt 0.881632 0.322165
vt 0.684978 0.655188
vt 0.678959 0.644853
vt 0.675008 0.639032
vt 0.672085 0.634174
vt 0.665633 0.629605
vt 0.661025 0.626485
vt 0.654344 0.623264
vt 0.650476 0.623049
vt 0.772256 0.630334
vt 0.768613 0.628223
vt 0.764198 0.634669
vt 0.759017 0.634524
vt 0.754077 0.641839
vt 0.745983 0.649386
vt 0.740610 0.654096
vt 0.732687 0.659788
vt 0.722667 0.666016
vt 0.714869 0.669322
vt 0.707656 0.671369
vt 0.701185 0.671829
vt 0.695145 0.670391
vt 0.692336 0.667172
vt 0.689839 0.664259
vt 0.687033 0.659072
vt 0.686687 0.528032
vt 0.693566 0.530985
vt 0.682326 0.527248
vt 0.671426 0.525161
vt 0.678819 0.526623
vt 0.665798 0.522604
vt 0.659394 0.520439
vt 0.655425 0.520246
vt 0.772047 0.527280
vt 0.775442 0.527336
vt 0.767512 0.530254
vt 0.762406 0.533268
vt 0.757616 0.533475
vt 0.751733 0.534683
vt 0.745131 0.534336
vt 0.737846 0.535313
vt 0.730505 0.535035
vt 0.695982 0.531578
vt 0.699266 0.532377
vt 0.701977 0.533517
vt 0.705003 0.534785
vt 0.723549 0.535329
vt 0.711607 0.533749
vt 0.717932 0.533496
vt 0.879547 0.252649
vt 0.886476 0.249817
vt 0.890850 0.249109
vt 0.894367 0.248546
vt 0.901785 0.247212
vt 0.907457 0.244754
vt 0.913898 0.242701
vt 0.917870 0.242577
vt 0.797745 0.247570
vt 0.801141 0.247573
vt 0.805623 0.250627
vt 0.810676 0.253729
vt 0.815463 0.254020
vt 0.821323 0.255330
vt 0.827931 0.255099
vt 0.835197 0.256203
vt 0.842542 0.256053
vt 0.877120 0.253200
vt 0.871093 0.255034
vt 0.873823 0.253942
vt 0.849492 0.256469
vt 0.855140 0.254734
vt 0.861460 0.255097
vt 0.868045 0.256249
vt 0.685830 0.480506
vt 0.694179 0.483234
vt 0.680498 0.478339
vt 0.665428 0.478664
vt 0.676169 0.476618
vt 0.658092 0.477671
vt 0.651975 0.477670
vt 0.647677 0.478349
vt 0.777415 0.485982
vt 0.781407 0.485688
vt 0.773224 0.486504
vt 0.768314 0.488254
vt 0.763885 0.487774
vt 0.758144 0.488469
vt 0.751541 0.487626
vt 0.744282 0.488124
vt 0.737194 0.487641
vt 0.697250 0.483740
vt 0.701303 0.484421
vt 0.705701 0.485714
vt 0.710453 0.487143
vt 0.730449 0.487868
vt 0.718775 0.486294
vt 0.725016 0.486011
vt 0.879769 0.204900
vt 0.888165 0.202320
vt 0.893534 0.200248
vt 0.897893 0.198603
vt 0.908597 0.200838
vt 0.915949 0.199973
vt 0.922066 0.200079
vt 0.926351 0.200834
vt 0.792509 0.205810
vt 0.796495 0.206174
vt 0.800676 0.206771
vt 0.805555 0.208608
vt 0.809991 0.208205
vt 0.815719 0.209002
vt 0.822336 0.208277
vt 0.829586 0.208903
vt 0.836681 0.208545
vt 0.876689 0.205352
vt 0.868205 0.207176
vt 0.872624 0.205961
vt 0.843421 0.208891
vt 0.848887 0.207131
vt 0.855121 0.207525
vt 0.863428 0.208520
vt 0.689216 0.435500
vt 0.697516 0.443577
vt 0.683005 0.434502
vt 0.666912 0.436559
vt 0.677859 0.433719
vt 0.658225 0.439696
vt 0.651098 0.442514
vt 0.645279 0.445462
vt 0.786914 0.454795
vt 0.793578 0.454978
vt 0.780782 0.455300
vt 0.774440 0.456367
vt 0.769018 0.455930
vt 0.763827 0.454464
vt 0.757488 0.453337
vt 0.749842 0.450837
vt 0.742053 0.448846
vt 0.701477 0.444399
vt 0.706817 0.445488
vt 0.711188 0.446469
vt 0.716047 0.447547
vt 0.735454 0.448900
vt 0.723762 0.447013
vt 0.729975 0.446915
vt 0.877134 0.165195
vt 0.885578 0.157268
vt 0.891806 0.156381
vt 0.896965 0.155690
vt 0.907860 0.158723
vt 0.916490 0.162013
vt 0.923566 0.164956
vt 0.929332 0.168005
vt 0.780883 0.174876
vt 0.787550 0.174811
vt 0.793672 0.175426
vt 0.799993 0.176607
vt 0.805422 0.176267
vt 0.810638 0.174893
vt 0.816996 0.173880
vt 0.824685 0.171517
vt 0.832508 0.169665
vt 0.873159 0.165946
vt 0.863412 0.167842
vt 0.867800 0.166939
vt 0.839105 0.169838
vt 0.844619 0.167951
vt 0.850830 0.168161
vt 0.858534 0.168833
vt 0.706493 0.399710
vt 0.696300 0.389639
vt 0.702804 0.363656
vt 0.711735 0.377898
vt 0.687096 0.391678
vt 0.691243 0.365956
vt 0.679787 0.393175
vt 0.665500 0.398212
vt 0.666066 0.376307
vt 0.681972 0.367429
vt 0.654851 0.401508
vt 0.651651 0.382605
vt 0.646496 0.406944
vt 0.641939 0.388390
vt 0.638990 0.413101
vt 0.632930 0.397359
vt 0.810621 0.425500
vt 0.801211 0.426373
vt 0.808539 0.411900
vt 0.819397 0.409485
vt 0.792431 0.427134
vt 0.799270 0.412354
vt 0.782522 0.429060
vt 0.785429 0.416128
vt 0.774980 0.429772
vt 0.777220 0.417315
vt 0.769150 0.429671
vt 0.771873 0.417553
vt 0.763436 0.428871
vt 0.766914 0.417056
vt 0.756646 0.427413
vt 0.760679 0.415627
vt 0.749593 0.425646
vt 0.753977 0.413641
vt 0.743335 0.423978
vt 0.747925 0.411066
vt 0.731067 0.418211
vt 0.723776 0.413079
vt 0.729707 0.395263
vt 0.736253 0.403185
vt 0.737800 0.420666
vt 0.742662 0.407041
vt 0.868947 0.121177
vt 0.879321 0.111293
vt 0.888486 0.113496
vt 0.895768 0.115124
vt 0.909961 0.120416
vt 0.920550 0.123901
vt 0.928806 0.129483
vt 0.936200 0.135771
vt 0.764370 0.145090
vt 0.773763 0.146131
vt 0.782528 0.147050
vt 0.792400 0.149153
vt 0.799929 0.149999
vt 0.805759 0.150003
vt 0.811486 0.149306
vt 0.818301 0.147970
vt 0.825385 0.146330
vt 0.831671 0.144776
vt 0.837266 0.141564
vt 0.844042 0.139231
vt 0.851425 0.134231
vt 0.855278 0.131124
vt 0.858774 0.128316
vt 0.719980 0.409903
vt 0.724712 0.390928
vt 0.864618 0.124263
vt 0.710766 0.402873
vt 0.716338 0.382227
vt 0.720294 0.386707
vt 0.716535 0.407032
vt 0.869401 0.072127
vt 0.859813 0.087104
vt 0.855999 0.080586
vt 0.866712 0.063306
vt 0.880073 0.056323
vt 0.882896 0.069062
vt 0.911342 0.080528
vt 0.893786 0.066407
vt 0.892569 0.048814
vt 0.912107 0.067489
vt 0.926881 0.094581
vt 0.928403 0.084581
vt 0.936228 0.101284
vt 0.938122 0.094407
vt 0.946605 0.111138
vt 0.948830 0.104437
vt 0.763183 0.123278
vt 0.751755 0.119692
vt 0.749273 0.113200
vt 0.761057 0.117320
vt 0.772737 0.123904
vt 0.770637 0.118143
vt 0.788591 0.128891
vt 0.787739 0.123748
vt 0.797107 0.130508
vt 0.796522 0.125522
vt 0.802127 0.131019
vt 0.801429 0.126154
vt 0.806648 0.130716
vt 0.805654 0.125893
vt 0.812405 0.129528
vt 0.811013 0.124749
vt 0.818765 0.127697
vt 0.816807 0.122985
vt 0.824420 0.124688
vt 0.822139 0.119821
vt 0.829477 0.120382
vt 0.827008 0.115302
vt 0.835649 0.115833
vt 0.832990 0.109994
vt 0.842470 0.106834
vt 0.840196 0.099639
vt 0.852132 0.095743
vt 0.848481 0.101622
vt 0.844160 0.093622
vt 0.848705 0.089993
vt 0.855952 0.092254
vt 0.852513 0.086102
vt 0.850893 0.112066
vt 0.855387 0.107925
vt 0.839130 0.124112
vt 0.845819 0.116310
vt 0.832652 0.127852
vt 0.827316 0.131781
vt 0.821219 0.134246
vt 0.814481 0.136110
vt 0.808221 0.137427
vt 0.803255 0.137836
vt 0.797912 0.137502
vt 0.789727 0.136169
vt 0.775955 0.132149
vt 0.766696 0.131529
vt 0.755883 0.128921
vt 0.933696 0.111017
vt 0.942543 0.120143
vt 0.924090 0.105061
vt 0.909791 0.098507
vt 0.894050 0.089345
vt 0.884808 0.087704
vt 0.873292 0.085194
vt 0.864105 0.099273
vt 0.859423 0.103518
vt 0.727315 0.380532
vt 0.733230 0.385852
vt 0.739886 0.394972
vt 0.745974 0.399631
vt 0.750951 0.404029
vt 0.756550 0.407139
vt 0.762875 0.409084
vt 0.768609 0.410376
vt 0.773124 0.410760
vt 0.778152 0.410337
vt 0.786695 0.408872
vt 0.802635 0.404168
vt 0.812199 0.403713
vt 0.823689 0.400331
vt 0.629030 0.388282
vt 0.639582 0.378612
vt 0.649049 0.372075
vt 0.664841 0.358301
vt 0.682653 0.344500
vt 0.693495 0.347353
vt 0.706934 0.350663
vt 0.716248 0.365811
vt 0.720016 0.371030
vt 0.723772 0.374588
vt 0.735637 0.378702
vt 0.731783 0.372614
vt 0.742653 0.389185
vt 0.748537 0.394600
vt 0.753322 0.399205
vt 0.758594 0.402464
vt 0.764355 0.404333
vt 0.769691 0.405573
vt 0.773910 0.405909
vt 0.778827 0.405364
vt 0.787639 0.403746
vt 0.804837 0.398446
vt 0.814430 0.397794
vt 0.826286 0.393884
vt 0.626925 0.381542
vt 0.637811 0.371702
vt 0.647708 0.362048
vt 0.664314 0.345249
vt 0.684191 0.326933
vt 0.696551 0.334669
vt 0.709784 0.341894
vt 0.720182 0.359365
vt 0.727304 0.368903
vt 0.723567 0.364944
vt 0.914263 0.052944
vt 0.931296 0.065030
vt 0.928210 0.075065
vt 0.912921 0.060569
vt 0.648074 0.352535
vt 0.663626 0.338315
vt 0.898900 0.041104
vt 0.895627 0.045453
vt 0.681195 0.323517
vt 0.915003 0.042178
vt 0.932200 0.055884
vt 0.662423 0.330667
vt 0.645173 0.342445
vt 0.644435 0.333283
vt 0.661880 0.319889
vt 0.904863 0.031081
vt 0.672222 0.308980
vt 0.678002 0.319109
vt 0.927595 0.034847
vt 0.930412 0.043731
vt 0.916367 0.036186
vt 0.917268 0.032185
vt 0.646444 0.321162
vt 0.660626 0.313872
vt 0.908902 0.025834
vt 0.907433 0.027709
vt 0.669714 0.305561
vt 0.924512 0.026015
vt 0.919295 0.025340
vt 0.649424 0.312330
vt 0.652668 0.303555
vt 0.657897 0.302975
vt 0.659798 0.309856
vt 0.913404 0.020995
vt 0.663868 0.298738
vt 0.668280 0.303660
vt 0.894589 0.043928
vt 0.897150 0.039907
vt 0.682261 0.322011
vt 0.685382 0.325128
vt 0.891412 0.046987
vt 0.679773 0.317945
vt 0.645425 0.361043
vt 0.646084 0.352396
vt 0.930203 0.074961
vt 0.930704 0.083617
vt 0.932814 0.065209
vt 0.643651 0.342597
vt 0.934126 0.055287
vt 0.642520 0.332651
vt 0.901845 0.032406
vt 0.675216 0.310360
vt 0.906359 0.026516
vt 0.670810 0.304389
vt 0.668866 0.302521
vt 0.908338 0.024685
vt 0.912746 0.019471
vt 0.664554 0.297228
vt 0.923086 0.020394
vt 0.921635 0.017622
vt 0.654197 0.297960
vt 0.655699 0.295214
vt 0.917658 0.017827
vt 0.659672 0.295493
vt 0.917202 0.016788
vt 0.660148 0.294462
vt 0.921851 0.016789
vt 0.655499 0.294378
vt 0.924434 0.019873
vt 0.652858 0.297414
vt 0.926023 0.025683
vt 0.651163 0.303195
vt 0.847461 0.493728
vt 0.847199 0.488303
vt 0.846976 0.484462
vt 0.852019 0.490691
vt 0.911486 0.380263
vt 0.911223 0.385688
vt 0.906665 0.382649
vt 0.911710 0.376421
vt 0.851010 0.485252
vt 0.854384 0.488342
vt 0.904300 0.380300
vt 0.907675 0.377211
vt 0.929403 0.033870
vt 0.933133 0.043082
vt 0.643735 0.320464
vt 0.647633 0.311321
vt 0.853858 0.496768
vt 0.858851 0.492599
vt 0.904825 0.388726
vt 0.899832 0.384557
vt 0.846633 0.501841
vt 0.912048 0.393801
vt 0.859834 0.494783
vt 0.854543 0.502789
vt 0.904139 0.394747
vt 0.898850 0.386740
vt 0.844847 0.510771
vt 0.913833 0.402731
vt 0.863213 0.500546
vt 0.856590 0.509318
vt 0.902090 0.401275
vt 0.895469 0.392502
vt 0.841764 0.521745
vt 0.916914 0.413706
vt 0.859984 0.515827
vt 0.842954 0.530456
vt 0.915722 0.422416
vt 0.898695 0.407784
vt 0.867488 0.507256
vt 0.891193 0.399212
vt 0.870465 0.510535
vt 0.862430 0.519446
vt 0.896248 0.411403
vt 0.888215 0.402490
vt 0.847844 0.538437
vt 0.910830 0.430396
vt 0.873244 0.514038
vt 0.865583 0.524628
vt 0.893095 0.416584
vt 0.885435 0.405992
vt 0.846555 0.546982
vt 0.912116 0.438941
vt 0.778134 0.401736
vt 0.787309 0.399852
vt 0.788138 0.119861
vt 0.797280 0.121907
vt 0.825288 0.113207
vt 0.830742 0.108026
vt 0.744937 0.387260
vt 0.750296 0.392537
vt 0.773613 0.402234
vt 0.769752 0.402047
vt 0.765476 0.400707
vt 0.759770 0.398864
vt 0.755440 0.395636
vt 0.801792 0.122485
vt 0.805658 0.122366
vt 0.809959 0.121103
vt 0.815699 0.119363
vt 0.820089 0.116212
vt 0.836664 0.099068
vt 0.739179 0.378196
vt 0.841773 0.091989
vt 0.846708 0.088583
vt 0.734201 0.371026
vt 0.850209 0.083305
vt 0.853767 0.079441
vt 0.725923 0.362190
vt 0.729328 0.367530
vt 0.722435 0.358261
vt 0.865865 0.062233
vt 0.710651 0.340836
vt 0.878551 0.054479
vt 0.698106 0.332852
vt 0.621622 0.376708
vt 0.635629 0.368624
vt 0.940358 0.091369
vt 0.954218 0.099698
vt 0.810986 0.393551
vt 0.820654 0.389385
vt 0.801989 0.395386
vt 0.754985 0.108801
vt 0.764577 0.113139
vt 0.773540 0.115135
vt 0.877230 0.534195
vt 0.873850 0.521472
vt 0.885879 0.523617
vt 0.885314 0.528305
vt 0.884828 0.413426
vt 0.872800 0.415569
vt 0.872456 0.412760
vt 0.869308 0.542928
vt 0.866119 0.530789
vt 0.892557 0.422745
vt 0.858682 0.553728
vt 0.849428 0.549143
vt 0.909243 0.441101
vt 0.852466 0.560314
vt 0.844325 0.558490
vt 0.914344 0.450448
vt 0.916906 0.450440
vt 0.895268 0.535628
vt 0.899003 0.529188
vt 0.859675 0.421137
vt 0.857513 0.417274
vt 0.902809 0.549000
vt 0.898049 0.551887
vt 0.853123 0.439217
vt 0.855865 0.440948
vt 0.904479 0.555271
vt 0.898948 0.559231
vt 0.854192 0.447219
vt 0.850830 0.444965
vt 0.908701 0.560942
vt 0.902890 0.564418
vt 0.849969 0.452888
vt 0.846383 0.450674
vt 0.909184 0.565952
vt 0.905284 0.568172
vt 0.849484 0.457897
vt 0.847158 0.456530
vt 0.906181 0.573259
vt 0.901837 0.573278
vt 0.849882 0.465100
vt 0.852484 0.465205
vt 0.893648 0.493398
vt 0.885094 0.497338
vt 0.884023 0.493861
vt 0.891262 0.490758
vt 0.874637 0.601897
vt 0.867402 0.598795
vt 0.872252 0.593401
vt 0.876632 0.594874
vt 0.914167 0.466270
vt 0.908854 0.466148
vt 0.849811 0.574192
vt 0.856739 0.570326
vt 0.910829 0.476301
vt 0.905435 0.475580
vt 0.905605 0.483705
vt 0.899603 0.483013
vt 0.853227 0.583625
vt 0.861904 0.581887
vt 0.859055 0.591057
vt 0.869865 0.589377
vt 0.901136 0.582147
vt 0.898115 0.579712
vt 0.855754 0.475567
vt 0.857525 0.474096
vt 0.880540 0.498297
vt 0.880182 0.494427
vt 0.878476 0.602464
vt 0.878962 0.594856
vt 0.898272 0.589434
vt 0.894747 0.584776
vt 0.858385 0.484321
vt 0.860386 0.481386
vt 0.876506 0.498374
vt 0.876613 0.494128
vt 0.871962 0.497043
vt 0.872677 0.492562
vt 0.866203 0.494493
vt 0.867212 0.490854
vt 0.862581 0.489767
vt 0.864187 0.486103
vt 0.882044 0.602167
vt 0.881526 0.594127
vt 0.885979 0.600602
vt 0.884201 0.592391
vt 0.891443 0.598896
vt 0.889468 0.593229
vt 0.894468 0.594148
vt 0.891370 0.588486
vt 0.885247 0.544341
vt 0.873426 0.436293
vt 0.863408 0.427578
vt 0.873364 0.420257
vt 0.881446 0.426149
vt 0.875133 0.553621
vt 0.883538 0.445576
vt 0.889365 0.434884
vt 0.864918 0.562770
vt 0.906203 0.452271
vt 0.901928 0.462282
vt 0.893751 0.454726
vt 0.899988 0.445684
vt 0.898893 0.569234
vt 0.856828 0.465227
vt 0.853383 0.460119
vt 0.855779 0.456366
vt 0.859774 0.461184
vt 0.892499 0.562763
vt 0.859723 0.451180
vt 0.866171 0.454715
vt 0.889755 0.556832
vt 0.860623 0.443837
vt 0.868916 0.448784
vt 0.881146 0.564412
vt 0.877523 0.456367
vt 0.869841 0.574402
vt 0.888826 0.466357
vt 0.896760 0.473840
vt 0.886921 0.572663
vt 0.873398 0.582962
vt 0.885188 0.475012
vt 0.871748 0.464619
vt 0.888702 0.481328
vt 0.892785 0.575081
vt 0.865881 0.467034
vt 0.860548 0.471662
vt 0.887382 0.585282
vt 0.871390 0.477295
vt 0.863913 0.476727
vt 0.886883 0.587637
vt 0.867287 0.480441
vt 0.871873 0.479611
vt 0.874506 0.484279
vt 0.869186 0.485187
vt 0.886223 0.520808
vt 0.901166 0.525326
vt 0.905550 0.547270
vt 0.907842 0.553019
vt 0.912287 0.558730
vt 0.911510 0.564586
vt 0.908783 0.573154
vt 0.902907 0.583620
vt 0.900271 0.592370
vt 0.896072 0.597812
vt 0.892451 0.602535
vt 0.886693 0.605083
vt 0.882150 0.606412
vt 0.878117 0.606334
vt 0.873566 0.605374
vt 0.865016 0.601436
vt 0.853055 0.591751
vt 0.847833 0.584345
vt 0.844499 0.574313
vt 0.841763 0.558481
vt 0.877158 0.485988
vt 0.879701 0.486705
vt 0.882010 0.486724
vt 0.886357 0.485279
vt 0.169151 0.906710
vt 0.174923 0.908409
vt 0.177701 0.917340
vt 0.171924 0.917574
vt 0.165127 0.918554
vt 0.161359 0.911220
vt 0.158802 0.921009
vt 0.155054 0.914128
vt 0.150257 0.918227
vt 0.153885 0.924233
vt 0.149174 0.926479
vt 0.146808 0.922094
vt 0.137558 0.921814
vt 0.142879 0.922855
vt 0.143578 0.927442
vt 0.138144 0.926699
vt 0.328713 0.211501
vt 0.331053 0.209850
vt 0.336857 0.215189
vt 0.333027 0.217080
vt 0.320338 0.218094
vt 0.326173 0.213989
vt 0.328064 0.219558
vt 0.322232 0.223046
vt 0.191040 0.938095
vt 0.192825 0.939564
vt 0.190984 0.941325
vt 0.189781 0.939326
vt 0.196861 0.941218
vt 0.195729 0.943568
vt 0.190286 0.943524
vt 0.186038 0.937263
vt 0.195296 0.945911
vt 0.188963 0.934691
vt 0.194498 0.938180
vt 0.197749 0.939475
vt 0.188736 0.945248
vt 0.183218 0.940284
vt 0.192919 0.948559
vt 0.183121 0.946024
vt 0.185054 0.944830
vt 0.187800 0.948107
vt 0.185885 0.949802
vt 0.189131 0.953785
vt 0.191147 0.951439
vt 0.179530 0.944340
vt 0.187397 0.956512
vt 0.183331 0.950954
vt 0.181237 0.952320
vt 0.177275 0.946033
vt 0.184807 0.958249
vt 0.196008 0.948982
vt 0.197247 0.947316
vt 0.187531 0.960502
vt 0.188548 0.959333
vt 0.176009 0.955903
vt 0.174658 0.950755
vt 0.177010 0.950236
vt 0.179010 0.954647
vt 0.171677 0.948369
vt 0.173099 0.956045
vt 0.169895 0.956835
vt 0.166658 0.950252
vt 0.180972 0.959550
vt 0.177465 0.960999
vt 0.173914 0.962483
vt 0.172017 0.966264
vt 0.170604 0.963201
vt 0.173504 0.965716
vt 0.163937 0.958278
vt 0.163171 0.954724
vt 0.166186 0.953902
vt 0.167193 0.957944
vt 0.160021 0.952666
vt 0.160620 0.958305
vt 0.167251 0.962768
vt 0.164399 0.962228
vt 0.160673 0.962501
vt 0.165708 0.967879
vt 0.163009 0.967210
vt 0.167476 0.968497
vt 0.159774 0.967278
vt 0.164112 0.972760
vt 0.161590 0.971954
vt 0.165862 0.973589
vt 0.158834 0.972039
vt 0.163762 0.974091
vt 0.161319 0.973285
vt 0.165386 0.974931
vt 0.158648 0.973439
vt 0.163329 0.975756
vt 0.160859 0.974928
vt 0.164903 0.976619
vt 0.158284 0.975212
vt 0.157060 0.973255
vt 0.157787 0.967478
vt 0.158096 0.962838
vt 0.157248 0.959310
vt 0.156108 0.954721
vt 0.167709 0.976190
vt 0.170110 0.969986
vt 0.357485 0.260827
vt 0.356176 0.255213
vt 0.357735 0.254349
vt 0.359332 0.259930
vt 0.354091 0.255862
vt 0.355643 0.261391
vt 0.353294 0.262045
vt 0.351676 0.256113
vt 0.349632 0.252750
vt 0.352337 0.252026
vt 0.354823 0.251063
vt 0.357130 0.249421
vt 0.162274 0.980245
vt 0.159610 0.979373
vt 0.163783 0.981184
vt 0.157157 0.979565
vt 0.155741 0.979200
vt 0.165602 0.982222
vt 0.160976 0.985180
vt 0.158564 0.984523
vt 0.162579 0.985856
vt 0.156138 0.984173
vt 0.154417 0.985162
vt 0.163875 0.987502
vt 0.160438 0.987209
vt 0.158070 0.986647
vt 0.161896 0.987270
vt 0.156032 0.985819
vt 0.160161 0.988648
vt 0.157866 0.988146
vt 0.161932 0.989043
vt 0.155633 0.987401
vt 0.360334 0.265646
vt 0.358860 0.266124
vt 0.362048 0.271401
vt 0.360291 0.271201
vt 0.355845 0.267414
vt 0.357342 0.266773
vt 0.358897 0.271883
vt 0.357679 0.272516
vt 0.159521 0.990530
vt 0.157152 0.989969
vt 0.161239 0.991176
vt 0.155070 0.989287
vt 0.153714 0.988826
vt 0.162509 0.991714
vt 0.157978 0.993963
vt 0.156497 0.993520
vt 0.159076 0.994356
vt 0.155434 0.992951
vt 0.154110 0.992608
vt 0.160341 0.994574
vt 0.157510 0.994897
vt 0.156338 0.994376
vt 0.158386 0.995369
vt 0.359565 0.276341
vt 0.360502 0.275621
vt 0.361543 0.275019
vt 0.362939 0.274878
vt 0.155228 0.994190
vt 0.363745 0.278545
vt 0.362727 0.278624
vt 0.361839 0.279043
vt 0.361039 0.279566
vt 0.157757 0.996705
vt 0.156676 0.997036
vt 0.157079 0.996100
vt 0.155632 0.996682
vt 0.155018 0.995694
vt 0.155942 0.995745
vt 0.184628 0.963286
vt 0.181932 0.964248
vt 0.179476 0.965733
vt 0.176504 0.966316
vt 0.185716 0.969230
vt 0.183419 0.969752
vt 0.181641 0.970312
vt 0.179306 0.971652
vt 0.186219 0.970799
vt 0.184052 0.971353
vt 0.182221 0.972023
vt 0.179694 0.973146
vt 0.186468 0.972341
vt 0.184829 0.972706
vt 0.182740 0.973489
vt 0.180287 0.974348
vt 0.178247 0.974258
vt 0.188854 0.971075
vt 0.187221 0.963984
vt 0.175246 0.968601
vt 0.346479 0.257172
vt 0.347561 0.263249
vt 0.345605 0.264030
vt 0.344955 0.257503
vt 0.343440 0.264015
vt 0.343206 0.257762
vt 0.341495 0.264104
vt 0.341612 0.257199
vt 0.345036 0.252906
vt 0.347778 0.253342
vt 0.342973 0.253171
vt 0.340813 0.253154
vt 0.188166 0.977606
vt 0.186823 0.977989
vt 0.184781 0.978706
vt 0.182617 0.979445
vt 0.181112 0.980171
vt 0.190091 0.976789
vt 0.345496 0.269553
vt 0.343567 0.269442
vt 0.341466 0.269324
vt 0.347084 0.269233
vt 0.188499 0.982310
vt 0.186322 0.983048
vt 0.190008 0.981858
vt 0.184751 0.983830
vt 0.189149 0.983780
vt 0.186938 0.984479
vt 0.190676 0.983340
vt 0.185304 0.985345
vt 0.189592 0.985069
vt 0.187348 0.985743
vt 0.191150 0.984546
vt 0.185782 0.986551
vt 0.192201 0.982679
vt 0.183746 0.986260
vt 0.345215 0.275241
vt 0.346786 0.275736
vt 0.343291 0.275164
vt 0.341091 0.275391
vt 0.191028 0.988755
vt 0.189050 0.989483
vt 0.192190 0.988266
vt 0.187245 0.990300
vt 0.193623 0.987936
vt 0.186108 0.991113
vt 0.345972 0.281023
vt 0.345022 0.280579
vt 0.343211 0.280397
vt 0.341373 0.280799
vt 0.192154 0.992932
vt 0.190510 0.993973
vt 0.192868 0.992522
vt 0.189618 0.994369
vt 0.194057 0.992442
vt 0.188940 0.994407
vt 0.345456 0.285380
vt 0.344514 0.285127
vt 0.343635 0.285057
vt 0.342779 0.285198
vt 0.192311 0.993909
vt 0.191006 0.994614
vt 0.193134 0.993173
vt 0.193622 0.994471
vt 0.192548 0.994665
vt 0.193209 0.995425
vt 0.192348 0.996004
vt 0.191625 0.995178
vt 0.190640 0.995279
vt 0.191161 0.995933
vt 0.194656 0.955087
vt 0.193339 0.956751
vt 0.196470 0.953560
vt 0.192556 0.958692
vt 0.197969 0.952430
vt 0.191794 0.960265
vt 0.334724 0.252398
vt 0.334040 0.256970
vt 0.331913 0.256026
vt 0.332444 0.251600
vt 0.336091 0.257282
vt 0.336618 0.252760
vt 0.338592 0.253147
vt 0.338051 0.257017
vt 0.200089 0.942072
vt 0.199830 0.943848
vt 0.199683 0.945674
vt 0.200669 0.940246
vt 0.199897 0.946786
vt 0.330270 0.250139
vt 0.328632 0.252383
vt 0.327337 0.252073
vt 0.328044 0.249159
vt 0.325716 0.251697
vt 0.326205 0.248735
vt 0.196109 0.935958
vt 0.198694 0.937745
vt 0.201255 0.938524
vt 0.324392 0.248635
vt 0.323869 0.251318
vt 0.326050 0.245196
vt 0.324349 0.245307
vt 0.192846 0.932715
vt 0.323661 0.240759
vt 0.196763 0.956854
vt 0.195680 0.958381
vt 0.198730 0.955420
vt 0.195065 0.960174
vt 0.201310 0.955285
vt 0.195576 0.962859
vt 0.332689 0.261227
vt 0.330754 0.259851
vt 0.337644 0.261026
vt 0.335285 0.261629
vt 0.197871 0.957608
vt 0.196745 0.959040
vt 0.199827 0.956309
vt 0.196247 0.960843
vt 0.198994 0.958577
vt 0.197786 0.959992
vt 0.200976 0.957276
vt 0.197423 0.961582
vt 0.203837 0.961676
vt 0.202500 0.963186
vt 0.205202 0.960031
vt 0.202309 0.964712
vt 0.206455 0.959007
vt 0.201783 0.966206
vt 0.331614 0.266008
vt 0.329982 0.265458
vt 0.334823 0.266741
vt 0.333297 0.266422
vt 0.208321 0.964189
vt 0.207273 0.965747
vt 0.209667 0.962917
vt 0.206817 0.967178
vt 0.212386 0.962925
vt 0.208015 0.969339
vt 0.329158 0.272451
vt 0.327718 0.271936
vt 0.332151 0.273005
vt 0.330715 0.272807
vt 0.209761 0.965090
vt 0.208809 0.966509
vt 0.210984 0.963722
vt 0.208289 0.967904
vt 0.211242 0.965740
vt 0.210143 0.967386
vt 0.212515 0.964536
vt 0.209748 0.968637
vt 0.327738 0.275850
vt 0.326663 0.275639
vt 0.330545 0.276463
vt 0.329198 0.276168
vt 0.213763 0.967261
vt 0.212820 0.968887
vt 0.214633 0.966247
vt 0.212480 0.969647
vt 0.211756 0.970366
vt 0.215352 0.965407
vt 0.327050 0.278878
vt 0.326324 0.279161
vt 0.328223 0.280008
vt 0.327920 0.279243
vt 0.216578 0.969202
vt 0.216271 0.970387
vt 0.216800 0.968704
vt 0.216085 0.970819
vt 0.215809 0.971197
vt 0.217370 0.968207
vt 0.216919 0.969673
vt 0.216660 0.970426
vt 0.216673 0.970854
vt 0.217227 0.968991
vt 0.217923 0.969526
vt 0.217552 0.969917
vt 0.218491 0.970155
vt 0.218125 0.971092
vt 0.217223 0.970608
vt 0.217203 0.971082
vt 0.202926 0.942249
vt 0.202734 0.943777
vt 0.202680 0.945353
vt 0.203594 0.940866
vt 0.203994 0.946895
vt 0.327528 0.255898
vt 0.326545 0.255587
vt 0.324965 0.255204
vt 0.204974 0.939570
vt 0.322733 0.254723
vt 0.203770 0.942327
vt 0.203617 0.943851
vt 0.203928 0.945425
vt 0.204466 0.941042
vt 0.204781 0.942260
vt 0.204666 0.943854
vt 0.205210 0.945723
vt 0.205517 0.941129
vt 0.326542 0.258939
vt 0.325604 0.258776
vt 0.324036 0.258446
vt 0.322330 0.257692
vt 0.325342 0.262315
vt 0.324501 0.261938
vt 0.323001 0.261678
vt 0.321418 0.261839
vt 0.207561 0.942821
vt 0.207328 0.944247
vt 0.207400 0.945611
vt 0.207945 0.941649
vt 0.207575 0.946548
vt 0.208248 0.940458
vt 0.210868 0.943148
vt 0.210649 0.944462
vt 0.210553 0.945407
vt 0.211214 0.942098
vt 0.212502 0.941614
vt 0.211305 0.946405
vt 0.212076 0.943250
vt 0.211861 0.944543
vt 0.211538 0.945562
vt 0.212256 0.942416
vt 0.213083 0.943282
vt 0.212874 0.944543
vt 0.212581 0.945606
vt 0.213278 0.942459
vt 0.214880 0.943673
vt 0.214654 0.944876
vt 0.214369 0.945820
vt 0.215056 0.942837
vt 0.215312 0.942241
vt 0.214313 0.946401
vt 0.324255 0.265020
vt 0.323326 0.264829
vt 0.322108 0.264577
vt 0.321083 0.264643
vt 0.216963 0.943959
vt 0.216689 0.944999
vt 0.216590 0.945508
vt 0.216772 0.943567
vt 0.216836 0.942855
vt 0.216275 0.946280
vt 0.323032 0.266541
vt 0.322678 0.266414
vt 0.321852 0.266286
vt 0.321334 0.266260
vt 0.217284 0.944254
vt 0.217151 0.944834
vt 0.218145 0.943704
vt 0.217767 0.944302
vt 0.217301 0.943562
vt 0.217762 0.944856
vt 0.218144 0.945538
vt 0.217184 0.945466
vt 0.218406 0.945196
vt 0.218490 0.944230
vt 0.157877 0.948249
vt 0.164106 0.946125
vt 0.155455 0.944830
vt 0.161285 0.942565
vt 0.152199 0.941569
vt 0.158499 0.939101
vt 0.149218 0.945443
vt 0.151697 0.947204
vt 0.151659 0.937454
vt 0.156240 0.935475
vt 0.147196 0.940981
vt 0.147431 0.937132
vt 0.146111 0.944133
vt 0.153892 0.949808
vt 0.360158 0.233101
vt 0.357884 0.230558
vt 0.359679 0.228537
vt 0.362110 0.231125
vt 0.144323 0.947974
vt 0.147411 0.949378
vt 0.143303 0.951356
vt 0.145575 0.952406
vt 0.360847 0.226146
vt 0.355474 0.227636
vt 0.358989 0.224824
vt 0.358421 0.235666
vt 0.357134 0.240656
vt 0.353873 0.241567
vt 0.354857 0.235442
vt 0.350460 0.243969
vt 0.351501 0.236365
vt 0.142811 0.940541
vt 0.142995 0.937080
vt 0.142124 0.943344
vt 0.141162 0.946386
vt 0.140753 0.950579
vt 0.361234 0.222892
vt 0.362237 0.224412
vt 0.364565 0.220344
vt 0.364210 0.223135
vt 0.365348 0.222738
vt 0.366507 0.221686
vt 0.144734 0.955190
vt 0.142652 0.954202
vt 0.144280 0.957962
vt 0.142117 0.956670
vt 0.143799 0.959195
vt 0.141686 0.958485
vt 0.143447 0.960945
vt 0.141058 0.960264
vt 0.139006 0.950222
vt 0.139381 0.946377
vt 0.136519 0.950392
vt 0.136388 0.946273
vt 0.143250 0.932666
vt 0.147740 0.932937
vt 0.151048 0.934406
vt 0.153713 0.930949
vt 0.169279 0.944308
vt 0.166632 0.940620
vt 0.163921 0.937113
vt 0.161133 0.933611
vt 0.157944 0.929932
vt 0.346430 0.244819
vt 0.347318 0.237230
vt 0.342159 0.245016
vt 0.338004 0.245045
vt 0.338178 0.238022
vt 0.342783 0.237651
vt 0.333770 0.244310
vt 0.333934 0.238623
vt 0.328507 0.242262
vt 0.328885 0.238209
vt 0.339545 0.234267
vt 0.344603 0.233619
vt 0.349260 0.233009
vt 0.334802 0.234588
vt 0.329647 0.234971
vt 0.138187 0.953305
vt 0.135952 0.953931
vt 0.137230 0.956526
vt 0.134410 0.958937
vt 0.136959 0.958290
vt 0.136664 0.959972
vt 0.140388 0.953543
vt 0.139842 0.956149
vt 0.139373 0.958132
vt 0.138888 0.960033
vt 0.355029 0.224156
vt 0.358230 0.222528
vt 0.360720 0.220618
vt 0.364116 0.218338
vt 0.353901 0.221143
vt 0.356747 0.220319
vt 0.352366 0.225382
vt 0.351267 0.222086
vt 0.359271 0.218578
vt 0.362459 0.215173
vt 0.355508 0.218386
vt 0.352494 0.218118
vt 0.357881 0.217221
vt 0.360970 0.213627
vt 0.366308 0.213041
vt 0.368107 0.215649
vt 0.368600 0.217542
vt 0.364686 0.210692
vt 0.135197 0.963732
vt 0.133237 0.963595
vt 0.369737 0.218988
vt 0.142143 0.965042
vt 0.139865 0.964347
vt 0.137717 0.963665
vt 0.370786 0.211260
vt 0.371817 0.213644
vt 0.372517 0.214597
vt 0.370412 0.209849
vt 0.135345 0.968609
vt 0.133795 0.969187
vt 0.373454 0.215344
vt 0.140170 0.969738
vt 0.138934 0.969415
vt 0.136848 0.969246
vt 0.138632 0.970483
vt 0.136564 0.970548
vt 0.139950 0.970596
vt 0.135084 0.969986
vt 0.139904 0.971956
vt 0.138555 0.971661
vt 0.136471 0.971619
vt 0.139036 0.972951
vt 0.136256 0.973116
vt 0.135068 0.971866
vt 0.347758 0.226581
vt 0.347716 0.222746
vt 0.342279 0.227165
vt 0.343157 0.222683
vt 0.336583 0.226974
vt 0.337177 0.221710
vt 0.345152 0.217968
vt 0.341128 0.217074
vt 0.330204 0.228748
vt 0.329869 0.224452
vt 0.133346 0.928601
vt 0.133576 0.920960
vt 0.350426 0.217994
vt 0.348182 0.218166
vt 0.135755 0.943792
vt 0.138946 0.943119
vt 0.138476 0.933117
vt 0.133428 0.933353
vt 0.138633 0.937599
vt 0.134124 0.937760
vt 0.138819 0.940825
vt 0.134931 0.941175
vt 0.323969 0.231310
vt 0.323261 0.227454
vt 0.173934 0.942318
vt 0.171270 0.938463
vt 0.168824 0.934725
vt 0.166151 0.930984
vt 0.163045 0.926817
vt 0.179023 0.908052
vt 0.182071 0.916581
vt 0.184391 0.910607
vt 0.186355 0.915338
vt 0.347299 0.249173
vt 0.349704 0.248784
vt 0.351608 0.248343
vt 0.354065 0.246689
vt 0.356908 0.245532
vt 0.345308 0.249310
vt 0.342857 0.249399
vt 0.341001 0.249386
vt 0.338655 0.249347
vt 0.332905 0.247961
vt 0.334910 0.248738
vt 0.337014 0.249197
vt 0.330156 0.246624
vt 0.328417 0.245946
vt 0.323986 0.237683
vt 0.324190 0.234976
vt 0.191914 0.929628
vt 0.188064 0.931663
vt 0.191169 0.926824
vt 0.187122 0.928884
vt 0.189997 0.923109
vt 0.190531 0.924858
vt 0.186246 0.926521
vt 0.185296 0.923981
vt 0.188349 0.919398
vt 0.183803 0.920430
vt 0.184461 0.933728
vt 0.183141 0.930555
vt 0.182014 0.927923
vt 0.180827 0.925294
vt 0.179321 0.921621
vt 0.181108 0.936750
vt 0.179334 0.933077
vt 0.177797 0.929435
vt 0.176272 0.926609
vt 0.174096 0.922471
vt 0.177479 0.939862
vt 0.175376 0.935891
vt 0.173296 0.932135
vt 0.171096 0.928500
vt 0.168299 0.924094
vt 0.353407 0.231931
vt 0.350816 0.229345
vt 0.347594 0.229951
vt 0.341945 0.230032
vt 0.335918 0.230897
vt 0.330117 0.231906
vt 0.324083 0.233034
vt 0.274563 0.907586
vt 0.280331 0.905876
vt 0.277581 0.916745
vt 0.271802 0.916523
vt 0.284379 0.917711
vt 0.288133 0.910370
vt 0.290709 0.920154
vt 0.294443 0.913265
vt 0.299248 0.917355
vt 0.295632 0.923368
vt 0.305946 0.926557
vt 0.300348 0.925605
vt 0.302705 0.921214
vt 0.306636 0.921968
vt 0.311954 0.920916
vt 0.311378 0.925802
vt 0.315935 0.920054
vt 0.316181 0.927694
vt 0.348825 0.120022
vt 0.351365 0.122510
vt 0.349473 0.128080
vt 0.344510 0.125601
vt 0.256724 0.938777
vt 0.258506 0.937305
vt 0.259767 0.938533
vt 0.258568 0.940535
vt 0.253828 0.942787
vt 0.252691 0.940439
vt 0.263507 0.936463
vt 0.259271 0.942731
vt 0.254266 0.945129
vt 0.260576 0.933896
vt 0.255048 0.937396
vt 0.251799 0.938698
vt 0.266332 0.939478
vt 0.260825 0.944452
vt 0.256649 0.947772
vt 0.264506 0.944027
vt 0.266441 0.945217
vt 0.263685 0.949000
vt 0.261766 0.947309
vt 0.260446 0.952990
vt 0.258426 0.950648
vt 0.270028 0.943526
vt 0.266241 0.950148
vt 0.262185 0.955713
vt 0.272287 0.945215
vt 0.268337 0.951510
vt 0.264779 0.957445
vt 0.253561 0.948201
vt 0.252318 0.946537
vt 0.262059 0.959703
vt 0.261041 0.958537
vt 0.274913 0.949932
vt 0.273573 0.955082
vt 0.270569 0.953832
vt 0.272560 0.949418
vt 0.277890 0.947540
vt 0.276483 0.955219
vt 0.282912 0.949412
vt 0.279688 0.956002
vt 0.268617 0.958738
vt 0.272126 0.960181
vt 0.275681 0.961658
vt 0.278992 0.962369
vt 0.277585 0.965435
vt 0.276096 0.964890
vt 0.286408 0.953878
vt 0.285649 0.957433
vt 0.282392 0.957105
vt 0.283392 0.953062
vt 0.289553 0.951813
vt 0.288966 0.957453
vt 0.285195 0.961384
vt 0.282343 0.961930
vt 0.288921 0.961650
vt 0.286594 0.966364
vt 0.283897 0.967038
vt 0.282130 0.967659
vt 0.289829 0.966426
vt 0.288023 0.971105
vt 0.285502 0.971916
vt 0.283754 0.972748
vt 0.290779 0.971184
vt 0.288296 0.972435
vt 0.285855 0.973246
vt 0.284232 0.974089
vt 0.290967 0.972584
vt 0.288760 0.974077
vt 0.286291 0.974911
vt 0.284718 0.975777
vt 0.291335 0.974356
vt 0.292555 0.972397
vt 0.291816 0.966621
vt 0.291499 0.961982
vt 0.292340 0.958452
vt 0.293471 0.953860
vt 0.281912 0.975352
vt 0.279499 0.969153
vt 0.321357 0.163731
vt 0.320047 0.169344
vt 0.318200 0.168447
vt 0.319798 0.162867
vt 0.321889 0.169909
vt 0.323442 0.164380
vt 0.325857 0.164631
vt 0.324238 0.170564
vt 0.327901 0.161269
vt 0.325197 0.160544
vt 0.322710 0.159581
vt 0.320404 0.157939
vt 0.290017 0.978520
vt 0.287355 0.979398
vt 0.285848 0.980339
vt 0.292470 0.978707
vt 0.293886 0.978339
vt 0.284030 0.981381
vt 0.291073 0.983667
vt 0.288663 0.984329
vt 0.287061 0.985008
vt 0.293499 0.983313
vt 0.295222 0.984299
vt 0.285769 0.986658
vt 0.291572 0.985790
vt 0.289204 0.986357
vt 0.287747 0.986421
vt 0.293608 0.984958
vt 0.291779 0.987289
vt 0.289485 0.987795
vt 0.287715 0.988194
vt 0.294010 0.986540
vt 0.317197 0.174163
vt 0.318671 0.174642
vt 0.315482 0.179918
vt 0.317239 0.179718
vt 0.321686 0.175931
vt 0.320189 0.175290
vt 0.318632 0.180400
vt 0.319851 0.181033
vt 0.292496 0.989111
vt 0.290129 0.989674
vt 0.288413 0.990326
vt 0.294576 0.988425
vt 0.295932 0.987963
vt 0.287145 0.990868
vt 0.293198 0.992664
vt 0.291709 0.993160
vt 0.290589 0.993497
vt 0.294215 0.992091
vt 0.295539 0.991747
vt 0.289325 0.993720
vt 0.293327 0.993500
vt 0.292162 0.994046
vt 0.291299 0.994558
vt 0.317964 0.184858
vt 0.317027 0.184138
vt 0.315987 0.183536
vt 0.314590 0.183394
vt 0.294435 0.993300
vt 0.313784 0.187062
vt 0.314802 0.187140
vt 0.315690 0.187559
vt 0.316490 0.188083
vt 0.293050 0.996171
vt 0.291963 0.995870
vt 0.292626 0.995245
vt 0.294674 0.994796
vt 0.294083 0.995794
vt 0.293752 0.994862
vt 0.267665 0.963438
vt 0.264968 0.962481
vt 0.270125 0.964919
vt 0.273097 0.965496
vt 0.266189 0.968945
vt 0.263891 0.968427
vt 0.267968 0.969502
vt 0.270306 0.970837
vt 0.265560 0.970548
vt 0.263392 0.969997
vt 0.267391 0.971214
vt 0.269920 0.972332
vt 0.264785 0.971902
vt 0.263145 0.971540
vt 0.266876 0.972681
vt 0.269330 0.973535
vt 0.271370 0.973441
vt 0.260756 0.970279
vt 0.262377 0.963185
vt 0.274360 0.967779
vt 0.329971 0.171768
vt 0.331053 0.165691
vt 0.332578 0.166023
vt 0.331926 0.172549
vt 0.334326 0.166282
vt 0.334091 0.172535
vt 0.335921 0.165719
vt 0.336036 0.172624
vt 0.329756 0.161861
vt 0.332498 0.161426
vt 0.334560 0.161691
vt 0.336720 0.161674
vt 0.262801 0.977189
vt 0.261458 0.976808
vt 0.264844 0.977902
vt 0.267010 0.978637
vt 0.268516 0.979360
vt 0.259531 0.975995
vt 0.332034 0.178072
vt 0.333963 0.177962
vt 0.336065 0.177845
vt 0.330446 0.177752
vt 0.263311 0.982247
vt 0.261134 0.981512
vt 0.259623 0.981064
vt 0.264884 0.983026
vt 0.262698 0.983679
vt 0.260486 0.982984
vt 0.258958 0.982546
vt 0.264334 0.984542
vt 0.262290 0.984944
vt 0.260045 0.984274
vt 0.258486 0.983754
vt 0.263858 0.985749
vt 0.257432 0.981889
vt 0.265894 0.985454
vt 0.332314 0.183761
vt 0.330743 0.184255
vt 0.334238 0.183684
vt 0.336438 0.183912
vt 0.260596 0.988687
vt 0.258616 0.987962
vt 0.257454 0.987476
vt 0.262403 0.989500
vt 0.256020 0.987148
vt 0.263541 0.990311
vt 0.332505 0.189099
vt 0.331556 0.189542
vt 0.334317 0.188917
vt 0.336155 0.189320
vt 0.259144 0.993179
vt 0.257498 0.992141
vt 0.256783 0.991733
vt 0.260037 0.993573
vt 0.255595 0.991655
vt 0.260715 0.993610
vt 0.333013 0.193646
vt 0.332071 0.193899
vt 0.333892 0.193577
vt 0.334748 0.193718
vt 0.258650 0.993821
vt 0.257344 0.993119
vt 0.256033 0.993683
vt 0.256519 0.992384
vt 0.257108 0.993875
vt 0.257311 0.995214
vt 0.256449 0.994637
vt 0.258032 0.994386
vt 0.259017 0.994485
vt 0.258498 0.995140
vt 0.256245 0.955964
vt 0.254924 0.954303
vt 0.253107 0.952779
vt 0.257031 0.957904
vt 0.251606 0.951652
vt 0.257796 0.959475
vt 0.343493 0.165491
vt 0.342810 0.160919
vt 0.345090 0.160121
vt 0.345621 0.164548
vt 0.340916 0.161281
vt 0.341442 0.165803
vt 0.339482 0.165537
vt 0.338941 0.161667
vt 0.249728 0.943075
vt 0.249465 0.941300
vt 0.249878 0.944901
vt 0.248881 0.939475
vt 0.249667 0.946013
vt 0.348902 0.160905
vt 0.347264 0.158660
vt 0.349491 0.157680
vt 0.350198 0.160595
vt 0.351330 0.157256
vt 0.351818 0.160218
vt 0.250850 0.936970
vt 0.253433 0.935178
vt 0.248292 0.937754
vt 0.353143 0.157157
vt 0.353666 0.159840
vt 0.351485 0.153718
vt 0.353186 0.153829
vt 0.256689 0.931928
vt 0.353874 0.149281
vt 0.253907 0.957599
vt 0.252820 0.956074
vt 0.250850 0.954644
vt 0.254525 0.959391
vt 0.248271 0.954514
vt 0.254020 0.962076
vt 0.346779 0.168373
vt 0.344843 0.169748
vt 0.342247 0.170150
vt 0.339888 0.169546
vt 0.252843 0.958260
vt 0.251715 0.956831
vt 0.249756 0.955535
vt 0.253344 0.960062
vt 0.251804 0.959214
vt 0.250594 0.957801
vt 0.248608 0.956505
vt 0.252171 0.960803
vt 0.247096 0.962417
vt 0.245756 0.960910
vt 0.244388 0.959268
vt 0.247290 0.963943
vt 0.243133 0.958246
vt 0.247819 0.965436
vt 0.347549 0.173980
vt 0.345917 0.174530
vt 0.344234 0.174944
vt 0.342708 0.175262
vt 0.242329 0.964988
vt 0.241277 0.963431
vt 0.239929 0.962163
vt 0.242787 0.966418
vt 0.237210 0.962176
vt 0.241593 0.968581
vt 0.349811 0.180459
vt 0.348371 0.180974
vt 0.346813 0.181329
vt 0.345378 0.181527
vt 0.240794 0.965752
vt 0.239839 0.964335
vt 0.238613 0.962970
vt 0.241316 0.967147
vt 0.239462 0.966632
vt 0.238359 0.964988
vt 0.237085 0.963787
vt 0.239859 0.967883
vt 0.350864 0.184163
vt 0.349790 0.184374
vt 0.348330 0.184690
vt 0.346982 0.184986
vt 0.236787 0.968138
vt 0.235841 0.966515
vt 0.234970 0.965502
vt 0.237128 0.968898
vt 0.237853 0.969615
vt 0.234250 0.964663
vt 0.351203 0.187685
vt 0.350477 0.187401
vt 0.349607 0.187767
vt 0.349303 0.188532
vt 0.233331 0.969643
vt 0.233034 0.968462
vt 0.232810 0.967964
vt 0.233518 0.970075
vt 0.233795 0.970453
vt 0.232239 0.967468
vt 0.232924 0.969757
vt 0.232679 0.968931
vt 0.233199 0.970021
vt 0.232725 0.970183
vt 0.232424 0.968213
vt 0.231712 0.968670
vt 0.232048 0.969105
vt 0.231293 0.970155
vt 0.231073 0.969198
vt 0.232277 0.969821
vt 0.232185 0.970296
vt 0.246824 0.943011
vt 0.246629 0.941483
vt 0.246881 0.944586
vt 0.245957 0.940102
vt 0.245571 0.946131
vt 0.350989 0.164109
vt 0.350006 0.164420
vt 0.352570 0.163726
vt 0.244574 0.938809
vt 0.354802 0.163245
vt 0.245941 0.943087
vt 0.245785 0.941563
vt 0.245634 0.944661
vt 0.245086 0.940280
vt 0.244892 0.943092
vt 0.244774 0.941498
vt 0.244352 0.944962
vt 0.244035 0.940369
vt 0.351930 0.167297
vt 0.350992 0.167460
vt 0.353498 0.166968
vt 0.355204 0.166214
vt 0.353033 0.170459
vt 0.352192 0.170836
vt 0.354533 0.170200
vt 0.356116 0.170361
vt 0.242231 0.943491
vt 0.241994 0.942066
vt 0.242162 0.944855
vt 0.241609 0.940894
vt 0.241989 0.945792
vt 0.241302 0.939704
vt 0.238910 0.943713
vt 0.238688 0.942400
vt 0.239009 0.944658
vt 0.238340 0.941350
vt 0.237051 0.940869
vt 0.238258 0.945658
vt 0.237698 0.943796
vt 0.237481 0.942504
vt 0.238024 0.944815
vt 0.237298 0.941670
vt 0.236686 0.943799
vt 0.236474 0.942538
vt 0.236981 0.944861
vt 0.236278 0.941716
vt 0.234907 0.944135
vt 0.234677 0.942933
vt 0.235194 0.945079
vt 0.234500 0.942098
vt 0.234243 0.941502
vt 0.235250 0.945660
vt 0.354208 0.173351
vt 0.353279 0.173542
vt 0.355426 0.173099
vt 0.356451 0.173165
vt 0.232872 0.944264
vt 0.232595 0.943224
vt 0.232972 0.944772
vt 0.232785 0.942831
vt 0.232720 0.942119
vt 0.233288 0.945544
vt 0.354855 0.174936
vt 0.354501 0.175063
vt 0.355682 0.174808
vt 0.356200 0.174782
vt 0.232409 0.944099
vt 0.232275 0.943520
vt 0.231792 0.943569
vt 0.231412 0.942972
vt 0.232256 0.942828
vt 0.231418 0.944806
vt 0.231798 0.944122
vt 0.232377 0.944731
vt 0.231155 0.944464
vt 0.231069 0.943498
vt 0.285456 0.945280
vt 0.291689 0.947392
vt 0.288270 0.941714
vt 0.294104 0.943968
vt 0.291049 0.938245
vt 0.297353 0.940701
vt 0.300342 0.944568
vt 0.297867 0.946335
vt 0.293300 0.934615
vt 0.297885 0.936584
vt 0.302113 0.936254
vt 0.302356 0.940102
vt 0.303447 0.943253
vt 0.295677 0.948943
vt 0.319652 0.139076
vt 0.317378 0.141619
vt 0.315427 0.139642
vt 0.317858 0.137054
vt 0.305242 0.947090
vt 0.302157 0.948500
vt 0.306269 0.950469
vt 0.303999 0.951524
vt 0.316690 0.134664
vt 0.318549 0.133342
vt 0.322063 0.136154
vt 0.320401 0.149174
vt 0.319115 0.144184
vt 0.322679 0.143961
vt 0.323662 0.150085
vt 0.326035 0.144884
vt 0.327075 0.152488
vt 0.306549 0.936192
vt 0.306739 0.939653
vt 0.307432 0.942456
vt 0.308400 0.945495
vt 0.308818 0.949687
vt 0.315300 0.132929
vt 0.316304 0.131409
vt 0.313327 0.131652
vt 0.312973 0.128861
vt 0.312190 0.131255
vt 0.311031 0.130203
vt 0.304846 0.954306
vt 0.306926 0.953314
vt 0.305306 0.957077
vt 0.307466 0.955781
vt 0.305789 0.958309
vt 0.307901 0.957595
vt 0.306144 0.960059
vt 0.308532 0.959373
vt 0.310181 0.945482
vt 0.310563 0.949327
vt 0.313174 0.945372
vt 0.313051 0.949491
vt 0.306284 0.931780
vt 0.301795 0.932060
vt 0.298490 0.933535
vt 0.295819 0.930084
vt 0.280279 0.943473
vt 0.282918 0.939780
vt 0.285622 0.936268
vt 0.288403 0.932761
vt 0.291585 0.929075
vt 0.331105 0.153338
vt 0.330218 0.145749
vt 0.339531 0.153566
vt 0.335376 0.153536
vt 0.334753 0.146171
vt 0.339358 0.146542
vt 0.343765 0.152831
vt 0.343602 0.147144
vt 0.349028 0.150784
vt 0.348650 0.146730
vt 0.332933 0.142139
vt 0.337991 0.142788
vt 0.328277 0.141528
vt 0.342734 0.143109
vt 0.347889 0.143492
vt 0.313626 0.953030
vt 0.311388 0.952408
vt 0.315178 0.958032
vt 0.312352 0.955627
vt 0.312627 0.957390
vt 0.312926 0.959072
vt 0.309188 0.952650
vt 0.309740 0.955255
vt 0.310212 0.957237
vt 0.310702 0.959138
vt 0.319307 0.131046
vt 0.322508 0.132674
vt 0.316818 0.129135
vt 0.313422 0.126855
vt 0.320791 0.128837
vt 0.323637 0.129661
vt 0.325171 0.133901
vt 0.326270 0.130605
vt 0.318267 0.127097
vt 0.315080 0.123690
vt 0.322031 0.126905
vt 0.325044 0.126637
vt 0.319657 0.125740
vt 0.316569 0.122144
vt 0.309431 0.124166
vt 0.311232 0.121558
vt 0.308939 0.126058
vt 0.312854 0.119210
vt 0.316360 0.962688
vt 0.314400 0.962829
vt 0.307801 0.127504
vt 0.309734 0.963454
vt 0.307457 0.964153
vt 0.311880 0.962767
vt 0.305722 0.122160
vt 0.306754 0.119776
vt 0.305022 0.123113
vt 0.307127 0.118365
vt 0.315813 0.968281
vt 0.314262 0.967706
vt 0.304085 0.123860
vt 0.310675 0.968519
vt 0.309440 0.968845
vt 0.312761 0.968347
vt 0.313047 0.969648
vt 0.310978 0.969587
vt 0.309661 0.969702
vt 0.314526 0.969082
vt 0.311059 0.970765
vt 0.309709 0.971062
vt 0.313142 0.970718
vt 0.313360 0.972215
vt 0.310579 0.972056
vt 0.314545 0.970963
vt 0.329822 0.131265
vt 0.329779 0.135100
vt 0.334381 0.131203
vt 0.335258 0.135684
vt 0.340360 0.130231
vt 0.340954 0.135495
vt 0.332385 0.126488
vt 0.336409 0.125594
vt 0.347668 0.132973
vt 0.347332 0.137269
vt 0.357199 0.126616
vt 0.355305 0.131567
vt 0.340681 0.123709
vt 0.346485 0.118371
vt 0.327112 0.126514
vt 0.329356 0.126685
vt 0.310610 0.942224
vt 0.313802 0.942890
vt 0.316108 0.932447
vt 0.311059 0.932221
vt 0.315420 0.936855
vt 0.310912 0.936703
vt 0.314620 0.940272
vt 0.310732 0.939930
vt 0.353567 0.139832
vt 0.354275 0.135975
vt 0.275621 0.941493
vt 0.278277 0.937633
vt 0.280715 0.933890
vt 0.283381 0.930143
vt 0.286478 0.925971
vt 0.270462 0.907237
vt 0.267432 0.915773
vt 0.263145 0.914538
vt 0.265099 0.909804
vt 0.327830 0.157303
vt 0.330235 0.157692
vt 0.325926 0.156862
vt 0.323469 0.155207
vt 0.320626 0.154050
vt 0.332226 0.157829
vt 0.334677 0.157919
vt 0.336534 0.157906
vt 0.338880 0.157868
vt 0.342624 0.157260
vt 0.344629 0.156483
vt 0.340521 0.157718
vt 0.347379 0.155145
vt 0.349117 0.154467
vt 0.353550 0.146205
vt 0.353346 0.143498
vt 0.257615 0.928840
vt 0.261469 0.930867
vt 0.258354 0.926034
vt 0.262405 0.928085
vt 0.258989 0.924067
vt 0.263276 0.925721
vt 0.259519 0.922317
vt 0.261159 0.918602
vt 0.265707 0.919625
vt 0.264222 0.923179
vt 0.265076 0.932924
vt 0.266390 0.929748
vt 0.267511 0.927114
vt 0.270191 0.920807
vt 0.268693 0.924483
vt 0.268435 0.935940
vt 0.270202 0.932263
vt 0.271731 0.928618
vt 0.275418 0.921647
vt 0.273250 0.925789
vt 0.272070 0.939044
vt 0.274165 0.935069
vt 0.276238 0.931309
vt 0.278430 0.927670
vt 0.281219 0.923258
vt 0.324129 0.140450
vt 0.326721 0.137864
vt 0.329943 0.138471
vt 0.335591 0.138552
vt 0.341618 0.139418
vt 0.347420 0.140427
vt 0.353453 0.141556
vt 0.032853 0.125260
vt 0.033494 0.102756
vt 0.035678 0.102578
vt 0.035024 0.124995
vt 0.033192 0.144121
vt 0.035230 0.144097
vt 0.035791 0.161140
vt 0.033140 0.161399
vt 0.063304 0.130246
vt 0.063617 0.103640
vt 0.068898 0.104886
vt 0.068535 0.131561
vt 0.068637 0.162603
vt 0.063270 0.162144
vt 0.063348 0.147399
vt 0.068694 0.148675
vt 0.050332 0.125383
vt 0.049692 0.106301
vt 0.057187 0.106687
vt 0.057094 0.126964
vt 0.050512 0.144477
vt 0.056973 0.145720
vt 0.057217 0.162216
vt 0.050959 0.162717
vt 0.082514 0.108040
vt 0.082257 0.131401
vt 0.075172 0.131472
vt 0.075441 0.106402
vt 0.074406 0.162471
vt 0.074938 0.148419
vt 0.081630 0.148220
vt 0.080090 0.162492
vt 0.660561 0.194041
vt 0.669287 0.195870
vt 0.666246 0.206774
vt 0.658392 0.207837
vt 0.661153 0.177749
vt 0.654324 0.151430
vt 0.668223 0.155096
vt 0.670545 0.177832
vt 0.676464 0.195712
vt 0.674273 0.207296
vt 0.677434 0.159827
vt 0.677981 0.178720
vt 0.680562 0.206922
vt 0.683859 0.194613
vt 0.688010 0.193602
vt 0.685200 0.206936
vt 0.685673 0.179257
vt 0.686371 0.162186
vt 0.692019 0.163586
vt 0.690296 0.178500
vt 0.695085 0.178717
vt 0.696866 0.163671
vt 0.703647 0.163480
vt 0.701386 0.179626
vt 0.692468 0.193683
vt 0.699034 0.195201
vt 0.688632 0.206853
vt 0.693931 0.208224
vt 0.704216 0.195887
vt 0.699933 0.208878
vt 0.707064 0.179759
vt 0.717718 0.182370
vt 0.711874 0.197704
vt 0.707925 0.196754
vt 0.712554 0.180760
vt 0.704522 0.211682
vt 0.707629 0.212384
vt 0.710483 0.161224
vt 0.718190 0.158798
vt 0.725891 0.157886
vt 0.031588 0.093537
vt 0.028199 0.094395
vt 0.063627 0.092114
vt 0.068620 0.092269
vt 0.049411 0.093382
vt 0.057360 0.093459
vt 0.074921 0.093259
vt 0.081524 0.094362
vt 0.654456 0.134735
vt 0.672316 0.141647
vt 0.679875 0.146480
vt 0.692383 0.152872
vt 0.686714 0.150470
vt 0.697572 0.152771
vt 0.703310 0.151277
vt 0.709312 0.148818
vt 0.722687 0.144358
vt 0.716209 0.144704
vt 0.030316 0.087708
vt 0.026606 0.088070
vt 0.064010 0.085701
vt 0.069044 0.086143
vt 0.050093 0.085693
vt 0.057725 0.085368
vt 0.075773 0.087180
vt 0.082796 0.088497
vt 0.657928 0.128180
vt 0.674294 0.134790
vt 0.681455 0.138451
vt 0.693038 0.145063
vt 0.687593 0.142450
vt 0.698006 0.146436
vt 0.704026 0.147084
vt 0.709642 0.143614
vt 0.721157 0.137051
vt 0.715767 0.138590
vt 0.030234 0.082444
vt 0.026290 0.082944
vt 0.050838 0.078191
vt 0.058146 0.077597
vt 0.064381 0.078311
vt 0.069477 0.078904
vt 0.076098 0.080233
vt 0.083301 0.081688
vt 0.662085 0.120912
vt 0.676176 0.128484
vt 0.684392 0.132259
vt 0.689680 0.133519
vt 0.694951 0.135032
vt 0.699794 0.140190
vt 0.704241 0.143779
vt 0.709226 0.139522
vt 0.718371 0.129088
vt 0.714507 0.133914
vt 0.031678 0.075243
vt 0.027711 0.075971
vt 0.063511 0.069507
vt 0.067825 0.070242
vt 0.051703 0.069735
vt 0.058170 0.068691
vt 0.074258 0.071737
vt 0.081083 0.073187
vt 0.663725 0.111959
vt 0.675519 0.117781
vt 0.714592 0.120426
vt 0.709986 0.123134
vt 0.704036 0.137765
vt 0.705612 0.126207
vt 0.685206 0.122935
vt 0.688920 0.123741
vt 0.693550 0.125042
vt 0.697247 0.132834
vt 0.696878 0.125069
vt 0.700843 0.134429
vt 0.701312 0.125424
vt 0.020816 0.083435
vt 0.022198 0.075689
vt 0.021183 0.089872
vt 0.021939 0.095088
vt 0.026724 0.104948
vt 0.027855 0.128378
vt 0.028819 0.145373
vt 0.028636 0.160994
vt 0.045726 0.079480
vt 0.046969 0.071173
vt 0.045086 0.085904
vt 0.044799 0.092775
vt 0.044716 0.104890
vt 0.044694 0.124701
vt 0.045054 0.143757
vt 0.046109 0.162037
vt 0.032763 0.067407
vt 0.029172 0.068245
vt 0.064000 0.059500
vt 0.068235 0.059789
vt 0.051961 0.060494
vt 0.058817 0.059240
vt 0.073274 0.061745
vt 0.078531 0.063747
vt 0.665064 0.102701
vt 0.675385 0.108045
vt 0.707220 0.115281
vt 0.712332 0.112781
vt 0.702768 0.117980
vt 0.684140 0.113326
vt 0.689096 0.117059
vt 0.693016 0.117969
vt 0.695733 0.117773
vt 0.699272 0.117840
vt 0.024700 0.068535
vt 0.047361 0.062934
vt 0.034527 0.059138
vt 0.031351 0.060029
vt 0.047721 0.053164
vt 0.052075 0.047769
vt 0.059166 0.046479
vt 0.064102 0.046167
vt 0.068151 0.045901
vt 0.072903 0.048119
vt 0.077902 0.050446
vt 0.667043 0.089762
vt 0.676607 0.098356
vt 0.684549 0.102930
vt 0.690286 0.106815
vt 0.693283 0.107325
vt 0.696474 0.107764
vt 0.699728 0.107473
vt 0.702811 0.107212
vt 0.706312 0.106835
vt 0.710445 0.106180
vt 0.026015 0.061637
vt 0.064942 0.022690
vt 0.069009 0.021194
vt 0.074035 0.022576
vt 0.079355 0.024013
vt 0.690066 0.075506
vt 0.683339 0.073589
vt 0.035527 0.029161
vt 0.037848 0.028726
vt 0.048734 0.026786
vt 0.051495 0.026273
vt 0.059966 0.024484
vt 0.675764 0.068489
vt 0.665290 0.062841
vt 0.709371 0.075677
vt 0.713715 0.074278
vt 0.705613 0.076127
vt 0.695181 0.076262
vt 0.699191 0.076653
vt 0.702326 0.076338
vt 0.030178 0.030256
vt 0.063305 0.174590
vt 0.069047 0.172275
vt 0.058049 0.180236
vt 0.051153 0.180200
vt 0.047540 0.179630
vt 0.074117 0.171261
vt 0.078684 0.170797
vt 0.665690 0.215200
vt 0.659767 0.216200
vt 0.673395 0.216810
vt 0.691379 0.219533
vt 0.685939 0.218626
vt 0.679103 0.217854
vt 0.697191 0.219785
vt 0.705047 0.221448
vt 0.701889 0.221117
vt 0.032116 0.172034
vt 0.029738 0.170290
vt 0.035043 0.174282
vt 0.065197 0.182270
vt 0.071091 0.180180
vt 0.032066 0.176730
vt 0.031458 0.175545
vt 0.029577 0.174745
vt 0.703949 0.225887
vt 0.701371 0.226886
vt 0.699483 0.226753
vt 0.670976 0.224360
vt 0.665386 0.223315
vt 0.660096 0.223921
vt 0.074209 0.179060
vt 0.077530 0.178178
vt 0.080715 0.186265
vt 0.076600 0.185857
vt 0.676445 0.228438
vt 0.674170 0.227816
vt 0.060272 0.193840
vt 0.059486 0.187662
vt 0.061460 0.186428
vt 0.061684 0.194408
vt 0.678984 0.227173
vt 0.693281 0.228076
vt 0.695610 0.228025
vt 0.688623 0.228013
vt 0.691385 0.231239
vt 0.703275 0.228075
vt 0.701601 0.227809
vt 0.697644 0.228427
vt 0.700077 0.228041
vt 0.699222 0.228874
vt 0.701672 0.228724
vt 0.700229 0.229398
vt 0.030618 0.180328
vt 0.029405 0.178938
vt 0.030140 0.178191
vt 0.031085 0.179099
vt 0.029362 0.176974
vt 0.031855 0.179811
vt 0.033223 0.178670
vt 0.031500 0.177930
vt 0.030802 0.177113
vt 0.042669 0.027788
vt 0.041229 0.057301
vt 0.040176 0.065691
vt 0.039692 0.073890
vt 0.038483 0.081642
vt 0.037890 0.086770
vt 0.038460 0.091700
vt 0.040187 0.102248
vt 0.039501 0.124401
vt 0.039692 0.143749
vt 0.040716 0.161266
vt 0.041223 0.178066
vt 0.035597 0.180691
vt 0.037253 0.181989
vt 0.033846 0.183536
vt 0.031916 0.183226
vt 0.697870 0.232019
vt 0.696454 0.231661
vt 0.694541 0.231581
vt 0.693434 0.232502
vt 0.038889 0.182941
vt 0.041831 0.184735
vt 0.036061 0.185936
vt 0.034876 0.184513
vt 0.695468 0.233666
vt 0.696798 0.233508
vt 0.033295 0.186183
vt 0.032190 0.185227
vt 0.055390 0.185282
vt 0.050723 0.184780
vt 0.056957 0.190728
vt 0.053775 0.188512
vt 0.050894 0.188732
vt 0.047673 0.187941
vt 0.048406 0.190182
vt 0.046159 0.187824
vt 0.044664 0.187276
vt 0.682629 0.218167
vt 0.681145 0.227209
vt 0.682847 0.228627
vt 0.684334 0.228778
vt 0.686409 0.227581
vt 0.043856 0.193915
vt 0.043135 0.193356
vt 0.046192 0.195591
vt 0.039701 0.192563
vt 0.040941 0.190103
vt 0.037560 0.190901
vt 0.686185 0.233750
vt 0.685164 0.233171
vt 0.683380 0.233089
vt 0.688091 0.234711
vt 0.035525 0.186859
vt 0.037521 0.187914
vt 0.040427 0.188800
vt 0.683665 0.236291
vt 0.036069 0.189294
vt 0.686079 0.236632
vt 0.058147 0.195230
vt 0.679157 0.231156
vt 0.677655 0.231303
vt 0.681281 0.231142
vt 0.683064 0.232426
vt 0.055049 0.193059
vt 0.055820 0.196502
vt 0.052573 0.198279
vt 0.053098 0.195563
vt 0.679386 0.234479
vt 0.681535 0.234413
vt 0.681666 0.236998
vt 0.679733 0.237353
vt 0.051289 0.191650
vt 0.053511 0.191264
vt 0.050961 0.195921
vt 0.048128 0.196935
vt 0.049371 0.193186
vt 0.050406 0.198227
vt 0.683550 0.235200
vt 0.677681 0.234429
vt 0.067923 0.191797
vt 0.067835 0.197599
vt 0.669085 0.233862
vt 0.664567 0.233064
vt 0.672712 0.235350
vt 0.660283 0.232875
vt 0.073557 0.185725
vt 0.068913 0.188133
vt 0.663456 0.238099
vt 0.668176 0.238756
vt 0.667928 0.240702
vt 0.662915 0.239948
vt 0.079562 0.194204
vt 0.075166 0.197809
vt 0.074034 0.194032
vt 0.076378 0.191718
vt 0.075602 0.190297
vt 0.072657 0.192517
vt 0.072535 0.194027
vt 0.072870 0.198282
vt 0.670026 0.240008
vt 0.080451 0.192275
vt 0.076893 0.190459
vt 0.661699 0.238396
vt 0.065331 0.307751
vt 0.063148 0.307609
vt 0.061221 0.285265
vt 0.063412 0.285318
vt 0.066064 0.326601
vt 0.067099 0.343848
vt 0.064437 0.343740
vt 0.064028 0.326692
vt 0.035213 0.314460
vt 0.030065 0.316070
vt 0.028185 0.289459
vt 0.033388 0.287915
vt 0.031728 0.347067
vt 0.030880 0.333165
vt 0.036145 0.331588
vt 0.037060 0.346304
vt 0.047887 0.308867
vt 0.041226 0.310829
vt 0.039980 0.290590
vt 0.047441 0.289779
vt 0.048793 0.327940
vt 0.049384 0.346177
vt 0.043107 0.346032
vt 0.042413 0.329549
vt 0.014771 0.293385
vt 0.021739 0.291346
vt 0.023434 0.316359
vt 0.016357 0.316692
vt 0.025961 0.347263
vt 0.020287 0.347607
vt 0.017940 0.333447
vt 0.024632 0.333264
vt 0.784779 0.303656
vt 0.787931 0.317262
vt 0.780021 0.316764
vt 0.776207 0.306105
vt 0.783022 0.287448
vt 0.773660 0.288203
vt 0.774346 0.265359
vt 0.787947 0.260708
vt 0.772052 0.317858
vt 0.769037 0.306461
vt 0.766306 0.289621
vt 0.765498 0.270738
vt 0.765752 0.317935
vt 0.761128 0.318282
vt 0.757370 0.305183
vt 0.761583 0.305894
vt 0.758673 0.290707
vt 0.754008 0.290284
vt 0.751220 0.275532
vt 0.756753 0.273730
vt 0.749247 0.290844
vt 0.743028 0.292203
vt 0.739615 0.276260
vt 0.746392 0.275964
vt 0.752930 0.305584
vt 0.746489 0.307568
vt 0.757698 0.318445
vt 0.752511 0.320192
vt 0.746572 0.321275
vt 0.741369 0.308624
vt 0.737374 0.292742
vt 0.726935 0.296111
vt 0.731970 0.294134
vt 0.737732 0.309755
vt 0.733862 0.310986
vt 0.742196 0.324400
vt 0.739147 0.325324
vt 0.732635 0.274500
vt 0.724774 0.272634
vt 0.717027 0.272277
vt 0.064790 0.276006
vt 0.068222 0.276670
vt 0.027746 0.276848
vt 0.032721 0.276408
vt 0.039055 0.277394
vt 0.046987 0.276865
vt 0.014982 0.279673
vt 0.021510 0.278196
vt 0.769300 0.252237
vt 0.786619 0.244065
vt 0.762107 0.257599
vt 0.750089 0.264871
vt 0.755572 0.262068
vt 0.739077 0.264064
vt 0.744906 0.265142
vt 0.732914 0.262042
vt 0.719253 0.258554
vt 0.725739 0.258434
vt 0.065728 0.270113
vt 0.069453 0.270264
vt 0.026973 0.270757
vt 0.031974 0.270027
vt 0.038230 0.269337
vt 0.045868 0.269227
vt 0.013377 0.273890
vt 0.020314 0.272175
vt 0.766836 0.245539
vt 0.782687 0.237776
vt 0.759956 0.249703
vt 0.748876 0.257129
vt 0.754120 0.254133
vt 0.738061 0.259933
vt 0.744020 0.258855
vt 0.732211 0.256875
vt 0.720255 0.251156
vt 0.725742 0.252303
vt 0.065511 0.264853
vt 0.069477 0.265128
vt 0.037367 0.261603
vt 0.044697 0.261780
vt 0.026128 0.263554
vt 0.031182 0.262671
vt 0.012485 0.267122
vt 0.019593 0.265259
vt 0.764507 0.239385
vt 0.778020 0.230824
vt 0.756582 0.243738
vt 0.751398 0.245374
vt 0.746249 0.247261
vt 0.737610 0.256652
vt 0.741788 0.252753
vt 0.732332 0.252763
vt 0.722463 0.243013
vt 0.726663 0.247549
vt 0.063658 0.257745
vt 0.067661 0.258246
vt 0.027284 0.254812
vt 0.031548 0.253832
vt 0.036835 0.252713
vt 0.043351 0.253387
vt 0.014215 0.258508
vt 0.020946 0.256672
vt 0.764396 0.228662
vt 0.775742 0.222010
vt 0.725611 0.234103
vt 0.730399 0.236473
vt 0.737384 0.250639
vt 0.734982 0.239224
vt 0.755102 0.234496
vt 0.751455 0.235567
vt 0.746930 0.237197
vt 0.743801 0.245233
vt 0.743613 0.237462
vt 0.739216 0.238134
vt 0.740328 0.247082
vt 0.073148 0.257652
vt 0.074969 0.265307
vt 0.074970 0.271755
vt 0.074511 0.277006
vt 0.070295 0.287123
vt 0.070497 0.310581
vt 0.070502 0.327602
vt 0.071572 0.343188
vt 0.048160 0.254553
vt 0.049874 0.262776
vt 0.050878 0.269152
vt 0.051557 0.275997
vt 0.052329 0.288088
vt 0.053478 0.307865
vt 0.054202 0.326912
vt 0.054188 0.345222
vt 0.062128 0.249984
vt 0.065762 0.250616
vt 0.026278 0.244400
vt 0.030490 0.243870
vt 0.035650 0.243315
vt 0.042566 0.244176
vt 0.016225 0.248938
vt 0.021360 0.246640
vt 0.763831 0.218942
vt 0.773742 0.212872
vt 0.727318 0.226314
vt 0.732595 0.228441
vt 0.737229 0.230814
vt 0.755477 0.224836
vt 0.750801 0.228916
vt 0.746956 0.230104
vt 0.744231 0.230103
vt 0.740707 0.230423
vt 0.070243 0.250651
vt 0.047298 0.246350
vt 0.059895 0.241829
vt 0.063117 0.242537
vt 0.041727 0.231478
vt 0.046382 0.236617
vt 0.034574 0.230595
vt 0.025571 0.230530
vt 0.029628 0.230565
vt 0.016094 0.235624
vt 0.020953 0.233015
vt 0.761918 0.209366
vt 0.770841 0.200107
vt 0.754323 0.214497
vt 0.748879 0.218783
vt 0.745927 0.219507
vt 0.742776 0.220173
vt 0.739509 0.220116
vt 0.736415 0.220077
vt 0.732895 0.219951
vt 0.728727 0.219595
vt 0.068536 0.243838
vt 0.023304 0.205912
vt 0.027450 0.207174
vt 0.013136 0.209316
vt 0.018365 0.207579
vt 0.746855 0.187539
vt 0.753428 0.185144
vt 0.057187 0.211957
vt 0.054845 0.211655
vt 0.041080 0.209984
vt 0.043865 0.210338
vt 0.032521 0.208681
vt 0.760617 0.179514
vt 0.770660 0.173131
vt 0.723179 0.188009
vt 0.727611 0.189093
vt 0.731392 0.189273
vt 0.741808 0.188660
vt 0.737836 0.189336
vt 0.734686 0.189247
vt 0.062589 0.212745
vt 0.037732 0.358733
vt 0.031868 0.356747
vt 0.050183 0.363642
vt 0.043301 0.364070
vt 0.053757 0.362868
vt 0.026749 0.356023
vt 0.022163 0.355819
vt 0.787159 0.325702
vt 0.781179 0.325129
vt 0.773609 0.327286
vt 0.761228 0.329995
vt 0.755867 0.331289
vt 0.767991 0.328735
vt 0.750088 0.331957
vt 0.745498 0.333623
vt 0.742371 0.334179
vt 0.071000 0.352531
vt 0.068725 0.354408
vt 0.065930 0.356819
vt 0.036279 0.366507
vt 0.030277 0.364755
vt 0.069581 0.357876
vt 0.069042 0.359093
vt 0.071414 0.356971
vt 0.746427 0.339339
vt 0.743785 0.338528
vt 0.748302 0.339071
vt 0.782063 0.333201
vt 0.776562 0.334643
vt 0.787382 0.333427
vt 0.027100 0.363814
vt 0.023734 0.363122
vt 0.025099 0.370736
vt 0.021013 0.371377
vt 0.773624 0.338318
vt 0.771399 0.339102
vt 0.041853 0.377779
vt 0.040476 0.378425
vt 0.040247 0.370446
vt 0.042287 0.371566
vt 0.768776 0.338022
vt 0.754582 0.339947
vt 0.752255 0.340063
vt 0.759223 0.339549
vt 0.756699 0.342966
vt 0.746265 0.340277
vt 0.744614 0.340662
vt 0.750256 0.340609
vt 0.747802 0.340399
vt 0.748714 0.341169
vt 0.746259 0.341194
vt 0.747747 0.341763
vt 0.070692 0.362604
vt 0.070156 0.361403
vt 0.071048 0.360442
vt 0.071824 0.361147
vt 0.071756 0.359184
vt 0.069427 0.362157
vt 0.067997 0.361096
vt 0.069675 0.360259
vt 0.070325 0.359404
vt 0.053099 0.240376
vt 0.049978 0.210993
vt 0.054629 0.248693
vt 0.055580 0.256851
vt 0.057229 0.264521
vt 0.058113 0.269608
vt 0.057825 0.274563
vt 0.056701 0.285192
vt 0.058645 0.307271
vt 0.059554 0.326598
vt 0.059527 0.344145
vt 0.059976 0.360948
vt 0.065742 0.363248
vt 0.064162 0.364639
vt 0.069561 0.365570
vt 0.067652 0.365990
vt 0.751674 0.343750
vt 0.750288 0.344209
vt 0.753576 0.343533
vt 0.754747 0.344372
vt 0.062583 0.365682
vt 0.059748 0.367640
vt 0.066678 0.367024
vt 0.065577 0.368512
vt 0.752802 0.345679
vt 0.751464 0.345616
vt 0.069400 0.367584
vt 0.068352 0.368601
vt 0.050872 0.368190
vt 0.046241 0.368957
vt 0.048037 0.372090
vt 0.044986 0.374483
vt 0.050926 0.372146
vt 0.054098 0.371173
vt 0.053493 0.373452
vt 0.055602 0.370970
vt 0.057064 0.370338
vt 0.764496 0.329300
vt 0.766624 0.338212
vt 0.765028 0.339748
vt 0.763556 0.340005
vt 0.761401 0.338960
vt 0.058248 0.376921
vt 0.058935 0.376322
vt 0.056010 0.378727
vt 0.060941 0.372950
vt 0.062319 0.375334
vt 0.064362 0.373554
vt 0.763043 0.344446
vt 0.762066 0.345097
vt 0.764817 0.344237
vt 0.760234 0.346192
vt 0.066164 0.369403
vt 0.064231 0.370570
vt 0.061380 0.371619
vt 0.764763 0.347450
vt 0.065760 0.371865
vt 0.762378 0.347965
vt 0.044054 0.379045
vt 0.770398 0.342045
vt 0.768889 0.342006
vt 0.766769 0.342145
vt 0.765083 0.343553
vt 0.047023 0.376702
vt 0.049114 0.379092
vt 0.049792 0.381773
vt 0.046450 0.380183
vt 0.768898 0.345337
vt 0.768758 0.348229
vt 0.766803 0.348013
vt 0.766750 0.345426
vt 0.050698 0.375082
vt 0.051268 0.379327
vt 0.048457 0.374823
vt 0.054154 0.380178
vt 0.051953 0.381599
vt 0.052699 0.376507
vt 0.764796 0.346354
vt 0.770595 0.345166
vt 0.034516 0.381962
vt 0.034099 0.376174
vt 0.783577 0.342867
vt 0.779128 0.343986
vt 0.775616 0.345729
vt 0.787837 0.342372
vt 0.032903 0.372572
vt 0.028129 0.370432
vt 0.785044 0.347809
vt 0.785717 0.349614
vt 0.780770 0.350725
vt 0.780384 0.348802
vt 0.022616 0.379238
vt 0.025653 0.376575
vt 0.028125 0.378752
vt 0.027209 0.382587
vt 0.029413 0.377161
vt 0.026347 0.375112
vt 0.029528 0.382929
vt 0.029621 0.378661
vt 0.778628 0.350183
vt 0.021618 0.377363
vt 0.025068 0.375347
vt 0.786818 0.347980
vt 0.138392 0.404757
vt 0.125270 0.404581
vt 0.113088 0.403623
vt 0.098385 0.403661
vt 0.400596 0.339560
vt 0.081482 0.393247
vt 0.417023 0.342604
vt 0.430543 0.346554
vt 0.442576 0.349412
vt 0.454052 0.351616
vt 0.464972 0.354503
vt 0.475285 0.356697
vt 0.485547 0.358449
vt 0.496876 0.360159
vt 0.510198 0.360280
vt 0.523520 0.360156
vt 0.534848 0.358445
vt 0.545110 0.356690
vt 0.555423 0.354495
vt 0.566342 0.351606
vt 0.577819 0.349401
vt 0.589851 0.346542
vt 0.603371 0.342590
vt 0.333798 0.392794
vt 0.619798 0.339544
vt 0.316933 0.403271
vt 0.302231 0.403287
vt 0.290053 0.404288
vt 0.276932 0.404510
vt 0.265964 0.403012
vt 0.255345 0.403144
vt 0.244092 0.402852
vt 0.232463 0.403605
vt 0.220900 0.404054
vt 0.207661 0.404901
vt 0.194420 0.404102
vt 0.182856 0.403695
vt 0.171225 0.402989
vt 0.159975 0.403319
vt 0.149358 0.403223
vn -0.000000 -0.394853 0.918744
vn 0.000000 -0.238960 0.971030
vn -0.134269 -0.261903 0.955709
vn -0.191945 -0.387249 0.901774
vn 0.134269 -0.261902 0.955709
vn 0.191942 -0.387247 0.901775
vn 0.310100 -0.419613 0.853090
vn 0.339210 -0.225064 0.913391
vn -0.173624 -0.416088 0.892595
vn -0.000000 -0.442588 0.896725
vn 0.173622 -0.416083 0.892598
vn 0.342084 -0.294813 0.892224
vn 0.000001 -0.231866 0.972748
vn -0.265886 -0.180827 0.946893
vn 0.346769 -0.139380 0.927537
vn 0.265888 -0.180826 0.946893
vn -0.537122 -0.198857 0.819729
vn -0.546827 -0.193512 0.814575
vn -0.546234 -0.199791 0.813457
vn -0.504128 -0.167875 0.847156
vn 0.546826 -0.193511 0.814577
vn 0.537121 -0.198856 0.819730
vn 0.504127 -0.167873 0.847157
vn 0.546233 -0.199791 0.813458
vn -0.521984 -0.129443 0.843076
vn -0.469138 -0.198071 0.860626
vn -0.445969 -0.367114 0.816296
vn -0.497050 -0.248612 0.831345
vn 0.469139 -0.198073 0.860625
vn 0.521981 -0.129443 0.843078
vn 0.497047 -0.248610 0.831347
vn 0.445966 -0.367112 0.816299
vn -0.266544 -0.550727 0.790983
vn -0.577209 -0.391500 0.716629
vn 0.577207 -0.391498 0.716632
vn 0.266543 -0.550728 0.790983
vn 0.000002 -0.633680 0.773595
vn -0.540874 -0.517198 0.663296
vn 0.540873 -0.517196 0.663298
vn 0.370392 -0.438091 0.819076
vn -0.447127 -0.288427 0.846692
vn -0.654237 -0.262257 0.709363
vn 0.447128 -0.288429 0.846691
vn 0.654236 -0.262257 0.709363
vn -0.341960 -0.313978 0.885709
vn -0.458137 -0.177812 0.870915
vn 0.458136 -0.177812 0.870916
vn 0.341960 -0.313978 0.885709
vn -0.477625 -0.159084 0.864041
vn 0.477625 -0.159084 0.864041
vn 0.392983 -0.155196 0.906355
vn 0.412867 -0.199884 0.888587
vn 0.545053 -0.284237 0.788750
vn 0.394284 -0.281358 0.874859
vn -0.412868 -0.199885 0.888586
vn -0.392983 -0.155196 0.906355
vn -0.394285 -0.281360 0.874857
vn -0.545055 -0.284238 0.788748
vn 0.459050 -0.229586 0.858233
vn 0.586936 -0.292582 0.754918
vn -0.479725 -0.189632 0.856682
vn -0.459051 -0.229587 0.858232
vn -0.586935 -0.292582 0.754920
vn -0.582198 -0.248533 0.774130
vn 0.545240 -0.238623 0.803600
vn 0.582196 -0.248532 0.774132
vn 0.479723 -0.189631 0.856683
vn 0.438592 -0.181239 0.880221
vn -0.545246 -0.238626 0.803594
vn -0.438593 -0.181240 0.880220
vn 0.270733 -0.117684 0.955434
vn 0.459395 -0.198508 0.865766
vn 0.329848 -0.157343 0.930830
vn 0.146489 -0.121524 0.981719
vn -0.459399 -0.198510 0.865764
vn -0.329848 -0.157343 0.930830
vn -0.000000 -0.100532 0.994934
vn -0.000000 -0.082725 0.996572
vn -0.146490 -0.121525 0.981719
vn -0.270735 -0.117685 0.955433
vn -0.466861 -0.209667 0.859116
vn 0.466861 -0.209666 0.859116
vn -0.476413 -0.181194 0.860349
vn 0.476415 -0.181194 0.860348
vn -0.434559 -0.262594 0.861512
vn 0.434562 -0.262596 0.861510
vn -0.346770 -0.139380 0.927536
vn -0.370392 -0.438093 0.819076
vn -0.339213 -0.225063 0.913390
vn -0.310104 -0.419616 0.853088
vn -0.342085 -0.294814 0.892223
vn -0.310217 -0.341274 0.887298
vn 0.126385 -0.401018 0.907310
vn 0.310218 -0.341274 0.887297
vn -0.126386 -0.401021 0.907308
vn -0.000000 -0.435583 0.900149
vn 0.413704 -0.905587 0.093602
vn 0.604522 -0.796042 0.029513
vn 0.049999 -0.940568 0.335905
vn -0.413705 -0.905587 0.093595
vn 0.542947 -0.732050 0.411474
vn -0.050000 -0.940569 0.335903
vn -0.542949 -0.732050 0.411471
vn 0.000000 -0.995385 0.095960
vn -0.604522 -0.796042 0.029509
vn -0.436747 -0.860957 0.260780
vn 0.000000 -0.929810 0.368040
vn 0.436747 -0.860957 0.260778
vn -0.509228 -0.427977 0.746674
vn -0.000000 -0.475075 0.879946
vn 0.509226 -0.427978 0.746675
vn -0.000000 0.153439 0.988158
vn -0.543377 0.161876 0.823734
vn 0.543375 0.161876 0.823735
vn -0.592610 0.344979 0.727876
vn 0.000000 0.404678 0.914459
vn 0.592609 0.344979 0.727876
vn -0.786821 0.188273 0.587763
vn -0.766721 -0.327027 0.552442
vn 0.798384 0.252845 0.546491
vn 0.786820 0.188273 0.587766
vn 0.766718 -0.327028 0.552446
vn 0.778075 -0.326048 0.536928
vn -0.608637 -0.571866 0.550028
vn -0.670427 -0.382153 0.635992
vn -0.764625 0.291308 0.574880
vn -0.810237 0.233558 0.537556
vn 0.670425 -0.382150 0.635996
vn 0.764625 0.291308 0.574880
vn -0.921300 -0.051452 0.385435
vn 0.921298 -0.051452 0.385440
vn 0.810236 0.233557 0.537557
vn 0.608636 -0.571867 0.550028
vn 0.833425 0.318104 0.451900
vn 0.826932 0.287329 0.483349
vn -0.826933 0.287330 0.483347
vn 0.790201 0.374272 0.485287
vn -0.790204 0.374273 0.485281
vn -0.729729 0.413055 0.544869
vn 0.768543 0.276227 0.577096
vn 0.729726 0.413054 0.544873
vn -0.768545 0.276228 0.577094
vn 0.603133 -0.068946 0.794655
vn -0.603134 -0.068947 0.794654
vn 0.253302 -0.966603 -0.038942
vn 0.492113 -0.866036 -0.088354
vn 0.031810 -0.991082 0.129399
vn -0.253304 -0.966602 -0.038948
vn -0.031810 -0.991082 0.129404
vn 0.551475 -0.830438 0.079047
vn -0.551476 -0.830437 0.079054
vn -0.492114 -0.866035 -0.088354
vn -0.685156 0.283404 0.671001
vn 0.000001 0.375704 0.926740
vn 0.685157 0.283404 0.671000
vn -0.870524 0.223100 0.438651
vn 0.856192 0.259704 0.446643
vn 0.870523 0.223100 0.438652
vn -0.630375 0.354199 0.690775
vn -0.783927 0.316172 0.534316
vn 0.783924 0.316171 0.534321
vn -0.478148 0.222263 0.849690
vn 0.478147 0.222264 0.849691
vn 0.630374 0.354198 0.690777
vn -0.252073 -0.091208 0.963400
vn 0.252070 -0.091203 0.963402
vn -0.286936 -0.285867 0.914302
vn 0.286935 -0.285866 0.914302
vn -0.221375 -0.261977 0.939341
vn 0.221373 -0.261974 0.939342
vn -0.508685 -0.410526 0.756775
vn -0.356614 -0.388864 0.849477
vn 0.356612 -0.388861 0.849479
vn 0.508684 -0.410524 0.756776
vn 0.586995 -0.367996 0.721121
vn 0.741685 -0.399571 0.538745
vn -0.586997 -0.367998 0.721118
vn -0.741685 -0.399572 0.538744
vn 0.735437 -0.327654 0.593107
vn 0.830621 -0.335138 0.444692
vn -0.830620 -0.335137 0.444694
vn -0.735437 -0.327654 0.593107
vn 0.768279 -0.318865 0.555043
vn 0.850987 -0.308422 0.425084
vn -0.850987 -0.308422 0.425085
vn -0.768280 -0.318865 0.555041
vn 0.730457 -0.343384 0.590355
vn 0.816709 -0.379800 0.434440
vn -0.816710 -0.379800 0.434439
vn -0.730458 -0.343384 0.590354
vn 0.682967 -0.381760 0.622749
vn 0.757538 -0.497265 0.422922
vn -0.757538 -0.497265 0.422924
vn -0.682967 -0.381759 0.622749
vn 0.689770 -0.600744 0.404134
vn 0.622752 -0.367400 0.690795
vn 0.422563 -0.370151 0.827302
vn 0.490643 -0.744028 0.453533
vn -0.689769 -0.600744 0.404137
vn -0.622750 -0.367399 0.690797
vn -0.000000 -0.394401 0.918939
vn -0.422563 -0.370152 0.827302
vn -0.000000 -0.844221 0.535995
vn -0.490642 -0.744028 0.453534
vn -0.631692 -0.291064 0.718503
vn -0.311656 -0.051504 0.948798
vn -0.443683 0.305836 0.842383
vn -0.780340 -0.129041 0.611897
vn 0.311655 -0.051506 0.948798
vn 0.631692 -0.291064 0.718503
vn 0.780340 -0.129041 0.611897
vn 0.443683 0.305836 0.842384
vn -0.137911 0.176060 0.974671
vn -0.161925 0.489872 0.856625
vn 0.161922 0.489871 0.856626
vn 0.137909 0.176069 0.974670
vn -0.595139 0.300307 0.745403
vn 0.446746 -0.209105 0.869881
vn 0.595139 0.300309 0.745402
vn -0.446747 -0.209104 0.869881
vn -0.217719 0.449259 0.866467
vn -0.146776 0.702683 0.696199
vn 0.146775 0.702683 0.696199
vn 0.217720 0.449264 0.866464
vn -0.474648 0.500387 0.724101
vn -0.419979 0.693707 0.585139
vn 0.419981 0.693709 0.585136
vn 0.474650 0.500388 0.724099
vn 0.212575 -0.216109 0.952947
vn -0.000001 -0.192183 0.981359
vn -0.000000 -0.439577 0.898205
vn 0.380854 -0.657768 0.649840
vn -0.212577 -0.216112 0.952946
vn -0.380854 -0.657771 0.649837
vn 0.424052 0.329988 0.843379
vn -0.636445 -0.066747 0.768429
vn -0.424052 0.329986 0.843379
vn 0.636445 -0.066747 0.768429
vn 0.205351 0.119447 0.971372
vn 0.000000 0.091905 0.995768
vn -0.205351 0.119447 0.971372
vn 0.000000 0.444876 0.895592
vn -0.821025 0.250214 0.513138
vn 0.821025 0.250214 0.513139
vn -0.897880 -0.032896 0.439010
vn 0.000001 0.216125 0.976366
vn 0.000002 -0.333504 0.942749
vn -0.691555 -0.449231 0.565635
vn 0.897880 -0.032896 0.439011
vn 0.691554 -0.449231 0.565636
vn -0.739872 0.421901 0.524014
vn -0.697973 0.553771 0.454061
vn 0.739873 0.421902 0.524011
vn 0.697974 0.553772 0.454058
vn 0.880409 0.349565 0.320443
vn 0.874760 0.297027 0.382844
vn -0.962850 0.104590 0.248958
vn -0.926952 0.181780 0.328201
vn 0.962850 0.104590 0.248960
vn 0.926952 0.181780 0.328202
vn -0.332703 -0.252301 0.908655
vn -0.258502 -0.781790 0.567434
vn 0.258501 -0.781788 0.567437
vn 0.332703 -0.252297 0.908656
vn -0.103201 -0.806285 0.582455
vn -0.416256 -0.365953 0.832352
vn 0.103201 -0.806283 0.582458
vn 0.416260 -0.365952 0.832350
vn 0.514197 -0.606675 0.606256
vn 0.044902 -0.689800 0.722607
vn -0.514197 -0.606679 0.606253
vn -0.044901 -0.689798 0.722608
vn 0.825533 -0.402389 0.395699
vn 0.171384 -0.600072 0.781371
vn -0.825532 -0.402389 0.395701
vn -0.171386 -0.600071 0.781372
vn -0.348124 -0.378484 0.857648
vn -0.871518 -0.337801 0.355453
vn 0.164285 -0.015335 0.986294
vn 0.904243 -0.229927 0.359831
vn -0.164286 -0.015337 0.986293
vn -0.904242 -0.229927 0.359833
vn -0.827822 -0.305971 0.470204
vn -0.879661 -0.026693 0.474852
vn 0.813980 0.329870 0.478145
vn 0.879660 -0.026694 0.474853
vn -0.580382 0.591692 0.559515
vn -0.343154 0.694611 0.632266
vn 0.580383 0.591692 0.559514
vn -0.689930 -0.578848 0.434663
vn 0.689928 -0.578847 0.434667
vn 0.827821 -0.305971 0.470207
vn -0.417325 -0.800823 0.429561
vn 0.417325 -0.800823 0.429561
vn -0.206337 -0.859350 0.467914
vn 0.206337 -0.859349 0.467914
vn 0.067722 -0.809802 0.582781
vn -0.067722 -0.809800 0.582784
vn 0.161162 -0.706261 0.689364
vn -0.161164 -0.706261 0.689363
vn 0.294150 -0.564362 0.771343
vn -0.294151 -0.564361 0.771344
vn -0.112507 -0.278422 0.953847
vn -0.056383 0.495585 0.866727
vn -0.062405 0.097698 0.993258
vn 0.062405 0.097696 0.993258
vn -0.071341 0.626209 0.776385
vn 0.071343 0.626211 0.776383
vn 0.056385 0.495585 0.866727
vn -0.101873 0.729997 0.675816
vn 0.101874 0.729998 0.675814
vn -0.153191 0.757159 0.635014
vn 0.153189 0.757153 0.635022
vn 0.343154 0.694609 0.632268
vn -0.077749 0.774735 0.627488
vn 0.077748 0.774731 0.627493
vn -0.568096 0.072933 0.819725
vn -0.277342 -0.230279 0.932766
vn 0.568088 0.072928 0.819730
vn 0.625037 0.063338 0.778021
vn -0.131296 -0.294799 0.946496
vn -0.008535 -0.095257 0.995416
vn 0.106572 0.194911 0.975014
vn 0.008538 -0.095258 0.995416
vn -0.523174 0.156735 0.837689
vn -0.682144 -0.002886 0.731212
vn 0.682143 -0.002887 0.731213
vn -0.389434 0.281398 0.877016
vn 0.523177 0.156728 0.837688
vn 0.389437 0.281394 0.877015
vn -0.212206 0.344589 0.914454
vn 0.212207 0.344586 0.914455
vn -0.088267 0.356997 0.929926
vn 0.088267 0.356991 0.929928
vn 0.033905 0.392682 0.919049
vn -0.033906 0.392677 0.919051
vn -0.010952 0.444908 0.895510
vn 0.010955 0.444906 0.895510
vn 0.076049 0.312759 0.946783
vn -0.076055 0.312758 0.946783
vn -0.000373 -0.262760 0.964861
vn 0.131295 -0.294800 0.946496
vn 0.000373 -0.262762 0.964861
vn -0.137988 -0.240068 0.960899
vn 0.137989 -0.240070 0.960898
vn -0.133173 -0.248461 0.959444
vn 0.133173 -0.248462 0.959443
vn -0.185820 -0.321146 0.928621
vn 0.185817 -0.321151 0.928620
vn 0.277330 -0.230290 0.932767
vn -0.592948 0.314282 0.741377
vn 0.592945 0.314280 0.741380
vn 0.641565 0.076017 0.763293
vn -0.682475 -0.083914 0.726076
vn 0.682475 -0.083914 0.726076
vn 0.479726 0.036257 0.876669
vn -0.479726 0.036257 0.876669
vn -0.462249 -0.081167 0.883028
vn 0.316223 -0.091590 0.944253
vn -0.316225 -0.091592 0.944252
vn -0.032646 -0.156775 0.987095
vn 0.032647 -0.156775 0.987095
vn -0.052172 -0.042273 0.997743
vn 0.107880 0.278448 0.954374
vn -0.107880 0.278448 0.954373
vn -0.161495 0.343237 0.925261
vn 0.161495 0.343237 0.925261
vn 0.255675 0.008280 0.966727
vn -0.310278 -0.137248 0.940686
vn 0.310277 -0.137248 0.940687
vn 0.348124 -0.378482 0.857648
vn 0.871520 -0.337801 0.355449
vn 0.112508 -0.278419 0.953848
vn -0.625042 0.063340 0.778017
vn -0.641567 0.076018 0.763291
vn -0.255675 0.008282 0.966727
vn 0.052172 -0.042271 0.997743
vn 0.462248 -0.081167 0.883028
vn -0.106576 0.194912 0.975013
vn -0.813981 0.329869 0.478144
vn -0.880409 0.349565 0.320443
vn -0.874760 0.297027 0.382844
vn -0.856193 0.259705 0.446639
vn -0.833427 0.318104 0.451895
vn -0.798385 0.252846 0.546490
vn -0.778079 -0.326052 0.536920
vn -0.255789 -0.084878 0.963000
vn 0.207013 -0.473519 0.856111
vn -0.206996 -0.473524 0.856112
vn 0.255794 -0.084878 0.962998
vn -0.332732 0.119235 0.935453
vn 0.332733 0.119235 0.935453
vn 0.781752 -0.336048 0.525296
vn 0.883260 -0.279976 0.376118
vn -0.920268 -0.263164 0.289573
vn -0.883260 -0.279976 0.376118
vn 0.920268 -0.263164 0.289571
vn 0.925980 -0.242414 0.289476
vn -0.781752 -0.336048 0.525296
vn -0.925980 -0.242413 0.289476
vn 0.934195 -0.195817 0.298219
vn -0.934195 -0.195817 0.298219
vn 0.947561 -0.119868 0.296243
vn -0.947561 -0.119868 0.296243
vn -0.807460 -0.388731 0.443730
vn 0.807461 -0.388730 0.443730
vn -0.861781 -0.328690 0.386388
vn 0.861781 -0.328690 0.386388
vn 0.612178 -0.394169 0.685470
vn -0.612178 -0.394170 0.685470
vn -0.872140 -0.339976 0.351837
vn 0.872140 -0.339975 0.351836
vn -0.884892 -0.348193 0.309398
vn 0.884893 -0.348194 0.309397
vn 0.806498 -0.279537 0.520980
vn -0.806498 -0.279537 0.520979
vn -0.891527 -0.309372 0.330860
vn 0.891528 -0.309372 0.330859
vn -0.918138 -0.316801 0.238033
vn 0.918138 -0.316801 0.238033
vn 0.822857 -0.215296 0.525884
vn -0.822858 -0.215296 0.525883
vn -0.857839 -0.434553 0.274365
vn 0.857839 -0.434553 0.274365
vn -0.864956 -0.496686 0.071786
vn 0.864956 -0.496686 0.071787
vn 0.723803 -0.535742 0.434844
vn -0.723802 -0.535743 0.434845
vn -0.764192 -0.621380 0.172907
vn 0.764193 -0.621380 0.172905
vn -0.681839 -0.726456 -0.085778
vn 0.681839 -0.726456 -0.085780
vn -0.790426 -0.612541 -0.004367
vn 0.790426 -0.612542 -0.004367
vn -0.336867 -0.933562 -0.122402
vn -0.000000 -0.992578 -0.121609
vn 0.336867 -0.933562 -0.122402
vn -0.589090 -0.808044 -0.006246
vn 0.589090 -0.808044 -0.006247
vn -0.200145 -0.898257 -0.391250
vn -0.000000 -0.908589 -0.417691
vn 0.200144 -0.898257 -0.391250
vn -0.410658 -0.868834 -0.276564
vn 0.410657 -0.868833 -0.276569
vn -0.255769 -0.924708 0.281953
vn 0.000000 -0.953959 0.299936
vn 0.255769 -0.924708 0.281953
vn -0.575434 -0.779716 0.246817
vn 0.575435 -0.779716 0.246815
vn -0.628593 -0.334514 0.702119
vn 0.628593 -0.334514 0.702119
vn -0.471976 -0.304228 0.827456
vn 0.471974 -0.304228 0.827457
vn -0.227607 0.119227 0.966426
vn -0.232243 -0.006179 0.972638
vn 0.232246 -0.006180 0.972638
vn 0.227608 0.119227 0.966426
vn -0.000000 0.215579 0.976487
vn -0.204813 0.205882 0.956904
vn 0.204813 0.205882 0.956903
vn -0.305823 -0.309409 0.900410
vn -0.214275 -0.290380 0.932612
vn 0.214273 -0.290377 0.932614
vn 0.305822 -0.309408 0.900411
vn 0.102536 -0.026670 0.994372
vn -0.038068 -0.099993 0.994260
vn -0.102534 -0.026671 0.994372
vn 0.038069 -0.099993 0.994260
vn -0.000000 0.098963 0.995091
vn 0.209206 -0.456644 0.864702
vn -0.209206 -0.456645 0.864701
vn 0.157879 -0.503263 0.849588
vn -0.157878 -0.503264 0.849588
vn 0.000000 -0.659405 0.751788
vn -0.959942 -0.084617 0.267118
vn 0.959942 -0.084617 0.267118
vn -0.962732 -0.056278 0.264538
vn 0.962732 -0.056278 0.264538
vn -0.955364 -0.016144 0.294989
vn 0.955365 -0.016144 0.294988
vn -0.955542 -0.028941 0.293433
vn 0.955542 -0.028941 0.293433
vn 0.578038 -0.479488 0.660275
vn -0.913570 -0.315397 0.256737
vn 0.913571 -0.315397 0.256736
vn -0.578038 -0.479489 0.660275
vn -0.148593 -0.527949 0.836176
vn 0.000000 -0.567791 0.823173
vn 0.148593 -0.527948 0.836176
vn -0.644819 -0.408004 0.646329
vn 0.644819 -0.408005 0.646329
vn -0.944777 -0.042057 0.325003
vn 0.944777 -0.042057 0.325003
vn 0.890011 -0.038031 0.454350
vn -0.495647 -0.196407 0.846025
vn 0.495646 -0.196407 0.846025
vn -0.890011 -0.038031 0.454350
vn -0.943738 -0.089495 0.318353
vn 0.943738 -0.089495 0.318353
vn 0.743430 0.235721 0.625898
vn -0.389061 0.001129 0.921211
vn 0.389061 0.001129 0.921212
vn -0.743430 0.235720 0.625897
vn -0.940114 -0.182016 0.288195
vn 0.940114 -0.182016 0.288194
vn -0.893171 -0.246510 0.376137
vn -0.927526 -0.137087 0.347711
vn -0.934065 -0.079878 0.348054
vn -0.927206 -0.062094 0.369369
vn -0.918725 -0.056283 0.390868
vn -0.924699 -0.073269 0.373583
vn -0.888959 -0.102765 0.446309
vn -0.752551 -0.082160 0.653389
vn -0.500344 -0.104979 0.859439
vn -0.263470 -0.160117 0.951287
vn 0.007992 -0.159789 0.987119
vn 0.252092 -0.075907 0.964722
vn 0.352956 0.019095 0.935445
vn 0.424315 0.118879 0.897677
vn 0.479895 0.180956 0.858462
vn 0.504219 0.209569 0.837762
vn 0.550318 0.295994 0.780729
vn 0.436786 0.465326 0.769864
vn 0.157819 0.676913 0.718945
vn -0.000000 0.757827 0.652456
vn -0.157820 0.676912 0.718946
vn -0.436785 0.465326 0.769864
vn -0.550316 0.295994 0.780730
vn -0.504216 0.209568 0.837763
vn -0.479889 0.180953 0.858465
vn -0.424311 0.118878 0.897679
vn -0.352954 0.019095 0.935446
vn -0.252088 -0.075907 0.964723
vn -0.007990 -0.159789 0.987119
vn 0.263471 -0.160117 0.951286
vn 0.500345 -0.104979 0.859438
vn 0.752551 -0.082160 0.653388
vn 0.888959 -0.102765 0.446309
vn 0.924699 -0.073269 0.373583
vn 0.918725 -0.056283 0.390868
vn 0.927206 -0.062094 0.369370
vn 0.934065 -0.079878 0.348054
vn 0.927526 -0.137087 0.347712
vn 0.893171 -0.246510 0.376137
vn -0.515113 -0.099391 0.851340
vn 0.034663 -0.171864 0.984511
vn 0.000000 -0.205193 0.978722
vn -0.034662 -0.171863 0.984511
vn 0.515112 -0.099391 0.851341
vn 0.118102 0.063965 0.990939
vn 0.000000 0.066081 0.997814
vn -0.118101 0.063965 0.990939
vn -0.291413 0.116564 0.949469
vn 0.291412 0.116564 0.949469
vn 0.343465 0.313229 0.885393
vn -0.451235 0.516890 0.727470
vn 0.451235 0.516890 0.727469
vn -0.343463 0.313230 0.885393
vn 0.895549 -0.359742 0.261871
vn -0.895549 -0.359743 0.261871
vn 0.074702 0.337702 0.938284
vn -0.000000 0.351872 0.936048
vn -0.074702 0.337703 0.938284
vn -0.183496 0.359507 0.914923
vn 0.183496 0.359506 0.914923
vn -0.818759 -0.402034 0.409880
vn 0.818759 -0.402035 0.409879
vn -0.647170 -0.729207 0.222323
vn -0.055387 0.520580 0.852015
vn 0.647170 -0.729207 0.222326
vn 0.055388 0.520578 0.852015
vn -0.620726 -0.698643 0.355803
vn 0.620726 -0.698644 0.355804
vn 0.858993 -0.263934 0.438715
vn -0.112785 -0.849234 0.515831
vn -0.028867 -0.964722 0.261683
vn 0.842394 -0.411451 0.347966
vn 0.112784 -0.849237 0.515827
vn -0.858992 -0.263936 0.438714
vn -0.842395 -0.411452 0.347963
vn 0.028866 -0.964723 0.261681
vn -0.126422 0.662706 0.738131
vn 0.126422 0.662706 0.738132
vn 0.030054 0.640874 0.767058
vn -0.000000 0.652358 0.757911
vn -0.030053 0.640874 0.767058
vn -0.053295 0.618447 0.784017
vn 0.053295 0.618447 0.784017
vn 0.069580 0.688954 0.721458
vn 0.102426 0.722949 0.683267
vn -0.102426 0.722949 0.683267
vn -0.069580 0.688955 0.721457
vn 0.022552 0.713591 0.700200
vn 0.000000 0.723019 0.690828
vn -0.022552 0.713591 0.700200
vn -0.022441 0.687759 0.725593
vn 0.022441 0.687759 0.725592
vn 0.987654 -0.049757 0.148540
vn 0.702892 0.711261 0.007169
vn 0.924648 -0.154481 0.348083
vn 0.996154 0.005199 0.087464
vn -0.312464 -0.595840 0.739825
vn 0.312462 -0.595844 0.739823
vn 0.893301 -0.069185 0.444102
vn -0.893301 -0.069186 0.444102
vn 0.598678 -0.074456 0.797522
vn 0.704292 0.031338 0.709219
vn -0.704292 0.031338 0.709218
vn -0.598678 -0.074456 0.797522
vn 0.358720 -0.138688 0.923085
vn -0.358717 -0.138688 0.923086
vn -0.029126 -0.148574 0.988472
vn 0.029128 -0.148574 0.988472
vn -0.456765 -0.171577 0.872885
vn 0.456764 -0.171576 0.872885
vn -0.598112 -0.202066 0.775521
vn 0.598112 -0.202065 0.775520
vn -0.598766 -0.291322 0.746064
vn 0.598767 -0.291321 0.746063
vn 0.497344 -0.428158 0.754540
vn -0.497343 -0.428157 0.754540
vn 0.988277 0.152445 0.008266
vn 0.943929 0.185900 -0.272836
vn 0.966679 -0.008895 0.255839
vn 0.963874 0.037513 0.263706
vn -0.963874 0.037513 0.263705
vn -0.966679 -0.008895 0.255839
vn 0.969595 -0.042817 0.240941
vn -0.969595 -0.042817 0.240942
vn 0.965305 -0.016762 0.260588
vn -0.965304 -0.016762 0.260589
vn 0.957161 0.025000 0.288474
vn -0.957161 0.025000 0.288474
vn 0.929834 0.031136 0.366660
vn -0.929834 0.031136 0.366659
vn 0.911194 -0.003653 0.411961
vn -0.911194 -0.003652 0.411962
vn -0.892801 -0.048382 0.447846
vn 0.892801 -0.048381 0.447845
vn -0.771168 0.237966 0.590485
vn -0.790964 0.147979 0.593698
vn 0.794532 0.084318 0.601340
vn 0.790965 0.147979 0.593698
vn -0.794533 0.084318 0.601338
vn -0.777195 0.080736 0.624059
vn 0.771170 0.237967 0.590481
vn 0.777194 0.080736 0.624060
vn -0.773782 0.092055 0.626727
vn 0.773781 0.092055 0.626728
vn 0.750885 0.314027 0.580999
vn -0.750883 0.314026 0.581001
vn 0.734781 0.358008 0.576131
vn -0.734780 0.358008 0.576132
vn 0.718768 0.407653 0.563197
vn 0.666806 0.507442 0.545777
vn -0.666805 0.507442 0.545777
vn -0.718768 0.407652 0.563199
vn -0.476562 0.690463 0.544196
vn 0.476562 0.690463 0.544196
vn -0.137948 0.834537 0.533402
vn 0.137948 0.834538 0.533401
vn -0.000000 0.882041 0.471173
vn -0.907898 0.287900 0.304688
vn -0.933314 0.204631 0.295045
vn 0.948376 0.133370 0.287742
vn 0.933313 0.204631 0.295046
vn -0.948377 0.133370 0.287740
vn -0.959450 0.080841 0.270038
vn 0.907898 0.287900 0.304688
vn 0.959449 0.080841 0.270040
vn -0.963613 0.059163 0.260670
vn 0.963613 0.059163 0.260671
vn 0.872923 0.366204 0.322335
vn -0.872923 0.366204 0.322334
vn 0.837916 0.430047 0.336091
vn -0.837916 0.430048 0.336089
vn 0.793128 0.506559 0.338151
vn 0.684800 0.637009 0.353933
vn -0.684800 0.637009 0.353933
vn -0.793128 0.506559 0.338151
vn -0.478281 0.796060 0.370858
vn 0.478281 0.796061 0.370856
vn -0.137415 0.923793 0.357383
vn 0.137415 0.923794 0.357381
vn -0.000000 0.947298 0.320354
vn 0.956844 0.064275 0.283405
vn 0.960968 -0.000141 0.276659
vn 0.983795 0.177270 0.026890
vn -0.983795 0.177270 0.026890
vn -0.988277 0.152445 0.008267
vn -0.960968 -0.000141 0.276660
vn -0.956844 0.064275 0.283405
vn 0.940740 0.223388 -0.255159
vn 0.955868 0.083519 0.281676
vn -0.955868 0.083519 0.281676
vn 0.980930 0.185785 0.057101
vn -0.980930 0.185785 0.057101
vn 0.949703 0.228078 -0.214583
vn 0.961052 0.095379 0.259388
vn -0.961052 0.095379 0.259389
vn 0.975814 0.204142 0.078191
vn -0.975814 0.204142 0.078191
vn 0.956670 0.235170 -0.171692
vn 0.967092 0.118494 0.225151
vn -0.967092 0.118494 0.225151
vn 0.973382 0.207639 0.097028
vn -0.973382 0.207638 0.097028
vn 0.967529 0.219204 -0.125850
vn 0.979694 0.089107 0.179610
vn -0.979694 0.089107 0.179610
vn 0.982425 0.154849 0.104227
vn -0.982425 0.154849 0.104227
vn 0.980517 0.169816 -0.098741
vn 0.990275 0.022731 0.137254
vn -0.990275 0.022731 0.137254
vn 0.991655 0.078967 0.101908
vn -0.991655 0.078967 0.101908
vn 0.987860 0.122506 -0.095522
vn 0.993639 -0.015061 0.111599
vn -0.993639 -0.015061 0.111599
vn 0.995844 0.035040 0.084060
vn -0.995844 0.035040 0.084060
vn 0.989568 0.099669 -0.104025
vn 0.994409 -0.004297 0.105510
vn -0.994409 -0.004297 0.105510
vn 0.998027 0.027084 0.056640
vn -0.998027 0.027084 0.056640
vn 0.984714 0.109513 -0.135443
vn 0.992970 0.022739 0.116165
vn -0.992970 0.022739 0.116165
vn 0.998826 0.040263 0.026929
vn -0.998826 0.040263 0.026929
vn 0.976401 0.132109 -0.170848
vn 0.990900 0.037327 0.129323
vn -0.990900 0.037327 0.129323
vn 0.998076 0.061913 -0.003329
vn -0.998076 0.061913 -0.003329
vn 0.965676 0.153022 -0.209893
vn 0.988287 0.071176 0.134995
vn -0.988287 0.071176 0.134994
vn 0.995262 0.092425 -0.030177
vn -0.995262 0.092425 -0.030177
vn 0.953337 0.168699 -0.250377
vn -0.000000 0.995434 0.095447
vn -0.142507 0.980556 0.134916
vn 0.142507 0.980556 0.134915
vn -0.466944 0.869233 0.162472
vn 0.466944 0.869233 0.162471
vn -0.942403 0.291421 0.164164
vn -0.965461 0.207251 0.157902
vn 0.979976 0.133316 0.147901
vn 0.965460 0.207251 0.157903
vn -0.979976 0.133316 0.147900
vn 0.942403 0.291421 0.164164
vn 0.906600 0.378403 0.186782
vn -0.906600 0.378403 0.186781
vn 0.871082 0.455093 0.184678
vn -0.871082 0.455093 0.184677
vn 0.805735 0.560746 0.190673
vn 0.669210 0.720516 0.181697
vn -0.669211 0.720516 0.181696
vn -0.805735 0.560746 0.190672
vn -0.000000 0.987149 -0.159801
vn -0.183587 0.969707 -0.161133
vn 0.183587 0.969707 -0.161133
vn -0.453888 0.877706 -0.153680
vn 0.453888 0.877706 -0.153680
vn -0.958243 0.281822 -0.048438
vn -0.976809 0.207456 -0.052971
vn 0.988992 0.140945 -0.045057
vn 0.976809 0.207456 -0.052971
vn -0.988992 0.140945 -0.045057
vn 0.958243 0.281822 -0.048438
vn 0.933998 0.357016 -0.013716
vn -0.933998 0.357016 -0.013716
vn 0.889582 0.456682 0.009305
vn -0.889582 0.456682 0.009305
vn 0.795370 0.604638 -0.042424
vn 0.645346 0.754569 -0.118968
vn -0.645346 0.754569 -0.118970
vn -0.795370 0.604638 -0.042426
vn -0.000000 0.883327 -0.468757
vn -0.232812 0.857418 -0.458947
vn 0.232812 0.857418 -0.458947
vn -0.479130 0.753372 -0.450407
vn 0.479129 0.753371 -0.450408
vn -0.889350 0.317929 -0.328599
vn -0.910698 0.261977 -0.319370
vn 0.938288 0.197279 -0.284070
vn 0.910698 0.261976 -0.319371
vn -0.938289 0.197279 -0.284070
vn -0.953337 0.168699 -0.250376
vn 0.889350 0.317928 -0.328601
vn 0.893107 0.349199 -0.283584
vn -0.893108 0.349199 -0.283581
vn 0.884221 0.432065 -0.177405
vn -0.884222 0.432065 -0.177403
vn 0.776376 0.532364 -0.337386
vn 0.642906 0.640502 -0.420034
vn -0.642906 0.640503 -0.420033
vn -0.776376 0.532364 -0.337385
vn -0.943929 0.185900 -0.272837
vn -0.997896 0.064802 0.002244
vn -0.993861 0.043562 0.101703
vn -0.940740 0.223388 -0.255160
vn -0.949703 0.228078 -0.214583
vn -0.956670 0.235170 -0.171692
vn -0.967529 0.219203 -0.125849
vn -0.980517 0.169816 -0.098740
vn -0.987860 0.122506 -0.095522
vn -0.989568 0.099669 -0.104025
vn -0.984714 0.109513 -0.135443
vn -0.976401 0.132109 -0.170848
vn -0.965676 0.153022 -0.209893
vn 0.736685 -0.239029 0.632582
vn 0.997574 0.067428 -0.017319
vn 0.777187 0.189974 -0.599908
vn -0.777187 0.189974 -0.599909
vn -0.998322 0.057864 -0.002355
vn 0.756428 0.228452 -0.612884
vn -0.756427 0.228452 -0.612885
vn 0.754149 0.246674 -0.608615
vn -0.754149 0.246674 -0.608614
vn 0.772657 0.249647 -0.583677
vn -0.772657 0.249647 -0.583676
vn 0.809027 0.227076 -0.542137
vn -0.809027 0.227076 -0.542136
vn 0.838151 0.193330 -0.510026
vn -0.838152 0.193331 -0.510025
vn 0.857079 0.162094 -0.489021
vn -0.857079 0.162094 -0.489021
vn 0.867045 0.147822 -0.475796
vn -0.867045 0.147822 -0.475797
vn 0.863957 0.161464 -0.476978
vn -0.863957 0.161464 -0.476978
vn 0.859475 0.189063 -0.474930
vn -0.859475 0.189063 -0.474929
vn 0.854968 0.210374 -0.474101
vn -0.854969 0.210374 -0.474101
vn 0.849114 0.222618 -0.479006
vn -0.849115 0.222618 -0.479004
vn -0.791041 0.356912 -0.496857
vn -0.807462 0.312038 -0.500637
vn 0.837470 0.246245 -0.487861
vn 0.807462 0.312037 -0.500638
vn -0.837471 0.246245 -0.487859
vn 0.791041 0.356912 -0.496859
vn 0.777520 0.401556 -0.483957
vn -0.777522 0.401557 -0.483955
vn 0.657804 0.483495 -0.577518
vn -0.657804 0.483495 -0.577517
vn -0.000000 0.628763 -0.777597
vn -0.249111 0.614882 -0.748241
vn 0.249111 0.614881 -0.748241
vn -0.473888 0.556395 -0.682535
vn 0.473888 0.556395 -0.682536
vn 0.622805 0.388567 -0.679065
vn -0.622805 0.388568 -0.679065
vn -0.000000 0.372436 -0.928058
vn -0.207432 0.372656 -0.904488
vn 0.207433 0.372656 -0.904488
vn -0.392696 0.375286 -0.839613
vn 0.392695 0.375286 -0.839614
vn 0.605786 0.312835 -0.731544
vn -0.605786 0.312835 -0.731544
vn -0.000000 0.214550 -0.976713
vn -0.167343 0.227456 -0.959302
vn 0.167343 0.227456 -0.959302
vn -0.338343 0.262251 -0.903741
vn 0.338343 0.262251 -0.903741
vn 0.606616 0.238150 -0.758486
vn -0.606617 0.238151 -0.758485
vn -0.000000 0.097946 -0.995192
vn -0.118049 0.122407 -0.985434
vn 0.118050 0.122407 -0.985434
vn -0.304231 0.177900 -0.935839
vn 0.304231 0.177900 -0.935839
vn 0.611922 0.206121 -0.763588
vn -0.611923 0.206122 -0.763587
vn 0.000000 0.057773 -0.998330
vn -0.074475 0.083228 -0.993744
vn 0.074475 0.083228 -0.993744
vn -0.282370 0.142325 -0.948689
vn 0.282370 0.142325 -0.948689
vn 0.603929 0.184414 -0.775410
vn -0.603931 0.184414 -0.775409
vn 0.000000 0.061081 -0.998133
vn -0.047162 0.077179 -0.995901
vn 0.047162 0.077178 -0.995901
vn -0.262326 0.121471 -0.957304
vn 0.262325 0.121471 -0.957304
vn 0.585643 0.163654 -0.793876
vn -0.585645 0.163655 -0.793875
vn 0.000000 0.089196 -0.996014
vn -0.038750 0.091280 -0.995071
vn 0.038750 0.091279 -0.995071
vn -0.243826 0.111168 -0.963427
vn 0.243825 0.111168 -0.963427
vn 0.564600 0.144783 -0.812567
vn -0.564600 0.144783 -0.812567
vn 0.000000 0.115293 -0.993331
vn -0.046871 0.109039 -0.992932
vn 0.046871 0.109039 -0.992932
vn -0.234888 0.110624 -0.965707
vn 0.234888 0.110624 -0.965707
vn 0.541280 0.138051 -0.829433
vn -0.541279 0.138050 -0.829433
vn 0.000000 0.117092 -0.993121
vn -0.059232 0.113543 -0.991766
vn 0.059232 0.113543 -0.991766
vn -0.233747 0.113258 -0.965679
vn 0.233748 0.113258 -0.965678
vn 0.521860 0.154319 -0.838956
vn -0.521859 0.154319 -0.838957
vn -0.000000 0.131952 -0.991256
vn -0.065520 0.133664 -0.988858
vn 0.065521 0.133664 -0.988858
vn -0.235233 0.137051 -0.962228
vn 0.235233 0.137051 -0.962228
vn 0.503472 0.185901 -0.843776
vn -0.503472 0.185902 -0.843775
vn -0.000000 0.180992 -0.983485
vn -0.070507 0.181218 -0.980912
vn 0.070508 0.181219 -0.980912
vn -0.241733 0.179227 -0.953647
vn 0.241733 0.179227 -0.953647
vn 0.489231 0.215356 -0.845148
vn -0.489231 0.215356 -0.845148
vn -0.000000 0.216740 -0.976229
vn -0.078028 0.213693 -0.973780
vn 0.078029 0.213693 -0.973780
vn -0.248722 0.209369 -0.945676
vn 0.248722 0.209369 -0.945675
vn 0.473542 0.233460 -0.849267
vn -0.473542 0.233461 -0.849267
vn -0.000000 0.216091 -0.976373
vn -0.085407 0.214655 -0.972949
vn 0.085407 0.214655 -0.972949
vn -0.250258 0.216662 -0.943625
vn 0.250258 0.216662 -0.943625
vn 0.468351 0.240851 -0.850081
vn -0.468351 0.240852 -0.850081
vn 0.000000 0.219989 -0.975502
vn -0.090170 0.219774 -0.971375
vn 0.090170 0.219774 -0.971375
vn -0.244371 0.227018 -0.942733
vn 0.244371 0.227018 -0.942733
vn 0.496822 0.225788 -0.837966
vn -0.496822 0.225788 -0.837966
vn 0.000000 0.234879 -0.972025
vn -0.096235 0.233258 -0.967641
vn 0.096235 0.233258 -0.967641
vn -0.248000 0.230897 -0.940841
vn 0.248000 0.230898 -0.940841
vn 0.514155 0.183556 -0.837826
vn -0.514154 0.183556 -0.837826
vn -0.000000 0.175383 -0.984500
vn -0.111146 0.175759 -0.978139
vn 0.111146 0.175759 -0.978139
vn -0.269517 0.176991 -0.946591
vn 0.269517 0.176991 -0.946591
vn 0.806386 -0.135737 0.575601
vn 0.088978 -0.176784 0.980220
vn 0.746640 0.130508 -0.652300
vn 0.492182 0.109179 -0.863619
vn -0.492182 0.109178 -0.863619
vn -0.746640 0.130508 -0.652301
vn -0.000000 0.096227 -0.995359
vn -0.112731 0.090687 -0.989478
vn 0.112731 0.090687 -0.989478
vn -0.275087 0.092104 -0.956998
vn 0.275087 0.092104 -0.956998
vn -0.806387 -0.135737 0.575600
vn -0.960317 -0.136947 0.242975
vn 0.955220 -0.192621 0.224615
vn -0.013365 0.986954 -0.160445
vn -0.072232 0.971260 0.226798
vn -0.454645 0.826130 0.332877
vn -0.577545 0.815802 -0.030133
vn 0.482663 0.825627 0.292193
vn -0.067017 0.882850 0.464849
vn -0.341933 0.618985 0.707064
vn 0.341933 0.618981 0.707068
vn -0.097316 0.554304 0.826605
vn 0.097316 0.554302 0.826607
vn -0.074273 0.752618 0.654255
vn 0.074273 0.752616 0.654258
vn 0.067017 0.882848 0.464852
vn -0.984018 0.061726 0.167029
vn -0.768528 -0.229083 0.597399
vn -0.088978 -0.176784 0.980220
vn 0.037760 0.982629 0.181698
vn -0.012403 0.987879 -0.154730
vn -0.007768 -0.065553 0.997819
vn 0.012873 -0.084612 0.996331
vn 0.034926 -0.099054 0.994469
vn -0.049062 -0.086472 0.995045
vn -0.000000 -0.079694 0.996819
vn 0.000000 -0.065634 0.997844
vn 0.007768 -0.065553 0.997819
vn -0.012873 -0.084612 0.996331
vn 0.194452 -0.145250 0.970098
vn 0.098954 -0.142599 0.984822
vn -0.034926 -0.099054 0.994469
vn 0.049062 -0.086472 0.995045
vn -0.098954 -0.142599 0.984822
vn -0.194452 -0.145250 0.970098
vn 0.542308 -0.220060 0.810849
vn 0.601378 -0.220968 0.767800
vn -0.601379 -0.220968 0.767800
vn -0.542308 -0.220060 0.810849
vn 0.693437 -0.096447 -0.714033
vn 0.723780 0.011330 -0.689938
vn -0.723780 0.011330 -0.689938
vn -0.693437 -0.096447 -0.714033
vn 0.446719 -0.026112 -0.894293
vn 0.471449 0.010226 -0.881834
vn -0.471448 0.010226 -0.881834
vn -0.446719 -0.026112 -0.894293
vn 0.271871 -0.008925 -0.962292
vn 0.273900 0.019710 -0.961556
vn -0.130095 0.008191 -0.991468
vn -0.116487 0.030336 -0.992729
vn 0.000000 0.036097 -0.999348
vn 0.000000 0.014738 -0.999891
vn 0.116487 0.030336 -0.992729
vn 0.130095 0.008191 -0.991468
vn -0.271871 -0.008925 -0.962292
vn -0.273900 0.019710 -0.961556
vn -0.103729 -0.086226 0.990861
vn 0.103730 -0.086226 0.990861
vn -0.012826 -0.062706 0.997950
vn 0.000000 -0.069570 0.997577
vn 0.012826 -0.062706 0.997950
vn 0.028157 -0.216859 0.975797
vn 0.054930 -0.189761 0.980293
vn -0.028157 -0.216859 0.975797
vn 0.000000 -0.223059 0.974805
vn 0.208329 -0.198421 0.957720
vn -0.208329 -0.198422 0.957720
vn -0.054930 -0.189761 0.980292
vn 0.557648 -0.274000 0.783551
vn -0.557649 -0.274001 0.783551
vn 0.661708 -0.143103 -0.735978
vn -0.661708 -0.143103 -0.735978
vn 0.393563 -0.036951 -0.918555
vn -0.393563 -0.036951 -0.918555
vn 0.279837 -0.012550 -0.959965
vn -0.279837 -0.012550 -0.959965
vn 0.150225 0.004226 -0.988643
vn 0.000000 0.009835 -0.999952
vn -0.150225 0.004226 -0.988643
vn 0.552105 -0.378297 0.743015
vn 0.670816 -0.183959 -0.718447
vn -0.552105 -0.378298 0.743015
vn -0.670816 -0.183958 -0.718447
vn -0.517398 -0.135453 -0.844956
vn -0.195450 -0.382082 0.903224
vn 0.517398 -0.135453 -0.844957
vn 0.195450 -0.382082 0.903224
vn 0.098510 -0.408375 0.907483
vn 0.359562 -0.112400 -0.926327
vn -0.098510 -0.408375 0.907483
vn -0.359562 -0.112400 -0.926327
vn -0.182834 -0.107218 -0.977280
vn -0.069637 -0.437991 0.896278
vn 0.182834 -0.107218 -0.977280
vn 0.069637 -0.437991 0.896278
vn 0.000000 -0.431395 0.902163
vn 0.000000 -0.088010 -0.996120
vn -0.414049 0.673766 -0.612048
vn -0.137841 -0.001811 -0.990453
vn -0.247497 0.080062 -0.965575
vn -0.284429 0.129372 -0.949928
vn -0.320401 0.012294 -0.947202
vn -0.373984 -0.163316 -0.912942
vn -0.028385 -0.144276 -0.989130
vn 0.038856 -0.376373 -0.925653
vn 0.036879 -0.258353 -0.965346
vn -0.507074 -0.244503 -0.826495
vn -0.684263 -0.168900 -0.709406
vn -0.107447 -0.617988 -0.778811
vn -0.932910 -0.258952 -0.250245
vn -0.221115 -0.958670 -0.179053
vn -0.933974 -0.315841 0.167143
vn -0.205523 -0.945719 -0.251746
vn -0.937039 -0.278685 -0.210457
vn -0.452982 -0.877314 0.158516
vn -0.975926 -0.209673 -0.060046
vn -0.966648 -0.187370 0.174599
vn -0.462117 -0.750847 0.471886
vn -0.964787 -0.210912 0.157167
vn -0.635110 -0.568250 0.523189
vn -0.606013 -0.372754 0.702711
vn -0.938875 -0.148201 0.310724
vn -0.526321 -0.250631 0.812508
vn -0.831246 -0.015076 0.555700
vn -0.521185 0.194252 0.831043
vn -0.423412 -0.017793 0.905762
vn -0.382681 0.291281 0.876762
vn -0.505521 0.163191 0.847241
vn -0.653053 0.287694 0.700538
vn -0.442253 0.395627 0.804918
vn -0.277031 0.290155 -0.916004
vn -0.251786 0.223113 -0.941714
vn -0.319013 0.196470 -0.927163
vn -0.414096 0.280380 -0.865974
vn -0.352221 0.380308 -0.855164
vn -0.546537 0.354420 -0.758738
vn -0.735805 0.471611 -0.485977
vn -0.525880 0.576155 -0.625696
vn -0.613887 0.623450 0.484203
vn -0.824851 0.401736 0.397780
vn -0.824943 0.517521 -0.227247
vn -0.653009 0.707619 -0.269916
vn -0.687686 0.725908 0.012039
vn -0.870399 0.491817 0.022856
vn 0.247497 0.080062 -0.965575
vn 0.137842 -0.001812 -0.990453
vn 0.320402 0.012294 -0.947202
vn 0.284430 0.129372 -0.949928
vn 0.028386 -0.144277 -0.989130
vn 0.373985 -0.163317 -0.912942
vn -0.036879 -0.258353 -0.965346
vn -0.038855 -0.376374 -0.925653
vn 0.684264 -0.168900 -0.709405
vn 0.507074 -0.244504 -0.826495
vn 0.107448 -0.617991 -0.778808
vn 0.932910 -0.258952 -0.250245
vn 0.221114 -0.958671 -0.179051
vn 0.933974 -0.315841 0.167144
vn 0.205522 -0.945720 -0.251743
vn 0.937040 -0.278685 -0.210456
vn 0.452982 -0.877313 0.158518
vn 0.975926 -0.209673 -0.060046
vn 0.462118 -0.750848 0.471884
vn 0.966648 -0.187370 0.174597
vn 0.964788 -0.210912 0.157166
vn 0.635109 -0.568250 0.523190
vn 0.606012 -0.372753 0.702712
vn 0.938875 -0.148201 0.310725
vn 0.526321 -0.250631 0.812508
vn 0.831246 -0.015076 0.555700
vn 0.521186 0.194252 0.831043
vn 0.423413 -0.017792 0.905762
vn 0.382681 0.291280 0.876762
vn 0.505521 0.163191 0.847241
vn 0.653053 0.287695 0.700538
vn 0.442253 0.395626 0.804917
vn 0.251786 0.223113 -0.941714
vn 0.319013 0.196470 -0.927163
vn 0.414097 0.280381 -0.865974
vn 0.277032 0.290156 -0.916004
vn 0.352222 0.380309 -0.855164
vn 0.546537 0.354420 -0.758738
vn 0.824851 0.401736 0.397780
vn 0.613887 0.623450 0.484202
vn 0.824943 0.517521 -0.227247
vn 0.653009 0.707619 -0.269916
vn 0.687687 0.725908 0.012038
vn 0.870399 0.491817 0.022857
vn -0.352995 0.366372 0.860910
vn -0.290571 0.388176 0.874579
vn 0.290571 0.388175 0.874579
vn 0.352995 0.366372 0.860910
vn -0.249453 0.445332 0.859914
vn -0.230165 0.493540 0.838715
vn 0.230165 0.493541 0.838714
vn 0.249452 0.445332 0.859914
vn -0.299422 0.439260 0.846993
vn -0.231983 0.438316 0.868368
vn 0.189470 0.454784 0.870214
vn 0.178959 0.433548 0.883182
vn 0.102586 0.433675 0.895211
vn 0.089972 0.435141 0.895856
vn -0.102586 0.433676 0.895210
vn -0.089972 0.435141 0.895856
vn 0.000000 0.423492 0.905900
vn 0.000000 0.429973 0.902842
vn -0.293742 0.257082 -0.920665
vn -0.276229 0.284836 -0.917914
vn 0.293742 0.257082 -0.920665
vn 0.334938 0.196214 -0.921584
vn -0.258793 0.350283 -0.900182
vn -0.218750 0.363105 -0.905706
vn 0.258794 0.350282 -0.900182
vn 0.330436 0.281023 -0.901021
vn -0.293619 0.369477 -0.881632
vn -0.407868 0.608337 -0.680860
vn 0.276229 0.284836 -0.917914
vn 0.293620 0.369479 -0.881631
vn -0.193816 0.454290 -0.869515
vn -0.217930 0.692190 -0.688026
vn 0.218750 0.363106 -0.905706
vn 0.193818 0.454291 -0.869514
vn -0.519794 0.792053 -0.320103
vn -0.254220 0.915106 -0.312975
vn 0.532248 0.845685 0.039106
vn 0.519794 0.792053 -0.320103
vn 0.254220 0.915107 -0.312973
vn 0.251947 0.965167 0.070530
vn -0.316980 0.489977 0.812063
vn -0.446229 0.744735 0.496235
vn -0.532248 0.845685 0.039106
vn 0.316980 0.489977 0.812063
vn 0.446229 0.744735 0.496235
vn -0.206100 0.619510 0.757450
vn -0.219576 0.873968 0.433550
vn -0.251947 0.965167 0.070529
vn 0.206100 0.619511 0.757449
vn 0.219576 0.873969 0.433550
vn 0.052834 0.474631 0.878598
vn 0.193733 0.498373 0.845040
vn -0.655447 0.255902 0.710566
vn -0.445769 0.439565 0.779790
vn 0.655447 0.255902 0.710566
vn -0.000000 0.455739 0.890114
vn -0.052834 0.474631 0.878598
vn -0.189471 0.454784 0.870214
vn -0.193733 0.498373 0.845040
vn -0.178959 0.433549 0.883181
vn 0.445769 0.439565 0.779790
vn 0.299422 0.439260 0.846993
vn 0.231983 0.438316 0.868368
vn 0.357596 0.118513 -0.926326
vn 0.341931 0.245067 -0.907207
vn -0.334938 0.196214 -0.921584
vn -0.330436 0.281022 -0.901021
vn -0.341932 0.245067 -0.907207
vn -0.357596 0.118513 -0.926326
vn 0.373358 0.105567 -0.921661
vn 0.322401 0.195795 -0.926133
vn -0.283311 0.073220 -0.956229
vn -0.373358 0.105567 -0.921661
vn -0.322401 0.195795 -0.926133
vn -0.236234 0.148315 -0.960311
vn 0.422405 -0.056654 -0.904635
vn -0.422404 -0.056654 -0.904635
vn 0.400293 0.017285 -0.916224
vn -0.301756 0.024467 -0.953071
vn -0.400293 0.017285 -0.916224
vn 0.236234 0.148315 -0.960311
vn 0.283311 0.073220 -0.956229
vn 0.167178 0.034076 -0.985338
vn 0.138162 0.132702 -0.981479
vn -0.167178 0.034076 -0.985338
vn -0.138162 0.132703 -0.981479
vn -0.110040 0.088217 -0.990005
vn -0.109156 -0.008408 -0.993989
vn 0.301756 0.024467 -0.953071
vn 0.140963 0.000870 -0.990014
vn -0.050471 -0.042552 -0.997819
vn -0.140964 0.000870 -0.990014
vn 0.115872 0.049874 -0.992011
vn 0.110288 -0.035538 -0.993264
vn 0.000000 -0.037113 -0.999311
vn 0.000000 0.029102 -0.999576
vn -0.115872 0.049874 -0.992011
vn -0.110288 -0.035538 -0.993264
vn 0.128265 -0.043383 -0.990791
vn 0.000000 -0.022048 -0.999757
vn -0.128265 -0.043383 -0.990791
vn 0.468817 0.859285 0.204548
vn 0.540600 0.836771 0.086979
vn -0.540600 0.836771 0.086982
vn -0.468817 0.859286 0.204544
vn 0.182581 0.936092 0.300660
vn 0.270770 0.923129 0.272976
vn -0.270770 0.923131 0.272970
vn -0.182581 0.936092 0.300659
vn 0.152404 0.934332 0.322175
vn -0.152404 0.934329 0.322183
vn -0.130538 0.920832 0.367461
vn 0.000000 0.921934 0.387347
vn 0.087002 0.917413 0.388308
vn -0.087002 0.917413 0.388310
vn 0.381360 0.883828 0.270947
vn -0.381361 0.883830 0.270939
vn 0.130539 0.920833 0.367460
vn 0.735805 0.471610 -0.485978
vn 0.525880 0.576155 -0.625696
vn 0.407868 0.608336 -0.680860
vn 0.217931 0.692189 -0.688027
vn 0.519370 0.846321 -0.118305
vn -0.519371 0.846321 -0.118301
vn -0.447039 0.810114 -0.379304
vn 0.447040 0.810114 -0.379304
vn 0.347127 0.712117 -0.610239
vn -0.347127 0.712117 -0.610239
vn -0.224444 0.656996 -0.719709
vn 0.095201 0.652475 -0.751807
vn 0.224444 0.656996 -0.719709
vn -0.095201 0.652475 -0.751807
vn 0.005587 0.644472 -0.764607
vn 0.033956 0.650683 -0.758590
vn -0.005587 0.644471 -0.764609
vn -0.033956 0.650680 -0.758593
vn 0.018625 0.648709 -0.760809
vn -0.018625 0.648705 -0.760812
vn 0.047748 0.606515 -0.793637
vn -0.058066 0.569518 -0.819925
vn -0.047748 0.606517 -0.793636
vn 0.058066 0.569518 -0.819925
vn -0.020696 0.615916 -0.787540
vn 0.089917 0.636714 -0.765840
vn 0.000000 0.624394 -0.781109
vn -0.089917 0.636714 -0.765840
vn 0.021115 0.402300 0.915264
vn 0.259005 0.384020 0.886253
vn -0.685799 0.199593 0.699887
vn -0.891923 -0.013648 0.451982
vn 0.891923 -0.013648 0.451982
vn -0.000000 0.387627 0.921816
vn -0.021115 0.402300 0.915264
vn -0.259006 0.384020 0.886253
vn 0.685799 0.199593 0.699887
vn 0.025968 0.121972 0.992194
vn 0.314004 0.033841 0.948818
vn -0.733153 -0.119420 0.669497
vn -0.906903 -0.193449 0.374305
vn 0.906903 -0.193448 0.374305
vn 0.944145 -0.186870 0.271424
vn -0.944145 -0.186870 0.271423
vn -0.314004 0.033841 0.948818
vn -0.025968 0.121972 0.992194
vn 0.733152 -0.119420 0.669497
vn -0.000000 0.124157 0.992263
vn 0.561251 -0.120338 -0.818851
vn 0.592900 -0.077694 -0.801519
vn -0.561250 -0.120338 -0.818851
vn -0.592900 -0.077694 -0.801520
vn 0.399841 -0.082019 -0.912907
vn 0.420699 -0.059270 -0.905262
vn -0.399841 -0.082019 -0.912907
vn -0.420699 -0.059270 -0.905262
vn -0.309099 -0.074671 -0.948094
vn -0.272934 -0.106160 -0.956157
vn 0.095382 -0.128109 -0.987163
vn 0.114637 -0.108766 -0.987435
vn 0.309099 -0.074671 -0.948094
vn 0.272935 -0.106160 -0.956157
vn -0.095382 -0.128109 -0.987163
vn -0.114637 -0.108766 -0.987435
vn -0.026318 -0.130098 -0.991152
vn -0.050189 -0.115542 -0.992034
vn -0.000000 -0.085865 -0.996307
vn 0.186955 -0.107118 -0.976511
vn 0.187146 -0.106183 -0.976577
vn -0.000000 -0.114798 -0.993389
vn -0.186955 -0.107118 -0.976511
vn -0.187146 -0.106183 -0.976577
vn 0.966298 -0.162481 0.199669
vn -0.966298 -0.162482 0.199669
vn 0.977381 -0.160093 0.138191
vn -0.977381 -0.160093 0.138191
vn 0.983094 -0.170564 -0.066584
vn -0.983094 -0.170565 -0.066584
vn 0.948139 -0.190644 -0.254338
vn -0.948139 -0.190644 -0.254338
vn 0.968555 -0.247995 0.020002
vn -0.968555 -0.247995 0.020002
vn 0.947026 -0.279434 -0.158298
vn -0.947026 -0.279434 -0.158297
vn 0.763134 -0.162015 -0.625602
vn -0.763134 -0.162015 -0.625602
vn 0.590810 -0.136221 -0.795228
vn -0.590810 -0.136221 -0.795228
vn 0.369952 -0.118908 -0.921410
vn -0.369952 -0.118908 -0.921410
vn -0.240202 -0.117225 -0.963619
vn 0.121712 -0.103541 -0.987150
vn 0.240202 -0.117226 -0.963619
vn -0.121712 -0.103541 -0.987150
vn -0.093548 -0.082059 -0.992227
vn 0.133969 -0.089493 -0.986936
vn -0.000000 -0.103397 -0.994640
vn -0.133969 -0.089493 -0.986936
vn 0.085066 -0.124103 0.988616
vn 0.349018 -0.211126 0.913024
vn -0.849250 -0.225513 0.477409
vn -0.681255 -0.256406 0.685673
vn 0.849249 -0.225513 0.477409
vn 0.908737 -0.168831 0.381697
vn -0.908737 -0.168831 0.381697
vn -0.349019 -0.211126 0.913023
vn -0.085066 -0.124103 0.988616
vn 0.681254 -0.256406 0.685674
vn -0.000000 -0.099387 0.995049
vn 0.954333 -0.149813 0.258466
vn -0.954333 -0.149813 0.258466
vn 0.974719 -0.135938 0.177324
vn -0.974719 -0.135939 0.177324
vn 0.991499 -0.118932 0.052780
vn -0.991499 -0.118932 0.052780
vn 0.971007 -0.110467 -0.211997
vn -0.971007 -0.110467 -0.211998
vn 0.961285 -0.116152 -0.249880
vn -0.961285 -0.116152 -0.249880
vn 0.947165 -0.193674 -0.255675
vn -0.947165 -0.193674 -0.255675
vn 0.808269 -0.225786 -0.543803
vn -0.808269 -0.225786 -0.543804
vn 0.605072 -0.199675 -0.770726
vn -0.605072 -0.199675 -0.770726
vn 0.383056 -0.162227 -0.909368
vn -0.383056 -0.162227 -0.909368
vn -0.272830 -0.132878 -0.952842
vn 0.186699 -0.103940 -0.976903
vn 0.272830 -0.132878 -0.952842
vn -0.186699 -0.103940 -0.976903
vn -0.140799 -0.084382 -0.986436
vn 0.097330 -0.078169 -0.992178
vn -0.000000 -0.078150 -0.996942
vn -0.097330 -0.078169 -0.992178
vn 0.150669 -0.084241 0.984989
vn 0.380065 -0.109022 0.918512
vn 0.622412 -0.107653 0.775251
vn 0.755489 -0.063803 0.652047
vn 0.858341 -0.016740 0.512807
vn 0.935895 0.022625 0.351551
vn 0.954275 0.084284 0.286801
vn 0.976054 0.124685 0.178249
vn 0.987805 0.137801 -0.072474
vn 0.939534 0.123873 -0.319266
vn 0.860240 0.083463 -0.503012
vn 0.751393 0.007840 -0.659808
vn 0.595666 -0.016629 -0.803060
vn 0.445215 -0.009290 -0.895375
vn 0.235667 0.026600 -0.971470
vn 0.348670 0.013275 -0.937151
vn 0.086144 0.026399 -0.995933
vn -0.000000 0.024408 -0.999702
vn -0.086144 0.026399 -0.995933
vn -0.153799 0.033566 -0.987532
vn -0.235667 0.026600 -0.971470
vn -0.445216 -0.009290 -0.895375
vn -0.348670 0.013275 -0.937151
vn -0.595666 -0.016629 -0.803060
vn -0.751393 0.007840 -0.659808
vn -0.860240 0.083463 -0.503012
vn -0.939534 0.123873 -0.319266
vn -0.987805 0.137801 -0.072473
vn -0.976054 0.124686 0.178249
vn -0.954275 0.084284 0.286801
vn -0.935895 0.022625 0.351552
vn -0.858341 -0.016739 0.512807
vn -0.755490 -0.063803 0.652047
vn -0.622413 -0.107653 0.775250
vn -0.380065 -0.109022 0.918512
vn -0.150669 -0.084241 0.984989
vn -0.000000 -0.080030 0.996792
vn 0.176663 0.017748 0.984111
vn 0.346261 0.025129 0.937802
vn -0.611603 0.087234 0.786341
vn -0.498233 0.051417 0.865517
vn 0.611603 0.087234 0.786341
vn 0.731761 0.126121 0.669791
vn -0.731761 0.126121 0.669791
vn -0.346261 0.025129 0.937802
vn -0.176663 0.017748 0.984111
vn 0.498233 0.051417 0.865517
vn 0.000000 0.015673 0.999877
vn 0.829029 0.171715 0.532189
vn -0.829029 0.171715 0.532189
vn 0.877475 0.209878 0.431264
vn -0.877475 0.209878 0.431264
vn 0.933012 0.231246 0.275707
vn -0.933012 0.231246 0.275707
vn 0.970340 0.241592 -0.008543
vn -0.970340 0.241592 -0.008543
vn 0.917167 0.243535 -0.315430
vn -0.917167 0.243535 -0.315431
vn 0.761275 0.233066 -0.605096
vn -0.761275 0.233065 -0.605096
vn 0.631739 0.221129 -0.742972
vn -0.631739 0.221129 -0.742972
vn 0.543172 0.215326 -0.811541
vn -0.543172 0.215326 -0.811541
vn 0.463585 0.215263 -0.859506
vn -0.463584 0.215263 -0.859506
vn -0.378454 0.221692 -0.898680
vn 0.247136 0.224669 -0.942575
vn 0.378454 0.221693 -0.898679
vn -0.247136 0.224669 -0.942575
vn -0.145158 0.229576 -0.962405
vn 0.068981 0.227775 -0.971267
vn -0.000000 0.227421 -0.973797
vn -0.068980 0.227775 -0.971267
vn 0.120263 -0.029333 0.992309
vn 0.224548 -0.005035 0.974450
vn 0.341076 0.029376 0.939577
vn 0.484799 0.061034 0.872494
vn 0.617765 0.085183 0.781735
vn 0.721859 0.106892 0.683735
vn 0.818750 0.129200 0.559425
vn 0.922209 0.146312 0.357943
vn 0.987574 0.155364 0.023652
vn 0.934943 0.153351 -0.319945
vn 0.760860 0.148500 -0.631696
vn 0.641190 0.153788 -0.751815
vn 0.573231 0.162463 -0.803126
vn 0.496366 0.172700 -0.850762
vn 0.327598 0.200428 -0.923313
vn 0.423094 0.182220 -0.887574
vn 0.118104 0.236977 -0.964310
vn 0.000000 0.240031 -0.970765
vn -0.118104 0.236977 -0.964310
vn -0.233877 0.219570 -0.947149
vn -0.327598 0.200428 -0.923313
vn -0.496366 0.172700 -0.850762
vn -0.423094 0.182220 -0.887574
vn -0.573231 0.162463 -0.803126
vn -0.641190 0.153788 -0.751814
vn -0.760860 0.148499 -0.631696
vn -0.934943 0.153351 -0.319945
vn -0.987574 0.155364 0.023652
vn -0.922210 0.146312 0.357942
vn -0.818750 0.129200 0.559424
vn -0.721859 0.106892 0.683735
vn -0.617765 0.085183 0.781735
vn -0.484799 0.061034 0.872494
vn -0.341076 0.029376 0.939577
vn -0.224548 -0.005035 0.974450
vn -0.120263 -0.029333 0.992309
vn 0.000000 -0.037605 0.999293
vn 0.054769 -0.002523 0.998496
vn 0.103180 0.009554 0.994617
vn -0.404852 0.037786 0.913601
vn -0.215595 0.024093 0.976186
vn 0.404852 0.037786 0.913601
vn 0.574378 0.044769 0.817365
vn -0.574378 0.044769 0.817365
vn -0.103180 0.009554 0.994617
vn -0.054769 -0.002523 0.998496
vn 0.215595 0.024093 0.976186
vn 0.000000 -0.008294 0.999966
vn 0.654946 0.047906 0.754156
vn -0.654946 0.047906 0.754156
vn 0.722089 0.063165 0.688910
vn -0.722089 0.063165 0.688910
vn 0.892733 0.091249 0.441249
vn -0.892733 0.091249 0.441249
vn 0.994505 0.097019 0.039339
vn -0.994505 0.097019 0.039339
vn 0.953195 0.090130 -0.288610
vn -0.953195 0.090130 -0.288610
vn 0.811246 0.090734 -0.577622
vn -0.811246 0.090734 -0.577622
vn 0.698039 0.097878 -0.709339
vn -0.698039 0.097878 -0.709339
vn 0.653506 0.106664 -0.749369
vn -0.653506 0.106664 -0.749369
vn 0.588190 0.118858 -0.799941
vn -0.588190 0.118858 -0.799941
vn -0.516791 0.129389 -0.846277
vn 0.428323 0.137559 -0.893094
vn 0.516791 0.129389 -0.846277
vn -0.428323 0.137559 -0.893094
vn -0.324249 0.142077 -0.935242
vn 0.177814 0.145896 -0.973189
vn 0.000000 0.147536 -0.989057
vn -0.177814 0.145896 -0.973189
vn 0.005362 0.012444 0.999908
vn 0.095383 0.015275 0.995323
vn -0.377343 0.017595 0.925906
vn -0.240156 0.013439 0.970641
vn 0.377343 0.017595 0.925906
vn 0.592330 0.030075 0.805134
vn -0.592331 0.030075 0.805134
vn -0.095383 0.015275 0.995323
vn -0.005362 0.012444 0.999908
vn 0.240156 0.013439 0.970641
vn 0.000000 0.008439 0.999964
vn 0.668170 0.030191 0.743396
vn -0.668170 0.030191 0.743396
vn 0.619770 0.033444 0.784071
vn -0.619769 0.033444 0.784071
vn 0.828934 0.074147 0.554410
vn -0.828934 0.074147 0.554410
vn 0.995226 0.097452 0.005286
vn -0.995226 0.097452 0.005286
vn 0.929036 0.079883 -0.361264
vn -0.929036 0.079883 -0.361264
vn 0.871632 0.071800 -0.484873
vn -0.871632 0.071800 -0.484873
vn 0.770266 0.078916 -0.632821
vn -0.770266 0.078916 -0.632821
vn 0.696574 0.082784 -0.712693
vn -0.696574 0.082784 -0.712693
vn 0.658894 0.088139 -0.747054
vn -0.597150 0.094211 -0.796578
vn -0.658894 0.088140 -0.747054
vn 0.597150 0.094211 -0.796578
vn 0.492335 0.103746 -0.864201
vn 0.216153 0.118856 -0.969098
vn 0.000000 0.122435 -0.992477
vn -0.376025 0.110791 -0.919962
vn -0.492335 0.103746 -0.864201
vn -0.216153 0.118856 -0.969098
vn 0.210338 0.022422 0.977372
vn -0.002184 0.026127 0.999656
vn 0.062131 0.060541 0.996230
vn 0.387792 0.038754 0.920932
vn -0.324278 0.007281 0.945934
vn -0.353880 0.005857 0.935273
vn -0.324705 0.011238 0.945749
vn -0.365562 0.012653 0.930701
vn 0.626092 0.025695 0.779326
vn 0.353880 0.005857 0.935273
vn 0.324705 0.011238 0.945749
vn 0.669459 0.048027 0.741295
vn -0.626092 0.025695 0.779326
vn -0.669459 0.048027 0.741295
vn 0.002184 0.026127 0.999656
vn -0.210338 0.022422 0.977372
vn -0.387792 0.038754 0.920932
vn -0.062131 0.060541 0.996230
vn 0.324278 0.007281 0.945934
vn 0.365562 0.012653 0.930701
vn 0.696254 0.025138 0.717355
vn 0.727248 0.042691 0.685045
vn -0.696254 0.025138 0.717355
vn -0.727248 0.042691 0.685045
vn 0.542805 0.013469 0.839751
vn 0.477892 0.013294 0.878318
vn -0.542805 0.013469 0.839751
vn -0.477892 0.013294 0.878318
vn 0.747256 0.055288 0.662233
vn 0.670150 0.051223 0.740456
vn -0.747256 0.055288 0.662233
vn -0.670150 0.051223 0.740456
vn 0.994485 0.104299 -0.010993
vn 0.990050 0.139679 0.017042
vn -0.994485 0.104299 -0.010993
vn -0.990050 0.139679 0.017042
vn 0.853840 0.112903 -0.508144
vn 0.785721 0.143976 -0.601592
vn -0.853840 0.112903 -0.508144
vn -0.785721 0.143977 -0.601592
vn 0.889719 0.084989 -0.448527
vn 0.870680 0.130825 -0.474133
vn -0.889719 0.084989 -0.448527
vn -0.870680 0.130825 -0.474133
vn 0.877457 0.103091 -0.468447
vn 0.970231 0.143356 -0.195197
vn -0.877457 0.103090 -0.468447
vn -0.970231 0.143356 -0.195197
vn 0.632571 0.095885 -0.768544
vn 0.638153 0.189787 -0.746151
vn -0.632571 0.095885 -0.768544
vn -0.638153 0.189787 -0.746151
vn 0.546223 0.153747 -0.823409
vn 0.666277 0.078729 -0.741537
vn -0.546223 0.153747 -0.823409
vn -0.666277 0.078729 -0.741537
vn -0.709711 0.092034 -0.698456
vn -0.791850 0.151109 -0.591726
vn 0.702724 0.190874 -0.685380
vn 0.585427 0.112874 -0.802829
vn 0.709711 0.092034 -0.698456
vn 0.791850 0.151109 -0.591726
vn -0.702725 0.190874 -0.685380
vn -0.585427 0.112874 -0.802829
vn -0.466194 0.133965 -0.874481
vn -0.485890 0.213714 -0.847489
vn -0.000000 0.169608 -0.985512
vn 0.295450 0.154393 -0.942800
vn 0.336466 0.213650 -0.917139
vn -0.000000 0.214939 -0.976628
vn -0.295450 0.154393 -0.942800
vn -0.336466 0.213650 -0.917139
vn 0.000000 0.031047 0.999518
vn 0.000000 0.065848 0.997830
vn 0.171907 0.069798 0.982637
vn 0.523262 0.058713 0.850147
vn 0.372419 0.036812 0.927335
vn 0.308296 0.044552 0.950247
vn 0.665033 0.075625 0.742975
vn 0.795548 0.069091 0.601938
vn 0.561869 -0.011586 0.827145
vn 0.497901 -0.015676 0.867092
vn 0.949011 0.112121 0.294631
vn 0.757933 0.149228 -0.635034
vn 0.829050 0.130682 -0.543690
vn 0.981041 0.150608 0.121964
vn 0.785339 0.303801 -0.539396
vn 0.429766 0.286172 -0.856391
vn 0.758871 0.247822 -0.602245
vn 0.729199 0.233240 -0.643325
vn 0.315141 0.267452 -0.910580
vn 0.000000 0.278916 -0.960316
vn -0.315141 0.267452 -0.910580
vn -0.549121 0.209315 -0.809107
vn -0.729199 0.233240 -0.643325
vn -0.758871 0.247822 -0.602245
vn -0.429766 0.286172 -0.856391
vn -0.785339 0.303801 -0.539396
vn -0.981041 0.150608 0.121964
vn -0.829050 0.130682 -0.543690
vn -0.757933 0.149228 -0.635034
vn -0.949011 0.112121 0.294631
vn -0.497901 -0.015676 0.867092
vn -0.561869 -0.011586 0.827145
vn -0.795548 0.069091 0.601938
vn -0.665033 0.075625 0.742975
vn -0.308296 0.044552 0.950247
vn -0.372418 0.036812 0.927335
vn -0.523262 0.058713 0.850147
vn -0.171907 0.069798 0.982637
vn 0.000000 0.063922 0.997955
vn 0.485890 0.213714 -0.847489
vn 0.549121 0.209315 -0.809107
vn 0.466194 0.133965 -0.874481
vn 0.376025 0.110791 -0.919962
vn 0.324249 0.142077 -0.935242
vn 0.233877 0.219570 -0.947149
vn 0.145158 0.229576 -0.962405
vn 0.153799 0.033566 -0.987532
vn 0.140799 -0.084382 -0.986436
vn 0.093548 -0.082059 -0.992227
vn 0.050189 -0.115542 -0.992034
vn 0.026318 -0.130098 -0.991152
vn 0.050471 -0.042552 -0.997819
vn 0.109156 -0.008408 -0.993989
vn 0.110040 0.088217 -0.990005
vn 0.020696 0.615916 -0.787540
vn 0.556729 0.079918 0.826841
vn 0.244071 0.089679 0.965602
vn 0.172499 -0.428830 0.886763
vn 0.283944 -0.589095 0.756534
vn 0.305473 0.047064 0.951037
vn -0.073798 -0.591114 0.803205
vn 0.361839 0.012970 0.932150
vn 0.042725 -0.623645 0.780539
vn 0.682756 0.014359 0.730506
vn 0.492381 -0.560916 0.665533
vn 0.832850 -0.032100 0.552567
vn 0.596981 -0.578454 0.555883
vn 0.412255 -0.142167 0.899908
vn -0.184528 -0.721435 0.667443
vn 0.449294 -0.070275 0.890616
vn 0.011754 -0.508949 0.860716
vn 0.976146 0.068936 0.205882
vn 0.763975 -0.509061 0.396484
vn 0.755366 0.089169 -0.649208
vn 0.744912 -0.650749 -0.147076
vn 0.830253 0.254516 -0.495885
vn 0.949415 0.108895 0.294538
vn 0.453132 -0.659189 0.600118
vn 0.831839 -0.553603 -0.039592
vn 0.589680 -0.727392 -0.350969
vn 0.817821 0.062059 -0.572117
vn 0.669787 0.222612 -0.708399
vn 0.558341 -0.427109 -0.711220
vn 0.578768 0.163640 -0.798905
vn 0.656390 -0.556271 -0.509622
vn -0.589680 -0.727391 -0.350969
vn -0.817821 0.062059 -0.572117
vn -0.578768 0.163640 -0.798905
vn -0.656390 -0.556271 -0.509622
vn -0.669787 0.222612 -0.708399
vn -0.558341 -0.427109 -0.711220
vn -0.949415 0.108895 0.294538
vn -0.830253 0.254516 -0.495885
vn -0.831839 -0.553603 -0.039593
vn -0.453132 -0.659189 0.600118
vn -0.976146 0.068936 0.205882
vn -0.755366 0.089170 -0.649208
vn -0.744912 -0.650749 -0.147076
vn -0.763975 -0.509060 0.396484
vn -0.449294 -0.070275 0.890616
vn -0.011754 -0.508949 0.860716
vn -0.412255 -0.142167 0.899908
vn 0.184528 -0.721435 0.667443
vn -0.832850 -0.032100 0.552567
vn -0.596981 -0.578453 0.555883
vn -0.682756 0.014359 0.730505
vn -0.492381 -0.560916 0.665533
vn -0.361840 0.012970 0.932150
vn -0.042726 -0.623645 0.780539
vn -0.305473 0.047064 0.951037
vn 0.073798 -0.591115 0.803204
vn -0.556729 0.079918 0.826841
vn -0.283944 -0.589095 0.756533
vn -0.244071 0.089679 0.965602
vn -0.172499 -0.428831 0.886763
vn 0.000000 -0.441124 0.897446
vn 0.000000 0.081234 0.996695
vn -0.284551 0.279399 -0.917042
vn 0.284551 0.279399 -0.917042
vn 0.000000 0.307442 -0.951567
vn -0.000000 -0.211120 -0.977460
vn -0.414941 -0.332588 -0.846882
vn 0.414941 -0.332588 -0.846882
vn -0.573699 -0.409878 -0.709133
vn -0.430384 0.269671 -0.861422
vn 0.573699 -0.409878 -0.709133
vn 0.430384 0.269671 -0.861422
vn -0.877407 0.075510 -0.473767
vn 0.877407 0.075510 -0.473767
vn -0.504965 -0.797559 0.330014
vn 0.504966 -0.797559 0.330014
vn 0.294537 -0.661793 -0.689405
vn -0.000000 -0.657600 -0.753367
vn -0.294537 -0.661793 -0.689404
vn 0.556431 -0.565621 -0.608653
vn -0.556431 -0.565621 -0.608653
vn 0.595456 -0.560495 -0.575567
vn -0.595456 -0.560495 -0.575567
vn 0.657999 -0.579963 -0.480292
vn -0.657999 -0.579963 -0.480292
vn 0.737099 -0.565854 -0.369450
vn -0.737100 -0.565854 -0.369450
vn 0.845101 -0.486503 -0.221626
vn -0.845102 -0.486503 -0.221626
vn 0.809236 -0.506885 -0.296992
vn -0.809236 -0.506886 -0.296992
vn 0.736878 -0.663054 -0.131800
vn -0.736877 -0.663054 -0.131800
vn 0.672287 -0.599945 0.433701
vn -0.672287 -0.599945 0.433701
vn 0.620851 -0.450395 0.641630
vn -0.620851 -0.450395 0.641630
vn 0.782955 -0.334866 0.524257
vn -0.782955 -0.334866 0.524257
vn 0.949187 -0.309613 -0.056419
vn -0.949187 -0.309613 -0.056419
vn 0.670088 -0.524103 0.525641
vn -0.670088 -0.524103 0.525641
vn 0.417370 -0.432745 0.799083
vn -0.417370 -0.432745 0.799083
vn 0.401461 -0.386451 0.830352
vn -0.401461 -0.386451 0.830352
vn 0.659978 -0.343733 0.668039
vn -0.659978 -0.343733 0.668039
vn 0.475211 -0.448009 0.757273
vn -0.475211 -0.448009 0.757273
vn 0.181180 -0.523629 0.832458
vn -0.181180 -0.523629 0.832458
vn 0.000000 -0.546852 0.837229
vn 0.962029 -0.271443 0.028612
vn 0.829258 -0.258031 0.495733
vn -0.829258 -0.258031 0.495733
vn -0.962029 -0.271443 0.028612
vn 0.759500 -0.359194 0.542347
vn -0.759500 -0.359194 0.542347
vn 0.812058 -0.556455 0.175840
vn -0.812058 -0.556455 0.175840
vn 0.777585 -0.571878 -0.261376
vn -0.777585 -0.571878 -0.261376
vn 0.861669 -0.461422 -0.211224
vn -0.861669 -0.461423 -0.211224
vn 0.339455 -0.822563 -0.456247
vn -0.000000 -0.876228 -0.481897
vn -0.339455 -0.822563 -0.456247
vn 0.559493 -0.720662 -0.409407
vn -0.559493 -0.720662 -0.409407
vn 0.646346 -0.635562 -0.422254
vn -0.646346 -0.635562 -0.422254
vn 0.702292 -0.583635 -0.407623
vn -0.702292 -0.583635 -0.407623
vn 0.791605 -0.533427 -0.298021
vn -0.791605 -0.533427 -0.298021
vn 0.873058 -0.446391 -0.196226
vn -0.873058 -0.446391 -0.196226
vn 0.889799 -0.378136 0.255483
vn -0.889799 -0.378136 0.255483
vn 0.479744 -0.388833 0.786546
vn -0.479744 -0.388833 0.786546
vn 0.428083 -0.373714 0.822851
vn -0.428083 -0.373714 0.822851
vn 0.619184 -0.356833 0.699486
vn -0.619184 -0.356833 0.699486
vn 0.516542 -0.424025 0.743900
vn -0.516542 -0.424025 0.743900
vn 0.203203 -0.497712 0.843203
vn -0.203203 -0.497712 0.843203
vn -0.000000 -0.514040 0.857766
vn 0.898733 -0.386694 0.206754
vn 0.872169 -0.476806 0.109439
vn -0.787985 -0.501563 0.357091
vn -0.833156 -0.546858 0.082450
vn -0.746908 -0.654726 0.116026
vn -0.552182 -0.570104 0.608340
vn 0.746908 -0.654726 0.116026
vn 0.552182 -0.570104 0.608340
vn 0.473242 -0.515395 0.714431
vn 0.702709 -0.686118 0.188260
vn -0.207854 -0.592881 0.778003
vn -0.335360 -0.870753 0.359614
vn 0.000000 -0.947199 0.320647
vn -0.000000 -0.601688 0.798731
vn 0.335360 -0.870753 0.359614
vn 0.207854 -0.592881 0.778003
vn -0.437970 -0.547814 0.712799
vn -0.549087 -0.778345 0.304438
vn 0.549087 -0.778345 0.304438
vn 0.437970 -0.547814 0.712799
vn -0.558569 -0.498839 0.662692
vn -0.673905 -0.691353 0.260545
vn 0.673905 -0.691353 0.260545
vn 0.558569 -0.498839 0.662692
vn -0.473242 -0.515395 0.714431
vn -0.702710 -0.686118 0.188260
vn 0.833156 -0.546858 0.082450
vn 0.787985 -0.501563 0.357091
vn -0.898733 -0.386694 0.206754
vn -0.872169 -0.476806 0.109439
vn -0.104200 0.093337 -0.990167
vn 0.059616 0.017611 -0.998066
vn 0.051696 0.021028 -0.998441
vn -0.144240 0.093130 -0.985150
vn 0.321249 -0.105590 -0.941090
vn 0.359401 -0.107982 -0.926915
vn 0.548201 -0.238161 -0.801720
vn 0.652819 -0.316392 -0.688275
vn 0.718647 -0.262590 -0.643889
vn 0.595262 -0.209625 -0.775707
vn 0.769441 -0.412062 -0.488022
vn 0.852807 -0.323998 -0.409568
vn 0.843219 -0.449453 -0.294914
vn 0.905737 -0.350356 -0.238520
vn 0.868642 -0.473517 -0.145749
vn 0.925160 -0.372489 -0.073016
vn 0.890187 -0.454761 0.027574
vn 0.921442 -0.380522 0.078405
vn 0.847325 -0.438143 0.300118
vn 0.885141 -0.387452 0.257694
vn 0.815877 -0.397206 0.420205
vn 0.800692 -0.372180 0.469441
vn 0.593072 -0.266923 0.759617
vn 0.589236 -0.295275 0.752073
vn 0.331659 -0.147902 0.931733
vn 0.253488 -0.165258 0.953118
vn -0.099106 -0.007193 0.995051
vn -0.134729 -0.004850 0.990871
vn -0.473673 0.138768 0.869700
vn -0.471338 0.137976 0.871093
vn -0.729519 0.239692 0.640585
vn -0.716149 0.248529 0.652199
vn -0.561772 0.231698 -0.794184
vn -0.411843 0.180690 -0.893161
vn -0.436095 0.207416 -0.875671
vn -0.575143 0.255708 -0.777061
vn -0.851343 0.335595 -0.403227
vn -0.707236 0.282358 -0.648145
vn -0.712438 0.300072 -0.634342
vn -0.850440 0.339382 -0.401960
vn -0.882824 0.304238 0.357857
vn -0.864017 0.315651 0.392222
vn -0.916958 0.353717 -0.184586
vn -0.917911 0.361788 -0.162941
vn -0.935743 0.341629 0.087600
vn -0.925706 0.356448 0.126542
vn 0.104200 0.093337 -0.990167
vn -0.059615 0.017611 -0.998066
vn -0.321250 -0.105591 -0.941089
vn -0.548201 -0.238161 -0.801720
vn -0.652820 -0.316392 -0.688275
vn -0.769441 -0.412062 -0.488022
vn -0.843218 -0.449453 -0.294915
vn -0.868642 -0.473517 -0.145751
vn -0.890186 -0.454761 0.027575
vn -0.847325 -0.438143 0.300119
vn -0.815877 -0.397207 0.420204
vn -0.593073 -0.266924 0.759616
vn -0.331659 -0.147902 0.931733
vn 0.099106 -0.007193 0.995051
vn 0.473673 0.138768 0.869700
vn 0.729519 0.239692 0.640585
vn 0.411844 0.180690 -0.893161
vn 0.707236 0.282358 -0.648144
vn 0.561772 0.231698 -0.794184
vn 0.882824 0.304238 0.357857
vn 0.935743 0.341629 0.087600
vn 0.916958 0.353717 -0.184586
vn 0.851343 0.335595 -0.403226
vn 0.144240 0.093130 -0.985150
vn -0.051696 0.021028 -0.998441
vn -0.359400 -0.107982 -0.926915
vn -0.595261 -0.209625 -0.775707
vn -0.718647 -0.262590 -0.643888
vn -0.852807 -0.323998 -0.409568
vn -0.905737 -0.350356 -0.238520
vn -0.925160 -0.372489 -0.073017
vn -0.921442 -0.380522 0.078405
vn -0.885141 -0.387452 0.257694
vn -0.800693 -0.372180 0.469439
vn -0.589237 -0.295275 0.752072
vn -0.253488 -0.165258 0.953118
vn 0.134730 -0.004850 0.990871
vn 0.471339 0.137977 0.871092
vn 0.716150 0.248529 0.652199
vn 0.864017 0.315651 0.392222
vn 0.925706 0.356448 0.126542
vn 0.917911 0.361788 -0.162941
vn 0.850440 0.339382 -0.401960
vn 0.712438 0.300072 -0.634342
vn 0.575142 0.255707 -0.777062
vn 0.436095 0.207416 -0.875671
vn 0.013332 0.054167 -0.998443
vn -0.166713 0.125547 -0.977980
vn 0.309278 -0.063100 -0.948876
vn 0.743168 -0.248078 -0.621416
vn 0.591858 -0.180682 -0.785530
vn 0.885119 -0.318828 -0.338989
vn 0.924306 -0.349024 -0.154408
vn 0.930806 -0.365426 0.008043
vn 0.916422 -0.370997 0.150105
vn 0.887330 -0.365618 0.281015
vn 0.805309 -0.343052 0.483521
vn 0.612763 -0.263173 0.745158
vn 0.278936 -0.127978 0.951744
vn -0.127535 0.050872 0.990529
vn -0.471524 0.185932 0.862030
vn -0.703341 0.286919 0.650376
vn -0.452396 0.242187 -0.858303
vn -0.582946 0.299311 -0.755372
vn -0.719676 0.357699 -0.595078
vn -0.850751 0.395954 -0.345605
vn -0.838031 0.347873 0.420344
vn -0.905475 0.415517 -0.086377
vn -0.898782 0.395744 0.188620
vn 0.166713 0.125547 -0.977980
vn -0.013332 0.054167 -0.998443
vn -0.309278 -0.063100 -0.948876
vn -0.591858 -0.180682 -0.785530
vn -0.743168 -0.248078 -0.621416
vn -0.885119 -0.318828 -0.338989
vn -0.924306 -0.349024 -0.154408
vn -0.930806 -0.365426 0.008043
vn -0.916422 -0.370997 0.150105
vn -0.887330 -0.365618 0.281015
vn -0.805310 -0.343052 0.483520
vn -0.612765 -0.263174 0.745157
vn -0.278936 -0.127978 0.951744
vn 0.127536 0.050871 0.990529
vn 0.471524 0.185932 0.862029
vn 0.703341 0.286919 0.650376
vn 0.452395 0.242187 -0.858303
vn 0.719675 0.357699 -0.595079
vn 0.582945 0.299311 -0.755373
vn 0.838031 0.347873 0.420344
vn 0.898782 0.395744 0.188619
vn 0.905475 0.415517 -0.086377
vn 0.850751 0.395954 -0.345605
vn -0.101501 0.136435 -0.985435
vn -0.266384 0.195445 -0.943844
vn 0.173602 0.025945 -0.984474
vn 0.731296 -0.224000 -0.644228
vn 0.529223 -0.133334 -0.837941
vn 0.903877 -0.309509 -0.295316
vn 0.930466 -0.366284 0.008347
vn 0.896156 -0.394863 0.202457
vn 0.862631 -0.401111 0.308186
vn 0.816336 -0.394118 0.422217
vn 0.755354 -0.351962 0.552778
vn 0.603479 -0.286129 0.744274
vn 0.332669 -0.127008 0.934452
vn -0.060965 0.077796 0.995104
vn -0.450834 0.270863 0.850519
vn -0.686449 0.369173 0.626498
vn -0.492772 0.289424 -0.820616
vn -0.612367 0.341663 -0.712933
vn -0.752150 0.405423 -0.519521
vn -0.869668 0.457008 -0.186604
vn -0.796765 0.396087 0.456377
vn -0.886829 0.451511 0.098342
vn -0.848448 0.422620 0.318636
vn 0.266384 0.195445 -0.943844
vn 0.101502 0.136435 -0.985435
vn -0.173601 0.025945 -0.984474
vn -0.529224 -0.133335 -0.837940
vn -0.731296 -0.224000 -0.644228
vn -0.903876 -0.309509 -0.295317
vn -0.930466 -0.366284 0.008347
vn -0.896155 -0.394863 0.202457
vn -0.862630 -0.401111 0.308186
vn -0.816336 -0.394118 0.422217
vn -0.755354 -0.351962 0.552778
vn -0.603479 -0.286129 0.744273
vn -0.332670 -0.127009 0.934452
vn 0.060965 0.077795 0.995104
vn 0.450833 0.270863 0.850519
vn 0.686448 0.369173 0.626498
vn 0.492771 0.289424 -0.820616
vn 0.752150 0.405423 -0.519521
vn 0.612366 0.341663 -0.712933
vn 0.796765 0.396087 0.456377
vn 0.848448 0.422620 0.318636
vn 0.886829 0.451511 0.098342
vn 0.869668 0.457008 -0.186604
vn -0.388778 0.325766 -0.861817
vn -0.437881 0.306147 -0.845301
vn -0.018176 0.167875 -0.985641
vn 0.577002 -0.122412 -0.807517
vn 0.391216 -0.043121 -0.919288
vn 0.829351 -0.203584 -0.520317
vn 0.961062 -0.273851 -0.036962
vn 0.909449 -0.298858 0.289114
vn 0.854618 -0.312838 0.414441
vn 0.815329 -0.320015 0.482525
vn 0.748206 -0.320621 0.580853
vn 0.627503 -0.273470 0.729009
vn 0.395050 -0.149904 0.906347
vn 0.043267 0.045745 0.998016
vn -0.392560 0.279831 0.876123
vn -0.704289 0.406579 0.581954
vn -0.583525 0.329284 -0.742341
vn -0.680782 0.384260 -0.623602
vn -0.810448 0.460154 -0.362537
vn -0.875521 0.483056 0.010955
vn -0.803293 0.428083 0.414084
vn -0.846290 0.460361 0.268069
vn -0.821617 0.429583 0.374704
vn 0.437881 0.306147 -0.845301
vn 0.388778 0.325766 -0.861817
vn 0.018176 0.167875 -0.985641
vn -0.391216 -0.043121 -0.919288
vn -0.577002 -0.122412 -0.807518
vn -0.829351 -0.203584 -0.520318
vn -0.961062 -0.273851 -0.036963
vn -0.909449 -0.298858 0.289114
vn -0.854617 -0.312838 0.414442
vn -0.815329 -0.320015 0.482524
vn -0.748206 -0.320621 0.580853
vn -0.627504 -0.273471 0.729008
vn -0.395051 -0.149904 0.906346
vn -0.043267 0.045745 0.998016
vn 0.392560 0.279831 0.876123
vn 0.704290 0.406579 0.581953
vn 0.583525 0.329284 -0.742342
vn 0.810448 0.460154 -0.362536
vn 0.680782 0.384260 -0.623602
vn 0.803294 0.428083 0.414083
vn 0.821618 0.429583 0.374704
vn 0.846290 0.460361 0.268069
vn 0.875521 0.483056 0.010955
vn -0.602971 0.435001 -0.668730
vn -0.525371 0.490349 -0.695373
vn -0.536885 0.542987 -0.645693
vn -0.637340 0.579240 -0.508211
vn -0.187118 0.297851 -0.936094
vn -0.259981 0.329432 -0.907681
vn 0.251194 0.088502 -0.963882
vn 0.441478 0.017169 -0.897108
vn 0.302929 0.177113 -0.936411
vn 0.053991 0.202253 -0.977844
vn 0.627727 0.017683 -0.778233
vn 0.487274 0.209236 -0.847812
vn 0.954372 -0.098726 -0.281827
vn 0.892408 0.067955 -0.446082
vn 0.962104 -0.162923 0.218661
vn 0.991029 -0.065827 0.116310
vn 0.879565 -0.187229 0.437391
vn 0.893550 -0.094513 0.438903
vn 0.849897 -0.207820 0.484237
vn 0.845581 -0.135990 0.516236
vn 0.802317 -0.210262 0.558639
vn 0.800726 -0.170975 0.574112
vn 0.673561 -0.162497 0.721048
vn 0.646819 -0.142797 0.749156
vn 0.433811 -0.068308 0.898411
vn 0.373500 -0.043190 0.926624
vn 0.157530 0.043484 0.986556
vn 0.167058 0.032062 0.985426
vn -0.254977 0.233632 0.938298
vn -0.130973 0.177253 0.975411
vn -0.668620 0.405676 0.623197
vn -0.559929 0.390933 0.730515
vn -0.812229 0.449850 0.371373
vn -0.767197 0.498540 0.403568
vn -0.787331 0.483923 0.382007
vn -0.814649 0.534948 0.224007
vn -0.718942 0.590474 0.366692
vn -0.716485 0.523159 0.461470
vn -0.802241 0.461894 0.378237
vn -0.775073 0.517208 0.362986
vn 0.602971 0.435001 -0.668730
vn 0.525372 0.490349 -0.695372
vn 0.187118 0.297850 -0.936094
vn -0.251193 0.088502 -0.963882
vn -0.441477 0.017169 -0.897108
vn -0.627727 0.017683 -0.778233
vn -0.954372 -0.098726 -0.281828
vn -0.962104 -0.162923 0.218660
vn -0.879565 -0.187229 0.437391
vn -0.849897 -0.207820 0.484237
vn -0.802318 -0.210262 0.558638
vn -0.673562 -0.162497 0.721047
vn -0.433811 -0.068309 0.898411
vn -0.157530 0.043484 0.986556
vn 0.254977 0.233633 0.938298
vn 0.668620 0.405676 0.623197
vn 0.812230 0.449850 0.371372
vn 0.802241 0.461895 0.378236
vn 0.787331 0.483923 0.382007
vn 0.814649 0.534948 0.224006
vn 0.815292 0.549138 -0.183706
vn 0.687494 0.448729 -0.570959
vn -0.815292 0.549138 -0.183704
vn -0.756992 0.649572 -0.070844
vn 0.573175 0.364196 -0.734052
vn -0.573175 0.364196 -0.734051
vn -0.415350 0.373083 -0.829635
vn -0.596835 0.557077 -0.577454
vn -0.687494 0.448729 -0.570959
vn 0.587832 0.466660 -0.660819
vn 0.725531 0.594741 -0.346248
vn 0.915391 0.402565 -0.000665
vn 0.671004 0.246494 -0.699282
vn 0.438979 0.101056 -0.892796
vn 0.280457 0.249003 -0.927007
vn -0.166347 0.256504 -0.952121
vn 0.114187 0.285147 -0.951658
vn 0.281063 0.318334 -0.905355
vn -0.083204 0.332085 -0.939573
vn -0.465099 0.193401 -0.863875
vn -0.401631 0.161850 -0.901386
vn -0.900014 -0.049693 -0.433019
vn -0.658373 -0.673840 -0.335388
vn -0.986971 -0.130725 0.093802
vn -0.478031 -0.812399 0.333907
vn -0.891469 -0.092014 0.443641
vn -0.420089 -0.688910 0.590702
vn -0.814522 -0.126762 0.566114
vn -0.327555 -0.653826 0.682070
vn -0.766937 -0.163033 0.620668
vn -0.369207 -0.542580 0.754516
vn -0.568638 -0.176458 0.803439
vn -0.130172 -0.562993 0.816146
vn -0.294129 -0.104018 0.950089
vn 0.019522 -0.502383 0.864425
vn -0.112744 -0.059446 0.991844
vn 0.115074 -0.474300 0.872810
vn 0.122687 0.003024 0.992441
vn 0.246571 -0.477242 0.843471
vn 0.504204 0.194591 0.841375
vn 0.485783 -0.366310 0.793619
vn 0.750353 0.394936 0.530091
vn 0.717552 -0.205446 0.665515
vn 0.768642 0.500658 0.398158
vn 0.791894 -0.062601 0.607441
vn 0.662797 0.565656 0.490646
vn 0.650620 0.127418 0.748638
vn 0.661345 0.640508 0.390348
vn 0.735067 0.334021 0.590005
vn 0.676931 0.512381 -0.528422
vn 0.726067 0.687349 -0.019471
vn 0.874714 0.430675 0.222248
vn 0.936599 0.202264 -0.286134
vn 0.458920 0.266325 -0.847622
vn 0.839318 -0.039770 -0.542184
vn 0.756992 0.649572 -0.070844
vn 0.596836 0.557077 -0.577453
vn 0.716484 0.523159 0.461470
vn 0.718942 0.590474 0.366691
vn 0.775072 0.517208 0.362986
vn 0.767196 0.498540 0.403569
vn 0.559928 0.390932 0.730515
vn 0.130973 0.177253 0.975412
vn -0.167058 0.032062 0.985426
vn -0.373499 -0.043189 0.926625
vn -0.646819 -0.142796 0.749156
vn -0.800726 -0.170975 0.574112
vn -0.845581 -0.135990 0.516236
vn -0.893550 -0.094513 0.438903
vn -0.991029 -0.065827 0.116310
vn -0.892408 0.067955 -0.446082
vn -0.487274 0.209236 -0.847811
vn -0.302929 0.177113 -0.936411
vn -0.053991 0.202253 -0.977844
vn 0.259981 0.329432 -0.907681
vn 0.536886 0.542987 -0.645693
vn 0.637340 0.579241 -0.508210
vn 0.415350 0.373083 -0.829635
vn -0.726067 0.687348 -0.019473
vn -0.661346 0.640508 0.390348
vn -0.662797 0.565656 0.490646
vn -0.768643 0.500659 0.398158
vn -0.750354 0.394936 0.530089
vn -0.504204 0.194591 0.841376
vn -0.122688 0.003025 0.992441
vn 0.112744 -0.059446 0.991844
vn 0.294129 -0.104018 0.950089
vn 0.568638 -0.176459 0.803438
vn 0.766937 -0.163033 0.620667
vn 0.814523 -0.126762 0.566113
vn 0.891469 -0.092014 0.443641
vn 0.986971 -0.130725 0.093802
vn 0.900014 -0.049693 -0.433019
vn 0.465099 0.193401 -0.863874
vn 0.166347 0.256504 -0.952121
vn -0.114187 0.285148 -0.951658
vn -0.280457 0.249003 -0.927007
vn -0.587831 0.466660 -0.660820
vn -0.725531 0.594741 -0.346250
vn -0.458920 0.266324 -0.847622
vn -0.676931 0.512381 -0.528423
vn -0.735067 0.334021 0.590006
vn -0.874714 0.430675 0.222249
vn -0.650618 0.127419 0.748639
vn -0.791895 -0.062603 0.607441
vn -0.717553 -0.205449 0.665513
vn -0.485783 -0.366311 0.793619
vn -0.246571 -0.477242 0.843471
vn -0.115075 -0.474301 0.872809
vn -0.019523 -0.502384 0.864424
vn 0.130171 -0.562993 0.816146
vn 0.369207 -0.542580 0.754515
vn 0.327556 -0.653824 0.682071
vn 0.420090 -0.688908 0.590703
vn 0.478031 -0.812399 0.333908
vn 0.658374 -0.673839 -0.335387
vn 0.401632 0.161849 -0.901386
vn 0.083204 0.332085 -0.939573
vn -0.281063 0.318335 -0.905354
vn -0.438979 0.101056 -0.892797
vn -0.671003 0.246494 -0.699283
vn -0.915391 0.402565 -0.000666
vn -0.936599 0.202263 -0.286133
vn -0.839318 -0.039770 -0.542184
vn -0.243238 0.320710 -0.915413
vn -0.570920 0.187324 -0.799350
vn -0.552721 0.147942 -0.820130
vn -0.186668 0.374891 -0.908081
vn 0.552721 0.147942 -0.820130
vn 0.186668 0.374891 -0.908082
vn 0.270266 0.436242 -0.858283
vn 0.264006 0.477274 -0.838159
vn -0.264007 0.477274 -0.838159
vn -0.204634 0.267789 -0.941496
vn -0.581327 0.077467 -0.809974
vn 0.243238 0.320709 -0.915413
vn 0.570920 0.187323 -0.799350
vn 0.581326 0.077467 -0.809974
vn 0.204634 0.267789 -0.941496
vn 0.262292 0.418711 -0.869416
vn -0.262292 0.418711 -0.869416
vn -0.270266 0.436241 -0.858283
vn -0.752611 -0.075674 -0.654102
vn -0.631939 -0.106839 -0.767618
vn -0.356008 0.205108 -0.911696
vn -0.386855 0.329344 -0.861322
vn 0.631938 -0.106841 -0.767619
vn 0.356007 0.205108 -0.911696
vn 0.175437 0.471937 -0.864001
vn 0.245601 0.445099 -0.861143
vn -0.245602 0.445100 -0.861142
vn -0.826224 0.060797 -0.560051
vn -0.343460 0.453201 -0.822584
vn 0.752612 -0.075676 -0.654101
vn 0.826224 0.060800 -0.560051
vn 0.343459 0.453203 -0.822583
vn 0.386854 0.329347 -0.861322
vn 0.157180 0.465932 -0.870748
vn -0.157179 0.465933 -0.870748
vn -0.175437 0.471939 -0.864000
vn 0.098600 -0.557243 0.824474
vn 0.129632 -0.499968 0.856287
vn -0.098600 -0.557244 0.824474
vn -0.111356 -0.632699 0.766350
vn 0.111356 -0.632698 0.766351
vn -0.129632 -0.499970 0.856286
vn -0.054807 -0.630755 0.774044
vn -0.076892 -0.397330 0.914449
vn 0.076892 -0.397329 0.914449
vn 0.054807 -0.630756 0.774043
vn 0.157666 -0.362997 0.918354
vn -0.157666 -0.362998 0.918354
vn 0.223132 -0.368792 0.902333
vn -0.223132 -0.368792 0.902333
vn 0.204824 -0.472287 0.857317
vn -0.204824 -0.472287 0.857317
vn 0.243228 -0.480487 0.842599
vn -0.243228 -0.480488 0.842598
vn -0.466999 -0.533440 0.705233
vn 0.467000 -0.533438 0.705234
vn 0.524040 -0.643503 0.557930
vn -0.524039 -0.643504 0.557930
vn -0.908540 0.087174 -0.408602
vn -0.318503 0.395560 -0.861445
vn 0.908541 0.087174 -0.408600
vn 0.318503 0.395558 -0.861446
vn 0.047250 0.474878 -0.878783
vn -0.047250 0.474876 -0.878783
vn 0.541513 -0.771942 0.332971
vn -0.541513 -0.771941 0.332974
vn 0.257768 -0.896190 0.361109
vn -0.257770 -0.896189 0.361109
vn 0.116142 -0.782515 0.611704
vn -0.116143 -0.782516 0.611702
vn 0.200064 -0.636685 0.744719
vn -0.200064 -0.636685 0.744719
vn 0.332143 -0.611280 0.718344
vn -0.332143 -0.611280 0.718343
vn 0.288315 -0.440928 0.849975
vn 0.291914 -0.313650 0.903554
vn -0.291913 -0.313650 0.903554
vn -0.288315 -0.440928 0.849975
vn 0.310297 -0.469382 0.826678
vn -0.310297 -0.469383 0.826678
vn 0.266721 -0.365012 0.891979
vn -0.266721 -0.365012 0.891979
vn 0.212297 -0.372940 0.903242
vn -0.212296 -0.372940 0.903242
vn 0.172228 -0.402217 0.899199
vn -0.172228 -0.402217 0.899199
vn 0.107258 -0.428025 0.897380
vn -0.107258 -0.428025 0.897380
vn 0.022886 -0.492420 0.870057
vn -0.022886 -0.492420 0.870057
vn -0.676856 -0.729387 0.099300
vn -0.726163 -0.663957 0.178461
vn 0.726163 -0.663957 0.178459
vn 0.676857 -0.729386 0.099301
vn -0.115690 -0.987005 0.111525
vn -0.149364 -0.966460 0.208915
vn 0.149364 -0.966460 0.208915
vn 0.115690 -0.987005 0.111523
vn -0.568614 -0.822351 -0.020392
vn -0.404218 -0.911671 -0.073915
vn -0.242975 -0.966056 -0.087742
vn -0.159592 -0.987171 0.004982
vn 0.038152 -0.998352 0.042867
vn 0.568614 -0.822352 -0.020391
vn 0.404218 -0.911672 -0.073912
vn 0.242975 -0.966056 -0.087740
vn 0.159591 -0.987171 0.004984
vn -0.038153 -0.998352 0.042870
vn -0.149270 -0.921369 0.358884
vn 0.149269 -0.921368 0.358886
vn -0.179542 -0.842230 0.508343
vn 0.154047 -0.618049 0.770899
vn 0.179541 -0.842230 0.508344
vn 0.082408 -0.509256 0.856660
vn 0.054324 -0.718589 0.693310
vn -0.082408 -0.509256 0.856661
vn -0.154048 -0.618048 0.770899
vn -0.054326 -0.718590 0.693309
vn 0.464771 -0.606771 0.644838
vn -0.464772 -0.606770 0.644839
vn 0.195559 -0.683478 0.703288
vn -0.195559 -0.683478 0.703289
vn -0.714642 -0.627510 0.309060
vn -0.588468 -0.691248 0.419383
vn 0.588469 -0.691248 0.419381
vn 0.714643 -0.627510 0.309059
vn -0.720374 -0.681653 0.128105
vn -0.723775 -0.671856 0.157351
vn 0.720374 -0.681653 0.128103
vn 0.723776 -0.671856 0.157348
vn -0.038343 -0.421752 0.905900
vn -0.052778 -0.528803 0.847102
vn -0.054255 -0.490659 0.869661
vn -0.095935 -0.417191 0.903741
vn 0.052778 -0.528804 0.847102
vn 0.054255 -0.490658 0.869661
vn 0.037699 -0.432389 0.900899
vn -0.002421 -0.504596 0.863352
vn 0.002421 -0.504596 0.863352
vn 0.133451 -0.465940 0.874695
vn 0.121444 -0.516652 0.847539
vn -0.121444 -0.516652 0.847539
vn 0.525818 -0.494842 0.691843
vn 0.677166 -0.473593 0.563166
vn -0.677166 -0.473594 0.563166
vn -0.282073 -0.579020 0.764965
vn -0.216624 -0.645814 0.732119
vn 0.216623 -0.645815 0.732118
vn -0.472790 -0.683239 0.556466
vn -0.406914 -0.626298 0.664960
vn 0.472790 -0.683240 0.556465
vn -0.443090 -0.349946 0.825354
vn -0.378976 -0.488710 0.785837
vn 0.443089 -0.349945 0.825355
vn -0.446399 -0.445096 0.776284
vn -0.342258 -0.603221 0.720406
vn 0.446399 -0.445096 0.776284
vn -0.439085 -0.859645 0.261179
vn -0.377968 -0.904612 0.197022
vn 0.439085 -0.859645 0.261179
vn -0.354951 -0.932114 0.071930
vn -0.368180 -0.920278 0.132406
vn 0.354951 -0.932114 0.071928
vn -0.737819 -0.669458 0.086303
vn -0.770633 -0.636421 0.033060
vn 0.737588 -0.670109 0.083174
vn 0.772187 -0.634733 0.029010
vn 0.653590 -0.735732 0.177536
vn 0.642717 -0.701100 0.308825
vn -0.872320 -0.443412 0.206017
vn 0.872321 -0.443412 0.206017
vn 0.680135 -0.541480 0.494181
vn -0.866868 -0.497304 -0.035047
vn -0.819256 -0.563004 -0.108837
vn 0.867604 -0.496065 -0.034407
vn 0.760519 -0.636824 0.126749
vn 0.821357 -0.559928 -0.108872
vn 0.689123 -0.724007 -0.030384
vn -0.408498 -0.912009 -0.036986
vn -0.321398 -0.939207 0.120808
vn 0.408499 -0.912009 -0.036987
vn -0.654074 -0.755434 -0.038816
vn 0.652640 -0.756588 -0.040442
vn 0.631974 -0.748406 0.201238
vn -0.423731 -0.892719 -0.153315
vn -0.287446 -0.954058 0.084550
vn 0.423732 -0.892718 -0.153315
vn -0.516295 -0.841467 -0.159285
vn -0.293168 -0.923389 -0.247801
vn -0.005661 -0.952271 -0.305200
vn 0.343685 -0.906905 -0.243730
vn 0.514414 -0.842489 -0.159969
vn 0.571886 -0.818848 0.049334
vn 0.291944 -0.923700 -0.248085
vn 0.335192 -0.940461 -0.056388
vn 0.004476 -0.952130 -0.305661
vn 0.062972 -0.983915 -0.167172
vn -0.343684 -0.906905 -0.243730
vn -0.162574 -0.986204 0.031151
vn -0.143016 -0.487551 0.861302
vn 0.143017 -0.487551 0.861301
vn 0.282074 -0.579020 0.764964
vn 0.095935 -0.417191 0.903741
vn 0.038343 -0.421752 0.905900
vn 0.051358 -0.448652 0.892230
vn -0.051358 -0.448652 0.892230
vn -0.037699 -0.432390 0.900898
vn 0.268897 -0.513034 0.815163
vn -0.525818 -0.494842 0.691843
vn -0.680135 -0.541480 0.494182
vn -0.268898 -0.513034 0.815163
vn -0.133451 -0.465941 0.874695
vn -0.284206 -0.799244 0.529561
vn 0.368180 -0.920278 0.132406
vn 0.377968 -0.904612 0.197021
vn 0.342258 -0.603221 0.720406
vn 0.284206 -0.799244 0.529562
vn -0.287447 -0.661660 0.692517
vn 0.378976 -0.488710 0.785837
vn 0.287447 -0.661660 0.692518
vn -0.244260 -0.576073 0.780049
vn 0.406914 -0.626299 0.664959
vn 0.244260 -0.576073 0.780049
vn 0.052815 -0.664768 0.745181
vn -0.053246 -0.665774 0.744251
vn 0.378542 -0.746343 0.547429
vn -0.378917 -0.747728 0.545275
vn -0.759199 -0.638863 0.124380
vn 0.078396 -0.872920 0.481523
vn 0.381856 -0.889700 0.250239
vn -0.381533 -0.890674 0.247252
vn -0.079698 -0.872898 0.481350
vn -0.685031 -0.727886 -0.030243
vn -0.058971 -0.902237 0.427190
vn 0.058583 -0.901900 0.427954
vn 0.320001 -0.939606 0.121407
vn 0.133819 -0.926011 0.352982
vn -0.136093 -0.924850 0.355149
vn 0.285458 -0.954522 0.086036
vn 0.149580 -0.955162 0.255522
vn 0.162814 -0.986121 0.032506
vn -0.148001 -0.955882 0.253744
vn -0.335801 -0.940258 -0.056146
vn -0.063519 -0.983710 -0.168169
vn -0.574336 -0.817177 0.048589
vn -0.634371 -0.746402 0.201140
vn -0.643700 -0.699130 0.311237
vn -0.650737 -0.736821 0.183401
vn -0.844826 0.242184 0.477091
vn -0.939005 0.329324 0.099075
vn -0.917943 0.392077 0.060460
vn -0.842185 0.266248 0.468867
vn -0.636312 0.103427 0.764467
vn -0.647635 0.085081 0.757186
vn -0.240830 -0.144239 0.959790
vn -0.256640 -0.189836 0.947680
vn 0.180869 -0.416650 0.890892
vn 0.199278 -0.304713 0.931364
vn 0.721870 -0.274657 0.635191
vn 0.714951 -0.493582 0.495199
vn 0.854749 0.052982 -0.516330
vn 0.978422 -0.205821 -0.018100
vn 0.990811 -0.001563 0.135242
vn 0.897598 0.149160 -0.414812
vn 0.334603 0.019872 -0.942150
vn 0.520292 0.096600 -0.848508
vn 0.422296 0.174966 -0.889412
vn 0.261667 0.006345 -0.965137
vn -0.229994 0.246970 -0.941333
vn 0.266034 0.020891 -0.963737
vn 0.244656 0.006522 -0.969588
vn -0.112965 0.229258 -0.966788
vn -0.889265 0.456997 0.019037
vn -0.987036 0.156364 0.036198
vn -0.801618 -0.252819 0.541748
vn -0.825994 0.131349 0.548162
vn -0.985725 0.029347 0.165789
vn -0.768764 -0.428102 0.475111
vn -0.872397 -0.177326 0.455499
vn -0.821409 0.267431 0.503755
vn -0.802966 -0.558385 0.208451
vn -0.797802 0.589729 -0.125426
vn -0.699995 0.542201 -0.464785
vn -0.703989 0.542133 -0.458793
vn -0.960125 0.067235 0.271367
vn -0.778103 0.164912 0.606102
vn -0.967153 0.133650 -0.216224
vn -0.723913 0.052243 0.687910
vn -0.875168 0.200290 0.440415
vn -0.969990 0.100790 0.221269
vn -0.750543 -0.228554 0.620039
vn -0.644851 -0.338512 0.685257
vn -0.970379 0.176118 0.165370
vn -0.680165 0.109036 0.724905
vn -0.463793 -0.677072 0.571375
vn -0.711356 -0.239348 0.660821
vn -0.864442 -0.071799 0.497580
vn -0.591520 0.064806 0.803682
vn -0.995541 -0.092722 -0.017347
vn -0.228194 0.084030 -0.969983
vn 0.227176 -0.730653 -0.643846
vn -0.335727 -0.182036 -0.924203
vn 0.366844 -0.895624 -0.251563
vn -0.378380 -0.362178 0.851854
vn -0.373238 -0.087002 0.923647
vn -0.649750 0.048089 0.758626
vn -0.825427 -0.097717 0.555987
vn -0.368785 -0.041365 0.928594
vn -0.366360 -0.320001 0.873716
vn -0.572631 -0.196431 0.795932
vn -0.150024 -0.084880 0.985032
vn -0.894711 -0.053256 0.443460
vn -0.302828 -0.463179 0.832923
vn -0.199429 -0.705985 0.679569
vn -0.644978 -0.192019 -0.739684
vn -0.887467 -0.251916 0.385928
vn 0.378855 -0.851919 -0.361529
vn 0.142429 -0.434688 0.889247
vn 0.241921 -0.208107 0.947716
vn -0.187624 -0.031357 0.981740
vn -0.501102 -0.219901 0.836983
vn 0.464423 -0.340427 0.817570
vn 0.640752 -0.515557 0.568892
vn -0.642819 -0.231870 0.730082
vn 0.038748 -0.498561 0.865988
vn 0.620219 -0.576206 0.532274
vn -0.626513 -0.163759 0.762013
vn 0.083602 -0.493757 0.865572
vn -0.966563 0.240533 0.088882
vn 0.687880 -0.562096 0.459205
vn -0.584515 -0.157693 0.795911
vn 0.139924 -0.494249 0.857986
vn -0.935585 0.349807 0.048127
vn 0.758456 -0.540923 0.363521
vn -0.608238 -0.271438 0.745900
vn 0.108262 -0.573968 0.811690
vn -0.962975 0.144744 0.227440
vn 0.673949 -0.585551 0.450470
vn -0.648047 -0.430980 0.627926
vn 0.011623 -0.691139 0.722628
vn -0.983736 0.178447 0.020497
vn 0.769178 -0.565678 0.297276
vn 0.910666 -0.192987 -0.365299
vn 0.899619 -0.331217 -0.284571
vn 0.873021 -0.459795 -0.162548
vn 0.864186 -0.502793 -0.019540
vn 0.816086 -0.555036 0.161055
vn -0.625885 0.536676 -0.565904
vn -0.700591 0.409151 -0.584609
vn 0.677797 0.143961 -0.721017
vn 0.651687 0.005251 -0.758470
vn 0.055784 0.330362 -0.942204
vn 0.047758 0.481710 -0.875029
vn 0.052157 0.045701 -0.997593
vn 0.612271 -0.174647 -0.771118
vn -0.699483 -0.384305 0.602522
vn 0.020755 -0.700601 0.713251
vn -0.969387 0.245142 -0.013939
vn 0.776428 -0.554990 0.298574
vn 0.937150 -0.078119 -0.340069
vn -0.610355 0.583233 -0.536009
vn -0.721523 -0.305465 0.621367
vn -0.038822 -0.643512 0.764451
vn -0.950139 0.310947 -0.023420
vn 0.790849 -0.526765 0.311569
vn 0.916568 0.041245 -0.397747
vn -0.470456 0.639781 -0.607743
vn -0.767754 -0.314206 0.558416
vn -0.097188 -0.659765 0.745161
vn -0.978833 0.178201 0.100653
vn 0.611304 -0.619575 0.492376
vn -0.866751 -0.302971 0.396170
vn -0.176349 -0.722017 0.669024
vn -0.902644 0.347233 -0.254289
vn 0.765760 -0.578033 0.281941
vn 0.670483 0.278749 -0.687569
vn 0.650250 0.347249 -0.675716
vn 0.096556 0.573038 -0.813821
vn 0.134257 0.604231 -0.785417
vn -0.864940 -0.272653 0.421353
vn -0.103274 -0.722839 0.683255
vn -0.921813 0.297048 -0.249046
vn 0.782971 -0.590553 0.195460
vn 0.918384 -0.076147 -0.388294
vn -0.402036 0.571411 -0.715442
vn -0.822882 -0.360358 0.439326
vn -0.259065 -0.728229 0.634483
vn -0.965911 0.143889 -0.215204
vn 0.652499 -0.720268 0.235498
vn 0.869494 -0.309402 -0.385033
vn -0.530472 0.416741 -0.738192
vn -0.423227 -0.659997 -0.620711
vn 0.046028 -0.890860 -0.451939
vn 0.189570 0.543976 -0.817406
vn 0.649077 0.319452 -0.690398
vn 0.622033 0.147025 -0.769063
vn 0.202367 0.369104 -0.907089
vn -0.127763 -0.302720 -0.944477
vn 0.358558 -0.534602 -0.765269
vn -0.858523 0.405217 -0.314226
vn -0.872382 0.095075 0.479490
vn -0.149371 -0.403953 0.902502
vn 0.487669 -0.630203 0.604172
vn -0.836872 0.469223 -0.281915
vn -0.861073 0.088480 0.500723
vn -0.166112 -0.389019 0.906130
vn 0.566174 -0.539197 0.623469
vn -0.937295 0.313584 -0.152130
vn -0.903094 -0.166170 0.395991
vn -0.238504 -0.611161 0.754717
vn 0.342122 -0.642522 0.685652
vn -0.932830 0.267204 -0.241722
vn -0.893712 -0.360054 0.267657
vn -0.321933 -0.753147 0.573697
vn 0.434969 -0.729757 0.527500
vn 0.943038 -0.331211 0.031298
vn -0.384981 0.601147 -0.700294
vn -0.409117 0.438582 -0.800168
vn 0.898016 -0.437083 -0.050254
vn 0.891838 0.102570 -0.440572
vn 0.791412 -0.093544 -0.604083
vn 0.378015 0.487705 -0.786923
vn 0.344408 0.245560 -0.906137
vn 0.553644 -0.356339 -0.752663
vn 0.285070 -0.104248 -0.952821
vn -0.932509 0.294907 -0.208462
vn -0.886347 -0.364684 0.285297
vn -0.359220 -0.736718 0.572894
vn 0.464184 -0.721235 0.514154
vn 0.951781 -0.287175 0.107905
vn -0.414086 0.705935 -0.574620
vn 0.906467 0.255192 -0.336444
vn 0.409397 0.665356 -0.624256
vn -0.885009 -0.329575 0.328846
vn -0.388526 -0.698840 0.600559
vn -0.937864 0.316123 -0.143099
vn 0.512188 -0.690612 0.510605
vn -0.892956 -0.357375 0.273701
vn -0.449114 -0.723825 0.523807
vn -0.990747 0.130633 -0.036818
vn 0.347889 -0.762308 0.545765
vn -0.870986 -0.429213 0.239078
vn -0.414693 -0.782475 0.464502
vn -0.957816 0.207567 -0.198756
vn 0.528644 -0.735362 0.424002
vn -0.237082 0.769049 -0.593596
vn 0.983724 -0.176867 0.031699
vn 0.891949 0.296381 -0.341447
vn 0.413220 0.686645 -0.598138
vn -0.862168 -0.420560 0.282482
vn -0.408271 -0.760940 0.504267
vn -0.953821 0.178837 -0.241336
vn 0.563758 -0.722078 0.400973
vn -0.300163 0.664810 -0.684054
vn 0.981306 -0.175320 -0.079378
vn 0.859775 0.286930 -0.422443
vn 0.443775 0.615522 -0.651303
vn -0.814815 -0.485130 0.317372
vn -0.359685 -0.786366 0.502250
vn -0.937937 0.134026 -0.319861
vn 0.495736 -0.775790 0.390380
vn -0.284274 0.512965 -0.809973
vn 0.953362 -0.252788 -0.164921
vn 0.785858 0.205775 -0.583167
vn 0.473124 0.444012 -0.760925
vn -0.566063 -0.520283 -0.639436
vn -0.226279 -0.889576 -0.396802
vn 0.010904 -0.100689 -0.994858
vn 0.404515 -0.356954 -0.841992
vn -0.940746 0.240889 0.238682
vn -0.521265 -0.301766 0.798261
vn -0.759204 0.528361 -0.380056
vn 0.161053 -0.615386 0.771597
vn -0.141604 0.522520 -0.840786
vn 0.693897 -0.628632 0.351181
vn 0.440006 -0.030777 -0.897468
vn 0.571036 0.234383 -0.786755
vn 0.923041 -0.262634 -0.281101
vn 0.717592 -0.397234 -0.572072
vn -0.961185 0.021604 0.275057
vn -0.597628 -0.482698 0.640191
vn -0.036718 -0.784336 0.619249
vn -0.733182 0.549693 -0.400353
vn 0.665234 -0.714036 0.218213
vn 0.942612 -0.214234 -0.256101
vn 0.759138 -0.204217 -0.618066
vn 0.666753 0.337582 -0.664439
vn 0.518057 0.262201 -0.814167
vn -0.382080 0.575884 -0.722754
vn -0.084573 0.595291 -0.799047
vn 0.011437 0.645276 -0.763864
vn 0.353817 0.257162 -0.899267
vn -0.325782 0.451456 -0.830695
vn -0.922795 0.245904 0.296617
vn -0.495239 -0.282194 0.821648
vn -0.734229 0.588825 -0.337926
vn 0.191536 -0.573813 0.796275
vn -0.071993 0.683698 -0.726205
vn 0.724924 -0.589558 0.356239
vn 0.601399 0.516822 -0.609274
vn 0.986369 -0.101563 -0.129464
vn -0.974958 0.117985 0.188512
vn -0.597489 -0.398433 0.695886
vn -0.870690 0.424857 -0.247783
vn -0.015419 -0.648072 0.761423
vn -0.963714 -0.253600 0.083314
vn -0.608956 -0.670108 0.424415
vn -0.849925 0.360268 -0.384492
vn 0.128252 -0.847287 0.515418
vn -0.969535 -0.241722 0.039650
vn -0.557281 -0.741431 0.373788
vn -0.810055 0.441937 -0.385360
vn 0.225293 -0.848996 0.477963
vn -0.063239 0.818120 -0.571559
vn 0.767521 -0.561122 0.309926
vn 0.645426 0.635652 -0.423523
vn 0.994602 0.072493 -0.074238
vn -0.984120 -0.170488 0.049411
vn -0.534241 -0.747974 0.393855
vn -0.741042 0.560023 -0.370447
vn 0.306796 -0.835217 0.456387
vn 0.079523 0.861606 -0.501310
vn 0.880868 -0.423202 0.212068
vn 0.635412 0.674090 -0.376636
vn 0.990281 0.117549 -0.074330
vn -0.971385 -0.237307 -0.009827
vn -0.548697 -0.780833 0.298716
vn -0.867810 0.393761 -0.303081
vn 0.123013 -0.907440 0.401773
vn -0.958805 -0.273060 -0.078300
vn -0.542529 -0.812839 0.212024
vn -0.756943 0.508305 -0.410685
vn 0.263674 -0.896691 0.355559
vn 0.629163 0.607764 -0.484538
vn -0.058357 0.790213 -0.610048
vn 0.808068 -0.556724 0.192570
vn 0.986450 0.042656 -0.158418
vn -0.953195 -0.301928 -0.016119
vn -0.546745 -0.793731 0.266575
vn -0.731525 0.496416 -0.467379
vn 0.278913 -0.896194 0.345029
vn 0.586289 0.458807 -0.667654
vn -0.192130 0.624187 -0.757283
vn 0.710773 -0.688861 0.142380
vn 0.956511 -0.147044 -0.251924
vn -0.906053 -0.413326 0.090718
vn -0.552542 -0.780936 0.291267
vn -0.750274 0.411232 -0.517666
vn 0.280768 -0.911730 0.299865
vn -0.419721 -0.372567 -0.827664
vn -0.192096 -0.719950 -0.666911
vn 0.245726 0.036015 -0.968670
vn 0.499510 -0.229823 -0.835267
vn -0.973453 0.060157 0.220840
vn -0.574715 -0.474438 0.666792
vn 0.088784 -0.727420 0.680425
vn -0.713333 0.556163 -0.426427
vn 0.737418 -0.569518 0.363130
vn 0.989451 -0.143507 -0.019838
vn 0.724297 0.442492 -0.528768
vn 0.062259 0.692967 -0.718276
vn -0.992882 -0.097628 0.068222
vn -0.587774 -0.635019 0.501272
vn -0.048686 -0.812804 0.580500
vn -0.826251 0.385232 -0.410981
vn -0.973584 -0.204846 -0.100855
vn -0.654841 -0.690075 0.308187
vn 0.078997 -0.831226 0.550293
vn -0.755047 0.383797 -0.531605
vn 0.636721 -0.609461 0.472381
vn 0.991304 -0.069032 0.112033
vn 0.725167 0.561402 -0.398698
vn 0.033528 0.754058 -0.655951
vn 0.690637 -0.551116 0.468286
vn 0.990021 0.000371 0.140921
vn 0.701633 0.618201 -0.354315
vn 0.138450 0.792975 -0.593315
vn -0.956446 -0.262009 -0.128698
vn -0.639530 -0.711551 0.291027
vn 0.025901 -0.838969 0.543563
vn -0.770231 0.361281 -0.525567
vn -0.962423 -0.232939 -0.139577
vn -0.692764 -0.680045 0.240033
vn -0.013851 -0.850739 0.525405
vn -0.728501 0.424564 -0.537616
vn -0.969237 -0.208943 -0.130090
vn -0.720941 -0.658128 0.217054
vn -0.179555 -0.866215 0.466296
vn -0.848076 0.280576 -0.449494
vn -0.953270 -0.201359 -0.225237
vn -0.716687 -0.670731 0.190994
vn -0.015644 -0.850318 0.526036
vn -0.671475 0.431967 -0.602101
vn -0.922245 -0.285546 -0.260628
vn -0.668077 -0.730739 0.140332
vn 0.075030 -0.871771 0.484135
vn -0.644887 0.388862 -0.657957
vn 0.066509 0.745047 -0.663688
vn 0.700145 -0.563073 0.439028
vn 0.994652 0.070220 0.075739
vn 0.710018 0.604934 -0.360458
vn -0.855318 -0.417148 -0.307277
vn -0.671269 -0.741211 0.002313
vn 0.208193 -0.914962 0.345688
vn -0.588267 0.287408 -0.755869
vn 0.079542 0.598095 -0.797468
vn 0.751319 -0.584005 0.307339
vn 0.995439 0.045117 -0.084057
vn 0.789851 0.422748 -0.444320
vn -0.089930 -0.344822 -0.934350
vn 0.227391 -0.859861 -0.457092
vn 0.598845 0.094179 -0.795308
vn 0.876974 -0.344706 -0.334805
vn 0.370034 -0.317302 0.873152
vn -0.014801 -0.114693 0.993291
vn 0.376425 -0.317606 0.870305
vn 0.062381 -0.157125 0.985607
vn 0.410412 -0.303645 0.859862
vn 0.145677 -0.200128 0.968879
vn 0.367143 -0.540517 0.756999
vn 0.578595 -0.612762 0.538285
vn 0.448654 -0.204831 0.869916
vn 0.205790 -0.206722 0.956513
vn 0.692291 -0.143664 0.707174
vn 0.791951 -0.024860 0.610078
vn 0.615647 -0.252770 0.746382
vn 0.719836 -0.596541 0.354929
vn 0.346776 -0.926935 0.143312
vn -0.081161 -0.734763 0.673451
vn 0.580579 -0.309333 0.753154
vn 0.477856 -0.370506 0.796479
vn -0.414157 -0.544446 0.729419
vn -0.386374 -0.887942 -0.249548
vn -0.834752 -0.499589 0.231515
vn 0.672702 -0.412065 -0.614553
vn 0.658107 -0.634363 -0.405561
vn 0.360039 -0.152649 -0.920364
vn 0.329502 -0.305882 -0.893233
vn 0.930390 0.129912 0.342779
vn 0.949418 0.133926 0.284023
vn 0.918801 0.124765 0.374483
vn 0.936810 0.056615 0.345228
vn 0.943641 -0.076456 0.322018
vn -0.943868 -0.129621 0.303828
vn -0.495288 -0.358508 0.791304
vn -0.961199 0.011914 0.275599
vn -0.541523 -0.279759 0.792772
vn -0.256742 -0.446443 0.857189
vn -0.330741 -0.472458 0.816942
vn 0.354326 -0.362231 0.862115
vn 0.329783 -0.342234 0.879840
vn 0.345538 -0.475274 0.809147
vn 0.349881 -0.611000 0.710114
vn 0.970861 0.075794 -0.227341
vn 0.982864 0.129095 -0.131580
vn 0.609459 0.149989 -0.778501
vn 0.651110 0.079017 -0.754859
vn 0.961619 0.147092 0.231632
vn 0.824524 0.010841 0.565724
vn 0.551699 -0.125667 0.824522
vn 0.424537 -0.149490 0.892984
vn -0.315338 -0.012479 0.948897
vn -0.244774 -0.053685 0.968093
vn -0.185081 -0.100762 0.977544
vn -0.106011 -0.132118 0.985549
vn 0.063064 -0.153100 0.986196
vn 0.313888 -0.090852 -0.945103
vn 0.225678 -0.109717 -0.968004
vn 0.428437 -0.099573 -0.898069
vn 0.533715 -0.128107 -0.835905
vn 0.476556 -0.155777 -0.865233
vn 0.332880 -0.100966 -0.937548
vn 0.581659 -0.136709 -0.801863
vn 0.537844 -0.192491 -0.820775
vn 0.445952 -0.001394 -0.895056
vn 0.381884 -0.105974 -0.918114
vn 0.228817 -0.241896 -0.942936
vn 0.022089 -0.186021 -0.982297
vn -0.027564 -0.331785 -0.942952
vn 0.405372 -0.312491 -0.859083
vn 0.365966 -0.218149 -0.904699
vn 0.946249 0.164706 -0.278362
vn 0.523725 0.408280 -0.747676
vn 0.924363 0.267734 -0.271795
vn 0.447607 0.467204 -0.762475
vn 0.992783 0.087467 -0.082049
vn 0.986695 -0.116419 -0.113485
vn 0.937128 -0.097540 0.335076
vn 0.930032 -0.077383 0.359239
vn 0.888114 -0.226889 0.399719
vn 0.795274 -0.474341 0.377544
vn -0.566617 -0.385207 -0.728397
vn -0.847864 -0.141862 -0.510884
vn -0.887956 0.221091 -0.403302
vn -0.859338 0.336723 -0.384910
vn -0.135454 -0.057775 -0.989098
vn -0.268641 0.126685 -0.954873
vn -0.321843 -0.379472 -0.867420
vn -0.138821 -0.142327 -0.980037
vn -0.357010 0.424941 -0.831847
vn -0.373459 0.513875 -0.772309
vn -0.492801 0.352075 -0.795733
vn -0.879483 0.224086 -0.419875
vn -0.942068 -0.087032 0.323934
vn 0.427193 0.248288 -0.869402
vn 0.957565 -0.174699 -0.229239
vn -0.318048 -0.459798 0.829115
vn 0.421353 -0.551578 0.719877
vn 0.806279 -0.468105 0.361651
vn -0.551781 0.082617 -0.829887
vn -0.892174 -0.015914 -0.451412
vn -0.887516 -0.309071 0.341746
vn 0.271027 -0.037890 -0.961826
vn 0.914389 -0.333183 -0.229961
vn -0.261502 -0.524303 0.810385
vn 0.463863 -0.538729 0.703280
vn 0.777149 -0.504775 0.375821
vn -0.055734 -0.994725 0.086114
vn 0.289889 -0.907742 -0.303265
vn -0.601693 -0.707464 -0.370757
vn -0.258187 -0.696335 -0.669670
vn -0.259791 -0.190260 -0.946737
vn -0.171827 -0.112483 -0.978684
vn -0.154674 -0.163913 -0.974273
vn -0.145831 -0.069493 -0.986866
vn 0.107816 -0.272114 -0.956206
vn 0.066725 -0.084682 -0.994171
vn 0.322112 0.131579 -0.937513
vn 0.324568 0.178341 -0.928897
vn 0.271868 -0.232037 -0.933941
vn 0.242752 -0.121051 -0.962506
vn 0.504403 0.082975 -0.859472
vn 0.372789 0.100948 -0.922409
vn 0.968644 0.230250 -0.093342
vn 0.909291 0.277508 -0.310127
vn 0.939739 0.257098 -0.225370
vn 0.956249 0.260476 -0.133192
vn -0.064336 0.160901 -0.984872
vn -0.060201 0.206377 -0.976619
vn -0.498934 0.056033 0.864827
vn -0.468016 0.041600 0.882740
vn -0.440852 0.003767 0.897572
vn -0.390174 -0.022523 0.920466
vn -0.291809 -0.046379 0.955351
vn -0.859282 0.376838 -0.345872
vn -0.762330 0.461318 -0.453914
vn 0.219295 -0.370007 -0.902776
vn 0.074156 -0.223398 -0.971902
vn 0.277908 -0.176227 -0.944305
vn 0.651714 -0.312297 -0.691187
vn 0.380669 -0.329339 -0.864076
vn 0.331587 -0.241568 -0.911973
vn 0.335461 -0.298864 -0.893390
vn 0.427569 -0.365651 -0.826731
vn 0.424151 -0.247283 -0.871176
vn 0.441508 -0.209636 -0.872424
vn 0.526824 -0.310818 -0.791106
vn 0.573623 -0.225219 -0.787549
vn 0.532986 0.042268 -0.845068
vn -0.201722 0.300024 -0.932359
vn -0.130889 0.208624 -0.969198
vn -0.778224 0.598696 -0.189556
vn -0.764034 0.594395 -0.250891
vn -0.100783 0.170103 -0.980259
vn -0.756063 0.587808 -0.287838
vn -0.724083 0.587985 -0.360524
vn -0.704718 0.588362 -0.396489
vn -0.791635 0.430735 0.433338
vn -0.811792 0.462535 0.356449
vn -0.831818 0.477349 0.283225
vn -0.845277 0.494644 0.202074
vn -0.856604 0.497237 0.137787
vn -0.722668 0.243083 0.647041
vn -0.740359 0.281890 0.610252
vn -0.771591 0.289423 0.566464
vn -0.793075 0.300933 0.529595
vn -0.803946 0.313515 0.505350
vn -0.656776 0.155457 0.737888
vn -0.643734 0.159183 0.748510
vn -0.649155 0.141233 0.747430
vn -0.642005 0.134872 0.754745
vn -0.610931 0.130758 0.780811
vn 0.173223 -0.698094 -0.694736
vn -0.207431 -0.462852 -0.861824
vn -0.203489 -0.239695 -0.949283
vn -0.026404 -0.222324 -0.974615
vn 0.265570 -0.325731 -0.907399
vn 0.339055 -0.266875 -0.902120
vn 0.939005 0.329323 0.099075
vn 0.844826 0.242184 0.477091
vn 0.842185 0.266248 0.468867
vn 0.917943 0.392077 0.060461
vn 0.636311 0.103427 0.764467
vn 0.647635 0.085081 0.757186
vn 0.240830 -0.144238 0.959790
vn 0.256639 -0.189835 0.947681
vn -0.180869 -0.416650 0.890893
vn -0.199279 -0.304712 0.931364
vn -0.990811 -0.001562 0.135243
vn -0.721869 -0.274657 0.635192
vn -0.714950 -0.493582 0.495200
vn -0.978422 -0.205821 -0.018100
vn -0.854750 0.052983 -0.516329
vn -0.897598 0.149161 -0.414811
vn -0.520292 0.096600 -0.848507
vn -0.422297 0.174966 -0.889411
vn -0.334603 0.019872 -0.942150
vn -0.266034 0.020891 -0.963737
vn -0.244656 0.006522 -0.969588
vn -0.261666 0.006344 -0.965138
vn 0.987036 0.156364 0.036196
vn 0.889264 0.456998 0.019034
vn 0.825994 0.131349 0.548161
vn 0.801618 -0.252820 0.541748
vn 0.768764 -0.428102 0.475112
vn 0.985725 0.029346 0.165789
vn 0.821409 0.267431 0.503754
vn 0.872397 -0.177326 0.455498
vn 0.802965 -0.558387 0.208451
vn 0.797803 0.589728 -0.125427
vn 0.699997 0.542200 -0.464782
vn 0.703991 0.542132 -0.458791
vn 0.778104 0.164913 0.606101
vn 0.960125 0.067234 0.271366
vn 0.967154 0.133649 -0.216221
vn 0.875168 0.200288 0.440415
vn 0.723912 0.052242 0.687912
vn 0.750543 -0.228553 0.620040
vn 0.969990 0.100789 0.221270
vn 0.644849 -0.338512 0.685258
vn 0.970379 0.176117 0.165372
vn 0.680166 0.109036 0.724904
vn 0.711357 -0.239347 0.660820
vn 0.463793 -0.677072 0.571375
vn 0.591521 0.064807 0.803681
vn 0.864442 -0.071800 0.497580
vn 0.995541 -0.092724 -0.017346
vn 0.228196 0.084033 -0.969982
vn -0.227175 -0.730653 -0.643846
vn 0.335725 -0.182039 -0.924203
vn -0.366843 -0.895624 -0.251561
vn 0.373238 -0.086999 0.923648
vn 0.378379 -0.362175 0.851856
vn 0.825426 -0.097717 0.555988
vn 0.649749 0.048089 0.758627
vn 0.368786 -0.041364 0.928594
vn 0.366360 -0.320000 0.873716
vn 0.150023 -0.084880 0.985032
vn 0.572632 -0.196433 0.795932
vn 0.894710 -0.053257 0.443460
vn 0.302826 -0.463179 0.832924
vn 0.199429 -0.705986 0.679567
vn 0.887468 -0.251918 0.385924
vn 0.644978 -0.192020 -0.739684
vn -0.378853 -0.851918 -0.361532
vn -0.241920 -0.208107 0.947716
vn -0.142426 -0.434688 0.889247
vn 0.501103 -0.219902 0.836982
vn 0.187624 -0.031358 0.981740
vn -0.464423 -0.340428 0.817570
vn -0.640751 -0.515557 0.568893
vn -0.038747 -0.498562 0.865988
vn 0.642820 -0.231870 0.730082
vn -0.620219 -0.576208 0.532272
vn -0.083603 -0.493758 0.865571
vn 0.626513 -0.163758 0.762014
vn 0.966563 0.240533 0.088884
vn -0.687880 -0.562099 0.459202
vn -0.139922 -0.494250 0.857985
vn 0.584515 -0.157694 0.795912
vn 0.935584 0.349808 0.048131
vn -0.758456 -0.540925 0.363518
vn -0.108257 -0.573967 0.811691
vn 0.608237 -0.271437 0.745902
vn 0.962973 0.144747 0.227445
vn -0.673948 -0.585549 0.450473
vn -0.011623 -0.691137 0.722630
vn 0.648046 -0.430979 0.627928
vn 0.983736 0.178449 0.020497
vn -0.769179 -0.565675 0.297280
vn -0.910666 -0.192987 -0.365300
vn -0.899618 -0.331219 -0.284572
vn -0.873021 -0.459796 -0.162549
vn -0.864186 -0.502793 -0.019540
vn -0.816085 -0.555037 0.161056
vn 0.625886 0.536678 -0.565901
vn 0.700593 0.409151 -0.584606
vn -0.651688 0.005249 -0.758469
vn -0.677796 0.143963 -0.721018
vn -0.047758 0.481711 -0.875028
vn -0.055784 0.330363 -0.942204
vn -0.052157 0.045701 -0.997593
vn -0.612272 -0.174649 -0.771117
vn -0.020757 -0.700601 0.713251
vn 0.699483 -0.384305 0.602522
vn 0.969387 0.245143 -0.013939
vn -0.776428 -0.554989 0.298575
vn -0.937150 -0.078118 -0.340069
vn 0.610356 0.583235 -0.536006
vn 0.038820 -0.643513 0.764450
vn 0.721523 -0.305465 0.621366
vn 0.950139 0.310946 -0.023419
vn -0.790849 -0.526767 0.311568
vn -0.916568 0.041244 -0.397746
vn 0.470458 0.639781 -0.607742
vn 0.097194 -0.659763 0.745162
vn 0.767756 -0.314203 0.558415
vn 0.978832 0.178205 0.100651
vn -0.611304 -0.619573 0.492378
vn 0.176355 -0.722012 0.669028
vn 0.866751 -0.302969 0.396171
vn 0.902644 0.347233 -0.254289
vn -0.765761 -0.578028 0.281946
vn -0.670483 0.278751 -0.687569
vn -0.650252 0.347250 -0.675714
vn -0.096557 0.573040 -0.813819
vn -0.134258 0.604233 -0.785415
vn 0.107641 -0.722285 0.683168
vn 0.863260 -0.276362 0.422382
vn 0.922554 0.295719 -0.247878
vn -0.784700 -0.588762 0.193923
vn -0.918384 -0.076143 -0.388296
vn 0.402035 0.571410 -0.715443
vn 0.261247 -0.725581 0.636618
vn 0.817178 -0.370537 0.441501
vn 0.968157 0.140746 -0.207031
vn -0.656842 -0.716986 0.233430
vn -0.869492 -0.309396 -0.385043
vn 0.530466 0.416742 -0.738195
vn -0.053404 -0.886318 -0.459987
vn 0.412986 -0.655781 -0.631976
vn -0.189572 0.543975 -0.817407
vn -0.649077 0.319453 -0.690397
vn -0.622031 0.147026 -0.769065
vn -0.202368 0.369099 -0.907090
vn 0.127755 -0.302712 -0.944481
vn -0.358557 -0.534592 -0.765277
vn 0.872381 0.095075 0.479491
vn 0.858523 0.405217 -0.314226
vn 0.149368 -0.403955 0.902502
vn -0.487668 -0.630203 0.604172
vn 0.861072 0.088482 0.500725
vn 0.836873 0.469222 -0.281913
vn 0.166108 -0.389019 0.906130
vn -0.566174 -0.539197 0.623468
vn 0.903093 -0.166168 0.395995
vn 0.937296 0.313583 -0.152127
vn 0.238499 -0.611163 0.754717
vn -0.342125 -0.642527 0.685646
vn 0.893711 -0.360056 0.267658
vn 0.932831 0.267204 -0.241720
vn 0.321929 -0.753150 0.573695
vn -0.434968 -0.729761 0.527496
vn -0.943038 -0.331211 0.031296
vn 0.384983 0.601149 -0.700291
vn 0.409117 0.438582 -0.800168
vn -0.898016 -0.437084 -0.050254
vn -0.791411 -0.093544 -0.604084
vn -0.891838 0.102571 -0.440572
vn -0.344409 0.245559 -0.906136
vn -0.378018 0.487706 -0.786922
vn -0.553642 -0.356337 -0.752665
vn -0.285070 -0.104248 -0.952821
vn 0.886346 -0.364687 0.285297
vn 0.932509 0.294908 -0.208461
vn 0.359217 -0.736721 0.572892
vn -0.464182 -0.721237 0.514152
vn -0.951781 -0.287174 0.107904
vn 0.414087 0.705937 -0.574617
vn -0.906467 0.255192 -0.336444
vn -0.409399 0.665356 -0.624255
vn 0.388523 -0.698842 0.600557
vn 0.885008 -0.329576 0.328847
vn 0.937864 0.316123 -0.143099
vn -0.512188 -0.690614 0.510604
vn 0.449115 -0.723826 0.523805
vn 0.892956 -0.357376 0.273700
vn 0.990747 0.130633 -0.036818
vn -0.347892 -0.762308 0.545764
vn 0.414692 -0.782475 0.464503
vn 0.870985 -0.429215 0.239079
vn 0.957816 0.207567 -0.198755
vn -0.528650 -0.735355 0.424006
vn 0.237081 0.769050 -0.593595
vn -0.983725 -0.176864 0.031699
vn -0.891948 0.296380 -0.341449
vn -0.413219 0.686644 -0.598138
vn 0.408269 -0.760940 0.504268
vn 0.862167 -0.420561 0.282483
vn 0.953821 0.178839 -0.241334
vn -0.563762 -0.722073 0.400977
vn 0.300162 0.664812 -0.684052
vn -0.981307 -0.175316 -0.079377
vn -0.859775 0.286930 -0.422443
vn -0.443776 0.615524 -0.651302
vn 0.359684 -0.786368 0.502248
vn 0.814816 -0.485130 0.317369
vn 0.937937 0.134032 -0.319858
vn -0.495738 -0.775789 0.390379
vn 0.284275 0.512968 -0.809970
vn -0.953362 -0.252788 -0.164922
vn -0.785860 0.205776 -0.583165
vn -0.473125 0.444014 -0.760923
vn 0.226275 -0.889570 -0.396819
vn 0.566064 -0.520270 -0.639445
vn -0.010891 -0.100683 -0.994859
vn -0.404510 -0.356952 -0.841996
vn 0.521264 -0.301766 0.798262
vn 0.940747 0.240888 0.238682
vn 0.759206 0.528361 -0.380055
vn -0.161053 -0.615386 0.771597
vn 0.141605 0.522524 -0.840783
vn -0.693899 -0.628631 0.351181
vn -0.571035 0.234385 -0.786754
vn -0.440004 -0.030776 -0.897468
vn -0.717592 -0.397236 -0.572071
vn -0.923042 -0.262633 -0.281101
vn 0.597629 -0.482699 0.640188
vn 0.961186 0.021604 0.275055
vn 0.036719 -0.784338 0.619245
vn 0.733182 0.549693 -0.400351
vn -0.665233 -0.714037 0.218212
vn -0.759138 -0.204214 -0.618066
vn -0.942612 -0.214235 -0.256098
vn -0.518059 0.262201 -0.814166
vn -0.666754 0.337582 -0.664438
vn 0.084572 0.595292 -0.799046
vn 0.382080 0.575887 -0.722751
vn -0.011440 0.645278 -0.763863
vn -0.353815 0.257161 -0.899268
vn 0.325785 0.451457 -0.830693
vn 0.495238 -0.282192 0.821649
vn 0.922796 0.245903 0.296615
vn 0.734230 0.588822 -0.337927
vn -0.191538 -0.573810 0.796276
vn 0.071994 0.683702 -0.726202
vn -0.724927 -0.589557 0.356236
vn -0.601398 0.516825 -0.609272
vn -0.986369 -0.101561 -0.129466
vn 0.597489 -0.398435 0.695885
vn 0.974958 0.117981 0.188512
vn 0.870692 0.424852 -0.247783
vn 0.015417 -0.648073 0.761422
vn 0.608958 -0.670106 0.424415
vn 0.963715 -0.253597 0.083315
vn 0.849925 0.360271 -0.384490
vn -0.128252 -0.847289 0.515416
vn 0.557282 -0.741430 0.373789
vn 0.969536 -0.241719 0.039653
vn 0.810055 0.441939 -0.385359
vn -0.225293 -0.848997 0.477962
vn 0.063240 0.818123 -0.571556
vn -0.767521 -0.561122 0.309925
vn -0.645425 0.635654 -0.423521
vn -0.994602 0.072494 -0.074238
vn 0.534241 -0.747974 0.393854
vn 0.984120 -0.170489 0.049411
vn 0.741042 0.560024 -0.370446
vn -0.306795 -0.835217 0.456387
vn -0.079524 0.861606 -0.501310
vn -0.880868 -0.423202 0.212067
vn -0.635413 0.674089 -0.376636
vn -0.990282 0.117548 -0.074330
vn 0.548695 -0.780838 0.298708
vn 0.971384 -0.237310 -0.009831
vn 0.867812 0.393757 -0.303081
vn -0.123012 -0.907445 0.401761
vn 0.542529 -0.812841 0.212018
vn 0.958805 -0.273061 -0.078302
vn 0.756945 0.508301 -0.410688
vn -0.263673 -0.896693 0.355554
vn 0.058357 0.790209 -0.610053
vn -0.629163 0.607762 -0.484540
vn -0.986450 0.042653 -0.158419
vn -0.808069 -0.556725 0.192567
vn 0.546745 -0.793731 0.266573
vn 0.953194 -0.301928 -0.016121
vn 0.731525 0.496412 -0.467382
vn -0.278913 -0.896194 0.345026
vn 0.192133 0.624184 -0.757285
vn -0.586286 0.458811 -0.667654
vn -0.956510 -0.147043 -0.251928
vn -0.710774 -0.688861 0.142374
vn 0.552543 -0.780937 0.291264
vn 0.906053 -0.413326 0.090715
vn 0.750274 0.411229 -0.517667
vn -0.280767 -0.911731 0.299862
vn 0.192094 -0.719935 -0.666928
vn 0.419711 -0.372559 -0.827673
vn -0.245713 0.036014 -0.968673
vn -0.499495 -0.229817 -0.835278
vn 0.574716 -0.474440 0.666790
vn 0.973453 0.060157 0.220840
vn -0.088782 -0.727422 0.680422
vn 0.713332 0.556167 -0.426421
vn -0.737415 -0.569521 0.363131
vn -0.989450 -0.143509 -0.019836
vn -0.724297 0.442492 -0.528767
vn -0.062264 0.692967 -0.718276
vn 0.587773 -0.635022 0.501268
vn 0.992882 -0.097622 0.068228
vn 0.048689 -0.812811 0.580489
vn 0.826250 0.385234 -0.410981
vn 0.654840 -0.690078 0.308185
vn 0.973586 -0.204843 -0.100850
vn -0.078996 -0.831229 0.550289
vn 0.755047 0.383793 -0.531607
vn -0.991304 -0.069032 0.112032
vn -0.636721 -0.609461 0.472381
vn -0.725168 0.561403 -0.398696
vn -0.033532 0.754057 -0.655953
vn -0.990021 0.000371 0.140918
vn -0.690638 -0.551117 0.468283
vn -0.701633 0.618203 -0.354312
vn -0.138452 0.792977 -0.593312
vn 0.639529 -0.711551 0.291030
vn 0.956446 -0.262011 -0.128693
vn -0.025901 -0.838969 0.543562
vn 0.770232 0.361273 -0.525571
vn 0.692765 -0.680043 0.240040
vn 0.962422 -0.232943 -0.139573
vn 0.013850 -0.850737 0.525410
vn 0.728501 0.424557 -0.537621
vn 0.720943 -0.658124 0.217058
vn 0.969238 -0.208939 -0.130086
vn 0.179551 -0.866212 0.466302
vn 0.848075 0.280583 -0.449491
vn 0.716685 -0.670733 0.190997
vn 0.953270 -0.201361 -0.225236
vn 0.015638 -0.850315 0.526042
vn 0.671474 0.431965 -0.602104
vn 0.668075 -0.730741 0.140334
vn 0.922244 -0.285548 -0.260632
vn -0.075035 -0.871767 0.484140
vn 0.644887 0.388856 -0.657960
vn -0.066510 0.745045 -0.663690
vn -0.700146 -0.563073 0.439026
vn -0.994652 0.070220 0.075737
vn -0.710017 0.604935 -0.360458
vn 0.671268 -0.741211 0.002309
vn 0.855316 -0.417146 -0.307285
vn -0.208197 -0.914963 0.345682
vn 0.588272 0.287398 -0.755869
vn -0.079543 0.598090 -0.797472
vn -0.751320 -0.584007 0.307333
vn -0.995440 0.045118 -0.084051
vn -0.789852 0.422751 -0.444316
vn -0.227398 -0.859849 -0.457111
vn 0.089926 -0.344834 -0.934346
vn -0.598859 0.094172 -0.795298
vn -0.876977 -0.344694 -0.334809
vn 0.014801 -0.114694 0.993291
vn -0.370034 -0.317303 0.873151
vn -0.062382 -0.157126 0.985606
vn -0.376425 -0.317606 0.870305
vn -0.145679 -0.200129 0.968879
vn -0.410411 -0.303645 0.859862
vn -0.367143 -0.540517 0.756999
vn -0.578594 -0.612760 0.538288
vn -0.205790 -0.206722 0.956513
vn -0.448653 -0.204830 0.869917
vn -0.791951 -0.024859 0.610079
vn -0.692291 -0.143663 0.707173
vn -0.615647 -0.252771 0.746381
vn -0.719835 -0.596541 0.354932
vn -0.346776 -0.926934 0.143319
vn 0.081161 -0.734763 0.673451
vn -0.580577 -0.309335 0.753155
vn -0.477855 -0.370505 0.796480
vn 0.414158 -0.544448 0.729418
vn 0.834751 -0.499591 0.231516
vn 0.386374 -0.887943 -0.249545
vn -0.658107 -0.634364 -0.405558
vn -0.672701 -0.412065 -0.614553
vn -0.329501 -0.305883 -0.893233
vn -0.360038 -0.152648 -0.920365
vn -0.949418 0.133927 0.284024
vn -0.930391 0.129914 0.342776
vn -0.918802 0.124765 0.374483
vn -0.936809 0.056615 0.345229
vn -0.943641 -0.076455 0.322020
vn 0.495288 -0.358509 0.791303
vn 0.943869 -0.129622 0.303826
vn 0.541527 -0.279760 0.792769
vn 0.961200 0.011913 0.275597
vn 0.256743 -0.446445 0.857187
vn 0.330743 -0.472458 0.816941
vn -0.354325 -0.362231 0.862115
vn -0.329783 -0.342235 0.879840
vn -0.345538 -0.475274 0.809146
vn -0.349881 -0.611000 0.710114
vn -0.982864 0.129096 -0.131581
vn -0.970861 0.075795 -0.227341
vn -0.651109 0.079018 -0.754860
vn -0.609458 0.149989 -0.778501
vn -0.961618 0.147093 0.231633
vn -0.824524 0.010841 0.565724
vn -0.551699 -0.125666 0.824522
vn -0.424539 -0.149490 0.892984
vn 0.315338 -0.012479 0.948897
vn 0.244774 -0.053685 0.968093
vn 0.185081 -0.100762 0.977544
vn 0.106012 -0.132118 0.985549
vn -0.063065 -0.153100 0.986196
vn -0.313889 -0.090852 -0.945103
vn -0.225678 -0.109717 -0.968004
vn -0.533716 -0.128108 -0.835904
vn -0.428438 -0.099574 -0.898068
vn -0.332881 -0.100966 -0.937548
vn -0.476556 -0.155777 -0.865233
vn -0.581660 -0.136710 -0.801862
vn -0.537844 -0.192491 -0.820775
vn -0.445952 -0.001396 -0.895056
vn -0.381884 -0.105974 -0.918114
vn -0.022090 -0.186020 -0.982298
vn -0.228819 -0.241897 -0.942936
vn 0.027563 -0.331787 -0.942952
vn -0.405370 -0.312489 -0.859084
vn -0.365965 -0.218147 -0.904700
vn -0.523726 0.408280 -0.747675
vn -0.946248 0.164708 -0.278362
vn -0.447607 0.467206 -0.762474
vn -0.924362 0.267736 -0.271795
vn -0.992782 0.087472 -0.082051
vn -0.986696 -0.116416 -0.113486
vn -0.937129 -0.097538 0.335076
vn -0.930032 -0.077380 0.359238
vn -0.888114 -0.226887 0.399719
vn -0.795275 -0.474340 0.377543
vn 0.847864 -0.141864 -0.510883
vn 0.566618 -0.385207 -0.728396
vn 0.887956 0.221090 -0.403304
vn 0.859338 0.336722 -0.384911
vn 0.268641 0.126685 -0.954873
vn 0.135456 -0.057775 -0.989097
vn 0.321844 -0.379472 -0.867420
vn 0.138822 -0.142327 -0.980036
vn 0.357010 0.424941 -0.831847
vn 0.373458 0.513875 -0.772309
vn 0.879483 0.224086 -0.419876
vn 0.492800 0.352075 -0.795733
vn 0.942069 -0.087034 0.323932
vn -0.427193 0.248289 -0.869401
vn -0.957565 -0.174697 -0.229238
vn 0.318049 -0.459800 0.829113
vn -0.421353 -0.551578 0.719877
vn -0.806280 -0.468104 0.361650
vn 0.892174 -0.015915 -0.451411
vn 0.551782 0.082614 -0.829886
vn 0.887516 -0.309072 0.341745
vn -0.271027 -0.037890 -0.961826
vn -0.914389 -0.333182 -0.229961
vn 0.261502 -0.524306 0.810383
vn -0.463863 -0.538730 0.703279
vn -0.777149 -0.504775 0.375821
vn -0.289888 -0.907742 -0.303266
vn 0.055736 -0.994725 0.086112
vn 0.601696 -0.707464 -0.370750
vn 0.258195 -0.696335 -0.669667
vn 0.171828 -0.112484 -0.978684
vn 0.259792 -0.190261 -0.946736
vn 0.145832 -0.069493 -0.986866
vn 0.154675 -0.163913 -0.974273
vn -0.066725 -0.084683 -0.994171
vn -0.107816 -0.272115 -0.956206
vn -0.322112 0.131579 -0.937513
vn -0.324569 0.178341 -0.928897
vn -0.242753 -0.121052 -0.962506
vn -0.271870 -0.232039 -0.933940
vn 0.229996 0.246970 -0.941333
vn 0.112965 0.229257 -0.966789
vn -0.504403 0.082977 -0.859472
vn -0.372789 0.100949 -0.922409
vn -0.968644 0.230252 -0.093341
vn -0.909291 0.277509 -0.310126
vn -0.939739 0.257098 -0.225369
vn -0.956249 0.260477 -0.133191
vn 0.064336 0.160901 -0.984872
vn 0.060202 0.206378 -0.976619
vn 0.498934 0.056033 0.864827
vn 0.468016 0.041601 0.882740
vn 0.440852 0.003767 0.897572
vn 0.390175 -0.022523 0.920465
vn 0.291809 -0.046379 0.955351
vn 0.859283 0.376837 -0.345872
vn 0.762331 0.461318 -0.453914
vn -0.074156 -0.223398 -0.971902
vn -0.219293 -0.370004 -0.902778
vn -0.277908 -0.176227 -0.944304
vn -0.651714 -0.312297 -0.691187
vn -0.380668 -0.329337 -0.864077
vn -0.331588 -0.241570 -0.911972
vn -0.335462 -0.298867 -0.893389
vn -0.427570 -0.365652 -0.826730
vn -0.441509 -0.209637 -0.872423
vn -0.424151 -0.247284 -0.871175
vn -0.526826 -0.310818 -0.791105
vn -0.573623 -0.225218 -0.787549
vn -0.532984 0.042269 -0.845069
vn 0.201722 0.300022 -0.932360
vn 0.130886 0.208622 -0.969198
vn 0.778224 0.598695 -0.189558
vn 0.764034 0.594395 -0.250893
vn 0.100779 0.170101 -0.980260
vn 0.756063 0.587808 -0.287838
vn 0.704718 0.588362 -0.396488
vn 0.724083 0.587986 -0.360523
vn 0.791635 0.430736 0.433337
vn 0.811792 0.462536 0.356446
vn 0.831818 0.477350 0.283225
vn 0.856603 0.497238 0.137788
vn 0.845276 0.494644 0.202077
vn 0.722669 0.243083 0.647040
vn 0.740360 0.281890 0.610250
vn 0.771591 0.289424 0.566464
vn 0.803945 0.313516 0.505351
vn 0.793074 0.300935 0.529596
vn 0.656777 0.155457 0.737887
vn 0.643735 0.159183 0.748509
vn 0.649155 0.141234 0.747429
vn 0.642004 0.134873 0.754745
vn 0.610929 0.130759 0.780812
vn -0.173223 -0.698097 -0.694733
vn 0.207432 -0.462855 -0.861822
vn 0.203491 -0.239695 -0.949283
vn 0.026403 -0.222324 -0.974615
vn -0.265571 -0.325732 -0.907398
vn -0.339055 -0.266874 -0.902120
vn 0.979865 0.123817 0.156636
vn 0.993260 0.114289 0.019320
vn 0.954343 0.098471 0.282016
vn 0.911584 0.003398 0.411099
vn 0.883209 -0.063621 0.464645
vn 0.763223 -0.164226 0.624916
vn 0.611552 -0.204187 0.764403
vn 0.779275 -0.131642 0.612700
vn -0.252166 -0.158623 0.954595
vn -0.335059 -0.097285 0.937161
vn -0.693792 -0.073685 0.716396
vn -0.652622 -0.064960 0.754894
vn -0.386940 -0.260554 0.884528
vn 0.074422 -0.329071 0.941368
vn -0.067305 -0.243676 0.967518
vn -0.522202 -0.111977 0.845438
vn 0.472675 -0.184601 0.861685
vn 0.528025 -0.057318 0.847293
vn 0.124765 -0.112563 0.985781
vn 0.129292 -0.195465 0.972151
vn 0.448991 -0.304797 0.839944
vn 0.232194 -0.298241 0.925818
vn 0.281950 -0.333707 0.899524
vn 0.413187 -0.310141 0.856206
vn -0.989920 -0.096770 0.103416
vn -0.999285 0.005744 -0.037378
vn -0.908418 0.010831 0.417922
vn -0.891054 -0.059294 0.450008
vn -0.859909 -0.114855 0.497358
vn -0.883531 0.036531 0.466945
vn -0.981762 0.125636 -0.142684
vn -0.990914 0.014118 -0.133757
vn -0.747627 0.107030 -0.655437
vn -0.716527 0.070372 -0.694001
vn -0.976557 -0.188145 -0.104582
vn -0.914328 -0.099293 -0.392613
vn -0.365091 0.019267 -0.930773
vn -0.306327 0.035933 -0.951248
vn -0.726505 -0.423831 -0.540886
vn -0.553010 -0.290481 -0.780897
vn -0.186409 0.034758 -0.981857
vn -0.204892 -0.035974 -0.978123
vn -0.141231 -0.072705 -0.987303
vn -0.164816 0.033187 -0.985766
vn -0.261868 -0.373144 -0.890050
vn -0.329241 -0.512574 -0.793012
vn -0.084219 -0.519040 -0.850591
vn -0.088583 -0.423577 -0.901519
vn -0.007829 -0.390744 -0.920466
vn 0.063398 -0.496855 -0.865515
vn 0.558554 -0.318088 -0.766053
vn 0.292402 -0.276335 -0.915500
vn -0.086736 -0.064979 -0.994110
vn 0.066795 -0.009616 -0.997720
vn -0.122966 0.041789 -0.991531
vn -0.028462 0.018127 -0.999431
vn 0.504237 0.048991 -0.862174
vn 0.277570 0.036452 -0.960014
vn 0.824120 0.001354 -0.566414
vn 0.988264 0.141275 0.058095
vn 0.973921 0.000641 0.226887
vn 0.927648 0.080413 -0.364695
vn 0.968568 0.163080 -0.187831
vn 0.782056 -0.014139 -0.623047
vn 0.970102 -0.067416 0.233147
vn 0.959498 0.084199 -0.268841
vn 0.973257 0.204082 -0.105460
vn 0.983119 0.163636 -0.081858
vn 0.977386 0.007599 0.211328
vn 0.986887 -0.044184 -0.155251
vn -0.354681 -0.029901 0.934509
vn -0.707976 -0.038624 0.705180
vn 0.600243 0.005002 0.799802
vn 0.186747 -0.026240 0.982057
vn -0.848350 -0.065888 0.525320
vn -0.979269 -0.085158 0.183796
vn -0.990807 -0.134753 -0.011956
vn -0.832257 -0.320942 -0.452046
vn -0.118355 -0.423358 -0.898198
vn -0.410378 -0.421159 -0.808836
vn 0.094807 -0.386948 -0.917215
vn 0.658216 -0.175104 -0.732182
vn 0.975886 0.157029 -0.151621
vn 0.968074 0.061175 -0.243085
vn 0.973029 0.210284 -0.094850
vn 0.976202 0.001433 0.216860
vn 0.952400 -0.024673 -0.303851
vn -0.365733 -0.041711 0.929785
vn -0.692456 -0.064857 0.718539
vn 0.594862 -0.015621 0.803676
vn 0.150454 -0.028983 0.988192
vn -0.861384 -0.025811 0.507299
vn -0.989401 0.083483 0.118812
vn -0.994577 0.103596 0.009233
vn -0.912140 0.031546 -0.408662
vn -0.109821 -0.098389 -0.989070
vn -0.443929 -0.077227 -0.892728
vn 0.122129 -0.074208 -0.989736
vn 0.722768 0.090286 -0.685168
vn 0.957728 0.279572 -0.067793
vn 0.880196 0.052301 -0.471721
vn 0.931405 0.252528 -0.262136
vn 0.965716 0.185835 0.181266
vn 0.873212 0.275268 -0.402155
vn 0.560324 0.009169 0.828223
vn 0.097812 -0.019510 0.995014
vn -0.366502 -0.042415 0.929450
vn -0.685861 -0.063394 0.724966
vn -0.886210 -0.050117 0.460565
vn -0.989917 0.139270 0.025857
vn -0.952578 0.301661 -0.039953
vn -0.825158 0.438008 -0.356741
vn -0.377027 0.506937 -0.775155
vn -0.011159 0.468850 -0.883207
vn 0.298622 0.299713 -0.906089
vn 0.803258 0.334178 -0.493054
vn 0.879459 0.464746 -0.102776
vn 0.690517 0.324212 -0.646585
vn 0.785633 0.438657 -0.436304
vn 0.966928 0.212866 0.140496
vn 0.855415 0.339546 -0.391119
vn -0.333400 -0.004424 0.942775
vn -0.645843 -0.011986 0.763376
vn 0.521157 0.034811 0.852751
vn 0.089443 0.011453 0.995926
vn -0.840839 -0.030762 0.540410
vn -0.998103 0.061145 0.007232
vn -0.965516 0.199630 -0.167111
vn 0.645748 0.347519 -0.679882
vn 0.674053 0.436226 -0.596120
vn 0.776467 0.600045 -0.192472
vn 0.741318 0.576142 -0.344250
vn -0.824854 0.518269 -0.225863
vn -0.358850 0.811966 -0.460367
vn -0.003704 0.875771 -0.482714
vn 0.336677 0.842803 -0.419919
vn 0.324071 0.812068 -0.485309
vn 0.537795 0.763207 -0.358177
vn 0.551349 0.734505 -0.395621
vn 0.893735 0.058853 0.444718
vn 0.892881 0.080541 0.443031
vn 0.889778 0.015971 0.456115
vn 0.863938 0.056677 0.500399
vn 0.801976 0.025584 0.596808
vn 0.718902 -0.129448 0.682952
vn 0.613909 -0.273013 0.740661
vn 0.523955 -0.276396 0.805653
vn 0.982131 0.167368 0.086067
vn 0.908328 0.221746 -0.354639
vn -0.363296 -0.045915 0.930542
vn -0.658930 -0.026406 0.751741
vn 0.521360 0.005322 0.853320
vn 0.093325 -0.037685 0.994922
vn -0.814772 0.000787 0.579782
vn -0.996167 0.034356 0.080444
vn -0.969297 0.075711 -0.233946
vn 0.625827 0.244130 -0.740771
vn 0.714010 0.214898 -0.666340
vn 0.644944 0.355533 -0.676494
vn -0.896158 0.191931 -0.400079
vn -0.530722 0.455713 -0.714605
vn -0.054796 0.533083 -0.844287
vn 0.351430 0.466005 -0.811995
vn 0.537706 0.411064 -0.736138
vn 0.900996 0.071554 0.427886
vn 0.995263 0.058298 0.077806
vn 0.967316 0.090286 -0.236955
vn 0.929288 -0.006228 0.369304
vn 0.579993 -0.094642 0.809105
vn 0.181428 -0.139167 0.973507
vn -0.371603 -0.151284 0.915983
vn -0.652528 -0.136662 0.745339
vn -0.807617 -0.104706 0.580337
vn -0.979341 -0.078317 0.186437
vn -0.982815 -0.038995 -0.180428
vn -0.875058 -0.004413 -0.483998
vn -0.588825 0.096425 -0.802489
vn -0.055332 0.135015 -0.989297
vn 0.349598 0.134512 -0.927193
vn 0.544088 0.115079 -0.831099
vn 0.618394 0.106575 -0.778608
vn 0.671877 0.107121 -0.732876
vn 0.833968 0.112131 -0.540301
vn -0.411881 -0.180996 0.893082
vn -0.647662 -0.165550 0.743725
vn -0.781800 -0.151922 0.604739
vn -0.948961 -0.121595 0.291010
vn -0.653777 0.018660 -0.756457
vn -0.908900 -0.051712 -0.413797
vn 0.983779 0.057458 -0.169931
vn 0.995358 0.016348 0.094846
vn 0.916986 -0.040712 0.396835
vn 0.574118 -0.124451 0.809259
vn 0.138516 -0.173581 0.975030
vn -0.995487 -0.093004 -0.018863
vn 0.704856 0.093525 -0.703157
vn 0.900776 0.084008 -0.426081
vn 0.623804 0.077178 -0.777761
vn -0.084305 0.082333 -0.993033
vn 0.353185 0.079263 -0.932190
vn 0.557262 0.070532 -0.827336
vn 0.104215 -0.387596 0.915920
vn -0.316922 -0.389848 0.864627
vn 0.261337 -0.384976 0.885153
vn 0.392103 -0.337412 0.855809
vn 0.470553 -0.362295 0.804564
vn -0.860513 -0.276447 0.427896
vn -0.957335 -0.154795 -0.244024
vn -0.630752 -0.076779 -0.772177
vn -0.237148 -0.084210 -0.967817
vn -0.045730 -0.161390 -0.985831
vn -0.105462 -0.132711 -0.985528
vn -0.131931 -0.133396 -0.982242
vn 0.109595 -0.151926 -0.982297
vn 0.978375 -0.138803 0.153353
vn 0.563796 -0.139011 -0.814131
vn 0.733766 -0.174605 0.656583
vn 0.541827 -0.250773 0.802208
vn 0.120825 -0.540581 0.832570
vn -0.356969 -0.489143 0.795809
vn 0.059968 -0.559761 0.826481
vn 0.751948 -0.320521 0.576056
vn 0.951984 -0.227484 -0.204883
vn 0.362768 -0.145649 -0.920427
vn -0.317039 -0.138475 -0.938249
vn -0.121690 0.207266 -0.970687
vn -0.608503 0.108913 -0.786042
vn -0.956634 -0.061769 -0.284667
vn -0.903160 -0.291371 0.315287
vn -0.943120 -0.048937 -0.328832
vn -0.914027 -0.367172 0.172450
vn -0.367221 -0.351048 -0.861344
vn 0.662654 0.010526 -0.748852
vn -0.699626 -0.714347 -0.015225
vn 0.751056 -0.465086 0.468624
vn -0.398543 -0.118171 -0.909505
vn -0.277868 -0.122166 -0.952819
vn 0.248595 0.019828 -0.968405
vn 0.221237 0.046766 -0.974098
vn 0.792999 -0.359042 -0.492180
vn 0.926927 -0.346860 -0.143157
vn 0.466446 -0.227505 -0.854792
vn 0.830757 -0.285672 -0.477738
vn -0.474691 -0.138984 -0.869110
vn -0.907158 -0.419713 -0.030093
vn 0.286534 -0.599343 -0.747454
vn -0.146338 -0.633481 -0.759794
vn 0.262695 -0.964614 -0.022603
vn -0.138679 -0.985465 0.098117
vn -0.258503 -0.827211 0.498897
vn 0.669830 -0.607950 0.426291
vn 0.977327 -0.005413 0.211664
vn 0.981079 0.030467 0.191196
vn 0.966001 0.120542 0.228720
vn 0.950562 0.132505 0.280845
vn 0.935595 0.112600 0.334638
vn 0.928634 0.023588 0.370248
vn 0.928144 0.051174 0.368686
vn 0.905632 0.087996 0.414835
vn 0.849415 -0.048891 0.525456
vn 0.707047 -0.218665 0.672510
vn 0.572383 -0.241456 0.783631
vn 0.509568 -0.335711 0.792237
vn 0.656851 -0.570121 0.493466
vn 0.116059 -0.800333 0.588216
vn 0.717824 -0.696133 0.011301
vn 0.973900 0.070695 -0.215685
vn 0.335318 0.638278 -0.692938
vn -0.644032 0.461477 -0.610132
vn -0.944674 -0.290153 -0.152980
vn 0.608770 -0.683426 0.402900
vn -0.294682 -0.955518 0.012197
vn -0.228857 -0.368400 -0.901058
vn 0.206927 -0.394055 -0.895490
vn 0.010301 -0.678856 0.734199
vn 0.584427 -0.511089 0.630265
vn -0.958284 -0.280399 0.055402
vn -0.140654 -0.814964 0.562184
vn 0.666174 -0.639798 0.383238
vn 0.840498 -0.520307 0.151145
vn 0.987835 -0.154989 -0.012699
vn -0.405996 -0.905496 0.123465
vn 0.212644 -0.846996 0.487217
vn -0.152600 -0.120956 -0.980858
vn -0.270136 -0.074752 -0.959916
vn 0.274229 -0.105209 -0.955892
vn -0.560157 -0.118611 -0.819851
vn -0.132467 -0.003804 -0.991180
vn 0.907983 0.225823 -0.352946
vn -0.946102 0.058675 -0.318510
vn -0.929307 -0.366893 -0.042161
vn -0.146784 -0.756820 -0.636929
vn 0.302033 0.567751 -0.765791
vn -0.398705 0.491740 -0.774097
vn 0.912317 0.217935 -0.346673
vn 0.745338 -0.666626 0.008964
vn 0.160311 -0.978721 0.128082
vn 0.295495 -0.628609 -0.719398
vn -0.955188 0.080982 -0.284705
vn -0.643636 0.426661 -0.635369
vn -0.150016 0.576092 -0.803501
vn -0.977919 -0.208641 0.012007
vn -0.973908 0.071888 -0.215259
vn -0.672982 -0.189078 -0.715084
vn -0.573875 -0.783424 -0.238567
vn -0.625567 0.455607 -0.633315
vn -0.151070 0.555259 -0.817842
vn 0.345219 -0.234017 -0.908878
vn 0.416870 -0.900609 0.122973
vn -0.310775 -0.916952 0.250237
vn 0.404535 -0.826817 -0.390799
vn 0.919274 -0.011314 -0.393456
vn 0.956697 -0.277594 -0.087591
vn 0.959751 -0.171815 0.222166
vn 0.925834 0.151984 -0.346022
vn 0.047075 0.398772 -0.915841
vn -0.540816 0.282959 -0.792119
vn -0.279477 -0.605445 0.745204
vn 0.294288 -0.571148 0.766279
vn -0.455150 0.014011 -0.890304
vn 0.039710 0.093988 -0.994781
vn 0.185985 -0.698487 -0.691032
vn -0.162740 -0.749559 -0.641621
vn 0.238124 -0.913612 -0.329561
vn -0.088235 -0.969512 -0.228606
vn -0.112393 -0.747249 0.654971
vn 0.342450 -0.677245 0.651204
vn 0.935632 -0.346160 0.069045
vn 0.913081 -0.128363 -0.387048
vn -0.883639 -0.316696 -0.344799
vn -0.832869 -0.551434 0.047437
vn -0.979865 0.123817 0.156636
vn -0.911584 0.003398 0.411099
vn -0.954343 0.098471 0.282016
vn -0.993260 0.114289 0.019320
vn -0.883209 -0.063621 0.464645
vn -0.779275 -0.131642 0.612700
vn -0.611552 -0.204187 0.764403
vn -0.763223 -0.164226 0.624916
vn 0.252166 -0.158623 0.954595
vn 0.652622 -0.064960 0.754894
vn 0.693792 -0.073685 0.716396
vn 0.335059 -0.097285 0.937161
vn 0.386939 -0.260554 0.884528
vn 0.522202 -0.111977 0.845438
vn 0.067305 -0.243676 0.967518
vn -0.074422 -0.329070 0.941368
vn -0.472675 -0.184601 0.861685
vn -0.129292 -0.195465 0.972151
vn -0.124765 -0.112563 0.985781
vn -0.528025 -0.057318 0.847293
vn -0.448991 -0.304797 0.839944
vn -0.413187 -0.310141 0.856206
vn -0.281950 -0.333707 0.899524
vn -0.232194 -0.298241 0.925818
vn 0.989920 -0.096770 0.103416
vn 0.891054 -0.059293 0.450008
vn 0.908418 0.010831 0.417922
vn 0.999285 0.005744 -0.037378
vn 0.859909 -0.114855 0.497358
vn 0.990914 0.014118 -0.133757
vn 0.981762 0.125636 -0.142684
vn 0.883531 0.036531 0.466945
vn 0.716527 0.070372 -0.694001
vn 0.747627 0.107030 -0.655437
vn 0.914328 -0.099293 -0.392613
vn 0.976557 -0.188145 -0.104582
vn 0.306327 0.035933 -0.951248
vn 0.365091 0.019267 -0.930773
vn 0.553010 -0.290481 -0.780897
vn 0.726505 -0.423831 -0.540886
vn 0.186409 0.034758 -0.981857
vn 0.164816 0.033187 -0.985766
vn 0.141231 -0.072705 -0.987303
vn 0.204892 -0.035974 -0.978123
vn 0.261868 -0.373144 -0.890050
vn 0.088583 -0.423577 -0.901519
vn 0.084219 -0.519040 -0.850591
vn 0.329241 -0.512574 -0.793012
vn 0.007829 -0.390744 -0.920466
vn -0.292402 -0.276336 -0.915500
vn -0.558554 -0.318088 -0.766053
vn -0.063398 -0.496855 -0.865515
vn 0.086736 -0.064979 -0.994110
vn -0.066795 -0.009616 -0.997720
vn 0.122966 0.041789 -0.991531
vn 0.028462 0.018127 -0.999431
vn -0.277570 0.036452 -0.960014
vn -0.504237 0.048991 -0.862174
vn -0.824120 0.001354 -0.566414
vn -0.988264 0.141275 0.058095
vn -0.968568 0.163080 -0.187831
vn -0.927648 0.080413 -0.364695
vn -0.973921 0.000641 0.226887
vn -0.782056 -0.014139 -0.623047
vn -0.970102 -0.067416 0.233147
vn -0.959497 0.084199 -0.268841
vn -0.973257 0.204082 -0.105460
vn -0.983119 0.163636 -0.081858
vn -0.977386 0.007599 0.211328
vn -0.986887 -0.044184 -0.155251
vn 0.707976 -0.038624 0.705180
vn 0.354681 -0.029901 0.934509
vn -0.186747 -0.026240 0.982058
vn -0.600243 0.005002 0.799802
vn 0.979269 -0.085158 0.183796
vn 0.848350 -0.065888 0.525320
vn 0.990807 -0.134753 -0.011956
vn 0.832257 -0.320942 -0.452046
vn 0.118355 -0.423358 -0.898198
vn 0.410378 -0.421159 -0.808836
vn -0.658216 -0.175104 -0.732182
vn -0.094807 -0.386949 -0.917215
vn -0.975886 0.157029 -0.151621
vn -0.968074 0.061175 -0.243084
vn -0.973028 0.210284 -0.094850
vn -0.976202 0.001433 0.216860
vn -0.952400 -0.024673 -0.303851
vn 0.692456 -0.064857 0.718539
vn 0.365733 -0.041711 0.929785
vn -0.150455 -0.028982 0.988192
vn -0.594862 -0.015621 0.803676
vn 0.989401 0.083483 0.118812
vn 0.861384 -0.025811 0.507299
vn 0.994577 0.103596 0.009233
vn 0.912140 0.031546 -0.408662
vn 0.109821 -0.098389 -0.989070
vn 0.443929 -0.077227 -0.892728
vn -0.722768 0.090286 -0.685167
vn -0.122129 -0.074208 -0.989736
vn -0.957728 0.279572 -0.067793
vn -0.880195 0.052301 -0.471721
vn -0.931405 0.252528 -0.262136
vn -0.965716 0.185834 0.181266
vn -0.873212 0.275268 -0.402155
vn -0.097812 -0.019510 0.995014
vn -0.560324 0.009169 0.828223
vn 0.685861 -0.063394 0.724966
vn 0.366501 -0.042415 0.929450
vn 0.989917 0.139270 0.025857
vn 0.886210 -0.050117 0.460565
vn 0.952578 0.301661 -0.039953
vn 0.825158 0.438008 -0.356741
vn 0.377027 0.506937 -0.775155
vn 0.011159 0.468850 -0.883207
vn -0.803258 0.334178 -0.493054
vn -0.298623 0.299713 -0.906089
vn -0.879459 0.464746 -0.102777
vn -0.690517 0.324212 -0.646585
vn -0.785633 0.438657 -0.436304
vn -0.966928 0.212866 0.140496
vn -0.855415 0.339546 -0.391119
vn 0.645843 -0.011986 0.763376
vn 0.333400 -0.004424 0.942775
vn -0.089443 0.011453 0.995926
vn -0.521157 0.034811 0.852751
vn 0.998103 0.061145 0.007232
vn 0.840839 -0.030762 0.540410
vn 0.965516 0.199630 -0.167111
vn -0.645748 0.347519 -0.679882
vn -0.674053 0.436226 -0.596120
vn -0.776467 0.600044 -0.192472
vn -0.741318 0.576142 -0.344250
vn 0.824854 0.518269 -0.225863
vn 0.358850 0.811967 -0.460366
vn 0.003704 0.875770 -0.482714
vn -0.336677 0.842803 -0.419918
vn -0.324071 0.812067 -0.485309
vn -0.551349 0.734505 -0.395621
vn -0.537796 0.763207 -0.358176
vn -0.892881 0.080541 0.443031
vn -0.893735 0.058853 0.444718
vn -0.889778 0.015971 0.456114
vn -0.863938 0.056677 0.500398
vn -0.801976 0.025584 0.596808
vn -0.718902 -0.129448 0.682952
vn -0.613909 -0.273013 0.740661
vn -0.523955 -0.276396 0.805653
vn -0.982131 0.167368 0.086067
vn -0.908328 0.221746 -0.354639
vn 0.658930 -0.026406 0.751741
vn 0.363296 -0.045915 0.930542
vn -0.093325 -0.037685 0.994922
vn -0.521360 0.005322 0.853320
vn 0.996167 0.034356 0.080444
vn 0.814771 0.000787 0.579782
vn 0.969297 0.075711 -0.233946
vn -0.714010 0.214898 -0.666339
vn -0.625827 0.244130 -0.740771
vn -0.644944 0.355533 -0.676494
vn 0.896158 0.191931 -0.400079
vn 0.530722 0.455713 -0.714605
vn 0.054796 0.533083 -0.844287
vn -0.351430 0.466005 -0.811995
vn -0.537706 0.411064 -0.736138
vn -0.900996 0.071554 0.427886
vn -0.995263 0.058298 0.077806
vn -0.967316 0.090286 -0.236955
vn -0.579993 -0.094641 0.809105
vn -0.929288 -0.006228 0.369303
vn -0.181428 -0.139167 0.973507
vn 0.652528 -0.136662 0.745339
vn 0.371603 -0.151284 0.915983
vn 0.979341 -0.078317 0.186437
vn 0.807617 -0.104706 0.580337
vn 0.982815 -0.038995 -0.180428
vn 0.875058 -0.004413 -0.483998
vn 0.588825 0.096425 -0.802489
vn 0.055332 0.135015 -0.989297
vn -0.349598 0.134512 -0.927193
vn -0.544088 0.115079 -0.831099
vn -0.618394 0.106575 -0.778608
vn -0.671877 0.107121 -0.732876
vn -0.833968 0.112131 -0.540301
vn 0.647662 -0.165550 0.743725
vn 0.411881 -0.180996 0.893081
vn 0.948961 -0.121595 0.291010
vn 0.781800 -0.151922 0.604739
vn 0.653777 0.018660 -0.756457
vn 0.908900 -0.051712 -0.413797
vn -0.983779 0.057458 -0.169931
vn -0.995358 0.016348 0.094846
vn -0.574118 -0.124451 0.809259
vn -0.916987 -0.040712 0.396835
vn -0.138516 -0.173581 0.975030
vn 0.995487 -0.093004 -0.018863
vn -0.900776 0.084008 -0.426081
vn -0.704857 0.093525 -0.703157
vn -0.623804 0.077178 -0.777761
vn 0.084305 0.082333 -0.993033
vn -0.353185 0.079263 -0.932190
vn -0.557262 0.070532 -0.827336
vn -0.104215 -0.387596 0.915920
vn 0.316922 -0.389848 0.864627
vn -0.392103 -0.337412 0.855809
vn -0.261337 -0.384976 0.885153
vn -0.470553 -0.362295 0.804564
vn 0.860513 -0.276447 0.427896
vn 0.957335 -0.154795 -0.244024
vn 0.630752 -0.076779 -0.772177
vn 0.237148 -0.084210 -0.967817
vn 0.105462 -0.132711 -0.985528
vn 0.045730 -0.161390 -0.985831
vn 0.131931 -0.133397 -0.982242
vn -0.109595 -0.151926 -0.982297
vn -0.563796 -0.139011 -0.814131
vn -0.978375 -0.138803 0.153353
vn -0.733766 -0.174605 0.656583
vn -0.541827 -0.250773 0.802208
vn -0.120825 -0.540582 0.832570
vn 0.356969 -0.489144 0.795809
vn -0.751948 -0.320521 0.576056
vn -0.059968 -0.559762 0.826481
vn -0.951984 -0.227484 -0.204883
vn -0.362768 -0.145649 -0.920427
vn 0.317039 -0.138475 -0.938249
vn 0.608503 0.108913 -0.786042
vn 0.121690 0.207266 -0.970687
vn 0.956634 -0.061769 -0.284667
vn 0.903160 -0.291371 0.315287
vn 0.914028 -0.367172 0.172450
vn 0.943120 -0.048937 -0.328832
vn -0.662654 0.010526 -0.748851
vn 0.367221 -0.351048 -0.861344
vn -0.751056 -0.465086 0.468624
vn 0.699626 -0.714348 -0.015225
vn 0.398543 -0.118171 -0.909505
vn 0.277868 -0.122167 -0.952819
vn -0.248595 0.019828 -0.968405
vn -0.221237 0.046766 -0.974098
vn -0.792999 -0.359042 -0.492180
vn -0.466446 -0.227505 -0.854792
vn -0.926927 -0.346861 -0.143157
vn -0.830757 -0.285672 -0.477738
vn 0.474691 -0.138983 -0.869110
vn 0.907158 -0.419713 -0.030093
vn -0.286533 -0.599342 -0.747455
vn 0.146338 -0.633480 -0.759795
vn 0.138679 -0.985465 0.098115
vn -0.262695 -0.964614 -0.022605
vn 0.258503 -0.827212 0.498895
vn -0.669830 -0.607950 0.426291
vn -0.981079 0.030467 0.191196
vn -0.977327 -0.005413 0.211664
vn -0.966000 0.120542 0.228720
vn -0.950562 0.132505 0.280845
vn -0.935595 0.112600 0.334638
vn -0.928634 0.023588 0.370248
vn -0.928145 0.051174 0.368686
vn -0.905632 0.087996 0.414835
vn -0.849415 -0.048891 0.525456
vn -0.707047 -0.218665 0.672510
vn -0.572383 -0.241456 0.783631
vn -0.509568 -0.335711 0.792237
vn -0.656851 -0.570121 0.493467
vn -0.116059 -0.800332 0.588216
vn -0.973900 0.070695 -0.215685
vn -0.717824 -0.696133 0.011301
vn -0.335318 0.638278 -0.692938
vn 0.644032 0.461477 -0.610132
vn 0.944673 -0.290154 -0.152980
vn -0.608770 -0.683426 0.402900
vn 0.294682 -0.955518 0.012198
vn 0.228857 -0.368400 -0.901058
vn -0.206927 -0.394055 -0.895490
vn -0.584427 -0.511089 0.630264
vn -0.010300 -0.678856 0.734199
vn 0.140654 -0.814964 0.562184
vn 0.958283 -0.280399 0.055401
vn -0.666174 -0.639798 0.383238
vn -0.840498 -0.520306 0.151145
vn -0.987835 -0.154989 -0.012699
vn 0.405996 -0.905496 0.123465
vn -0.212644 -0.846996 0.487217
vn 0.152600 -0.120956 -0.980858
vn 0.270136 -0.074752 -0.959916
vn -0.274229 -0.105209 -0.955892
vn 0.560157 -0.118611 -0.819851
vn 0.132467 -0.003804 -0.991180
vn -0.907983 0.225823 -0.352946
vn 0.929307 -0.366893 -0.042161
vn 0.946102 0.058675 -0.318510
vn 0.146784 -0.756820 -0.636929
vn 0.398705 0.491740 -0.774097
vn -0.302033 0.567750 -0.765791
vn -0.912317 0.217935 -0.346673
vn -0.745338 -0.666626 0.008964
vn -0.160311 -0.978721 0.128082
vn -0.295495 -0.628609 -0.719398
vn 0.955188 0.080982 -0.284705
vn 0.643636 0.426661 -0.635369
vn 0.150016 0.576092 -0.803501
vn 0.977919 -0.208641 0.012007
vn 0.573875 -0.783424 -0.238567
vn 0.672982 -0.189078 -0.715084
vn 0.973907 0.071888 -0.215259
vn 0.625567 0.455607 -0.633315
vn -0.345219 -0.234018 -0.908878
vn 0.151070 0.555259 -0.817842
vn -0.416870 -0.900609 0.122973
vn -0.404535 -0.826817 -0.390800
vn 0.310776 -0.916952 0.250236
vn -0.919274 -0.011314 -0.393456
vn -0.956697 -0.277595 -0.087591
vn -0.925834 0.151984 -0.346022
vn -0.959751 -0.171815 0.222166
vn 0.540816 0.282959 -0.792119
vn -0.047075 0.398772 -0.915841
vn -0.294288 -0.571149 0.766279
vn 0.279477 -0.605446 0.745203
vn 0.455150 0.014011 -0.890304
vn 0.162740 -0.749559 -0.641621
vn -0.185985 -0.698487 -0.691032
vn -0.039710 0.093989 -0.994781
vn 0.088235 -0.969512 -0.228606
vn -0.238124 -0.913612 -0.329561
vn -0.342450 -0.677245 0.651204
vn 0.112393 -0.747249 0.654971
vn -0.913081 -0.128363 -0.387048
vn -0.935632 -0.346160 0.069045
vn 0.883639 -0.316696 -0.344799
vn 0.832869 -0.551434 0.047436
s 1
g lpuvd
usemtl initialShadingGroup
f 1/1/1 2/2/2 58/3/3 59/4/4
f 63/5/5 64/6/6 365/7/7 366/8/8
f 59/4/4 60/9/9 7/10/10 1/1/1
f 64/6/6 65/11/11 364/12/12 365/7/7
f 11/13/13 57/14/14 58/3/3 2/2/2
f 366/8/8 367/15/15 62/16/16 63/5/5
f 14/17/17 13/18/18 3/19/19 10/20/20
f 16/21/21 15/22/22 12/23/23 6/24/24
f 18/25/25 8/26/26 4/27/27 17/28/28
f 9/29/29 19/30/30 20/31/31 5/32/32
f 3/19/19 13/18/18 17/28/28 4/27/27
f 16/21/21 6/24/24 5/32/32 20/31/31
f 14/17/17 10/20/20 21/33/33 22/34/34
f 12/23/23 15/22/22 23/35/35 24/36/36
f 57/14/14 11/13/13 25/37/37 56/38/38
f 61/39/39 62/16/16 367/15/15 368/40/40
f 26/41/41 14/17/17 22/34/34 27/42/42
f 15/22/22 29/43/43 28/44/44 23/35/35
f 26/41/41 66/45/45 67/46/46 14/17/17
f 79/47/47 80/48/48 29/43/43 15/22/22
f 67/46/46 68/49/49 13/18/18 14/17/17
f 78/50/50 79/47/47 15/22/22 16/21/21
f 32/51/51 35/52/52 36/53/53 33/54/54
f 34/55/55 31/56/56 30/57/57 37/58/58
f 35/52/52 54/59/59 55/60/60 36/53/53
f 41/61/61 52/62/62 53/63/63 40/64/64
f 43/65/65 39/66/66 38/67/67 42/68/68
f 40/64/64 44/69/69 45/70/70 41/61/61
f 47/71/71 361/72/72 362/73/73 46/74/74
f 44/69/69 333/75/75 334/76/76 45/70/70
f 46/74/74 50/77/77 51/78/78 47/71/71
f 50/77/77 49/79/79 48/80/80 51/78/78
f 53/63/63 52/62/62 34/55/55 37/58/58
f 55/60/60 54/59/59 38/67/67 39/66/66
f 13/18/18 68/49/49 69/81/81 17/28/28
f 77/82/82 78/50/50 16/21/21 20/31/31
f 17/28/28 69/81/81 70/83/83 18/25/25
f 76/84/84 77/82/82 20/31/31 19/30/30
f 70/83/83 71/85/85 8/26/26 18/25/25
f 9/29/29 75/86/86 76/84/84 19/30/30
f 21/33/33 10/20/20 339/87/87 340/88/88
f 338/89/89 339/87/87 10/20/20 3/19/19
f 337/90/90 338/89/89 3/19/19 4/27/27
f 8/26/26 336/91/91 337/90/90 4/27/27
f 11/13/13 62/16/16 61/39/39 25/37/37
f 63/5/5 62/16/16 11/13/13 2/2/2
f 1/1/1 64/6/6 63/5/5 2/2/2
f 7/10/10 65/11/11 64/6/6 1/1/1
f 8/26/26 71/85/85 335/92/92 336/91/91
f 74/93/93 363/94/94 364/12/12 65/11/11
f 72/95/95 73/96/96 7/10/10 60/9/9
f 7/10/10 73/96/96 74/93/93 65/11/11
f 67/46/46 66/45/45 30/57/57 31/56/56
f 31/56/56 34/55/55 68/49/49 67/46/46
f 69/81/81 68/49/49 34/55/55 52/62/62
f 70/83/83 69/81/81 52/62/62 41/61/61
f 45/70/70 71/85/85 70/83/83 41/61/61
f 334/76/76 335/92/92 71/85/85 45/70/70
f 50/77/77 73/96/96 72/95/95 49/79/79
f 74/93/93 73/96/96 50/77/77 46/74/74
f 362/73/73 363/94/94 74/93/93 46/74/74
f 76/84/84 75/86/86 42/68/68 38/67/67
f 54/59/59 77/82/82 76/84/84 38/67/67
f 35/52/52 78/50/50 77/82/82 54/59/59
f 35/52/52 32/51/51 79/47/47 78/50/50
f 33/54/54 80/48/48 79/47/47 32/51/51
f 368/40/40 369/97/97 82/98/98 61/39/39
f 84/99/99 21/33/33 340/88/88 341/100/100
f 85/101/101 81/102/102 24/36/36 23/35/35
f 84/99/99 86/103/103 22/34/34 21/33/33
f 82/98/98 87/104/104 25/37/37 61/39/39
f 87/104/104 83/105/105 56/38/38 25/37/37
f 89/106/106 83/105/105 87/104/104 88/107/107
f 82/98/98 90/108/108 88/107/107 87/104/104
f 92/109/109 89/106/106 88/107/107 91/110/110
f 90/108/108 93/111/111 91/110/110 88/107/107
f 91/110/110 94/112/112 95/113/113 92/109/109
f 94/112/112 91/110/110 93/111/111 96/114/114
f 98/115/115 95/113/113 94/112/112 97/116/116
f 96/114/114 99/117/117 97/116/116 94/112/112
f 95/113/113 311/118/118 312/119/119 92/109/109
f 103/120/120 328/121/121 329/122/122 102/123/123
f 105/124/124 343/125/125 344/126/126 104/127/127
f 102/123/123 371/128/128 372/129/129 103/120/120
f 104/127/127 108/130/130 86/103/103 105/124/124
f 109/131/131 107/132/132 106/133/133 85/101/101
f 108/130/130 27/42/42 22/34/34 86/103/103
f 28/44/44 109/131/131 85/101/101 23/35/35
f 110/134/134 327/135/135 328/121/121 103/120/120
f 98/115/115 310/136/136 311/118/118 95/113/113
f 103/120/120 372/129/129 373/137/137 110/134/134
f 104/127/127 344/126/126 345/138/138 113/139/139
f 114/140/140 112/141/141 107/132/132 109/131/131
f 113/139/139 115/142/142 108/130/130 104/127/127
f 28/44/44 116/143/143 114/140/140 109/131/131
f 117/144/144 27/42/42 108/130/130 115/142/142
f 370/145/145 371/128/128 102/123/123 118/146/146
f 105/124/124 121/147/147 342/148/148 343/125/125
f 106/133/133 120/149/149 81/102/102 85/101/101
f 121/147/147 105/124/124 86/103/103 84/99/99
f 369/97/97 370/145/145 118/146/146 82/98/98
f 121/147/147 84/99/99 341/100/100 342/148/148
f 102/123/123 329/122/122 330/150/150 118/146/146
f 92/109/109 312/119/119 313/151/151 89/106/106
f 82/98/98 118/146/146 330/150/150 90/108/108
f 119/152/152 83/105/105 89/106/106 313/151/151
f 123/153/153 98/115/115 97/116/116 122/154/154
f 99/117/117 124/155/155 122/154/154 97/116/116
f 309/156/156 310/136/136 98/115/115 123/153/153
f 110/134/134 126/157/157 326/158/158 327/135/135
f 127/159/159 113/139/139 345/138/138 346/160/160
f 373/137/137 374/161/161 126/157/157 110/134/134
f 129/162/162 115/142/142 113/139/139 127/159/159
f 114/140/140 130/163/163 128/164/164 112/141/141
f 131/165/165 117/144/144 115/142/142 129/162/162
f 116/143/143 132/166/166 130/163/163 114/140/140
f 133/167/167 26/41/41 27/42/42 117/144/144
f 29/43/43 134/168/168 116/143/143 28/44/44
f 135/169/169 133/167/167 117/144/144 131/165/165
f 134/168/168 136/170/170 132/166/166 116/143/143
f 133/167/167 135/169/169 137/171/171 138/172/172
f 136/170/170 134/168/168 139/173/173 140/174/174
f 26/41/41 133/167/167 138/172/172 66/45/45
f 134/168/168 29/43/43 80/48/48 139/173/173
f 139/173/173 141/175/175 142/176/176 140/174/174
f 144/177/177 138/172/172 137/171/171 143/178/178
f 80/48/48 33/54/54 141/175/175 139/173/173
f 30/57/57 66/45/45 138/172/172 144/177/177
f 142/176/176 141/175/175 145/179/179 146/180/180
f 144/177/177 143/178/178 147/181/181 148/182/182
f 141/175/175 33/54/54 36/53/53 145/179/179
f 30/57/57 144/177/177 148/182/182 37/58/58
f 146/180/180 145/179/179 149/183/183 150/184/184
f 148/182/182 147/181/181 151/185/185 152/186/186
f 145/179/179 36/53/53 55/60/60 149/183/183
f 37/58/58 148/182/182 152/186/186 53/63/63
f 150/184/184 149/183/183 153/187/187 154/188/188
f 152/186/186 151/185/185 155/189/189 156/190/190
f 149/183/183 55/60/60 39/66/66 153/187/187
f 53/63/63 152/186/186 156/190/190 40/64/64
f 154/188/188 153/187/187 157/191/191 158/192/192
f 156/190/190 155/189/189 159/193/193 160/194/194
f 153/187/187 39/66/66 43/65/65 157/191/191
f 40/64/64 156/190/190 160/194/194 44/69/69
f 359/195/195 360/196/196 161/197/197 162/198/198
f 160/194/194 159/193/193 331/199/199 332/200/200
f 360/196/196 361/72/72 47/71/71 161/197/197
f 44/69/69 160/194/194 332/200/200 333/75/75
f 47/71/71 51/78/78 165/201/201 161/197/197
f 51/78/78 48/80/80 164/202/202 165/201/201
f 161/197/197 165/201/201 166/203/203 162/198/198
f 165/201/201 164/202/202 163/204/204 166/203/203
f 170/205/205 167/206/206 168/207/207 169/208/208
f 174/209/209 171/210/210 172/211/211 173/212/212
f 168/207/207 167/206/206 175/213/213 176/214/214
f 174/209/209 173/212/212 177/215/215 178/216/216
f 168/207/207 179/217/217 180/1099/218 169/208/208
f 182/219/219 173/212/212 172/211/211 181/220/220
f 167/206/206 135/169/169 131/165/165 175/213/213
f 136/170/170 174/209/209 178/216/216 132/166/166
f 137/171/171 135/169/169 167/206/206 170/205/205
f 136/170/170 140/174/174 171/210/210 174/209/209
f 176/214/214 175/213/213 183/221/221 184/222/222
f 178/216/216 177/215/215 185/223/223 186/224/224
f 175/213/213 131/165/165 129/162/162 183/221/221
f 132/166/166 178/216/216 186/224/224 130/163/163
f 184/222/222 183/221/221 187/225/225 188/226/226
f 186/224/224 185/223/223 189/227/227 190/228/228
f 183/221/221 129/162/162 127/159/159 187/225/225
f 130/163/163 186/224/224 190/228/228 128/164/164
f 191/229/229 195/230/230 196/231/231 192/232/232
f 195/230/230 194/233/233 193/234/234 196/231/231
f 197/235/235 182/219/219 181/220/220 199/1111/236
f 179/217/217 198/237/237 200/1107/238 180/1099/218
f 195/230/230 191/229/229 201/239/239 203/240/240
f 194/233/233 195/230/230 203/240/240 202/241/241
f 123/153/153 122/154/154 215/242/242 216/243/243
f 122/154/154 124/155/155 214/244/244 215/242/242
f 205/245/245 204/246/246 208/247/247 209/248/248
f 204/246/246 206/249/249 207/250/250 208/247/247
f 208/247/247 207/250/250 192/232/232 196/231/231
f 209/248/248 208/247/247 196/231/231 193/234/234
f 188/226/226 187/225/225 347/251/251 348/252/252
f 375/253/253 376/254/254 211/255/255 213/256/256
f 187/225/225 127/159/159 346/160/160 347/251/251
f 374/161/161 375/253/253 213/256/256 126/157/157
f 215/242/242 214/244/244 206/249/249 204/246/246
f 216/243/243 215/242/242 204/246/246 205/245/245
f 307/257/257 308/258/258 216/243/243 205/245/245
f 324/259/259 325/260/260 213/256/256 211/255/255
f 123/153/153 216/243/243 308/258/258 309/156/156
f 325/260/260 326/158/158 126/157/157 213/256/256
f 193/234/234 194/233/233 217/261/261 218/262/262
f 191/229/229 192/232/232 219/263/263 220/264/264
f 222/265/265 218/262/262 217/261/261 221/266/266
f 219/263/263 223/267/267 224/268/268 220/264/264
f 221/266/266 225/1103/269 226/270/270 222/265/265
f 228/1100/271 224/268/268 223/267/267 227/272/272
f 297/1109/273 298/274/274 226/270/270 225/1103/269
f 314/1108/275 315/276/276 231/277/277 232/1105/278
f 198/237/237 357/279/279 358/1106/280 200/1107/238
f 231/277/277 385/281/281 386/1104/282 232/1105/278
f 234/283/283 306/284/284 307/257/257 205/245/245
f 236/285/285 323/286/286 324/259/259 211/255/255
f 348/252/252 349/287/287 237/288/288 188/226/226
f 376/254/254 377/289/289 236/285/285 211/255/255
f 209/248/248 239/290/290 234/283/283 205/245/245
f 240/291/291 207/250/250 206/249/249 235/292/292
f 239/290/290 209/248/248 193/234/234 241/293/293
f 207/250/250 240/291/291 242/294/294 192/232/232
f 241/293/293 193/234/234 218/262/262 243/295/295
f 219/263/263 192/232/232 242/294/294 244/296/296
f 218/262/262 222/265/265 245/297/297 243/295/295
f 223/267/267 219/263/263 244/296/296 246/298/298
f 222/265/265 226/270/270 247/299/299 245/297/297
f 227/272/272 223/267/267 246/298/298 248/300/300
f 298/274/274 299/301/301 247/299/299 226/270/270
f 315/276/276 316/302/302 250/303/303 231/277/277
f 251/304/304 356/305/305 357/279/279 198/237/237
f 250/303/303 384/306/306 385/281/281 231/277/277
f 179/217/217 253/307/307 251/304/304 198/237/237
f 254/308/308 182/219/219 197/235/235 252/309/309
f 179/217/217 168/207/207 255/310/310 253/307/307
f 173/212/212 182/219/219 254/308/308 256/311/311
f 237/288/288 257/312/312 184/222/222 188/226/226
f 258/313/313 238/314/314 189/227/227 185/223/223
f 176/214/214 184/222/222 257/312/312 259/315/315
f 185/223/223 177/215/215 260/316/316 258/313/313
f 255/310/310 168/207/207 176/214/214 259/315/315
f 173/212/212 256/311/311 260/316/316 177/215/215
f 299/301/301 300/317/317 261/318/318 247/299/299
f 316/302/302 317/319/319 263/320/320 250/303/303
f 266/321/321 305/322/322 306/284/284 234/283/283
f 268/323/323 322/324/324 323/286/286 236/285/285
f 269/325/325 355/326/326 356/305/305 251/304/304
f 263/320/320 383/327/327 384/306/306 250/303/303
f 271/328/328 269/325/325 251/304/304 253/307/307
f 270/329/329 272/330/330 254/308/308 252/309/309
f 273/331/331 271/328/328 253/307/307 255/310/310
f 272/330/330 274/332/332 256/311/311 254/308/308
f 273/331/331 255/310/310 259/315/315 275/333/333
f 256/311/311 274/332/332 276/334/334 260/316/316
f 277/335/335 275/333/333 259/315/315 257/312/312
f 276/334/334 278/336/336 258/313/313 260/316/316
f 257/312/312 237/288/288 279/337/337 277/335/335
f 238/314/314 258/313/313 278/336/336 280/338/338
f 349/287/287 350/339/339 279/337/337 237/288/288
f 377/289/289 378/340/340 268/323/323 236/285/285
f 266/321/321 234/283/283 239/290/290 281/341/341
f 235/292/292 267/342/342 282/343/343 240/291/291
f 241/293/293 283/344/344 281/341/341 239/290/290
f 284/345/345 242/294/294 240/291/291 282/343/343
f 283/344/344 241/293/293 243/295/295 285/346/346
f 244/296/296 242/294/294 284/345/345 286/347/347
f 285/346/346 243/295/295 245/297/297 287/348/348
f 244/296/296 286/347/347 288/349/349 246/298/298
f 261/318/318 287/348/348 245/297/297 247/299/299
f 288/349/349 264/350/350 248/300/300 246/298/298
f 261/318/318 300/317/317 301/351/351 287/348/348
f 263/320/320 317/319/319 318/352/352 290/353/353
f 354/354/354 355/326/326 269/325/325 271/328/328
f 382/355/355 383/327/327 263/320/320 290/353/353
f 304/356/356 305/322/322 266/321/321 281/341/341
f 321/357/357 322/324/324 268/323/323 292/358/358
f 279/337/337 350/339/339 351/359/359 277/335/335
f 268/323/323 378/340/340 379/360/360 292/358/358
f 277/335/335 351/359/359 352/361/361 275/333/333
f 292/358/358 379/360/360 380/362/362 294/363/363
f 303/364/364 304/356/356 281/341/341 283/344/344
f 320/365/365 321/357/357 292/358/358 294/363/363
f 302/366/366 303/364/364 283/344/344 285/346/346
f 319/367/367 320/365/365 294/363/363 296/368/368
f 301/351/351 302/366/366 285/346/346 287/348/348
f 318/352/352 319/367/367 296/368/368 290/353/353
f 353/369/369 354/354/354 271/328/328 273/331/331
f 381/370/370 382/355/355 290/353/353 296/368/368
f 352/361/361 353/369/369 273/331/331 275/333/333
f 380/362/362 381/370/370 296/368/368 294/363/363
f 230/371/371 298/274/274 297/1109/273 229/1110/372
f 249/373/373 299/301/301 298/274/274 230/371/371
f 262/374/374 300/317/317 299/301/301 249/373/373
f 301/351/351 300/317/317 262/374/374 289/375/375
f 295/376/376 302/366/366 301/351/351 289/375/375
f 293/377/377 303/364/364 302/366/366 295/376/376
f 291/378/378 304/356/356 303/364/364 293/377/377
f 265/379/379 305/322/322 304/356/356 291/378/378
f 306/284/284 305/322/322 265/379/379 233/380/380
f 307/257/257 306/284/284 233/380/380 210/381/381
f 212/382/382 308/258/258 307/257/257 210/381/381
f 309/156/156 308/258/258 212/382/382 125/383/383
f 125/383/383 111/384/384 310/136/136 309/156/156
f 311/118/118 310/136/136 111/384/384 100/385/385
f 312/119/119 311/118/118 100/385/385 101/386/386
f 313/151/151 312/119/119 101/386/386 119/152/152
f 227/272/272 315/276/276 314/1108/275 228/1100/271
f 248/300/300 316/302/302 315/276/276 227/272/272
f 264/350/350 317/319/319 316/302/302 248/300/300
f 318/352/352 317/319/319 264/350/350 288/349/349
f 286/347/347 319/367/367 318/352/352 288/349/349
f 286/347/347 284/345/345 320/365/365 319/367/367
f 282/343/343 321/357/357 320/365/365 284/345/345
f 267/342/342 322/324/324 321/357/357 282/343/343
f 323/286/286 322/324/324 267/342/342 235/292/292
f 324/259/259 323/286/286 235/292/292 206/249/249
f 214/244/244 325/260/260 324/259/259 206/249/249
f 214/244/244 124/155/155 326/158/158 325/260/260
f 327/135/135 326/158/158 124/155/155 99/117/117
f 328/121/121 327/135/135 99/117/117 96/114/114
f 329/122/122 328/121/121 96/114/114 93/111/111
f 330/150/150 329/122/122 93/111/111 90/108/108
f 332/200/200 331/199/199 163/204/204 164/202/202
f 333/75/75 332/200/200 164/202/202 48/80/80
f 334/76/76 333/75/75 48/80/80 49/79/79
f 72/95/95 335/92/92 334/76/76 49/79/79
f 336/91/91 335/92/92 72/95/95 60/9/9
f 337/90/90 336/91/91 60/9/9 59/4/4
f 59/4/4 58/3/3 338/89/89 337/90/90
f 58/3/3 57/14/14 339/87/87 338/89/89
f 339/87/87 57/14/14 56/38/38 340/88/88
f 341/100/100 340/88/88 56/38/38 83/105/105
f 342/148/148 341/100/100 83/105/105 119/152/152
f 343/125/125 342/148/148 119/152/152 101/386/386
f 344/126/126 343/125/125 101/386/386 100/385/385
f 345/138/138 344/126/126 100/385/385 111/384/384
f 346/160/160 345/138/138 111/384/384 125/383/383
f 347/251/251 346/160/160 125/383/383 212/382/382
f 348/252/252 347/251/251 212/382/382 210/381/381
f 233/380/380 349/287/287 348/252/252 210/381/381
f 265/379/379 350/339/339 349/287/287 233/380/380
f 351/359/359 350/339/339 265/379/379 291/378/378
f 352/361/361 351/359/359 291/378/378 293/377/377
f 293/377/377 295/376/376 353/369/369 352/361/361
f 289/375/375 354/354/354 353/369/369 295/376/376
f 262/374/374 355/326/326 354/354/354 289/375/375
f 356/305/305 355/326/326 262/374/374 249/373/373
f 357/279/279 356/305/305 249/373/373 230/371/371
f 358/1106/280 357/279/279 230/371/371 229/1110/372
f 158/192/192 157/191/191 360/196/196 359/195/195
f 157/191/191 43/65/65 361/72/72 360/196/196
f 362/73/73 361/72/72 43/65/65 42/68/68
f 42/68/68 75/86/86 363/94/94 362/73/73
f 364/12/12 363/94/94 75/86/86 9/29/29
f 365/7/7 364/12/12 9/29/29 5/32/32
f 366/8/8 365/7/7 5/32/32 6/24/24
f 12/23/23 367/15/15 366/8/8 6/24/24
f 367/15/15 12/23/23 24/36/36 368/40/40
f 24/36/36 81/102/102 369/97/97 368/40/40
f 81/102/102 120/149/149 370/145/145 369/97/97
f 120/149/149 106/133/133 371/128/128 370/145/145
f 372/129/129 371/128/128 106/133/133 107/132/132
f 373/137/137 372/129/129 107/132/132 112/141/141
f 112/141/141 128/164/164 374/161/161 373/137/137
f 128/164/164 190/228/228 375/253/253 374/161/161
f 190/228/228 189/227/227 376/254/254 375/253/253
f 238/314/314 377/289/289 376/254/254 189/227/227
f 280/338/338 378/340/340 377/289/289 238/314/314
f 379/360/360 378/340/340 280/338/338 278/336/336
f 380/362/362 379/360/360 278/336/336 276/334/334
f 276/334/334 274/332/332 381/370/370 380/362/362
f 272/330/330 382/355/355 381/370/370 274/332/332
f 270/329/329 383/327/327 382/355/355 272/330/330
f 384/306/306 383/327/327 270/329/329 252/309/309
f 385/281/281 384/306/306 252/309/309 197/235/235
f 386/1104/282 385/281/281 197/235/235 199/1111/236
f 388/387/387 387/1102/388 225/1103/269 221/266/266
f 390/1101/389 389/1079/390 224/268/268 228/1100/271
f 391/391/391 217/261/261 194/233/233 202/241/241
f 191/229/229 220/264/264 392/392/392 201/239/239
f 221/266/266 217/261/261 391/391/391 388/387/387
f 220/264/264 224/268/268 389/1079/390 392/392/392
f 297/273/273 225/269/269 527/393/393 528/394/394
f 314/275/275 232/278/278 511/395/395 512/396/396
f 358/280/280 229/372/372 529/397/397 530/398/398
f 229/372/372 297/273/273 528/394/394 529/397/397
f 228/271/271 314/275/275 512/396/396 513/399/399
f 232/278/278 386/282/282 510/400/400 511/395/395
f 530/398/398 531/401/401 200/238/238 358/280/280
f 199/236/236 509/402/402 510/400/400 386/282/282
f 531/401/401 532/403/403 180/218/218 200/238/238
f 181/1098/220 508/404/404 509/402/402 199/236/236
f 143/178/178 137/171/171 170/205/205 405/405/405
f 140/174/174 142/176/176 406/406/406 171/210/210
f 405/405/405 170/205/205 169/208/208 407/407/407
f 171/210/210 406/406/406 408/408/408 172/211/211
f 180/1099/218 409/1097/409 407/407/407 169/208/208
f 410/1096/410 181/220/220 172/211/211 408/408/408
f 147/181/181 143/178/178 405/405/405 411/411/411
f 142/176/176 146/180/180 412/412/412 406/406/406
f 411/411/411 405/405/405 407/407/407 413/413/413
f 406/406/406 412/412/412 414/414/414 408/408/408
f 413/413/413 407/407/407 409/1097/409 415/1095/415
f 408/408/408 414/414/414 416/1094/416 410/1096/410
f 151/185/185 147/181/181 411/411/411 417/417/417
f 146/180/180 150/184/184 418/418/418 412/412/412
f 417/417/417 411/411/411 413/413/413 419/419/419
f 412/412/412 418/418/418 420/420/420 414/414/414
f 415/1095/415 421/1093/421 419/419/419 413/413/413
f 422/1092/422 416/1094/416 414/414/414 420/420/420
f 155/189/189 151/185/185 417/417/417 423/423/423
f 150/184/184 154/188/188 424/424/424 418/418/418
f 423/423/423 417/417/417 419/419/419 425/425/425
f 418/418/418 424/424/424 426/426/426 420/420/420
f 425/425/425 419/419/419 421/1093/421 427/1091/427
f 420/420/420 426/426/426 428/1090/428 422/1092/422
f 159/193/193 155/189/189 423/423/423 429/429/429
f 154/188/188 158/192/192 430/430/430 424/424/424
f 429/429/429 423/423/423 425/425/425 431/431/431
f 424/424/424 430/430/430 432/432/432 426/426/426
f 427/1091/427 433/1085/433 431/431/431 425/425/425
f 434/1084/434 428/1090/428 426/426/426 432/432/432
f 436/435/435 435/436/436 166/203/203 163/204/204
f 435/436/436 437/437/437 162/198/198 166/203/203
f 331/199/199 438/438/438 436/435/435 163/204/204
f 439/439/439 359/195/195 162/198/198 437/437/437
f 159/193/193 429/429/429 438/438/438 331/199/199
f 430/430/430 158/192/192 359/195/195 439/439/439
f 435/436/436 436/435/435 440/440/440 441/441/441
f 437/437/437 435/436/436 441/441/441 442/442/442
f 436/435/435 438/438/438 443/443/443 440/440/440
f 439/439/439 437/437/437 442/442/442 444/444/444
f 438/438/438 429/429/429 431/431/431 443/443/443
f 430/430/430 439/439/439 444/444/444 432/432/432
f 441/441/441 440/440/440 445/1088/445 446/1089/446
f 442/442/442 441/441/441 446/1089/446 447/1087/447
f 440/440/440 443/443/443 448/1086/448 445/1088/445
f 444/444/444 442/442/442 447/1087/447 449/1083/449
f 443/443/443 431/431/431 433/1085/433 448/1086/448
f 432/432/432 444/444/444 449/1083/449 434/1084/434
f 513/399/399 514/450/450 390/389/389 228/271/271
f 526/451/451 527/393/393 225/269/269 387/388/388
f 389/390/390 390/389/389 514/450/450 515/452/452
f 387/388/388 388/1082/387 525/453/453 526/451/451
f 455/454/454 454/1081/455 388/387/387 391/391/391
f 457/1080/456 456/1077/457 392/392/392 389/1079/390
f 202/241/241 203/240/240 458/458/458 459/459/459
f 203/240/240 201/239/239 460/460/460 458/458/458
f 391/391/391 202/241/241 459/459/459 455/454/454
f 460/460/460 201/239/239 392/392/392 456/1077/457
f 456/457/457 457/456/456 516/461/461 517/462/462
f 454/455/455 455/1076/454 523/463/463 524/464/464
f 515/452/452 516/461/461 457/456/456 389/390/390
f 524/464/464 525/453/453 388/1082/387 454/455/455
f 460/460/460 456/1077/457 465/1078/465 469/1074/466
f 466/1073/467 455/454/454 459/459/459 468/1072/468
f 468/1072/468 459/459/459 458/458/458 467/1075/469
f 460/460/460 469/1074/466 467/1075/469 458/458/458
f 455/1076/454 466/467/467 522/470/470 523/463/463
f 465/465/465 456/457/457 517/462/462 518/471/471
f 521/472/472 522/470/470 466/467/467 468/468/468
f 469/466/466 465/465/465 518/471/471 519/473/473
f 520/474/474 521/472/472 468/468/468 467/1145/469
f 519/473/473 520/1144/474 467/469/469 469/466/466
f 507/475/475 508/404/404 181/1098/220 410/410/410
f 180/218/218 532/403/403 533/476/476 409/409/409
f 506/477/477 507/475/475 410/410/410 416/416/416
f 533/476/476 534/478/478 415/415/415 409/409/409
f 505/479/479 506/477/477 416/416/416 422/422/422
f 415/415/415 534/478/478 535/480/480 421/421/421
f 428/1154/428 504/481/481 505/479/479 422/422/422
f 535/480/480 536/482/482 427/427/427 421/421/421
f 433/433/433 427/1155/427 485/1153/483 486/484/484
f 428/428/428 434/434/434 483/485/485 484/486/486
f 446/446/446 445/445/445 541/487/487 542/488/488
f 447/447/447 446/446/446 542/488/488 543/489/489
f 445/445/445 448/448/448 540/490/490 541/487/487
f 449/449/449 447/447/447 543/489/489 544/491/491
f 448/448/448 433/433/433 486/484/484 540/490/490
f 434/434/434 449/449/449 544/491/491 483/485/485
f 503/492/492 504/481/481 428/1154/428 484/1152/486
f 485/483/483 427/427/427 536/482/482 537/493/493
f 484/486/486 483/485/485 489/494/494 490/495/495
f 486/484/484 485/1153/483 491/1151/496 492/497/497
f 502/498/498 503/492/492 484/1152/486 490/1150/495
f 491/496/496 485/483/483 537/493/493 538/499/499
f 490/495/495 489/494/494 496/500/500 495/501/501
f 492/497/497 491/1151/496 498/1149/502 497/503/503
f 490/1150/495 495/1148/501 501/504/504 502/498/498
f 538/499/499 539/505/505 498/502/502 491/496/496
f 501/504/504 499/506/506 493/507/507 502/498/498
f 487/508/508 503/492/492 502/498/498 493/507/507
f 481/509/509 504/481/481 503/492/492 487/508/508
f 505/479/479 504/481/481 481/509/509 479/510/510
f 477/511/511 506/477/477 505/479/479 479/510/510
f 477/511/511 475/512/512 507/475/475 506/477/477
f 404/513/513 508/404/404 507/475/475 475/512/512
f 509/402/402 508/404/404 404/513/513 402/514/514
f 510/400/400 509/402/402 402/514/514 399/515/515
f 511/395/395 510/400/400 399/515/515 395/516/516
f 512/396/396 511/395/395 395/516/516 396/517/517
f 513/399/399 512/396/396 396/517/517 400/518/518
f 400/518/518 450/519/519 514/450/450 513/399/399
f 515/452/452 514/450/450 450/519/519 452/520/520
f 452/520/520 461/521/521 516/461/461 515/452/452
f 517/462/462 516/461/461 461/521/521 462/522/522
f 518/471/471 517/462/462 462/522/522 471/523/523
f 518/471/471 471/523/523 473/524/524 519/473/473
f 473/524/524 474/525/525 520/1144/474 519/473/473
f 474/1143/525 472/526/526 521/472/472 520/474/474
f 470/527/527 522/470/470 521/472/472 472/526/526
f 523/463/463 522/470/470 470/527/527 463/528/528
f 524/464/464 523/463/463 463/528/528 464/529/529
f 464/529/529 453/530/530 525/453/453 524/464/464
f 526/451/451 525/453/453 453/530/530 451/531/531
f 451/531/531 393/532/532 527/393/393 526/451/451
f 528/394/394 527/393/393 393/532/532 394/533/533
f 529/397/397 528/394/394 394/533/533 397/534/534
f 530/398/398 529/397/397 397/534/534 398/535/535
f 401/536/536 531/401/401 530/398/398 398/535/535
f 403/537/537 532/403/403 531/401/401 401/536/536
f 533/476/476 532/403/403 403/537/537 476/538/538
f 476/538/538 478/539/539 534/478/478 533/476/476
f 535/480/480 534/478/478 478/539/539 480/540/540
f 482/541/541 536/482/482 535/480/480 480/540/540
f 536/482/482 482/541/541 488/542/542 537/493/493
f 537/493/493 488/542/542 494/543/543 538/499/499
f 500/544/544 539/505/505 538/499/499 494/543/543
f 540/490/490 486/484/484 492/497/497 548/545/545
f 541/487/487 540/490/490 548/545/545 545/546/546
f 542/488/488 541/487/487 545/546/546 546/547/547
f 543/489/489 542/488/488 546/547/547 547/548/548
f 544/491/491 543/489/489 547/548/548 549/549/549
f 489/494/494 483/485/485 544/491/491 549/549/549
f 546/547/547 545/546/546 550/550/550 551/551/551
f 547/548/548 546/547/547 551/551/551 552/552/552
f 545/546/546 548/545/545 553/553/553 550/550/550
f 549/549/549 547/548/548 552/552/552 554/554/554
f 548/545/545 492/497/497 497/503/503 553/553/553
f 496/500/500 489/494/494 549/549/549 554/554/554
f 497/503/503 498/1149/502 556/1146/555 559/556/556
f 495/501/501 496/500/500 560/557/557 557/558/558
f 498/502/502 539/505/505 555/559/559 556/555/555
f 501/504/504 495/1148/501 557/1147/558 558/560/560
f 551/551/551 550/550/550 561/561/561 562/562/562
f 552/552/552 551/551/551 562/562/562 563/563/563
f 550/550/550 553/553/553 564/564/564 561/561/561
f 554/554/554 552/552/552 563/563/563 565/565/565
f 553/553/553 497/503/503 559/556/556 564/564/564
f 560/557/557 496/500/500 554/554/554 565/565/565
f 499/506/506 501/504/504 558/560/560 566/566/566
f 555/559/559 539/505/505 500/544/544 567/567/567
f 569/568/568 558/560/560 557/1147/558 568/1165/569
f 555/559/559 570/570/570 571/571/571 556/555/555
f 566/566/566 558/560/560 569/568/568 572/572/572
f 555/559/559 567/567/567 573/573/573 570/570/570
f 576/574/574 574/575/575 580/576/576 575/577/577
f 579/578/578 577/579/579 578/580/580 581/581/581
f 569/568/568 580/576/576 574/575/575 572/572/572
f 581/581/581 570/570/570 573/573/573 579/578/578
f 559/556/556 556/1146/555 571/1161/571 582/582/582
f 557/558/558 560/557/557 583/583/583 568/569/569
f 562/562/562 561/561/561 584/584/584 585/585/585
f 563/563/563 562/562/562 585/585/585 586/586/586
f 561/561/561 564/564/564 587/587/587 584/584/584
f 565/565/565 563/563/563 586/586/586 588/588/588
f 564/564/564 559/556/556 582/582/582 587/587/587
f 560/557/557 565/565/565 588/588/588 583/583/583
f 591/589/589 589/590/590 568/569/569 583/583/583
f 590/591/591 592/592/592 582/582/582 571/1161/571
f 585/585/585 584/584/584 595/593/593 596/594/594
f 586/586/586 585/585/585 596/594/594 597/595/595
f 584/584/584 587/587/587 598/596/596 595/593/593
f 588/588/588 586/586/586 597/595/595 599/597/597
f 587/587/587 582/582/582 592/592/592 598/596/596
f 583/583/583 588/588/588 599/597/597 591/589/589
f 602/598/598 990/1166/599 991/600/600 785/601/601
f 566/566/566 572/572/572 574/575/575 604/602/602
f 573/573/573 567/567/567 605/603/603 579/578/578
f 604/602/602 574/575/575 576/574/574 606/604/604
f 579/578/578 605/603/603 607/605/605 577/579/579
f 404/513/513 475/512/512 608/606/606 609/607/607
f 476/538/538 403/537/537 610/608/608 611/609/609
f 475/512/512 477/511/511 612/610/610 608/606/606
f 478/539/539 476/538/538 611/609/609 613/611/611
f 477/511/511 479/510/510 614/612/612 612/610/610
f 480/540/540 478/539/539 613/611/611 615/613/613
f 479/510/510 481/509/509 616/614/614 614/612/612
f 482/541/541 480/540/540 615/613/613 617/615/615
f 616/614/614 481/509/509 487/508/508 618/616/616
f 619/617/617 488/542/542 482/541/541 617/615/615
f 618/616/616 487/508/508 493/507/507 620/618/618
f 621/619/619 494/543/543 488/542/542 619/617/617
f 623/620/620 500/544/544 494/543/543 621/619/619
f 620/618/618 493/507/507 499/506/506 622/621/621
f 622/621/621 499/506/506 566/566/566 604/602/602
f 605/603/603 567/567/567 500/544/544 623/620/620
f 626/622/622 602/598/598 785/601/601 787/623/623
f 609/607/607 608/606/606 628/624/624 629/625/625
f 611/609/609 610/608/608 630/626/626 631/627/627
f 608/606/606 612/610/610 632/628/628 628/624/624
f 613/611/611 611/609/609 631/627/627 633/629/629
f 612/610/610 614/612/612 634/630/630 632/628/628
f 615/613/613 613/611/611 633/629/629 635/631/631
f 614/612/612 616/614/614 636/632/632 634/630/630
f 617/615/615 615/613/613 635/631/631 637/633/633
f 638/634/634 636/632/632 616/614/614 618/616/616
f 637/633/633 639/635/635 619/617/617 617/615/615
f 640/636/636 638/634/634 618/616/616 620/618/618
f 639/635/635 641/637/637 621/619/619 619/617/617
f 641/637/637 643/638/638 623/620/620 621/619/619
f 642/639/639 640/636/636 620/618/618 622/621/621
f 606/604/604 642/639/639 622/621/621 604/602/602
f 643/638/638 607/605/605 605/603/603 623/620/620
f 394/533/533 393/532/532 644/640/640 645/641/641
f 396/517/517 395/516/516 646/642/642 647/643/643
f 398/535/535 397/534/534 648/644/644 649/645/645
f 397/534/534 394/533/533 645/641/641 648/644/644
f 400/518/518 396/517/517 647/643/643 650/646/646
f 395/516/516 399/515/515 651/647/647 646/642/642
f 401/536/536 398/535/535 649/645/645 652/648/648
f 399/515/515 402/514/514 653/649/649 651/647/647
f 403/537/537 401/536/536 652/648/648 610/608/608
f 402/514/514 404/513/513 609/607/607 653/649/649
f 450/519/519 400/518/518 650/646/646 654/650/650
f 393/532/532 451/531/531 655/651/651 644/640/640
f 452/520/520 450/519/519 654/650/650 656/652/652
f 451/531/531 453/530/530 657/653/653 655/651/651
f 462/522/522 461/521/521 658/654/654 659/655/655
f 464/529/529 463/528/528 660/656/656 661/657/657
f 461/521/521 452/520/520 656/652/652 658/654/654
f 453/530/530 464/529/529 661/657/657 657/653/653
f 463/528/528 470/527/527 662/658/658 660/656/656
f 471/523/523 462/522/522 659/655/655 663/659/659
f 662/658/658 470/527/527 472/526/526 664/660/660
f 665/661/661 473/524/524 471/523/523 663/659/659
f 472/526/526 474/1143/525 666/1142/662 664/660/660
f 474/525/525 473/524/524 665/661/661 666/662/662
f 645/641/641 644/640/640 667/663/663 668/664/664
f 647/643/643 646/642/642 669/665/665 670/666/666
f 649/645/645 648/644/644 671/667/667 672/668/668
f 648/644/644 645/641/641 668/664/664 671/667/667
f 650/646/646 647/643/643 670/666/666 673/669/669
f 646/642/642 651/647/647 674/670/670 669/665/665
f 652/648/648 649/645/645 672/668/668 675/671/671
f 651/647/647 653/649/649 676/672/672 674/670/670
f 610/608/608 652/648/648 675/671/671 630/626/626
f 653/649/649 609/607/607 629/625/625 676/672/672
f 654/650/650 650/646/646 673/669/669 677/673/673
f 644/640/640 655/651/651 678/674/674 667/663/663
f 656/652/652 654/650/650 677/673/673 679/675/675
f 655/651/651 657/653/653 680/676/676 678/674/674
f 659/655/655 658/654/654 681/677/677 682/678/678
f 661/657/657 660/656/656 683/679/679 684/680/680
f 658/654/654 656/652/652 679/675/675 681/677/677
f 657/653/653 661/657/657 684/680/680 680/676/676
f 660/656/656 662/658/658 685/681/681 683/679/679
f 663/659/659 659/655/655 682/678/678 686/682/682
f 687/683/683 685/681/681 662/658/658 664/660/660
f 686/682/682 688/684/684 665/661/661 663/659/659
f 664/660/660 666/1142/662 689/1122/685 687/683/683
f 666/662/662 665/661/661 688/684/684 689/685/685
f 690/686/686 624/687/687 626/622/622 692/688/688
f 693/689/689 627/690/690 625/691/691 691/692/692
f 692/688/688 626/622/622 787/623/623 789/693/693
f 642/639/639 606/604/604 690/686/686 694/694/694
f 607/605/605 643/638/638 695/695/695 691/692/692
f 694/694/694 690/686/686 692/688/688 696/696/696
f 697/697/697 693/689/689 691/692/692 695/695/695
f 696/696/696 692/688/688 789/693/693 791/698/698
f 640/636/636 642/639/639 694/694/694 698/699/699
f 643/638/638 641/637/637 699/700/700 695/695/695
f 698/699/699 694/694/694 696/696/696 700/701/701
f 701/702/702 697/697/697 695/695/695 699/700/700
f 700/701/701 696/696/696 791/698/698 793/703/703
f 638/634/634 640/636/636 698/699/699 702/704/704
f 641/637/637 639/635/635 703/705/705 699/700/700
f 702/704/704 698/699/699 700/701/701 704/706/706
f 705/707/707 701/702/702 699/700/700 703/705/705
f 704/706/706 700/701/701 793/703/703 795/708/708
f 636/632/632 638/634/634 702/704/704 706/709/709
f 639/635/635 637/633/633 707/710/710 703/705/705
f 706/709/709 702/704/704 704/706/706 708/711/711
f 709/712/712 705/707/707 703/705/705 707/710/710
f 708/711/711 704/706/706 795/708/708 797/713/713
f 634/630/630 636/632/632 706/709/709 710/714/714
f 637/633/633 635/631/631 711/715/715 707/710/710
f 710/714/714 706/709/709 708/711/711 712/716/716
f 713/717/717 709/712/712 707/710/710 711/715/715
f 712/716/716 708/711/711 797/713/713 799/718/718
f 632/628/628 634/630/630 710/714/714 714/719/719
f 635/631/631 633/629/629 715/720/720 711/715/715
f 714/719/719 710/714/714 712/716/716 716/721/721
f 717/722/722 713/717/717 711/715/715 715/720/720
f 716/721/721 712/716/716 799/718/718 801/723/723
f 628/624/624 632/628/628 714/719/719 718/724/724
f 633/629/629 631/627/627 719/725/725 715/720/720
f 718/724/724 714/719/719 716/721/721 720/726/726
f 721/727/727 717/722/722 715/720/720 719/725/725
f 720/726/726 716/721/721 801/723/723 803/728/728
f 629/625/625 628/624/624 718/724/724 722/729/729
f 631/627/627 630/626/626 723/730/730 719/725/725
f 722/729/729 718/724/724 720/726/726 724/731/731
f 725/732/732 721/727/727 719/725/725 723/730/730
f 724/731/731 720/726/726 803/728/728 805/733/733
f 676/672/672 629/625/625 722/729/729 726/734/734
f 630/626/626 675/671/671 727/735/735 723/730/730
f 726/734/734 722/729/729 724/731/731 728/736/736
f 729/737/737 725/732/732 723/730/730 727/735/735
f 728/736/736 724/731/731 805/733/733 807/738/738
f 674/670/670 676/672/672 726/734/734 730/739/739
f 675/671/671 672/668/668 731/740/740 727/735/735
f 730/739/739 726/734/734 728/736/736 732/741/741
f 733/742/742 729/737/737 727/735/735 731/740/740
f 732/741/741 728/736/736 807/738/738 809/743/743
f 687/683/683 689/1122/685 734/744/744 735/745/745
f 689/685/685 688/684/684 736/746/746 734/1123/744
f 685/681/681 687/683/683 735/745/745 737/747/747
f 688/684/684 686/682/682 738/748/748 736/746/746
f 668/664/664 667/663/663 739/749/749 740/750/750
f 670/666/666 669/665/665 741/751/751 742/752/752
f 672/668/668 671/667/667 743/753/753 731/740/740
f 671/667/667 668/664/664 740/750/750 743/753/753
f 673/669/669 670/666/666 742/752/752 744/754/754
f 669/665/665 674/670/670 730/739/739 741/751/751
f 677/673/673 673/669/669 744/754/754 745/755/755
f 667/663/663 678/674/674 746/756/756 739/749/749
f 679/675/675 677/673/673 745/755/755 747/757/757
f 678/674/674 680/676/676 748/758/758 746/756/756
f 682/678/678 681/677/677 749/759/759 750/760/760
f 684/680/680 683/679/679 751/761/761 752/762/762
f 681/677/677 679/675/675 747/757/757 749/759/759
f 680/676/676 684/680/680 752/762/762 748/758/758
f 683/679/679 685/681/681 737/747/747 751/761/761
f 686/682/682 682/678/678 750/760/760 738/748/748
f 735/745/745 734/744/744 753/1141/763 754/764/764
f 734/1123/744 736/746/746 755/765/765 753/763/763
f 737/747/747 735/745/745 754/764/764 756/766/766
f 736/746/746 738/748/748 757/767/767 755/765/765
f 740/750/750 739/749/749 758/768/768 759/769/769
f 742/752/752 741/751/751 760/770/770 761/771/771
f 733/742/742 731/740/740 743/753/753 762/772/772
f 743/753/753 740/750/750 759/769/769 762/772/772
f 744/754/754 742/752/752 761/771/771 763/773/773
f 741/751/751 730/739/739 732/741/741 760/770/770
f 745/755/755 744/754/754 763/773/773 764/774/774
f 739/749/749 746/756/756 765/775/775 758/768/768
f 747/757/757 745/755/755 764/774/774 766/776/776
f 746/756/756 748/758/758 767/777/777 765/775/775
f 750/760/760 749/759/759 768/778/778 769/779/779
f 752/762/762 751/761/761 770/780/780 771/781/781
f 749/759/759 747/757/757 766/776/776 768/778/778
f 748/758/758 752/762/762 771/781/781 767/777/777
f 751/761/761 737/747/747 756/766/766 770/780/780
f 738/748/748 750/760/760 769/779/779 757/767/767
f 754/764/764 753/1141/763 776/1140/782 777/783/783
f 753/763/763 755/765/765 778/784/784 776/782/782
f 756/766/766 754/764/764 777/783/783 779/785/785
f 755/765/765 757/767/767 780/786/786 778/784/784
f 759/769/769 758/768/768 811/787/787 812/788/788
f 761/771/771 760/770/770 813/789/789 814/790/790
f 733/742/742 762/772/772 815/791/791 810/792/792
f 762/772/772 759/769/769 812/788/788 815/791/791
f 763/773/773 761/771/771 814/790/790 816/793/793
f 760/770/770 732/741/741 809/743/743 813/789/789
f 764/774/774 763/773/773 816/793/793 772/794/794
f 758/768/768 765/775/775 775/795/795 811/787/787
f 766/776/776 764/774/774 772/794/794 773/796/796
f 765/775/775 767/777/777 774/797/797 775/795/795
f 769/779/779 768/778/778 783/798/798 781/799/799
f 771/781/781 770/780/780 782/800/800 784/801/801
f 768/778/778 766/776/776 773/796/796 783/798/798
f 767/777/777 771/781/781 784/801/801 774/797/797
f 770/780/780 756/766/766 779/785/785 782/800/800
f 757/767/767 769/779/779 781/799/799 780/786/786
f 627/690/690 788/802/802 786/803/803 603/804/804
f 693/689/689 790/805/805 788/802/802 627/690/690
f 697/697/697 792/806/806 790/805/805 693/689/689
f 701/702/702 794/807/807 792/806/806 697/697/697
f 705/707/707 796/808/808 794/807/807 701/702/702
f 709/712/712 798/809/809 796/808/808 705/707/707
f 713/717/717 800/810/810 798/809/809 709/712/712
f 717/722/722 802/811/811 800/810/810 713/717/717
f 721/727/727 804/812/812 802/811/811 717/722/722
f 725/732/732 806/813/813 804/812/812 721/727/727
f 729/737/737 808/814/814 806/813/813 725/732/732
f 733/742/742 810/792/792 808/814/814 729/737/737
f 785/601/601 991/600/600 992/815/815 817/816/816
f 787/623/623 785/601/601 817/816/816 819/817/817
f 786/803/803 788/802/802 820/818/818 818/819/819
f 789/693/693 787/623/623 819/817/817 821/820/820
f 788/802/802 790/805/805 822/821/821 820/818/818
f 791/698/698 789/693/693 821/820/820 823/822/822
f 790/805/805 792/806/806 824/823/823 822/821/821
f 793/703/703 791/698/698 823/822/822 825/824/824
f 792/806/806 794/807/807 826/825/825 824/823/823
f 795/708/708 793/703/703 825/824/824 827/826/826
f 794/807/807 796/808/808 828/827/827 826/825/825
f 797/713/713 795/708/708 827/826/826 829/828/828
f 796/808/808 798/809/809 830/829/829 828/827/827
f 799/718/718 797/713/713 829/828/828 831/830/830
f 798/809/809 800/810/810 832/831/831 830/829/829
f 801/723/723 799/718/718 831/830/830 833/832/832
f 800/810/810 802/811/811 834/833/833 832/831/831
f 803/728/728 801/723/723 833/832/832 835/834/834
f 802/811/811 804/812/812 836/835/835 834/833/833
f 805/733/733 803/728/728 835/834/834 837/836/836
f 804/812/812 806/813/813 838/837/837 836/835/835
f 807/738/738 805/733/733 837/836/836 839/838/838
f 806/813/813 808/814/814 840/839/839 838/837/837
f 809/743/743 807/738/738 839/838/838 841/840/840
f 808/814/814 810/792/792 842/841/841 840/839/839
f 812/788/788 811/787/787 843/842/842 844/843/843
f 814/790/790 813/789/789 845/844/844 846/845/845
f 810/792/792 815/791/791 847/846/846 842/841/841
f 815/791/791 812/788/788 844/843/843 847/846/846
f 816/793/793 814/790/790 846/845/845 848/847/847
f 813/789/789 809/743/743 841/840/840 845/844/844
f 772/794/794 816/793/793 848/847/847 849/848/848
f 811/787/787 775/795/795 850/849/849 843/842/842
f 772/794/794 849/848/848 783/798/798 773/796/796
f 850/849/849 775/795/795 774/797/797 784/801/801
f 783/798/798 849/848/848 851/850/850 781/799/799
f 850/849/849 784/801/801 782/800/800 852/851/851
f 777/783/783 776/1140/782 853/1139/852 854/853/853
f 776/782/782 778/784/784 855/854/854 853/852/852
f 779/785/785 777/783/783 854/853/853 856/855/855
f 778/784/784 780/786/786 857/856/856 855/854/854
f 780/786/786 781/799/799 851/850/850 857/856/856
f 782/800/800 779/785/785 856/855/855 852/851/851
f 851/850/850 849/848/848 848/847/847 858/857/857
f 850/849/849 852/851/851 859/858/858 843/842/842
f 854/853/853 853/1139/852 860/1138/859 861/860/860
f 853/852/852 855/854/854 862/861/861 860/859/859
f 856/855/855 854/853/853 861/860/860 863/862/862
f 855/854/854 857/856/856 864/863/863 862/861/861
f 857/856/856 851/850/850 858/857/857 864/863/863
f 852/851/851 856/855/855 863/862/862 859/858/858
f 858/857/857 848/847/847 846/845/845 865/864/864
f 843/842/842 859/858/858 866/865/865 844/843/843
f 861/860/860 860/1138/859 867/1137/866 868/867/867
f 860/859/859 862/861/861 869/868/868 867/866/866
f 863/862/862 861/860/860 868/867/867 870/869/869
f 862/861/861 864/863/863 871/870/870 869/868/868
f 864/863/863 858/857/857 865/864/864 871/870/870
f 859/858/858 863/862/862 870/869/869 866/865/865
f 865/864/864 846/845/845 845/844/844 872/871/871
f 844/843/843 866/865/865 873/872/872 847/846/846
f 868/867/867 867/1137/866 874/1136/873 875/874/874
f 867/866/866 869/868/868 876/875/875 874/873/873
f 870/869/869 868/867/867 875/874/874 877/876/876
f 869/868/868 871/870/870 878/877/877 876/875/875
f 871/870/870 865/864/864 872/871/871 878/877/877
f 866/865/865 870/869/869 877/876/876 873/872/872
f 872/871/871 845/844/844 841/840/840 879/878/878
f 847/846/846 873/872/872 880/879/879 842/841/841
f 875/874/874 874/1136/873 881/1135/880 882/881/881
f 874/873/873 876/875/875 883/882/882 881/880/880
f 877/876/876 875/874/874 882/881/881 884/883/883
f 876/875/875 878/877/877 885/884/884 883/882/882
f 878/877/877 872/871/871 879/878/878 885/884/884
f 873/872/872 877/876/876 884/883/883 880/879/879
f 879/878/878 841/840/840 839/838/838 886/885/885
f 842/841/841 880/879/879 887/886/886 840/839/839
f 882/881/881 881/1135/880 888/1134/887 889/888/888
f 881/880/880 883/882/882 890/889/889 888/887/887
f 884/883/883 882/881/881 889/888/888 891/890/890
f 883/882/882 885/884/884 892/891/891 890/889/889
f 885/884/884 879/878/878 886/885/885 892/891/891
f 880/879/879 884/883/883 891/890/890 887/886/886
f 886/885/885 839/838/838 837/836/836 893/892/892
f 840/839/839 887/886/886 894/893/893 838/837/837
f 889/888/888 888/1134/887 895/1133/894 896/895/895
f 888/887/887 890/889/889 897/896/896 895/894/894
f 891/890/890 889/888/888 896/895/895 898/897/897
f 890/889/889 892/891/891 899/898/898 897/896/896
f 892/891/891 886/885/885 893/892/892 899/898/898
f 887/886/886 891/890/890 898/897/897 894/893/893
f 893/892/892 837/836/836 835/834/834 900/899/899
f 838/837/837 894/893/893 901/900/900 836/835/835
f 896/895/895 895/1133/894 902/1132/901 903/902/902
f 895/894/894 897/896/896 904/903/903 902/901/901
f 898/897/897 896/895/895 903/902/902 905/904/904
f 897/896/896 899/898/898 906/905/905 904/903/903
f 899/898/898 893/892/892 900/899/899 906/905/905
f 894/893/893 898/897/897 905/904/904 901/900/900
f 900/899/899 835/834/834 833/832/832 907/906/906
f 836/835/835 901/900/900 908/907/907 834/833/833
f 903/902/902 902/1132/901 909/1131/908 910/909/909
f 902/901/901 904/903/903 911/910/910 909/908/908
f 905/904/904 903/902/902 910/909/909 912/911/911
f 904/903/903 906/905/905 913/912/912 911/910/910
f 906/905/905 900/899/899 907/906/906 913/912/912
f 901/900/900 905/904/904 912/911/911 908/907/907
f 907/906/906 833/832/832 831/830/830 914/913/913
f 834/833/833 908/907/907 915/914/914 832/831/831
f 910/909/909 909/1131/908 916/1130/915 917/916/916
f 909/908/908 911/910/910 918/917/917 916/915/915
f 912/911/911 910/909/909 917/916/916 919/918/918
f 911/910/910 913/912/912 920/919/919 918/917/917
f 913/912/912 907/906/906 914/913/913 920/919/919
f 908/907/907 912/911/911 919/918/918 915/914/914
f 914/913/913 831/830/830 829/828/828 921/920/920
f 832/831/831 915/914/914 922/921/921 830/829/829
f 917/916/916 916/1130/915 923/1129/922 924/923/923
f 916/915/915 918/917/917 925/924/924 923/922/922
f 919/918/918 917/916/916 924/923/923 926/925/925
f 918/917/917 920/919/919 927/926/926 925/924/924
f 920/919/919 914/913/913 921/920/920 927/926/926
f 915/914/914 919/918/918 926/925/925 922/921/921
f 921/920/920 829/828/828 827/826/826 928/927/927
f 830/829/829 922/921/921 929/928/928 828/827/827
f 924/923/923 923/1129/922 930/1128/929 931/930/930
f 923/922/922 925/924/924 932/931/931 930/929/929
f 926/925/925 924/923/923 931/930/930 933/932/932
f 925/924/924 927/926/926 934/933/933 932/931/931
f 927/926/926 921/920/920 928/927/927 934/933/933
f 922/921/921 926/925/925 933/932/932 929/928/928
f 928/927/927 827/826/826 825/824/824 935/934/934
f 828/827/827 929/928/928 936/935/935 826/825/825
f 931/930/930 930/1128/929 937/1127/936 938/937/937
f 930/929/929 932/931/931 939/938/938 937/936/936
f 933/932/932 931/930/930 938/937/937 940/939/939
f 932/931/931 934/933/933 941/940/940 939/938/938
f 934/933/933 928/927/927 935/934/934 941/940/940
f 929/928/928 933/932/932 940/939/939 936/935/935
f 935/934/934 825/824/824 823/822/822 942/941/941
f 826/825/825 936/935/935 943/942/942 824/823/823
f 938/937/937 937/1127/936 944/1126/943 945/944/944
f 937/936/936 939/938/938 946/945/945 944/943/943
f 940/939/939 938/937/937 945/944/944 947/946/946
f 939/938/938 941/940/940 948/947/947 946/945/945
f 941/940/940 935/934/934 942/941/941 948/947/947
f 936/935/935 940/939/939 947/946/946 943/942/942
f 942/941/941 823/822/822 821/820/820 949/948/948
f 824/823/823 943/942/942 950/949/949 822/821/821
f 945/944/944 944/1126/943 951/1125/950 952/951/951
f 944/943/943 946/945/945 953/952/952 951/950/950
f 947/946/946 945/944/944 952/951/951 954/953/953
f 946/945/945 948/947/947 955/954/954 953/952/952
f 948/947/947 942/941/941 949/948/948 955/954/954
f 943/942/942 947/946/946 954/953/953 950/949/949
f 949/948/948 821/820/820 819/817/817 956/955/955
f 822/821/821 950/949/949 957/956/956 820/818/818
f 952/951/951 951/1125/950 958/1124/957 959/958/958
f 951/950/950 953/952/952 960/959/959 958/957/957
f 954/953/953 952/951/951 959/958/958 961/960/960
f 953/952/952 955/954/954 962/961/961 960/959/959
f 955/954/954 949/948/948 956/955/955 962/961/961
f 950/949/949 954/953/953 961/960/960 957/956/956
f 964/1183/962 817/816/816 992/815/815 993/963/963
f 956/955/955 819/817/817 965/964/964 966/965/965
f 820/818/818 957/956/956 968/966/966 967/967/967
f 959/958/958 958/1124/957 969/1120/968 970/969/969
f 958/957/957 960/959/959 971/970/970 969/968/968
f 961/960/960 959/958/958 970/969/969 972/971/971
f 960/959/959 962/961/961 973/972/972 971/970/970
f 962/961/961 956/955/955 966/965/965 973/972/972
f 957/956/956 961/960/960 972/971/971 968/966/966
f 817/816/816 964/1183/962 965/964/964 819/817/817
f 963/973/973 818/819/819 820/818/818 967/967/967
f 577/579/579 607/605/605 691/692/692 625/691/691
f 606/604/604 576/574/574 624/687/687 690/686/686
f 603/804/804 974/974/974 625/691/691 627/690/690
f 975/975/975 602/598/598 626/622/622 624/687/687
f 601/976/976 976/977/977 984/978/978 985/1158/979
f 989/980/980 990/1166/599 602/598/598 975/975/975
f 578/580/580 577/579/579 625/691/691 974/974/974
f 576/574/574 575/577/577 975/975/975 624/687/687
f 976/977/977 594/981/981 980/1156/982 984/978/978
f 575/577/577 981/1162/983 989/980/980 975/975/975
f 978/1160/984 571/571/571 570/570/570 581/581/581
f 568/1165/569 979/1164/985 580/576/576 569/568/568
f 980/982/982 978/1160/984 581/581/581 578/580/580
f 979/1164/985 981/1162/983 575/577/577 580/576/576
f 590/591/591 571/1161/571 978/984/984 982/986/986
f 568/569/569 589/590/590 983/987/987 979/985/985
f 982/986/986 978/984/984 980/1156/982 594/981/981
f 979/985/985 983/987/987 593/988/988 981/983/983
f 980/982/982 578/580/580 974/974/974 984/1157/978
f 985/979/979 984/1157/978 974/974/974 603/804/804
f 986/989/989 985/979/979 603/804/804 786/803/803
f 987/990/990 986/989/989 786/803/803 818/819/819
f 818/819/819 963/973/973 988/1186/991 987/990/990
f 981/983/983 593/988/988 977/992/992 989/1163/980
f 977/992/992 600/993/993 990/599/599 989/1163/980
f 1068/994/994 1069/995/995 995/996/996 996/997/997
f 994/998/998 997/1119/999 1064/1000/1000 1065/1001/1001
f 996/997/997 995/996/996 1000/1002/1002 1001/1003/1003
f 999/1004/1004 998/1005/1005 1002/1006/1006 1003/1007/1007
f 1001/1003/1003 1000/1002/1002 1004/1008/1008 1005/1184/1009
f 1003/1007/1007 1002/1006/1006 1006/1010/1010 1007/1180/1011
f 1005/1009/1009 1004/1181/1008 1008/1012/1012 1009/1013/1013
f 1007/1011/1011 1006/1182/1010 1010/1014/1014 1011/1015/1015
f 1009/1013/1013 1008/1012/1012 1012/1016/1016 1013/1017/1017
f 1011/1015/1015 1010/1014/1014 1014/1018/1018 1015/1019/1019
f 1013/1017/1017 1012/1016/1016 1022/1020/1020 1023/1021/1021
f 1020/1022/1022 1021/1023/1023 1017/1024/1024 1016/1116/1025
f 1019/1026/1026 1018/1027/1027 1016/1025/1025 1017/1121/1024
f 1024/1028/1028 1025/1029/1029 1021/1023/1023 1020/1022/1022
f 1023/1021/1021 1022/1020/1020 1018/1027/1027 1019/1026/1026
f 1015/1019/1019 1014/1018/1018 1025/1029/1029 1024/1028/1028
f 965/964/964 964/1183/962 1005/1009/1009 1009/1013/1013
f 963/973/973 967/967/967 1010/1014/1014 1006/1182/1010
f 966/965/965 965/964/964 1009/1013/1013 1013/1017/1017
f 967/967/967 968/966/966 1014/1018/1018 1010/1014/1014
f 970/969/969 969/1120/968 1017/1024/1024 1021/1023/1023
f 969/968/968 971/970/970 1019/1026/1026 1017/1121/1024
f 972/971/971 970/969/969 1021/1023/1023 1025/1029/1029
f 971/970/970 973/972/972 1023/1021/1021 1019/1026/1026
f 973/972/972 966/965/965 1013/1017/1017 1023/1021/1021
f 968/966/966 972/971/971 1025/1029/1029 1014/1018/1018
f 993/1187/963 1001/1003/1003 1005/1184/1009 964/962/962
f 1002/1006/1006 988/991/991 963/1185/973 1006/1010/1010
f 993/1187/963 1026/1030/1030 996/997/997 1001/1003/1003
f 1027/1031/1031 988/991/991 1002/1006/1006 998/1005/1005
f 1067/1032/1032 1068/994/994 996/997/997 1026/1030/1030
f 997/1119/999 1028/1118/1033 1063/1034/1034 1064/1000/1000
f 995/996/996 1069/995/995 1070/1035/1035 1030/1036/1036
f 994/998/998 1065/1001/1001 1066/1037/1037 1029/1038/1038
f 1000/1002/1002 995/996/996 1030/1036/1036 1032/1039/1039
f 999/1004/1004 1003/1007/1007 1033/1040/1040 1031/1041/1041
f 1004/1008/1008 1000/1002/1002 1032/1039/1039 1034/1042/1042
f 1003/1007/1007 1007/1180/1011 1035/1178/1043 1033/1040/1040
f 1008/1012/1012 1004/1181/1008 1034/1179/1042 1036/1044/1044
f 1007/1011/1011 1011/1015/1015 1037/1045/1045 1035/1043/1043
f 1012/1016/1016 1008/1012/1012 1036/1044/1044 1038/1046/1046
f 1011/1015/1015 1015/1019/1019 1039/1047/1047 1037/1045/1045
f 1022/1020/1020 1012/1016/1016 1038/1046/1046 1040/1048/1048
f 1015/1019/1019 1024/1028/1028 1041/1049/1049 1039/1047/1047
f 1016/1025/1025 1018/1027/1027 1042/1050/1050 1043/1051/1051
f 1020/1022/1022 1016/1116/1025 1043/1115/1051 1044/1052/1052
f 1018/1027/1027 1022/1020/1020 1040/1048/1048 1042/1050/1050
f 1024/1028/1028 1020/1022/1022 1044/1052/1052 1041/1049/1049
f 1036/1044/1044 1034/1179/1042 1055/1053/1053 1056/1054/1054
f 1057/1055/1055 1058/1056/1056 1048/1057/1057 1047/1173/1058
f 1046/1059/1059 1045/1175/1060 1059/1170/1061 1060/1062/1062
f 1061/1168/1063 1062/1064/1064 1052/1065/1065 1051/1169/1066
f 1050/1067/1067 1049/1171/1068 1053/1176/1069 1054/1114/1070
f 1051/1169/1066 1052/1065/1065 1054/1070/1070 1053/1112/1069
f 1056/1054/1054 1055/1053/1053 1045/1175/1060 1046/1059/1059
f 1035/1043/1043 1037/1045/1045 1058/1056/1056 1057/1055/1055
f 1036/1044/1044 1056/1054/1054 1046/1059/1059 1038/1046/1046
f 1058/1056/1056 1037/1045/1045 1039/1047/1047 1048/1057/1057
f 1042/1050/1050 1050/1067/1067 1054/1114/1070 1043/1051/1051
f 1052/1065/1065 1044/1052/1052 1043/1115/1051 1054/1070/1070
f 1060/1062/1062 1059/1170/1061 1049/1171/1068 1050/1067/1067
f 1047/1173/1058 1048/1057/1057 1062/1064/1064 1061/1168/1063
f 1038/1046/1046 1046/1059/1059 1060/1062/1062 1040/1048/1048
f 1048/1057/1057 1039/1047/1047 1041/1049/1049 1062/1064/1064
f 1040/1048/1048 1060/1062/1062 1050/1067/1067 1042/1050/1050
f 1062/1064/1064 1041/1049/1049 1044/1052/1052 1052/1065/1065
f 1035/1178/1043 1057/1172/1055 1047/1058/1058 1033/1040/1040
f 1055/1174/1053 1034/1042/1042 1032/1039/1039 1045/1060/1060
f 1033/1040/1040 1047/1058/1058 1061/1063/1063 1031/1041/1041
f 1045/1060/1060 1032/1039/1039 1030/1036/1036 1059/1061/1061
f 1064/1000/1000 1063/1034/1034 1027/1031/1031 998/1005/1005
f 1065/1001/1001 1064/1000/1000 998/1005/1005 999/1004/1004
f 1066/1037/1037 1065/1001/1001 999/1004/1004 1031/1041/1041
f 1028/1033/1033 997/999/999 1068/994/994 1067/1032/1032
f 997/999/999 994/1117/998 1069/995/995 1068/994/994
f 1070/1035/1035 1069/995/995 994/1117/998 1029/1113/1038
f 1031/1041/1041 1061/1063/1063 1051/1066/1066 1066/1037/1037
f 1059/1061/1061 1030/1036/1036 1070/1035/1035 1049/1068/1068
f 1053/1177/1069 1029/1038/1038 1066/1037/1037 1051/1066/1066
f 1029/1113/1038 1053/1069/1069 1049/1068/1068 1070/1035/1035
f 991/600/600 990/1166/599 1071/1167/1071
f 985/1158/979 986/1159/989 601/976/976
f 1071/1071/1071 990/599/599 600/993/993
s 20
f 1075/1188/1072 1072/1189/1073 1073/1190/1074 1074/1191/1075
f 1074/1191/1075 2394/1192/1076 2395/1193/1077 1075/1188/1072
f 1079/1194/1078 1077/1195/1079 1076/1196/1080 1078/1197/1081
f 1081/1198/1082 1079/1194/1078 1078/1197/1081 1080/1199/1083
f 1083/1200/1084 1081/1198/1082 1080/1199/1083 1082/1201/1085
f 1085/1202/1086 1083/1200/1084 1082/1201/1085 1084/1203/1087
f 1087/1204/1088 1085/1205/1086 1084/1206/1087 1086/1207/1089
f 1087/1204/1088 1086/1207/1089 1088/1208/1090 1089/1209/1091
f 1088/1208/1090 1090/1210/1092 1091/1211/1093 1089/1209/1091
f 1093/1212/1094 1091/1211/1093 1090/1210/1092 1092/1213/1095
f 1095/1214/1096 1093/1212/1094 1092/1213/1095 1094/1215/1097
f 1094/1215/1097 1096/1216/1098 1097/1217/1099 1095/1214/1096
f 1096/1216/1098 1098/1218/1100 1099/1219/1101 1097/1217/1099
f 1101/1220/1102 1099/1219/1101 1098/1218/1100 1100/1221/1103
f 1103/1222/1104 2326/1223/1105 2327/1224/1106 1102/1225/1107
f 2356/1226/1108 2357/1227/1109 1104/1228/1110 1105/1229/1111
f 1101/1220/1102 1100/1221/1103 1106/1230/1112 1107/1231/1113
f 1105/1229/1111 1104/1228/1110 1233/1232/1114 1234/1233/1115
f 1107/1231/1113 1106/1230/1112 1109/1234/1116 1108/1235/1117
f 1113/1236/1118 1110/1237/1119 1111/1238/1120 1112/1239/1121
f 2379/1240/1122 2380/1241/1123 1111/1238/1120 1110/1237/1119
f 1114/1242/1124 1116/1243/1125 1117/1244/1126 1115/1245/1127
f 1116/1243/1125 1118/1246/1128 1119/1247/1129 1117/1244/1126
f 1118/1246/1128 1120/1248/1130 1121/1249/1131 1119/1247/1129
f 1120/1248/1130 1122/1250/1132 1123/1251/1133 1121/1249/1131
f 1122/1252/1132 1124/1253/1134 1125/1254/1135 1123/1255/1133
f 1125/1254/1135 1124/1253/1134 1126/1256/1136 1127/1257/1137
f 1129/1258/1138 1127/1257/1137 1126/1256/1136 1128/1259/1139
f 1128/1259/1139 1130/1260/1140 1131/1261/1141 1129/1258/1138
f 1130/1260/1140 1132/1262/1142 1133/1263/1143 1131/1261/1141
f 1135/1264/1144 1133/1263/1143 1132/1262/1142 1134/1265/1145
f 1137/1266/1146 1135/1264/1144 1134/1265/1145 1136/1267/1147
f 1136/1267/1147 1138/1268/1148 1139/1269/1149 1137/1266/1146
f 1112/1239/1121 2311/1270/1150 2312/1271/1151 1113/1236/1118
f 1141/1272/1152 1140/1273/1153 2341/1274/1154 2342/1275/1155
f 1139/1269/1149 1138/1268/1148 1144/1276/1156 1145/1277/1157
f 1237/1278/1158 1238/1279/1159 1146/1280/1160 1147/1281/1161
f 1145/1277/1157 1144/1276/1156 1147/1282/1161 1146/1283/1160
f 1098/1218/1100 1096/1216/1098 1148/1284/1162 1149/1285/1163
f 1135/1264/1144 1137/1266/1146 1150/1286/1164 1151/1287/1165
f 1149/1285/1163 1148/1284/1162 1152/1288/1166 1153/1289/1167
f 1151/1287/1165 1150/1286/1164 1154/1290/1168 1155/1291/1169
f 1152/1288/1166 1148/1284/1162 1275/1292/1170 1276/1293/1171
f 1195/1294/1172 1196/1295/1173 1159/1296/1174 1158/1297/1175
f 1157/1298/1176 1156/1299/1177 1160/1300/1178 1161/1301/1179
f 1161/1301/1179 1160/1300/1178 1158/1297/1175 1159/1296/1174
f 2325/1302/1180 2326/1223/1105 1103/1222/1104 1162/1303/1181
f 2310/1304/1182 2311/1270/1150 1112/1239/1121 1164/1305/1183
f 2324/1306/1184 2325/1302/1180 1162/1303/1181 1166/1307/1185
f 2309/1308/1186 2310/1304/1182 1164/1305/1183 1168/1309/1187
f 2355/1310/1188 2356/1226/1108 1105/1229/1111 1170/1311/1189
f 1140/1273/1153 1165/1312/1190 2340/1313/1191 2341/1274/1154
f 2354/1314/1192 2355/1310/1188 1170/1311/1189 1172/1315/1193
f 1165/1312/1190 1169/1316/1194 2339/1317/1195 2340/1313/1191
f 1170/1311/1189 1235/1318/1196 1236/1319/1197 1172/1315/1193
f 1177/1320/1198 1239/1321/1199 1240/1322/1200 1176/1323/1201
f 1105/1229/1111 1234/1233/1115 1235/1318/1196 1170/1311/1189
f 1146/1280/1160 1238/1279/1159 1239/1321/1199 1177/1320/1198
f 1100/1221/1103 1098/1218/1100 1149/1285/1163 1178/1324/1202
f 1106/1230/1112 1100/1221/1103 1178/1324/1202 1179/1325/1203
f 1109/1234/1116 1106/1230/1112 1179/1325/1203 1174/1326/1204
f 1137/1266/1146 1139/1269/1149 1180/1327/1205 1150/1286/1164
f 1139/1269/1149 1145/1277/1157 1181/1328/1206 1180/1327/1205
f 1145/1277/1157 1146/1283/1160 1177/1329/1198 1181/1328/1206
f 1178/1324/1202 1149/1285/1163 1153/1289/1167 1182/1330/1207
f 1179/1325/1203 1178/1324/1202 1182/1330/1207 1183/1331/1208
f 1174/1326/1204 1179/1325/1203 1183/1331/1208 1175/1332/1209
f 1150/1286/1164 1180/1327/1205 1184/1333/1210 1154/1290/1168
f 1180/1327/1205 1181/1328/1206 1185/1334/1211 1184/1333/1210
f 1181/1328/1206 1177/1329/1198 1176/1335/1201 1185/1334/1211
f 1187/1336/1212 1194/1337/1213 1195/1294/1172 1158/1297/1175
f 1189/1338/1214 1274/1339/1215 1275/1292/1170 1148/1284/1162
f 1135/1264/1144 1151/1287/1165 1186/1340/1216 1133/1263/1143
f 1148/1284/1162 1096/1216/1098 1094/1215/1097 1189/1338/1214
f 1160/1300/1178 1190/1341/1217 1187/1336/1212 1158/1297/1175
f 1156/1299/1177 1188/1342/1218 1190/1341/1217 1160/1300/1178
f 1192/1343/1219 1191/1344/1220 1188/1342/1218 1156/1299/1177
f 1193/1345/1221 1192/1343/1219 1156/1299/1177 1157/1298/1176
f 1195/1294/1172 1194/1337/1213 1280/1346/1222 1281/1347/1223
f 1281/1347/1223 1282/1348/1224 1196/1295/1173 1195/1294/1172
f 1168/1309/1187 1164/1305/1183 1197/1349/1225 1198/1350/1226
f 1163/1351/1227 1167/1352/1228 1199/1353/1229 1200/1354/1230
f 1112/1239/1121 1111/1238/1120 1197/1349/1225 1164/1305/1183
f 1074/1191/1075 1073/1190/1074 1163/1351/1227 1200/1354/1230
f 1197/1349/1225 1603/1355/1231 1604/1356/1232 1198/1350/1226
f 1204/1357/1233 1616/1358/1234 1617/1359/1235 1203/1360/1236
f 1111/1238/1120 2380/1241/1123 2381/1361/1237 1197/1349/1225
f 2393/1362/1238 2394/1192/1076 1074/1191/1075 1200/1354/1230
f 2381/1361/1237 2382/1363/1239 1603/1355/1231 1197/1349/1225
f 2391/1364/1240 2392/1365/1241 1616/1358/1234 1204/1357/1233
f 1202/1366/1242 1201/1367/1243 1576/1368/1244 1577/1369/1245
f 1590/1370/1246 1591/1371/1247 1211/1372/1248 1212/1373/1249
f 1201/1367/1243 2383/1374/1250 2384/1375/1251 1576/1368/1244
f 2389/1376/1252 2390/1377/1253 1590/1370/1246 1212/1373/1249
f 1633/1378/1254 1634/1379/1255 1215/1380/1256 1216/1381/1257
f 1212/1373/1249 1211/1372/1248 1620/1382/1258 1621/1383/1259
f 1634/1379/1255 2386/1384/1260 2387/1385/1261 1215/1380/1256
f 2388/1386/1262 2389/1376/1252 1212/1373/1249 1621/1383/1259
f 1175/1332/1209 1183/1331/1208 1218/1387/1263 1219/1388/1264
f 1185/1334/1211 1176/1335/1201 1220/1389/1265 1221/1390/1266
f 1153/1289/1167 1152/1288/1166 1222/1391/1267 1223/1392/1268
f 1155/1291/1169 1154/1290/1168 1224/1393/1269 1225/1394/1270
f 1152/1288/1166 1276/1293/1171 1277/1395/1271 1222/1391/1267
f 1196/1295/1173 1282/1348/1224 1283/1396/1272 1227/1397/1273
f 1229/1398/1274 1228/1399/1275 1157/1298/1176 1161/1301/1179
f 1230/1400/1276 1229/1398/1274 1161/1301/1179 1159/1296/1174
f 1182/1330/1207 1153/1289/1167 1223/1392/1268 1231/1401/1277
f 1183/1331/1208 1182/1330/1207 1231/1401/1277 1218/1387/1263
f 1154/1290/1168 1184/1333/1210 1232/1402/1278 1224/1393/1269
f 1184/1333/1210 1185/1334/1211 1221/1390/1266 1232/1402/1278
f 1193/1345/1221 1157/1298/1176 1228/1399/1275 1226/1403/1279
f 1159/1296/1174 1196/1295/1173 1227/1397/1273 1230/1400/1276
f 1234/1233/1115 1233/1232/1114 1108/1404/1117 1109/1405/1116
f 1235/1318/1196 1234/1233/1115 1109/1405/1116 1174/1406/1204
f 1236/1319/1197 1235/1318/1196 1174/1406/1204 1175/1407/1209
f 1143/1408/1280 1142/1409/1281 1238/1279/1159 1237/1278/1158
f 1239/1321/1199 1238/1279/1159 1142/1409/1281 1171/1410/1282
f 1240/1322/1200 1239/1321/1199 1171/1410/1282 1173/1411/1283
f 1236/1319/1197 1175/1407/1209 1219/1412/1264 1241/1413/1284
f 1176/1323/1201 1240/1322/1200 1242/1414/1285 1220/1415/1265
f 1240/1322/1200 1173/1411/1283 1243/1416/1286 1242/1414/1285
f 1172/1315/1193 1236/1319/1197 1241/1413/1284 1244/1417/1287
f 2353/1418/1288 2354/1314/1192 1172/1315/1193 1244/1417/1287
f 2338/1419/1289 2339/1317/1195 1169/1316/1194 1246/1420/1290
f 2323/1421/1291 2324/1306/1184 1166/1307/1185 1245/1422/1292
f 2308/1423/1293 2309/1308/1186 1168/1309/1187 1248/1424/1294
f 1168/1309/1187 1198/1350/1226 1249/1425/1295 1248/1424/1294
f 1199/1353/1229 1167/1352/1228 1247/1426/1296 1250/1427/1297
f 1198/1350/1226 1604/1356/1232 1605/1428/1298 1249/1425/1295
f 1203/1360/1236 1617/1359/1235 1618/1429/1299 1252/1430/1300
f 1202/1366/1242 1577/1369/1245 1578/1431/1301 1251/1432/1302
f 1211/1372/1248 1591/1371/1247 1592/1433/1303 1254/1434/1304
f 1632/1435/1305 1633/1378/1254 1216/1381/1257 1255/1436/1306
f 1619/1437/1307 1620/1382/1258 1211/1372/1248 1254/1434/1304
f 1194/1337/1213 1187/1336/1212 1256/1438/1308 1257/1439/1309
f 1273/1440/1310 1274/1339/1215 1189/1338/1214 1258/1441/1311
f 1133/1263/1143 1186/1340/1216 1260/1442/1312 1131/1261/1141
f 1189/1338/1214 1094/1215/1097 1092/1213/1095 1258/1441/1311
f 1190/1341/1217 1261/1443/1313 1256/1438/1308 1187/1336/1212
f 1188/1342/1218 1262/1444/1314 1261/1443/1313 1190/1341/1217
f 1188/1342/1218 1191/1344/1220 1259/1445/1315 1262/1444/1314
f 1279/1446/1316 1280/1346/1222 1194/1337/1213 1257/1439/1309
f 1257/1439/1309 1256/1438/1308 1263/1447/1317 1264/1448/1318
f 1272/1449/1319 1273/1440/1310 1258/1441/1311 1265/1450/1320
f 1131/1261/1141 1260/1442/1312 1267/1451/1321 1268/1452/1322
f 1258/1441/1311 1092/1213/1095 1269/1453/1323 1265/1450/1320
f 1262/1444/1314 1259/1445/1315 1266/1454/1324 1271/1455/1325
f 1278/1456/1326 1279/1446/1316 1257/1439/1309 1264/1448/1318
f 1270/1457/1327 1261/1443/1313 1262/1444/1314 1271/1455/1325
f 1263/1447/1317 1256/1438/1308 1261/1443/1313 1270/1457/1327
f 1259/1445/1315 1273/1440/1310 1272/1449/1319 1266/1454/1324
f 1191/1344/1220 1274/1339/1215 1273/1440/1310 1259/1445/1315
f 1275/1292/1170 1274/1339/1215 1191/1344/1220 1192/1343/1219
f 1276/1293/1171 1275/1292/1170 1192/1343/1219 1193/1345/1221
f 1277/1395/1271 1276/1293/1171 1193/1345/1221 1226/1403/1279
f 1260/1442/1312 1279/1446/1316 1278/1456/1326 1267/1451/1321
f 1186/1340/1216 1280/1346/1222 1279/1446/1316 1260/1442/1312
f 1281/1347/1223 1280/1346/1222 1186/1340/1216 1151/1287/1165
f 1151/1287/1165 1155/1291/1169 1282/1348/1224 1281/1347/1223
f 1283/1396/1272 1282/1348/1224 1155/1291/1169 1225/1394/1270
f 1205/1458/1328 1115/1245/1127 1117/1244/1126 1284/1459/1329
f 1076/1196/1080 1206/1460/1330 1285/1461/1331 1078/1197/1081
f 1601/1462/1332 1602/1463/1333 1205/1458/1328 1284/1459/1329
f 1614/1464/1334 1615/1465/1335 1208/1466/1336 1287/1467/1337
f 1574/1468/1338 1575/1469/1339 1207/1470/1340 1286/1471/1341
f 1588/1472/1342 1589/1473/1343 1214/1474/1344 1289/1475/1345
f 1217/1476/1346 1635/1477/1347 1636/1478/1348 1290/1479/1349
f 1214/1474/1344 1622/1480/1350 1623/1481/1351 1289/1475/1345
f 1131/1261/1141 1268/1452/1322 1291/1482/1352 1129/1258/1138
f 1269/1453/1323 1092/1213/1095 1090/1210/1092 1292/1483/1353
f 1129/1258/1138 1291/1482/1352 1293/1484/1354 1127/1257/1137
f 1292/1483/1353 1090/1210/1092 1088/1208/1090 1294/1485/1355
f 1127/1257/1137 1293/1484/1354 1295/1486/1356 1125/1254/1135
f 1294/1485/1355 1088/1208/1090 1086/1207/1089 1296/1487/1357
f 1125/1254/1135 1295/1486/1356 1297/1488/1358 1123/1255/1133
f 1296/1487/1357 1086/1207/1089 1084/1206/1087 1298/1489/1359
f 1299/1490/1360 1121/1249/1131 1123/1251/1133 1297/1491/1358
f 1082/1201/1085 1300/1492/1361 1298/1493/1359 1084/1203/1087
f 1121/1249/1131 1299/1490/1360 1301/1494/1362 1119/1247/1129
f 1300/1492/1361 1082/1201/1085 1080/1199/1083 1302/1495/1363
f 1119/1247/1129 1301/1494/1362 1303/1496/1364 1117/1244/1126
f 1302/1495/1363 1080/1199/1083 1078/1197/1081 1304/1497/1365
f 1305/1498/1366 1284/1459/1329 1117/1244/1126 1303/1496/1364
f 1285/1461/1331 1306/1499/1367 1304/1497/1365 1078/1197/1081
f 1600/1500/1368 1601/1462/1332 1284/1459/1329 1305/1498/1366
f 1613/1501/1369 1614/1464/1334 1287/1467/1337 1308/1502/1370
f 1573/1503/1371 1574/1468/1338 1286/1471/1341 1307/1504/1372
f 1587/1505/1373 1588/1472/1342 1289/1475/1345 1310/1506/1374
f 1290/1479/1349 1636/1478/1348 1637/1507/1375 1311/1508/1376
f 1289/1475/1345 1623/1481/1351 1624/1509/1377 1310/1506/1374
f 1264/1448/1318 1263/1447/1317 1344/1510/1378 1345/1511/1379
f 1272/1449/1319 1265/1450/1320 1371/1512/1380 1372/1513/1381
f 1268/1452/1322 1267/1451/1321 1347/1514/1382 1348/1515/1383
f 1265/1450/1320 1269/1453/1323 1370/1516/1384 1371/1512/1380
f 1271/1455/1325 1266/1454/1324 1373/1517/1385 1374/1518/1386
f 1278/1456/1326 1264/1448/1318 1345/1511/1379 1346/1519/1387
f 1374/1518/1386 1375/1520/1388 1270/1457/1327 1271/1455/1325
f 1375/1520/1388 1344/1510/1378 1263/1447/1317 1270/1457/1327
f 1266/1454/1324 1272/1449/1319 1372/1513/1381 1373/1517/1385
f 1267/1451/1321 1278/1456/1326 1346/1519/1387 1347/1514/1382
f 1291/1482/1352 1268/1452/1322 1348/1515/1383 1349/1521/1389
f 1269/1453/1323 1292/1483/1353 1369/1522/1390 1370/1516/1384
f 1293/1484/1354 1291/1482/1352 1349/1521/1389 1350/1523/1391
f 1292/1483/1353 1294/1485/1355 1368/1524/1392 1369/1522/1390
f 1295/1486/1356 1293/1484/1354 1350/1523/1391 1351/1525/1393
f 1294/1485/1355 1296/1487/1357 1367/1526/1394 1368/1524/1392
f 1297/1488/1358 1295/1486/1356 1351/1525/1393 1352/1527/1395
f 1296/1487/1357 1298/1489/1359 1366/1528/1396 1367/1526/1394
f 1299/1490/1360 1297/1491/1358 1352/1529/1395 1353/1530/1397
f 1298/1493/1359 1300/1492/1361 1365/1531/1398 1366/1532/1396
f 1301/1494/1362 1299/1490/1360 1353/1530/1397 1354/1533/1399
f 1300/1492/1361 1302/1495/1363 1364/1534/1400 1365/1531/1398
f 1303/1496/1364 1301/1494/1362 1354/1533/1399 1355/1535/1401
f 1302/1495/1363 1304/1497/1365 1363/1536/1402 1364/1534/1400
f 1305/1498/1366 1303/1496/1364 1355/1535/1401 1356/1537/1403
f 1304/1497/1365 1306/1499/1367 1362/1538/1404 1363/1536/1402
f 1599/1539/1405 1600/1500/1368 1305/1498/1366 1356/1537/1403
f 1612/1540/1406 1613/1501/1369 1308/1502/1370 1361/1541/1407
f 1572/1542/1408 1573/1503/1371 1307/1504/1372 1357/1543/1409
f 1586/1544/1410 1587/1505/1373 1310/1506/1374 1360/1545/1411
f 1311/1508/1376 1637/1507/1375 1638/1546/1412 1359/1547/1413
f 1310/1506/1374 1624/1509/1377 1625/1548/1414 1360/1545/1411
f 1345/1511/1379 1344/1510/1378 1312/1549/1415 1313/1550/1416
f 1346/1519/1387 1345/1511/1379 1313/1550/1416 1322/1551/1417
f 1347/1514/1382 1346/1519/1387 1322/1551/1417 1316/1552/1418
f 1348/1515/1383 1347/1514/1382 1316/1552/1418 1317/1553/1419
f 1349/1521/1389 1348/1515/1383 1317/1553/1419 1323/1554/1420
f 1350/1523/1391 1349/1521/1389 1323/1554/1420 1325/1555/1421
f 1351/1525/1393 1350/1523/1391 1325/1555/1421 1327/1556/1422
f 1352/1527/1395 1351/1525/1393 1327/1556/1422 1329/1557/1423
f 1353/1530/1397 1352/1529/1395 1329/1558/1423 1331/1559/1424
f 1354/1533/1399 1353/1530/1397 1331/1559/1424 1333/1560/1425
f 1355/1535/1401 1354/1533/1399 1333/1560/1425 1335/1561/1426
f 1356/1537/1403 1355/1535/1401 1335/1561/1426 1337/1562/1427
f 1598/1563/1428 1599/1539/1405 1356/1537/1403 1337/1562/1427
f 1571/1564/1429 1572/1542/1408 1357/1543/1409 1339/1565/1430
f 1359/1547/1413 1638/1546/1412 1639/1566/1431 1343/1567/1432
f 1360/1545/1411 1625/1548/1414 1626/1568/1433 1342/1569/1434
f 1585/1570/1435 1586/1544/1410 1360/1545/1411 1342/1569/1434
f 1611/1571/1436 1612/1540/1406 1361/1541/1407 1340/1572/1437
f 1363/1536/1402 1362/1538/1404 1338/1573/1438 1336/1574/1439
f 1364/1534/1400 1363/1536/1402 1336/1574/1439 1334/1575/1440
f 1365/1531/1398 1364/1534/1400 1334/1575/1440 1332/1576/1441
f 1366/1532/1396 1365/1531/1398 1332/1576/1441 1330/1577/1442
f 1367/1526/1394 1366/1528/1396 1330/1578/1442 1328/1579/1443
f 1368/1524/1392 1367/1526/1394 1328/1579/1443 1326/1580/1444
f 1369/1522/1390 1368/1524/1392 1326/1580/1444 1324/1581/1445
f 1370/1516/1384 1369/1522/1390 1324/1581/1445 1318/1582/1446
f 1371/1512/1380 1370/1516/1384 1318/1582/1446 1314/1583/1447
f 1372/1513/1381 1371/1512/1380 1314/1583/1447 1315/1584/1448
f 1373/1517/1385 1372/1513/1381 1315/1584/1448 1321/1585/1449
f 1374/1518/1386 1373/1517/1385 1321/1585/1449 1320/1586/1450
f 1320/1586/1450 1319/1587/1451 1375/1520/1388 1374/1518/1386
f 1319/1587/1451 1312/1549/1415 1344/1510/1378 1375/1520/1388
f 1313/1550/1416 1312/1549/1415 1408/1588/1452 1409/1589/1453
f 1315/1584/1448 1314/1583/1447 1435/1590/1454 1436/1591/1455
f 1317/1553/1419 1316/1552/1418 1411/1592/1456 1412/1593/1457
f 1314/1583/1447 1318/1582/1446 1434/1594/1458 1435/1590/1454
f 1320/1586/1450 1321/1585/1449 1437/1595/1459 1438/1596/1460
f 1322/1551/1417 1313/1550/1416 1409/1589/1453 1410/1597/1461
f 1319/1587/1451 1320/1586/1450 1438/1596/1460 1439/1598/1462
f 1312/1549/1415 1319/1587/1451 1439/1598/1462 1408/1588/1452
f 1321/1585/1449 1315/1584/1448 1436/1591/1455 1437/1595/1459
f 1316/1552/1418 1322/1551/1417 1410/1597/1461 1411/1592/1456
f 1323/1554/1420 1317/1553/1419 1412/1593/1457 1413/1599/1463
f 1318/1582/1446 1324/1581/1445 1433/1600/1464 1434/1594/1458
f 1325/1555/1421 1323/1554/1420 1413/1599/1463 1414/1601/1465
f 1324/1581/1445 1326/1580/1444 1432/1602/1466 1433/1600/1464
f 1327/1556/1422 1325/1555/1421 1414/1601/1465 1415/1603/1467
f 1326/1580/1444 1328/1579/1443 1431/1604/1468 1432/1602/1466
f 1329/1557/1423 1327/1556/1422 1415/1603/1467 1416/1605/1469
f 1328/1579/1443 1330/1578/1442 1430/1606/1470 1431/1604/1468
f 1331/1559/1424 1329/1558/1423 1416/1607/1469 1417/1608/1471
f 1330/1577/1442 1332/1576/1441 1429/1609/1472 1430/1610/1470
f 1333/1560/1425 1331/1559/1424 1417/1608/1471 1418/1611/1473
f 1332/1576/1441 1334/1575/1440 1428/1612/1474 1429/1609/1472
f 1335/1561/1426 1333/1560/1425 1418/1611/1473 1419/1613/1475
f 1334/1575/1440 1336/1574/1439 1427/1614/1476 1428/1612/1474
f 1337/1562/1427 1335/1561/1426 1419/1613/1475 1420/1615/1477
f 1336/1574/1439 1338/1573/1438 1426/1616/1478 1427/1614/1476
f 1597/1617/1479 1598/1563/1428 1337/1562/1427 1420/1615/1477
f 1610/1618/1480 1611/1571/1436 1340/1572/1437 1425/1619/1481
f 1570/1620/1482 1571/1564/1429 1339/1565/1430 1421/1621/1483
f 1584/1622/1484 1585/1570/1435 1342/1569/1434 1424/1623/1485
f 1343/1567/1432 1639/1566/1431 1640/1624/1486 1423/1625/1487
f 1342/1569/1434 1626/1568/1433 1627/1626/1488 1424/1623/1485
f 1409/1589/1453 1408/1588/1452 1376/1627/1489 1377/1628/1490
f 1410/1597/1461 1409/1589/1453 1377/1628/1490 1385/1629/1491
f 1411/1592/1456 1410/1597/1461 1385/1629/1491 1380/1630/1492
f 1412/1593/1457 1411/1592/1456 1380/1630/1492 1381/1631/1493
f 1413/1599/1463 1412/1593/1457 1381/1631/1493 1387/1632/1494
f 1414/1601/1465 1413/1599/1463 1387/1632/1494 1389/1633/1495
f 1415/1603/1467 1414/1601/1465 1389/1633/1495 1391/1634/1496
f 1416/1605/1469 1415/1603/1467 1391/1634/1496 1393/1635/1497
f 1417/1608/1471 1416/1607/1469 1393/1636/1497 1395/1637/1498
f 1418/1611/1473 1417/1608/1471 1395/1637/1498 1397/1638/1499
f 1419/1613/1475 1418/1611/1473 1397/1638/1499 1399/1639/1500
f 1420/1615/1477 1419/1613/1475 1399/1639/1500 1401/1640/1501
f 1596/1641/1502 1597/1617/1479 1420/1615/1477 1401/1640/1501
f 1569/1642/1503 1570/1620/1482 1421/1621/1483 1403/1643/1504
f 1423/1625/1487 1640/1624/1486 1641/1644/1505 1407/1645/1506
f 1424/1623/1485 1627/1626/1488 1628/1646/1507 1406/1647/1508
f 1583/1648/1509 1584/1622/1484 1424/1623/1485 1406/1647/1508
f 1609/1649/1510 1610/1618/1480 1425/1619/1481 1404/1650/1511
f 1427/1614/1476 1426/1616/1478 1402/1651/1512 1400/1652/1513
f 1428/1612/1474 1427/1614/1476 1400/1652/1513 1398/1653/1514
f 1429/1609/1472 1428/1612/1474 1398/1653/1514 1396/1654/1515
f 1430/1610/1470 1429/1609/1472 1396/1654/1515 1394/1655/1516
f 1431/1604/1468 1430/1606/1470 1394/1656/1516 1392/1657/1517
f 1432/1602/1466 1431/1604/1468 1392/1657/1517 1390/1658/1518
f 1433/1600/1464 1432/1602/1466 1390/1658/1518 1388/1659/1519
f 1434/1594/1458 1433/1600/1464 1388/1659/1519 1382/1660/1520
f 1435/1590/1454 1434/1594/1458 1382/1660/1520 1378/1661/1521
f 1436/1591/1455 1435/1590/1454 1378/1661/1521 1379/1662/1522
f 1437/1595/1459 1436/1591/1455 1379/1662/1522 1383/1663/1523
f 1438/1596/1460 1437/1595/1459 1383/1663/1523 1384/1664/1524
f 1439/1598/1462 1438/1596/1460 1384/1664/1524 1386/1665/1525
f 1408/1588/1452 1439/1598/1462 1386/1665/1525 1376/1627/1489
f 1377/1628/1490 1376/1627/1489 1440/1666/1526 1441/1667/1527
f 1379/1662/1522 1378/1661/1521 1442/1668/1528 1443/1669/1529
f 1381/1631/1493 1380/1630/1492 1444/1670/1530 1445/1671/1531
f 1378/1661/1521 1382/1660/1520 1446/1672/1532 1442/1668/1528
f 1384/1664/1524 1383/1663/1523 1447/1673/1533 1448/1674/1534
f 1385/1629/1491 1377/1628/1490 1441/1667/1527 1449/1675/1535
f 1386/1665/1525 1384/1664/1524 1448/1674/1534 1450/1676/1536
f 1376/1627/1489 1386/1665/1525 1450/1676/1536 1440/1666/1526
f 1383/1663/1523 1379/1662/1522 1443/1669/1529 1447/1673/1533
f 1380/1630/1492 1385/1629/1491 1449/1675/1535 1444/1670/1530
f 1387/1632/1494 1381/1631/1493 1445/1671/1531 1451/1677/1537
f 1382/1660/1520 1388/1659/1519 1452/1678/1538 1446/1672/1532
f 1389/1633/1495 1387/1632/1494 1451/1677/1537 1453/1679/1539
f 1388/1659/1519 1390/1658/1518 1454/1680/1540 1452/1678/1538
f 1391/1634/1496 1389/1633/1495 1453/1679/1539 1455/1681/1541
f 1390/1658/1518 1392/1657/1517 1456/1682/1542 1454/1680/1540
f 1393/1635/1497 1391/1634/1496 1455/1681/1541 1457/1683/1543
f 1392/1657/1517 1394/1656/1516 1458/1684/1544 1456/1682/1542
f 1395/1637/1498 1393/1636/1497 1457/1685/1543 1459/1686/1545
f 1394/1655/1516 1396/1654/1515 1460/1687/1546 1458/1688/1544
f 1397/1638/1499 1395/1637/1498 1459/1686/1545 1461/1689/1547
f 1396/1654/1515 1398/1653/1514 1462/1690/1548 1460/1687/1546
f 1399/1639/1500 1397/1638/1499 1461/1689/1547 1463/1691/1549
f 1398/1653/1514 1400/1652/1513 1464/1692/1550 1462/1690/1548
f 1401/1640/1501 1399/1639/1500 1463/1691/1549 1465/1693/1551
f 1400/1652/1513 1402/1651/1512 1466/1694/1552 1464/1692/1550
f 1595/1695/1553 1596/1641/1502 1401/1640/1501 1465/1693/1551
f 1608/1696/1554 1609/1649/1510 1404/1650/1511 1468/1697/1555
f 1568/1698/1556 1569/1642/1503 1403/1643/1504 1467/1699/1557
f 1582/1700/1558 1583/1648/1509 1406/1647/1508 1470/1701/1559
f 1407/1645/1506 1641/1644/1505 1642/1702/1560 1471/1703/1561
f 1406/1647/1508 1628/1646/1507 1629/1704/1562 1470/1701/1559
f 1441/1667/1527 1440/1666/1526 4289/4977/1563 4290/4978/1564
f 1443/1669/1529 1442/1668/1528 4284/4972/1565 4285/4973/1566
f 1445/1671/1531 1444/1670/1530 4292/4980/1567 4293/4981/1568
f 1442/1668/1528 1446/1672/1532 4283/4971/1569 4284/4972/1565
f 1448/1674/1534 1447/1673/1533 4286/4974/1570 4287/4975/1571
f 1449/1675/1535 1441/1667/1527 4290/4978/1564 4291/4979/1572
f 1450/1676/1536 1448/1674/1534 4287/4975/1571 4288/4976/1573
f 1440/1666/1526 1450/1676/1536 4288/4976/1573 4289/4977/1563
f 1447/1673/1533 1443/1669/1529 4285/4973/1566 4286/4974/1570
f 1444/1670/1530 1449/1675/1535 4291/4979/1572 4292/4980/1567
f 1451/1677/1537 1445/1671/1531 4293/4981/1568 4294/4982/1574
f 1446/1672/1532 1452/1678/1538 4282/4970/1575 4283/4971/1569
f 1453/1679/1539 1451/1677/1537 4294/4982/1574 4295/4983/1576
f 1452/1678/1538 1454/1680/1540 4281/4969/1577 4282/4970/1575
f 1455/1681/1541 1453/1679/1539 4295/4983/1576 4296/4984/1578
f 1454/1680/1540 1456/1682/1542 4280/4968/1579 4281/4969/1577
f 1457/1683/1543 1455/1681/1541 4296/4984/1578 4297/4986/1580
f 1456/1682/1542 1458/1684/1544 4279/4966/1581 4280/4968/1579
f 1459/1686/1545 1457/1685/1543 4297/4985/1580 4298/4987/1582
f 1458/1688/1544 1460/1687/1546 4278/4965/1583 4279/4967/1581
f 1461/1689/1547 1459/1686/1545 4298/4987/1582 4299/4988/1584
f 1460/1687/1546 1462/1690/1548 4277/4964/1585 4278/4965/1583
f 1463/1691/1549 1461/1689/1547 4299/4988/1584 4300/4989/1586
f 1462/1690/1548 1464/1692/1550 4276/4963/1587 4277/4964/1585
f 1465/1693/1551 1463/1691/1549 4300/4989/1586 4301/4990/1588
f 1464/1692/1550 1466/1694/1552 4275/4962/1589 4276/4963/1587
f 4301/4990/1588 4302/4991/1590 1595/1695/1553 1465/1693/1551
f 4311/5000/1591 4312/5001/1592 1608/1696/1554 1468/1697/1555
f 4303/4992/1593 4304/4993/1594 1568/1698/1556 1467/1699/1557
f 4306/4995/1595 4307/4996/1596 1471/1703/1561 1642/1702/1560
f 1470/1701/1559 4309/4998/1597 4310/4999/1598 1582/1700/1558
f 1629/1704/1562 4308/4997/1599 4309/4998/1597 1470/1701/1559
f 1473/1706/1600 1472/1705/1601 1533/1744/1602 1534/1745/1603
f 1475/1708/1604 1474/1707/1605 1560/1746/1606 1561/1747/1607
f 1477/1710/1608 1476/1709/1609 1536/1748/1610 1537/1749/1611
f 1474/1707/1605 1478/1711/1612 1559/1750/1613 1560/1746/1606
f 1480/1713/1614 1479/1712/1615 1562/1751/1616 1563/1752/1617
f 1481/1714/1618 1473/1706/1600 1534/1745/1603 1535/1753/1619
f 1479/1712/1615 1475/1708/1604 1561/1747/1607 1562/1751/1616
f 1476/1709/1609 1481/1714/1618 1535/1753/1619 1536/1748/1610
f 1483/1716/1620 1477/1710/1608 1537/1749/1611 1538/1754/1621
f 1478/1711/1612 1484/1717/1622 1558/1755/1623 1559/1750/1613
f 1485/1718/1624 1483/1716/1620 1538/1754/1621 1539/1756/1625
f 1484/1717/1622 1486/1719/1626 1557/1757/1627 1558/1755/1623
f 1487/1720/1628 1485/1718/1624 1539/1756/1625 1540/1758/1629
f 1486/1719/1626 1488/1721/1630 1556/1759/1631 1557/1757/1627
f 1489/1722/1632 1487/1720/1628 1540/1758/1629 1541/1760/1633
f 1488/1721/1630 1490/1723/1634 1555/1761/1635 1556/1759/1631
f 1491/1725/1636 1489/1724/1632 1541/1762/1633 1542/1763/1637
f 1490/1727/1634 1492/1726/1638 1554/1764/1639 1555/1765/1635
f 1493/1728/1640 1491/1725/1636 1542/1763/1637 1543/1766/1641
f 1492/1726/1638 1494/1729/1642 1553/1767/1643 1554/1764/1639
f 1495/1730/1644 1493/1728/1640 1543/1766/1641 1544/1768/1645
f 1494/1729/1642 1496/1731/1646 1552/1769/1647 1553/1767/1643
f 1497/1732/1648 1495/1730/1644 1544/1768/1645 1545/1770/1649
f 1496/1731/1646 1498/1733/1650 1551/1771/1651 1552/1769/1647
f 1593/1772/1652 1594/1734/1653 1497/1732/1648 1545/1770/1649
f 1606/1773/1654 1607/1735/1655 1500/1736/1656 1550/1774/1657
f 1566/1775/1658 1567/1737/1659 1499/1738/1660 1546/1776/1661
f 1580/1777/1662 1581/1742/1663 1502/1741/1664 1549/1778/1665
f 1503/1739/1666 1643/1740/1667 1644/1779/1668 1548/1780/1669
f 1502/1741/1664 1630/1743/1670 1631/1781/1671 1549/1778/1665
f 1482/1715/1672 1564/1782/1673 1533/1744/1602 1472/1705/1601
f 1563/1752/1617 1564/1782/1673 1482/1715/1672 1480/1713/1614
f 1534/1745/1603 1533/1744/1602 1645/1783/1674 1646/1784/1675
f 1535/1753/1619 1534/1745/1603 1646/1784/1675 1647/1785/1676
f 1536/1748/1610 1535/1753/1619 1647/1785/1676 1648/1786/1677
f 1537/1749/1611 1536/1748/1610 1648/1786/1677 1649/1787/1678
f 1538/1754/1621 1537/1749/1611 1649/1787/1678 1650/1788/1679
f 1539/1756/1625 1538/1754/1621 1650/1788/1679 1651/1789/1680
f 1540/1758/1629 1539/1756/1625 1651/1789/1680 1652/1790/1681
f 1541/1760/1633 1540/1758/1629 1652/1790/1681 1653/1791/1682
f 1542/1763/1637 1541/1762/1633 1653/1792/1682 1654/1793/1683
f 1543/1766/1641 1542/1763/1637 1654/1793/1683 1655/1794/1684
f 1544/1768/1645 1543/1766/1641 1655/1794/1684 1656/1795/1685
f 1545/1770/1649 1544/1768/1645 1656/1795/1685 1657/1796/1686
f 1657/1796/1686 1658/1797/1687 1593/1772/1652 1545/1770/1649
f 1659/1798/1688 1660/1799/1689 1566/1775/1658 1546/1776/1661
f 1548/1780/1669 1644/1779/1668 1662/1800/1690 1663/1801/1691
f 1549/1778/1665 1631/1781/1671 1664/1802/1692 1665/1803/1693
f 1665/1803/1693 1666/1804/1694 1580/1777/1662 1549/1778/1665
f 1667/1805/1695 1668/1806/1696 1606/1773/1654 1550/1774/1657
f 1552/1769/1647 1551/1771/1651 1669/1807/1697 1670/1808/1698
f 1553/1767/1643 1552/1769/1647 1670/1808/1698 1671/1809/1699
f 1554/1764/1639 1553/1767/1643 1671/1809/1699 1672/1810/1700
f 1555/1765/1635 1554/1764/1639 1672/1810/1700 1673/1811/1701
f 1556/1759/1631 1555/1761/1635 1673/1812/1701 1674/1813/1702
f 1557/1757/1627 1556/1759/1631 1674/1813/1702 1675/1814/1703
f 1558/1755/1623 1557/1757/1627 1675/1814/1703 1676/1815/1704
f 1559/1750/1613 1558/1755/1623 1676/1815/1704 1677/1816/1705
f 1560/1746/1606 1559/1750/1613 1677/1816/1705 1678/1817/1706
f 1561/1747/1607 1560/1746/1606 1678/1817/1706 1679/1818/1707
f 1562/1751/1616 1561/1747/1607 1679/1818/1707 1680/1819/1708
f 1563/1752/1617 1562/1751/1616 1680/1819/1708 1681/1820/1709
f 1681/1820/1709 1682/1821/1710 1564/1782/1673 1563/1752/1617
f 1533/1744/1602 1564/1782/1673 1682/1821/1710 1645/1783/1674
f 1547/1822/1711 1566/1775/1658 1660/1799/1689 1661/1823/1712
f 1501/1824/1713 1567/1737/1659 1566/1775/1658 1547/1822/1711
f 4304/4993/1594 4305/4994/1714 1469/1825/1715 1568/1698/1556
f 1405/1826/1716 1569/1642/1503 1568/1698/1556 1469/1825/1715
f 1422/1827/1717 1570/1620/1482 1569/1642/1503 1405/1826/1716
f 1341/1828/1718 1571/1564/1429 1570/1620/1482 1422/1827/1717
f 1358/1829/1719 1572/1542/1408 1571/1564/1429 1341/1828/1718
f 1309/1830/1720 1573/1503/1371 1572/1542/1408 1358/1829/1719
f 1288/1831/1721 1574/1468/1338 1573/1503/1371 1309/1830/1720
f 1213/1832/1722 1575/1469/1339 1574/1468/1338 1288/1831/1721
f 1576/1368/1244 2384/1375/1251 2385/1833/1723 1209/1834/1724
f 1577/1369/1245 1576/1368/1244 1209/1834/1724 1210/1835/1725
f 1578/1431/1301 1577/1369/1245 1210/1835/1725 1253/1836/1726
f 1550/1774/1657 1580/1777/1662 1666/1804/1694 1667/1805/1695
f 1500/1736/1656 1581/1742/1663 1580/1777/1662 1550/1774/1657
f 4310/4999/1598 4311/5000/1591 1468/1697/1555 1582/1700/1558
f 1404/1650/1511 1583/1648/1509 1582/1700/1558 1468/1697/1555
f 1425/1619/1481 1584/1622/1484 1583/1648/1509 1404/1650/1511
f 1340/1572/1437 1585/1570/1435 1584/1622/1484 1425/1619/1481
f 1361/1541/1407 1586/1544/1410 1585/1570/1435 1340/1572/1437
f 1308/1502/1370 1587/1505/1373 1586/1544/1410 1361/1541/1407
f 1287/1467/1337 1588/1472/1342 1587/1505/1373 1308/1502/1370
f 1208/1466/1336 1589/1473/1343 1588/1472/1342 1287/1467/1337
f 2390/1377/1253 2391/1364/1240 1204/1357/1233 1590/1370/1246
f 1204/1357/1233 1203/1360/1236 1591/1371/1247 1590/1370/1246
f 1592/1433/1303 1591/1371/1247 1203/1360/1236 1252/1430/1300
f 1546/1776/1661 1593/1772/1652 1658/1797/1687 1659/1798/1688
f 1499/1738/1660 1594/1734/1653 1593/1772/1652 1546/1776/1661
f 4302/4991/1590 4303/4992/1593 1467/1699/1557 1595/1695/1553
f 1403/1643/1504 1596/1641/1502 1595/1695/1553 1467/1699/1557
f 1421/1621/1483 1597/1617/1479 1596/1641/1502 1403/1643/1504
f 1339/1565/1430 1598/1563/1428 1597/1617/1479 1421/1621/1483
f 1357/1543/1409 1599/1539/1405 1598/1563/1428 1339/1565/1430
f 1307/1504/1372 1600/1500/1368 1599/1539/1405 1357/1543/1409
f 1286/1471/1341 1601/1462/1332 1600/1500/1368 1307/1504/1372
f 1207/1470/1340 1602/1463/1333 1601/1462/1332 1286/1471/1341
f 1201/1367/1243 1603/1355/1231 2382/1363/1239 2383/1374/1250
f 1604/1356/1232 1603/1355/1231 1201/1367/1243 1202/1366/1242
f 1605/1428/1298 1604/1356/1232 1202/1366/1242 1251/1432/1302
f 1551/1771/1651 1606/1773/1654 1668/1806/1696 1669/1807/1697
f 1498/1733/1650 1607/1735/1655 1606/1773/1654 1551/1771/1651
f 4312/5001/1592 4275/4962/1589 1466/1694/1552 1608/1696/1554
f 1402/1651/1512 1609/1649/1510 1608/1696/1554 1466/1694/1552
f 1426/1616/1478 1610/1618/1480 1609/1649/1510 1402/1651/1512
f 1338/1573/1438 1611/1571/1436 1610/1618/1480 1426/1616/1478
f 1362/1538/1404 1612/1540/1406 1611/1571/1436 1338/1573/1438
f 1306/1499/1367 1613/1501/1369 1612/1540/1406 1362/1538/1404
f 1285/1461/1331 1614/1464/1334 1613/1501/1369 1306/1499/1367
f 1206/1460/1330 1615/1465/1335 1614/1464/1334 1285/1461/1331
f 1200/1354/1230 1616/1358/1234 2392/1365/1241 2393/1362/1238
f 1617/1359/1235 1616/1358/1234 1200/1354/1230 1199/1353/1229
f 1618/1429/1299 1617/1359/1235 1199/1353/1229 1250/1427/1297
f 1216/1381/1257 1620/1382/1258 1619/1437/1307 1255/1436/1306
f 1621/1383/1259 1620/1382/1258 1216/1381/1257 1215/1380/1256
f 2387/1385/1261 2388/1386/1262 1621/1383/1259 1215/1380/1256
f 1623/1481/1351 1622/1480/1350 1217/1476/1346 1290/1479/1349
f 1624/1509/1377 1623/1481/1351 1290/1479/1349 1311/1508/1376
f 1625/1548/1414 1624/1509/1377 1311/1508/1376 1359/1547/1413
f 1626/1568/1433 1625/1548/1414 1359/1547/1413 1343/1567/1432
f 1627/1626/1488 1626/1568/1433 1343/1567/1432 1423/1625/1487
f 1628/1646/1507 1627/1626/1488 1423/1625/1487 1407/1645/1506
f 1629/1704/1562 1628/1646/1507 1407/1645/1506 1471/1703/1561
f 4307/4996/1596 4308/4997/1599 1629/1704/1562 1471/1703/1561
f 1631/1781/1671 1630/1743/1670 1503/1739/1666 1548/1780/1669
f 1663/1801/1691 1664/1802/1692 1631/1781/1671 1548/1780/1669
f 1210/1835/1725 1633/1378/1254 1632/1435/1305 1253/1836/1726
f 1210/1835/1725 1209/1834/1724 1634/1379/1255 1633/1378/1254
f 1209/1834/1724 2385/1833/1723 2386/1384/1260 1634/1379/1255
f 1636/1478/1348 1635/1477/1347 1213/1832/1722 1288/1831/1721
f 1637/1507/1375 1636/1478/1348 1288/1831/1721 1309/1830/1720
f 1638/1546/1412 1637/1507/1375 1309/1830/1720 1358/1829/1719
f 1639/1566/1431 1638/1546/1412 1358/1829/1719 1341/1828/1718
f 1640/1624/1486 1639/1566/1431 1341/1828/1718 1422/1827/1717
f 1641/1644/1505 1640/1624/1486 1422/1827/1717 1405/1826/1716
f 1642/1702/1560 1641/1644/1505 1405/1826/1716 1469/1825/1715
f 1642/1702/1560 1469/1825/1715 4305/4994/1714 4306/4995/1595
f 1644/1779/1668 1643/1740/1667 1501/1824/1713 1547/1822/1711
f 1661/1823/1712 1662/1800/1690 1644/1779/1668 1547/1822/1711
f 1695/1837/1727 1696/1838/1728 1504/1839/1729 1505/1840/1730
f 1694/1841/1731 1695/1837/1727 1505/1840/1730 1513/1842/1732
f 1693/1843/1733 1694/1841/1731 1513/1842/1732 1508/1844/1734
f 1692/1845/1735 1693/1843/1733 1508/1844/1734 1509/1846/1736
f 1691/1847/1737 1692/1845/1735 1509/1846/1736 1514/1848/1738
f 1690/1849/1739 1691/1847/1737 1514/1848/1738 1516/1850/1740
f 1689/1851/1741 1690/1849/1739 1516/1850/1740 1518/1852/1742
f 1688/1853/1743 1689/1851/1741 1518/1852/1742 1520/1854/1744
f 1687/1855/1745 1688/1856/1743 1520/1857/1744 1522/1858/1746
f 1685/1859/1747 1686/1860/1748 1524/1861/1749 1526/1862/1750
f 1565/1863/1751 1683/1864/1752 1684/1865/1753 1528/1866/1754
f 1714/1867/1755 1683/1864/1752 1565/1863/1751 1530/1868/1756
f 1579/1869/1757 1711/1870/1758 1712/1871/1759 1531/1872/1760
f 1710/1873/1761 1711/1870/1758 1579/1869/1757 1529/1874/1762
f 1708/1875/1763 1709/1876/1764 1527/1877/1765 1525/1878/1766
f 1706/1879/1767 1707/1880/1768 1523/1881/1769 1521/1882/1770
f 1705/1883/1771 1706/1884/1767 1521/1885/1770 1519/1886/1772
f 1704/1887/1773 1705/1883/1771 1519/1886/1772 1517/1888/1774
f 1703/1889/1775 1704/1887/1773 1517/1888/1774 1515/1890/1776
f 1702/1891/1777 1703/1889/1775 1515/1890/1776 1510/1892/1778
f 1701/1893/1779 1702/1891/1777 1510/1892/1778 1506/1894/1780
f 1700/1895/1781 1701/1893/1779 1506/1894/1780 1507/1896/1782
f 1699/1897/1783 1700/1895/1781 1507/1896/1782 1511/1898/1784
f 1698/1899/1785 1699/1897/1783 1511/1898/1784 1512/1900/1786
f 1532/1901/1787 1697/1902/1788 1698/1899/1785 1512/1900/1786
f 1696/1838/1728 1697/1902/1788 1532/1901/1787 1504/1839/1729
f 1684/1865/1753 1683/1864/1752 1660/1799/1689 1659/1798/1688
f 1657/1796/1686 1656/1795/1685 1686/1860/1748 1685/1859/1747
f 1654/1793/1683 1653/1792/1682 1688/1856/1743 1687/1855/1745
f 1653/1791/1682 1652/1790/1681 1689/1851/1741 1688/1853/1743
f 1652/1790/1681 1651/1789/1680 1690/1849/1739 1689/1851/1741
f 1651/1789/1680 1650/1788/1679 1691/1847/1737 1690/1849/1739
f 1650/1788/1679 1649/1787/1678 1692/1845/1735 1691/1847/1737
f 1649/1787/1678 1648/1786/1677 1693/1843/1733 1692/1845/1735
f 1648/1786/1677 1647/1785/1676 1694/1841/1731 1693/1843/1733
f 1647/1785/1676 1646/1784/1675 1695/1837/1727 1694/1841/1731
f 1646/1784/1675 1645/1783/1674 1696/1838/1728 1695/1837/1727
f 1645/1783/1674 1682/1821/1710 1697/1902/1788 1696/1838/1728
f 1698/1899/1785 1697/1902/1788 1682/1821/1710 1681/1820/1709
f 1681/1820/1709 1680/1819/1708 1699/1897/1783 1698/1899/1785
f 1680/1819/1708 1679/1818/1707 1700/1895/1781 1699/1897/1783
f 1679/1818/1707 1678/1817/1706 1701/1893/1779 1700/1895/1781
f 1678/1817/1706 1677/1816/1705 1702/1891/1777 1701/1893/1779
f 1677/1816/1705 1676/1815/1704 1703/1889/1775 1702/1891/1777
f 1676/1815/1704 1675/1814/1703 1704/1887/1773 1703/1889/1775
f 1675/1814/1703 1674/1813/1702 1705/1883/1771 1704/1887/1773
f 1674/1813/1702 1673/1812/1701 1706/1884/1767 1705/1883/1771
f 1673/1811/1701 1672/1810/1700 1707/1880/1768 1706/1879/1767
f 1670/1808/1698 1669/1807/1697 1709/1876/1764 1708/1875/1763
f 1667/1805/1695 1666/1804/1694 1711/1870/1758 1710/1873/1761
f 1712/1871/1759 1711/1870/1758 1666/1804/1694 1665/1803/1693
f 1661/1823/1712 1660/1799/1689 1683/1864/1752 1714/1867/1755
f 1664/1802/1692 1715/1903/1789 1712/1871/1759 1665/1803/1693
f 1716/1904/1790 1662/1800/1690 1661/1823/1712 1714/1867/1755
f 1715/1903/1789 1664/1802/1692 1663/1801/1691 1713/1905/1791
f 1662/1800/1690 1716/1904/1790 1713/1905/1791 1663/1801/1691
f 1715/1903/1789 1713/1905/1791 1717/1906/1792 1718/1907/1793
f 1713/1905/1791 1716/1904/1790 1719/1908/1794 1717/1906/1792
f 1718/1907/1793 1531/1872/1760 1712/1871/1759 1715/1903/1789
f 1530/1868/1756 1719/1908/1794 1716/1904/1790 1714/1867/1755
f 1721/1909/1795 1527/1877/1765 1709/1876/1764 1720/1910/1796
f 1526/1862/1750 1722/1911/1797 1723/1912/1798 1685/1859/1747
f 1720/1910/1796 1710/1873/1761 1529/1874/1762 1721/1909/1795
f 1684/1865/1753 1723/1912/1798 1722/1911/1797 1528/1866/1754
f 1709/1876/1764 1669/1807/1697 1668/1806/1696 1720/1910/1796
f 1657/1796/1686 1685/1859/1747 1723/1912/1798 1658/1797/1687
f 1720/1910/1796 1668/1806/1696 1667/1805/1695 1710/1873/1761
f 1658/1797/1687 1723/1912/1798 1684/1865/1753 1659/1798/1688
f 1671/1809/1699 1724/1913/1799 1707/1880/1768 1672/1810/1700
f 1725/1914/1800 1655/1794/1684 1654/1793/1683 1687/1855/1745
f 1724/1913/1799 1671/1809/1699 1670/1808/1698 1708/1875/1763
f 1655/1794/1684 1725/1914/1800 1686/1860/1748 1656/1795/1685
f 1707/1880/1768 1724/1913/1799 1726/1915/1801 1523/1881/1769
f 1725/1914/1800 1687/1855/1745 1522/1858/1746 1727/1916/1802
f 1724/1913/1799 1708/1875/1763 1525/1878/1766 1726/1915/1801
f 1686/1860/1748 1725/1914/1800 1727/1916/1802 1524/1861/1749
f 1729/1917/1803 1728/1918/1804 1532/1901/1787 1512/1900/1786
f 1728/1918/1804 1730/1919/1805 1504/1839/1729 1532/1901/1787
f 1731/1920/1806 1729/1917/1803 1512/1900/1786 1511/1898/1784
f 1730/1919/1805 1732/1921/1807 1505/1840/1730 1504/1839/1729
f 1733/1922/1808 1731/1920/1806 1511/1898/1784 1507/1896/1782
f 1732/1921/1807 1734/1923/1809 1513/1842/1732 1505/1840/1730
f 1735/1924/1810 1733/1922/1808 1507/1896/1782 1506/1894/1780
f 1734/1923/1809 1736/1925/1811 1508/1844/1734 1513/1842/1732
f 1737/1926/1812 1735/1924/1810 1506/1894/1780 1510/1892/1778
f 1736/1925/1811 1738/1927/1813 1509/1846/1736 1508/1844/1734
f 1510/1892/1778 1515/1890/1776 1739/1928/1814 1737/1926/1812
f 1514/1848/1738 1509/1846/1736 1738/1927/1813 1740/1929/1815
f 1741/1930/1816 1739/1928/1814 1515/1890/1776 1517/1888/1774
f 1740/1929/1815 1742/1931/1817 1516/1850/1740 1514/1848/1738
f 1743/1932/1818 1741/1930/1816 1517/1888/1774 1519/1886/1772
f 1742/1931/1817 1744/1933/1819 1518/1852/1742 1516/1850/1740
f 1745/1934/1820 1743/1932/1818 1519/1886/1772 1521/1885/1770
f 1744/1933/1819 1746/1935/1821 1520/1854/1744 1518/1852/1742
f 1747/1936/1822 1745/1937/1820 1521/1882/1770 1523/1881/1769
f 1746/1938/1821 1748/1939/1823 1522/1858/1746 1520/1857/1744
f 1749/1940/1824 1747/1936/1822 1523/1881/1769 1726/1915/1801
f 1748/1939/1823 1750/1941/1825 1727/1916/1802 1522/1858/1746
f 1751/1942/1826 1749/1940/1824 1726/1915/1801 1525/1878/1766
f 1750/1941/1825 1752/1943/1827 1524/1861/1749 1727/1916/1802
f 1753/1944/1828 1751/1942/1826 1525/1878/1766 1527/1877/1765
f 1752/1943/1827 1754/1945/1829 1526/1862/1750 1524/1861/1749
f 1755/1946/1830 1753/1944/1828 1527/1877/1765 1721/1909/1795
f 1754/1945/1829 1756/1947/1831 1722/1911/1797 1526/1862/1750
f 1721/1909/1795 1529/1874/1762 1757/1948/1832 1755/1946/1830
f 1528/1866/1754 1722/1911/1797 1756/1947/1831 1758/1949/1833
f 1759/1950/1834 1757/1948/1832 1529/1874/1762 1579/1869/1757
f 1758/1949/1833 1760/1951/1835 1565/1863/1751 1528/1866/1754
f 1761/1952/1836 1759/1950/1834 1579/1869/1757 1531/1872/1760
f 1760/1951/1835 1762/1953/1837 1530/1868/1756 1565/1863/1751
f 1531/1872/1760 1718/1907/1793 1763/1954/1838 1761/1952/1836
f 1719/1908/1794 1530/1868/1756 1762/1953/1837 1764/1955/1839
f 1765/1956/1840 1763/1954/1838 1718/1907/1793 1717/1906/1792
f 1764/1955/1839 1765/1956/1840 1717/1906/1792 1719/1908/1794
f 1749/1957/1824 1751/1958/1826 1766/1959/1841 1767/1960/1842
f 1752/1961/1827 1750/1962/1825 1768/1963/1843 1769/1964/1844
f 1747/1965/1822 1749/1957/1824 1767/1960/1842 1770/1966/1845
f 1750/1962/1825 1748/1967/1823 1771/1968/1846 1768/1963/1843
f 1745/1969/1820 1747/1965/1822 1770/1966/1845 1772/1970/1847
f 1748/1967/1823 1746/1971/1821 1773/1972/1848 1771/1968/1846
f 1743/1973/1818 1745/1969/1820 1772/1970/1847 1774/1974/1849
f 1746/1971/1821 1744/1975/1819 1775/1976/1850 1773/1972/1848
f 1741/1977/1816 1743/1973/1818 1774/1974/1849 1776/1978/1851
f 1744/1975/1819 1742/1979/1817 1777/1980/1852 1775/1976/1850
f 1728/1981/1804 1729/1982/1803 1778/1983/1853 1779/1984/1854
f 1730/1985/1805 1728/1981/1804 1779/1984/1854 1780/1986/1855
f 1729/1982/1803 1731/1987/1806 1781/1988/1856 1778/1983/1853
f 1732/1989/1807 1730/1985/1805 1780/1986/1855 1782/1990/1857
f 1731/1987/1806 1733/1991/1808 1783/1992/1858 1781/1988/1856
f 1734/1993/1809 1732/1989/1807 1782/1990/1857 1784/1994/1859
f 1733/1991/1808 1735/1995/1810 1785/1996/1860 1783/1992/1858
f 1736/1997/1811 1734/1993/1809 1784/1994/1859 1786/1998/1861
f 1735/1995/1810 1737/1999/1812 1787/2000/1862 1785/1996/1860
f 1738/2001/1813 1736/1997/1811 1786/1998/1861 1788/2002/1863
f 1737/1999/1812 1739/2003/1814 1789/2004/1864 1787/2000/1862
f 1740/2005/1815 1738/2001/1813 1788/2002/1863 1790/2006/1865
f 1739/2003/1814 1741/1977/1816 1776/1978/1851 1789/2004/1864
f 1742/1979/1817 1740/2005/1815 1790/2006/1865 1777/1980/1852
f 1766/1959/1841 1751/1958/1826 1753/2007/1828 1791/2008/1866
f 1752/1961/1827 1769/1964/1844 1792/2009/1867 1754/2010/1829
f 1755/2011/1830 1793/2012/1868 1791/2008/1866 1753/2007/1828
f 1794/2013/1869 1756/2014/1831 1754/2010/1829 1792/2009/1867
f 1793/2012/1868 1755/2011/1830 1757/2015/1832 1795/2016/1870
f 1756/2014/1831 1794/2013/1869 1796/2017/1871 1758/2018/1833
f 1759/2019/1834 1797/2020/1872 1795/2016/1870 1757/2015/1832
f 1798/2021/1873 1760/2022/1835 1758/2018/1833 1796/2017/1871
f 1797/2020/1872 1759/2019/1834 1761/2023/1836 1799/2024/1874
f 1760/2022/1835 1798/2021/1873 1800/2025/1875 1762/2026/1837
f 1761/2023/1836 1763/2027/1838 1801/2028/1876 1799/2024/1874
f 1764/2029/1839 1762/2026/1837 1800/2025/1875 1802/2030/1877
f 1763/2027/1838 1765/2031/1840 1803/2032/1878 1801/2028/1876
f 1765/2031/1840 1764/2029/1839 1802/2030/1877 1803/2032/1878
f 1772/1970/1847 1770/1966/1845 1830/2033/1879 1831/2034/1880
f 1828/2035/1881 1829/2036/1882 1806/2037/1883 1807/2038/1884
f 1805/2039/1885 1804/2040/1886 1822/2041/1887 1823/2042/1888
f 1812/2043/1889 1813/2044/1890 1809/2045/1891 1808/2046/1892
f 1811/2047/1893 1810/2048/1894 1808/2046/1892 1809/2045/1891
f 1816/2049/1895 1817/2050/1896 1813/2044/1890 1812/2043/1889
f 1779/1984/1854 1809/2045/1891 1813/2044/1890 1780/1986/1855
f 1809/2045/1891 1779/1984/1854 1778/1983/1853 1811/2047/1893
f 1815/2051/1897 1814/2052/1898 1810/2048/1894 1811/2047/1893
f 1820/2053/1899 1821/2054/1900 1817/2050/1896 1816/2049/1895
f 1819/2055/1901 1818/2056/1902 1814/2052/1898 1815/2051/1897
f 1824/2057/1903 1825/2058/1904 1821/2054/1900 1820/2053/1899
f 1823/2042/1888 1822/2041/1887 1818/2056/1902 1819/2055/1901
f 1807/2038/1884 1806/2037/1883 1825/2058/1904 1824/2057/1903
f 1811/2047/1893 1778/1983/1853 1781/1988/1856 1815/2051/1897
f 1780/1986/1855 1813/2044/1890 1817/2050/1896 1782/1990/1857
f 1815/2051/1897 1781/1988/1856 1783/1992/1858 1819/2055/1901
f 1782/1990/1857 1817/2050/1896 1821/2054/1900 1784/1994/1859
f 1787/2000/1862 1805/2039/1885 1823/2042/1888 1785/1996/1860
f 1806/2037/1883 1788/2002/1863 1786/1998/1861 1825/2058/1904
f 1785/1996/1860 1823/2042/1888 1819/2055/1901 1783/1992/1858
f 1825/2058/1904 1786/1998/1861 1784/1994/1859 1821/2054/1900
f 1827/2059/1905 1826/2060/1906 1804/2040/1886 1805/2039/1885
f 1832/2061/1907 1833/2062/1908 1829/2036/1882 1828/2035/1881
f 1831/2034/1880 1830/2033/1879 1826/2060/1906 1827/2059/1905
f 1771/1968/1846 1773/1972/1848 1833/2062/1908 1832/2061/1907
f 1831/2034/1880 1776/1978/1851 1774/1974/1849 1772/1970/1847
f 1777/1980/1852 1833/2062/1908 1773/1972/1848 1775/1976/1850
f 1776/1978/1851 1831/2034/1880 1827/2059/1905 1789/2004/1864
f 1833/2062/1908 1777/1980/1852 1790/2006/1865 1829/2036/1882
f 1789/2004/1864 1827/2059/1905 1805/2039/1885 1787/2000/1862
f 1829/2036/1882 1790/2006/1865 1788/2002/1863 1806/2037/1883
f 1768/1963/1843 1771/1968/1846 1832/2061/1907 1769/1964/1844
f 1770/1966/1845 1767/1960/1842 1766/1959/1841 1830/2033/1879
f 1769/1964/1844 1832/2061/1907 1828/2035/1881 1792/2009/1867
f 1830/2033/1879 1766/1959/1841 1791/2008/1866 1826/2060/1906
f 1792/2009/1867 1828/2035/1881 1807/2038/1884 1794/2013/1869
f 1826/2060/1906 1791/2008/1866 1793/2012/1868 1804/2040/1886
f 1794/2013/1869 1807/2038/1884 1824/2057/1903 1796/2017/1871
f 1804/2040/1886 1793/2012/1868 1795/2016/1870 1822/2041/1887
f 1796/2017/1871 1824/2057/1903 1820/2053/1899 1798/2021/1873
f 1822/2041/1887 1795/2016/1870 1797/2020/1872 1818/2056/1902
f 1798/2021/1873 1820/2053/1899 1816/2049/1895 1800/2025/1875
f 1818/2056/1902 1797/2020/1872 1799/2024/1874 1814/2052/1898
f 1800/2025/1875 1816/2049/1895 1812/2043/1889 1802/2030/1877
f 1814/2052/1898 1799/2024/1874 1801/2028/1876 1810/2048/1894
f 1802/2030/1877 1812/2043/1889 1808/2046/1892 1803/2032/1878
f 1810/2048/1894 1801/2028/1876 1803/2032/1878 1808/2046/1892
f 1894/2063/1909 1895/2064/1910 1834/2065/1911 1835/2066/1912
f 1895/2064/1910 2396/2067/1913 2397/2068/1914 1834/2065/1911
f 1896/2069/1915 1897/2070/1916 1837/2071/1917 1836/2072/1918
f 1897/2070/1916 1898/2073/1919 1838/2074/1920 1837/2071/1917
f 1898/2073/1919 1899/2075/1921 1839/2076/1922 1838/2074/1920
f 1899/2075/1921 1900/2077/1923 1840/2078/1924 1839/2076/1922
f 1900/2079/1923 1901/2080/1925 1841/2081/1926 1840/2082/1924
f 1901/2080/1925 1902/2083/1927 1842/2084/1928 1841/2081/1926
f 1902/2083/1927 1903/2085/1929 1843/2086/1930 1842/2084/1928
f 1903/2085/1929 1904/2087/1931 1844/2088/1932 1843/2086/1930
f 1904/2087/1931 1905/2089/1933 1845/2090/1934 1844/2088/1932
f 1905/2089/1933 1906/2091/1935 1846/2092/1936 1845/2090/1934
f 1906/2091/1935 1907/2093/1937 1847/2094/1938 1846/2092/1936
f 1907/2093/1937 1908/2095/1939 1848/2096/1940 1847/2094/1938
f 1913/2097/1941 2328/2098/1942 2329/2099/1943 1849/2100/1944
f 1912/2101/1945 2358/2102/1946 2359/2103/1947 1850/2104/1948
f 1908/2095/1939 1909/2105/1949 1851/2106/1950 1848/2096/1940
f 1911/2107/1951 1912/2101/1945 1850/2104/1948 1852/2108/1952
f 1909/2105/1949 1910/2109/1953 1853/2110/1954 1851/2106/1950
f 1110/2111/1119 1113/2112/1118 1874/2113/1955 1875/2114/1956
f 2378/2115/1957 2379/2116/1122 1110/2111/1119 1875/2114/1956
f 1116/2117/1125 1114/2118/1124 1876/2119/1958 1877/2120/1959
f 1118/2121/1128 1116/2117/1125 1877/2120/1959 1878/2122/1960
f 1120/2123/1130 1118/2121/1128 1878/2122/1960 1879/2124/1961
f 1122/2125/1132 1120/2123/1130 1879/2124/1961 1880/2126/1962
f 1124/2127/1134 1122/2128/1132 1880/2129/1962 1881/2130/1963
f 1126/2131/1136 1124/2127/1134 1881/2130/1963 1882/2132/1964
f 1128/2133/1139 1126/2131/1136 1882/2132/1964 1883/2134/1965
f 1130/2135/1140 1128/2133/1139 1883/2134/1965 1884/2136/1966
f 1132/2137/1142 1130/2135/1140 1884/2136/1966 1885/2138/1967
f 1134/2139/1145 1132/2137/1142 1885/2138/1967 1886/2140/1968
f 1136/2141/1147 1134/2139/1145 1886/2140/1968 1887/2142/1969
f 1138/2143/1148 1136/2141/1147 1887/2142/1969 1888/2144/1970
f 1113/2112/1118 2312/2145/1151 2313/2146/1971 1874/2113/1955
f 1141/2147/1152 2342/2148/1155 2343/2149/1972 1893/2150/1973
f 1144/2151/1156 1138/2143/1148 1888/2144/1970 1889/2152/1974
f 1237/2153/1158 1147/2154/1161 1890/2155/1975 1891/2156/1976
f 1147/2154/1161 1144/2151/1156 1889/2152/1974 1890/2155/1975
f 1910/2109/1953 1911/2107/1951 1852/2108/1952 1853/2110/1954
f 1143/2157/1280 1237/2153/1158 1891/2156/1976 1892/2158/1977
f 1875/2114/1956 1874/2113/1955 1854/2159/1978 1855/2160/1979
f 2377/2161/1980 2378/2115/1957 1875/2114/1956 1855/2160/1979
f 1877/2120/1959 1876/2119/1958 1856/2162/1981 1857/2163/1982
f 1878/2122/1960 1877/2120/1959 1857/2163/1982 1858/2164/1983
f 1879/2124/1961 1878/2122/1960 1858/2164/1983 1859/2165/1984
f 1880/2126/1962 1879/2124/1961 1859/2165/1984 1860/2166/1985
f 1881/2130/1963 1880/2129/1962 1860/2167/1985 1861/2168/1986
f 1882/2132/1964 1881/2130/1963 1861/2168/1986 1862/2169/1987
f 1883/2134/1965 1882/2132/1964 1862/2169/1987 1863/2170/1988
f 1884/2136/1966 1883/2134/1965 1863/2170/1988 1864/2171/1989
f 1885/2138/1967 1884/2136/1966 1864/2171/1989 1865/2172/1990
f 1886/2140/1968 1885/2138/1967 1865/2172/1990 1866/2173/1991
f 1887/2142/1969 1886/2140/1968 1866/2173/1991 1867/2174/1992
f 1888/2144/1970 1887/2142/1969 1867/2174/1992 1868/2175/1993
f 1889/2152/1974 1888/2144/1970 1868/2175/1993 1871/2176/1994
f 1890/2155/1975 1889/2152/1974 1871/2176/1994 1872/2177/1995
f 1891/2156/1976 1890/2155/1975 1872/2177/1995 1873/2178/1996
f 1892/2158/1977 1891/2156/1976 1873/2178/1996 1870/2179/1997
f 1893/2150/1973 2343/2149/1972 2344/2180/1998 1869/2181/1999
f 1874/2113/1955 2313/2146/1971 2314/2182/2000 1854/2159/1978
f 1072/2183/1073 1075/2184/1072 1895/2064/1910 1894/2063/1909
f 1075/2184/1072 2395/2185/1077 2396/2067/1913 1895/2064/1910
f 1077/2186/1079 1079/2187/1078 1897/2070/1916 1896/2069/1915
f 1079/2187/1078 1081/2188/1082 1898/2073/1919 1897/2070/1916
f 1081/2188/1082 1083/2189/1084 1899/2075/1921 1898/2073/1919
f 1083/2189/1084 1085/2190/1086 1900/2077/1923 1899/2075/1921
f 1085/2191/1086 1087/2192/1088 1901/2080/1925 1900/2079/1923
f 1087/2192/1088 1089/2193/1091 1902/2083/1927 1901/2080/1925
f 1089/2193/1091 1091/2194/1093 1903/2085/1929 1902/2083/1927
f 1091/2194/1093 1093/2195/1094 1904/2087/1931 1903/2085/1929
f 1093/2195/1094 1095/2196/1096 1905/2089/1933 1904/2087/1931
f 1095/2196/1096 1097/2197/1099 1906/2091/1935 1905/2089/1933
f 1097/2197/1099 1099/2198/1101 1907/2093/1937 1906/2091/1935
f 1099/2198/1101 1101/2199/1102 1908/2095/1939 1907/2093/1937
f 1101/2199/1102 1107/2200/1113 1909/2105/1949 1908/2095/1939
f 1107/2200/1113 1108/2201/1117 1910/2109/1953 1909/2105/1949
f 1108/2201/1117 1233/2202/1114 1911/2107/1951 1910/2109/1953
f 1233/2202/1114 1104/2203/1110 1912/2101/1945 1911/2107/1951
f 1104/2203/1110 2357/2204/1109 2358/2102/1946 1912/2101/1945
f 1102/2205/1107 2327/2206/1106 2328/2098/1942 1913/2097/1941
f 1835/2066/1912 1834/2065/1911 1914/2207/2001 1915/2208/2002
f 1834/2065/1911 2397/2068/1914 2398/2209/2003 1914/2207/2001
f 1836/2072/1918 1837/2071/1917 1917/2210/2004 1916/2211/2005
f 1837/2071/1917 1838/2074/1920 1918/2212/2006 1917/2210/2004
f 1838/2074/1920 1839/2076/1922 1919/2213/2007 1918/2212/2006
f 1839/2076/1922 1840/2078/1924 1920/2214/2008 1919/2213/2007
f 1840/2082/1924 1841/2081/1926 1921/2215/2009 1920/2216/2008
f 1841/2081/1926 1842/2084/1928 1922/2217/2010 1921/2215/2009
f 1842/2084/1928 1843/2086/1930 1923/2218/2011 1922/2217/2010
f 1843/2086/1930 1844/2088/1932 1924/2219/2012 1923/2218/2011
f 1844/2088/1932 1845/2090/1934 1925/2220/2013 1924/2219/2012
f 1845/2090/1934 1846/2092/1936 1926/2221/2014 1925/2220/2013
f 1846/2092/1936 1847/2094/1938 1927/2222/2015 1926/2221/2014
f 1847/2094/1938 1848/2096/1940 1928/2223/2016 1927/2222/2015
f 1849/2100/1944 2329/2099/1943 2330/2224/2017 1929/2225/2018
f 1850/2104/1948 2359/2103/1947 2360/2226/2019 1930/2227/2020
f 1848/2096/1940 1851/2106/1950 1931/2228/2021 1928/2223/2016
f 1852/2108/1952 1850/2104/1948 1930/2227/2020 1932/2229/2022
f 1851/2106/1950 1853/2110/1954 1933/2230/2023 1931/2228/2021
f 1855/2160/1979 1854/2159/1978 1934/2231/2024 1935/2232/2025
f 2376/2233/2026 2377/2161/1980 1855/2160/1979 1935/2232/2025
f 1857/2163/1982 1856/2162/1981 1936/2234/2027 1937/2235/2028
f 1858/2164/1983 1857/2163/1982 1937/2235/2028 1938/2236/2029
f 1859/2165/1984 1858/2164/1983 1938/2236/2029 1939/2237/2030
f 1860/2166/1985 1859/2165/1984 1939/2237/2030 1940/2238/2031
f 1861/2168/1986 1860/2167/1985 1940/2239/2031 1941/2240/2032
f 1862/2169/1987 1861/2168/1986 1941/2240/2032 1942/2241/2033
f 1863/2170/1988 1862/2169/1987 1942/2241/2033 1943/2242/2034
f 1864/2171/1989 1863/2170/1988 1943/2242/2034 1944/2243/2035
f 1865/2172/1990 1864/2171/1989 1944/2243/2035 1945/2244/2036
f 1866/2173/1991 1865/2172/1990 1945/2244/2036 1946/2245/2037
f 1867/2174/1992 1866/2173/1991 1946/2245/2037 1947/2246/2038
f 1868/2175/1993 1867/2174/1992 1947/2246/2038 1948/2247/2039
f 1854/2159/1978 2314/2182/2000 2315/2248/2040 1934/2231/2024
f 1869/2181/1999 2344/2180/1998 2345/2249/2041 1949/2250/2042
f 1871/2176/1994 1868/2175/1993 1948/2247/2039 1951/2251/2043
f 1873/2178/1996 1872/2177/1995 1952/2252/2044 1953/2253/2045
f 1872/2177/1995 1871/2176/1994 1951/2251/2043 1952/2252/2044
f 1853/2110/1954 1852/2108/1952 1932/2229/2022 1933/2230/2023
f 1870/2179/1997 1873/2178/1996 1953/2253/2045 1950/2254/2046
f 1915/2208/2002 1914/2207/2001 1954/2255/2047 1955/2256/2048
f 1914/2207/2001 2398/2209/2003 2399/2257/2049 1954/2255/2047
f 1916/2211/2005 1917/2210/2004 1957/2258/2050 1956/2259/2051
f 1917/2210/2004 1918/2212/2006 1958/2260/2052 1957/2258/2050
f 1918/2212/2006 1919/2213/2007 1959/2261/2053 1958/2260/2052
f 1919/2213/2007 1920/2214/2008 1960/2262/2054 1959/2261/2053
f 1920/2216/2008 1921/2215/2009 1961/2263/2055 1960/2264/2054
f 1921/2215/2009 1922/2217/2010 1962/2265/2056 1961/2263/2055
f 1922/2217/2010 1923/2218/2011 1963/2266/2057 1962/2265/2056
f 1923/2218/2011 1924/2219/2012 1964/2267/2058 1963/2266/2057
f 1924/2219/2012 1925/2220/2013 1965/2268/2059 1964/2267/2058
f 1925/2220/2013 1926/2221/2014 1966/2269/2060 1965/2268/2059
f 1926/2221/2014 1927/2222/2015 1967/2270/2061 1966/2269/2060
f 1927/2222/2015 1928/2223/2016 1968/2271/2062 1967/2270/2061
f 1929/2225/2018 2330/2224/2017 2331/2272/2063 1969/2273/2064
f 1930/2227/2020 2360/2226/2019 2361/2274/2065 1970/2275/2066
f 1928/2223/2016 1931/2228/2021 1971/2276/2067 1968/2271/2062
f 1932/2229/2022 1930/2227/2020 1970/2275/2066 1972/2277/2068
f 1931/2228/2021 1933/2230/2023 1973/2278/2069 1971/2276/2067
f 1935/2232/2025 1934/2231/2024 1974/2279/2070 1975/2280/2071
f 2375/2281/2072 2376/2233/2026 1935/2232/2025 1975/2280/2071
f 1937/2235/2028 1936/2234/2027 1976/2282/2073 1977/2283/2074
f 1938/2236/2029 1937/2235/2028 1977/2283/2074 1978/2284/2075
f 1939/2237/2030 1938/2236/2029 1978/2284/2075 1979/2285/2076
f 1940/2238/2031 1939/2237/2030 1979/2285/2076 1980/2286/2077
f 1941/2240/2032 1940/2239/2031 1980/2287/2077 1981/2288/2078
f 1942/2241/2033 1941/2240/2032 1981/2288/2078 1982/2289/2079
f 1943/2242/2034 1942/2241/2033 1982/2289/2079 1983/2290/2080
f 1944/2243/2035 1943/2242/2034 1983/2290/2080 1984/2291/2081
f 1945/2244/2036 1944/2243/2035 1984/2291/2081 1985/2292/2082
f 1946/2245/2037 1945/2244/2036 1985/2292/2082 1986/2293/2083
f 1947/2246/2038 1946/2245/2037 1986/2293/2083 1987/2294/2084
f 1948/2247/2039 1947/2246/2038 1987/2294/2084 1988/2295/2085
f 1934/2231/2024 2315/2248/2040 2316/2296/2086 1974/2279/2070
f 1949/2250/2042 2345/2249/2041 2346/2297/2087 1989/2298/2088
f 1951/2251/2043 1948/2247/2039 1988/2295/2085 1991/2299/2089
f 1953/2253/2045 1952/2252/2044 1992/2300/2090 1993/2301/2091
f 1952/2252/2044 1951/2251/2043 1991/2299/2089 1992/2300/2090
f 1933/2230/2023 1932/2229/2022 1972/2277/2068 1973/2278/2069
f 1950/2254/2046 1953/2253/2045 1993/2301/2091 1990/2302/2092
f 1955/2256/2048 1954/2255/2047 1994/2303/2093 1995/2304/2094
f 1954/2255/2047 2399/2257/2049 2400/2305/2095 1994/2303/2093
f 1956/2259/2051 1957/2258/2050 1997/2306/2096 1996/2307/2097
f 1957/2258/2050 1958/2260/2052 1998/2308/2098 1997/2306/2096
f 1958/2260/2052 1959/2261/2053 1999/2309/2099 1998/2308/2098
f 1959/2261/2053 1960/2262/2054 2000/2310/2100 1999/2309/2099
f 1960/2264/2054 1961/2263/2055 2001/2311/2101 2000/2312/2100
f 1961/2263/2055 1962/2265/2056 2002/2313/2102 2001/2311/2101
f 1962/2265/2056 1963/2266/2057 2003/2314/2103 2002/2313/2102
f 1963/2266/2057 1964/2267/2058 2004/2315/2104 2003/2314/2103
f 1964/2267/2058 1965/2268/2059 2005/2316/2105 2004/2315/2104
f 1965/2268/2059 1966/2269/2060 2006/2317/2106 2005/2316/2105
f 1966/2269/2060 1967/2270/2061 2007/2318/2107 2006/2317/2106
f 1967/2270/2061 1968/2271/2062 2008/2319/2108 2007/2318/2107
f 1969/2273/2064 2331/2272/2063 2332/2320/2109 2009/2321/2110
f 1970/2275/2066 2361/2274/2065 2362/2322/2111 2010/2323/2112
f 1968/2271/2062 1971/2276/2067 2011/2324/2113 2008/2319/2108
f 1972/2277/2068 1970/2275/2066 2010/2323/2112 2012/2325/2114
f 1971/2276/2067 1973/2278/2069 2013/2326/2115 2011/2324/2113
f 1975/2280/2071 1974/2279/2070 2014/2327/2116 2015/2328/2117
f 2374/2329/2118 2375/2281/2072 1975/2280/2071 2015/2328/2117
f 1977/2283/2074 1976/2282/2073 2016/2330/2119 2017/2331/2120
f 1978/2284/2075 1977/2283/2074 2017/2331/2120 2018/2332/2121
f 1979/2285/2076 1978/2284/2075 2018/2332/2121 2019/2333/2122
f 1980/2286/2077 1979/2285/2076 2019/2333/2122 2020/2334/2123
f 1981/2288/2078 1980/2287/2077 2020/2335/2123 2021/2336/2124
f 1982/2289/2079 1981/2288/2078 2021/2336/2124 2022/2337/2125
f 1983/2290/2080 1982/2289/2079 2022/2337/2125 2023/2338/2126
f 1984/2291/2081 1983/2290/2080 2023/2338/2126 2024/2339/2127
f 1985/2292/2082 1984/2291/2081 2024/2339/2127 2025/2340/2128
f 1986/2293/2083 1985/2292/2082 2025/2340/2128 2026/2341/2129
f 1987/2294/2084 1986/2293/2083 2026/2341/2129 2027/2342/2130
f 1988/2295/2085 1987/2294/2084 2027/2342/2130 2028/2343/2131
f 1974/2279/2070 2316/2296/2086 2317/2344/2132 2014/2327/2116
f 1989/2298/2088 2346/2297/2087 2347/2345/2133 2029/2346/2134
f 1991/2299/2089 1988/2295/2085 2028/2343/2131 2031/2347/2135
f 1993/2301/2091 1992/2300/2090 2032/2348/2136 2033/2349/2137
f 1992/2300/2090 1991/2299/2089 2031/2347/2135 2032/2348/2136
f 1973/2278/2069 1972/2277/2068 2012/2325/2114 2013/2326/2115
f 1990/2302/2092 1993/2301/2091 2033/2349/2137 2030/2350/2138
f 2094/2351/2139 2095/2352/2140 2152/2353/2141 2153/2354/2142
f 2095/2352/2140 2401/2355/2143 2402/2356/2144 2152/2353/2141
f 2096/2357/2145 2097/2358/2146 2150/2359/2147 2151/2360/2148
f 2097/2358/2146 2098/2361/2149 2149/2362/2150 2150/2359/2147
f 2098/2361/2149 2099/2363/2151 2148/2364/2152 2149/2362/2150
f 2099/2363/2151 2100/2365/2153 2147/2366/2154 2148/2364/2152
f 2100/2367/2153 2101/2368/2155 2146/2369/2156 2147/2370/2154
f 2101/2368/2155 2102/2371/2157 2145/2372/2158 2146/2369/2156
f 2102/2371/2157 2103/2373/2159 2144/2374/2160 2145/2372/2158
f 2103/2373/2159 2104/2375/2161 2143/2376/2162 2144/2374/2160
f 2104/2375/2161 2105/2377/2163 2142/2378/2164 2143/2376/2162
f 2105/2377/2163 2106/2379/2165 2141/2380/2166 2142/2378/2164
f 2106/2379/2165 2107/2381/2167 2140/2382/2168 2141/2380/2166
f 2107/2381/2167 2108/2383/2169 2139/2384/2170 2140/2382/2168
f 2108/2383/2169 2109/2385/2171 2138/2386/2172 2139/2384/2170
f 2111/2387/2173 2112/2388/2174 2135/2389/2175 2136/2390/2176
f 2109/2385/2171 2110/2391/2177 2137/2392/2178 2138/2386/2172
f 2015/2328/2117 2014/2327/2116 2074/2393/2179 2075/2394/2180
f 2373/2395/2181 2374/2329/2118 2015/2328/2117 2075/2394/2180
f 2017/2331/2120 2016/2330/2119 2076/2396/2182 2077/2397/2183
f 2018/2332/2121 2017/2331/2120 2077/2397/2183 2078/2398/2184
f 2019/2333/2122 2018/2332/2121 2078/2398/2184 2079/2399/2185
f 2020/2334/2123 2019/2333/2122 2079/2399/2185 2080/2400/2186
f 2021/2336/2124 2020/2335/2123 2080/2401/2186 2081/2402/2187
f 2022/2337/2125 2021/2336/2124 2081/2402/2187 2082/2403/2188
f 2023/2338/2126 2022/2337/2125 2082/2403/2188 2083/2404/2189
f 2024/2339/2127 2023/2338/2126 2083/2404/2189 2084/2405/2190
f 2025/2340/2128 2024/2339/2127 2084/2405/2190 2085/2406/2191
f 2026/2341/2129 2025/2340/2128 2085/2406/2191 2086/2407/2192
f 2027/2342/2130 2026/2341/2129 2086/2407/2192 2087/2408/2193
f 2028/2343/2131 2027/2342/2130 2087/2408/2193 2088/2409/2194
f 2031/2347/2135 2028/2343/2131 2088/2409/2194 2089/2410/2195
f 2033/2349/2137 2032/2348/2136 2090/2411/2196 2091/2412/2197
f 2032/2348/2136 2031/2347/2135 2089/2410/2195 2090/2411/2196
f 2110/2391/2177 2111/2387/2173 2136/2390/2176 2137/2392/2178
f 2030/2350/2138 2033/2349/2137 2091/2412/2197 2092/2413/2198
f 2347/2345/2133 2348/2414/2199 2093/2415/2200 2029/2346/2134
f 2363/2416/2201 2364/2417/2202 2135/2389/2175 2112/2388/2174
f 2317/2344/2132 2318/2418/2203 2074/2393/2179 2014/2327/2116
f 2333/2419/2204 2334/2420/2205 2134/2421/2206 2113/2422/2207
f 2172/2423/2208 2173/2424/2209 2053/2425/2210 2054/2426/2211
f 2370/2427/2212 2371/2428/2213 2172/2423/2208 2054/2426/2211
f 2170/2429/2214 2171/2430/2215 2055/2431/2216 2056/2432/2217
f 2169/2433/2218 2170/2429/2214 2056/2432/2217 2057/2434/2219
f 2168/2435/2220 2169/2433/2218 2057/2434/2219 2058/2436/2221
f 2167/2437/2222 2168/2435/2220 2058/2436/2221 2059/2438/2223
f 2166/2439/2224 2167/2440/2222 2059/2441/2223 2060/2442/2225
f 2165/2443/2226 2166/2439/2224 2060/2442/2225 2061/2444/2227
f 2164/2445/2228 2165/2443/2226 2061/2444/2227 2062/2446/2229
f 2163/2447/2230 2164/2445/2228 2062/2446/2229 2063/2448/2231
f 2162/2449/2232 2163/2447/2230 2063/2448/2231 2064/2450/2233
f 2161/2451/2234 2162/2449/2232 2064/2450/2233 2065/2452/2235
f 2160/2453/2236 2161/2451/2234 2065/2452/2235 2066/2454/2237
f 2159/2455/2238 2160/2453/2236 2066/2454/2237 2067/2456/2239
f 2158/2457/2240 2159/2455/2238 2067/2456/2239 2069/2458/2241
f 2157/2459/2242 2158/2457/2240 2069/2458/2241 2070/2460/2243
f 2156/2461/2244 2157/2459/2242 2070/2460/2243 2071/2462/2245
f 2155/2463/2246 2156/2461/2244 2071/2462/2245 2068/2464/2247
f 2154/2465/2248 2350/2466/2249 2351/2467/2250 2072/2468/2251
f 2173/2424/2209 2320/2469/2252 2321/2470/2253 2053/2425/2210
f 1995/2304/2094 1994/2303/2093 2095/2352/2140 2094/2351/2139
f 1994/2303/2093 2400/2305/2095 2401/2355/2143 2095/2352/2140
f 1996/2307/2097 1997/2306/2096 2097/2358/2146 2096/2357/2145
f 1997/2306/2096 1998/2308/2098 2098/2361/2149 2097/2358/2146
f 1998/2308/2098 1999/2309/2099 2099/2363/2151 2098/2361/2149
f 1999/2309/2099 2000/2310/2100 2100/2365/2153 2099/2363/2151
f 2000/2312/2100 2001/2311/2101 2101/2368/2155 2100/2367/2153
f 2001/2311/2101 2002/2313/2102 2102/2371/2157 2101/2368/2155
f 2002/2313/2102 2003/2314/2103 2103/2373/2159 2102/2371/2157
f 2003/2314/2103 2004/2315/2104 2104/2375/2161 2103/2373/2159
f 2004/2315/2104 2005/2316/2105 2105/2377/2163 2104/2375/2161
f 2005/2316/2105 2006/2317/2106 2106/2379/2165 2105/2377/2163
f 2006/2317/2106 2007/2318/2107 2107/2381/2167 2106/2379/2165
f 2007/2318/2107 2008/2319/2108 2108/2383/2169 2107/2381/2167
f 2008/2319/2108 2011/2324/2113 2109/2385/2171 2108/2383/2169
f 2011/2324/2113 2013/2326/2115 2110/2391/2177 2109/2385/2171
f 2013/2326/2115 2012/2325/2114 2111/2387/2173 2110/2391/2177
f 2012/2325/2114 2010/2323/2112 2112/2388/2174 2111/2387/2173
f 2362/2322/2111 2363/2416/2201 2112/2388/2174 2010/2323/2112
f 2332/2320/2109 2333/2419/2204 2113/2422/2207 2009/2321/2110
f 2093/2415/2200 2348/2414/2199 2349/2471/2254 2114/2472/2255
f 2092/2413/2198 2091/2412/2197 2116/2473/2256 2115/2474/2257
f 2091/2412/2197 2090/2411/2196 2117/2475/2258 2116/2473/2256
f 2090/2411/2196 2089/2410/2195 2118/2476/2259 2117/2475/2258
f 2089/2410/2195 2088/2409/2194 2119/2477/2260 2118/2476/2259
f 2088/2409/2194 2087/2408/2193 2120/2478/2261 2119/2477/2260
f 2087/2408/2193 2086/2407/2192 2121/2479/2262 2120/2478/2261
f 2086/2407/2192 2085/2406/2191 2122/2480/2263 2121/2479/2262
f 2085/2406/2191 2084/2405/2190 2123/2481/2264 2122/2480/2263
f 2084/2405/2190 2083/2404/2189 2124/2482/2265 2123/2481/2264
f 2083/2404/2189 2082/2403/2188 2125/2483/2266 2124/2482/2265
f 2082/2403/2188 2081/2402/2187 2126/2484/2267 2125/2483/2266
f 2081/2402/2187 2080/2401/2186 2127/2485/2268 2126/2484/2267
f 2080/2400/2186 2079/2399/2185 2128/2486/2269 2127/2487/2268
f 2079/2399/2185 2078/2398/2184 2129/2488/2270 2128/2486/2269
f 2078/2398/2184 2077/2397/2183 2130/2489/2271 2129/2488/2270
f 2077/2397/2183 2076/2396/2182 2131/2490/2272 2130/2489/2271
f 2372/2491/2273 2373/2395/2181 2075/2394/2180 2132/2492/2274
f 2075/2394/2180 2074/2393/2179 2133/2493/2275 2132/2492/2274
f 2074/2393/2179 2318/2418/2203 2319/2494/2276 2133/2493/2275
f 2364/2417/2202 2365/2495/2277 2175/2496/2278 2135/2389/2175
f 2136/2390/2176 2135/2389/2175 2175/2496/2278 2176/2497/2279
f 2137/2392/2178 2136/2390/2176 2176/2497/2279 2177/2498/2280
f 2138/2386/2172 2137/2392/2178 2177/2498/2280 2178/2499/2281
f 2139/2384/2170 2138/2386/2172 2178/2499/2281 2179/2500/2282
f 2140/2382/2168 2139/2384/2170 2179/2500/2282 2180/2501/2283
f 2141/2380/2166 2140/2382/2168 2180/2501/2283 2181/2502/2284
f 2142/2378/2164 2141/2380/2166 2181/2502/2284 2182/2503/2285
f 2143/2376/2162 2142/2378/2164 2182/2503/2285 2183/2504/2286
f 2144/2374/2160 2143/2376/2162 2183/2504/2286 2184/2505/2287
f 2145/2372/2158 2144/2374/2160 2184/2505/2287 2185/2506/2288
f 2146/2369/2156 2145/2372/2158 2185/2506/2288 2186/2507/2289
f 2147/2370/2154 2146/2369/2156 2186/2507/2289 2187/2508/2290
f 2148/2364/2152 2147/2366/2154 2187/2509/2290 2188/2510/2291
f 2149/2362/2150 2148/2364/2152 2188/2510/2291 2189/2511/2292
f 2150/2359/2147 2149/2362/2150 2189/2511/2292 2190/2512/2293
f 2151/2360/2148 2150/2359/2147 2190/2512/2293 2191/2513/2294
f 2152/2353/2141 2402/2356/2144 2403/2514/2295 2192/2515/2296
f 2153/2354/2142 2152/2353/2141 2192/2515/2296 2193/2516/2297
f 2334/2420/2205 2335/2517/2298 2174/2518/2299 2134/2421/2206
f 2114/2472/2255 2349/2471/2254 2350/2466/2249 2154/2465/2248
f 2115/2474/2257 2116/2473/2256 2156/2461/2244 2155/2463/2246
f 2116/2473/2256 2117/2475/2258 2157/2459/2242 2156/2461/2244
f 2117/2475/2258 2118/2476/2259 2158/2457/2240 2157/2459/2242
f 2118/2476/2259 2119/2477/2260 2159/2455/2238 2158/2457/2240
f 2119/2477/2260 2120/2478/2261 2160/2453/2236 2159/2455/2238
f 2120/2478/2261 2121/2479/2262 2161/2451/2234 2160/2453/2236
f 2121/2479/2262 2122/2480/2263 2162/2449/2232 2161/2451/2234
f 2122/2480/2263 2123/2481/2264 2163/2447/2230 2162/2449/2232
f 2123/2481/2264 2124/2482/2265 2164/2445/2228 2163/2447/2230
f 2124/2482/2265 2125/2483/2266 2165/2443/2226 2164/2445/2228
f 2125/2483/2266 2126/2484/2267 2166/2439/2224 2165/2443/2226
f 2126/2484/2267 2127/2485/2268 2167/2440/2222 2166/2439/2224
f 2127/2487/2268 2128/2486/2269 2168/2435/2220 2167/2437/2222
f 2128/2486/2269 2129/2488/2270 2169/2433/2218 2168/2435/2220
f 2129/2488/2270 2130/2489/2271 2170/2429/2214 2169/2433/2218
f 2130/2489/2271 2131/2490/2272 2171/2430/2215 2170/2429/2214
f 2371/2428/2213 2372/2491/2273 2132/2492/2274 2172/2423/2208
f 2132/2492/2274 2133/2493/2275 2173/2424/2209 2172/2423/2208
f 2133/2493/2275 2319/2494/2276 2320/2469/2252 2173/2424/2209
f 2049/2519/2300 2175/2496/2278 2365/2495/2277 2366/2520/2301
f 2176/2497/2279 2175/2496/2278 2049/2519/2300 2051/2521/2302
f 2177/2498/2280 2176/2497/2279 2051/2521/2302 2052/2522/2303
f 2178/2499/2281 2177/2498/2280 2052/2522/2303 2050/2523/2304
f 2179/2500/2282 2178/2499/2281 2050/2523/2304 2048/2524/2305
f 2180/2501/2283 2179/2500/2282 2048/2524/2305 2047/2525/2306
f 2181/2502/2284 2180/2501/2283 2047/2525/2306 2046/2526/2307
f 2182/2503/2285 2181/2502/2284 2046/2526/2307 2045/2527/2308
f 2183/2504/2286 2182/2503/2285 2045/2527/2308 2044/2528/2309
f 2184/2505/2287 2183/2504/2286 2044/2528/2309 2043/2529/2310
f 2185/2506/2288 2184/2505/2287 2043/2529/2310 2042/2530/2311
f 2186/2507/2289 2185/2506/2288 2042/2530/2311 2041/2531/2312
f 2187/2508/2290 2186/2507/2289 2041/2531/2312 2040/2532/2313
f 2188/2510/2291 2187/2509/2290 2040/2533/2313 2039/2534/2314
f 2189/2511/2292 2188/2510/2291 2039/2534/2314 2038/2535/2315
f 2190/2512/2293 2189/2511/2292 2038/2535/2315 2037/2536/2316
f 2191/2513/2294 2190/2512/2293 2037/2536/2316 2036/2537/2317
f 2192/2515/2296 2403/2514/2295 2404/2538/2318 2034/2539/2319
f 2193/2516/2297 2192/2515/2296 2034/2539/2319 2035/2540/2320
f 2073/2541/2321 2174/2518/2299 2335/2517/2298 2336/2542/2322
f 2195/2543/2323 2194/2544/2324 2222/2545/2325 2223/2546/2326
f 2226/2547/2327 2227/2548/2328 2037/2536/2316 2038/2535/2315
f 2198/2549/2329 2195/2543/2323 2223/2546/2326 2224/2550/2330
f 2227/2548/2328 2228/2551/2331 2036/2537/2317 2037/2536/2316
f 2194/2544/2324 2195/2543/2323 2200/2552/2332 2201/2553/2333
f 2196/2554/2334 2197/2555/2335 2202/2556/2336 2203/2557/2337
f 2204/2558/2338 2200/2552/2332 2195/2543/2323 2198/2549/2329
f 2203/2557/2337 2205/2559/2339 2199/2560/2340 2196/2554/2334
f 2207/2561/2341 2238/2562/2342 2239/2563/2343 2206/2564/2344
f 2202/2556/2336 2241/2565/2345 2242/2566/2346 2203/2557/2337
f 2210/2567/2347 2206/2564/2344 2239/2563/2343 2240/2568/2348
f 2242/2566/2346 2243/2569/2349 2205/2559/2339 2203/2557/2337
f 2213/2570/2350 2207/2561/2341 2206/2564/2344 2212/2571/2351
f 2208/2572/2352 2214/2573/2353 2215/2574/2354 2209/2575/2355
f 2216/2576/2356 2212/2571/2351 2206/2564/2344 2210/2567/2347
f 2215/2574/2354 2217/2577/2357 2211/2578/2358 2209/2575/2355
f 2198/2549/2329 2224/2550/2330 2225/2579/2359 2219/2580/2360
f 2036/2537/2317 2228/2551/2331 2229/2581/2361 2221/2582/2362
f 2223/2546/2326 2222/2545/2325 2057/2434/2219 2056/2432/2217
f 2224/2550/2330 2223/2546/2326 2056/2432/2217 2055/2431/2216
f 2225/2579/2359 2224/2550/2330 2055/2431/2216 2218/2583/2363
f 2197/2555/2335 2196/2554/2334 2227/2548/2328 2226/2547/2327
f 2196/2554/2334 2199/2560/2340 2228/2551/2331 2227/2548/2328
f 2229/2581/2361 2228/2551/2331 2199/2560/2340 2220/2584/2364
f 2226/2547/2327 2038/2535/2315 2230/2585/2365 2231/2586/2366
f 2057/2434/2219 2222/2545/2325 2232/2587/2367 2233/2588/2368
f 2222/2545/2325 2194/2544/2324 2234/2589/2369 2232/2587/2367
f 2197/2555/2335 2226/2547/2327 2231/2586/2366 2235/2590/2370
f 2194/2544/2324 2201/2553/2333 2236/2591/2371 2234/2589/2369
f 2202/2556/2336 2197/2555/2335 2235/2590/2370 2237/2592/2372
f 2239/2563/2343 2238/2562/2342 2201/2553/2333 2200/2552/2332
f 2240/2568/2348 2239/2563/2343 2200/2552/2332 2204/2558/2338
f 2242/2566/2346 2241/2565/2345 2208/2572/2352 2209/2575/2355
f 2209/2575/2355 2211/2578/2358 2243/2569/2349 2242/2566/2346
f 2204/2558/2338 2198/2549/2329 2219/2580/2360 2244/2593/2373
f 2199/2560/2340 2205/2559/2339 2245/2594/2374 2220/2584/2364
f 2240/2568/2348 2204/2558/2338 2244/2593/2373 2246/2595/2375
f 2205/2559/2339 2243/2569/2349 2247/2596/2376 2245/2594/2374
f 2243/2569/2349 2211/2578/2358 2248/2597/2377 2247/2596/2376
f 2210/2567/2347 2240/2568/2348 2246/2595/2375 2249/2598/2378
f 2216/2576/2356 2210/2567/2347 2249/2598/2378 2250/2599/2379
f 2211/2578/2358 2217/2577/2357 2251/2600/2380 2248/2597/2377
f 2253/2601/2381 2213/2570/2350 2212/2571/2351 2252/2602/2382
f 2214/2573/2353 2254/2603/2383 2255/2604/2384 2215/2574/2354
f 2216/2576/2356 2256/2605/2385 2252/2602/2382 2212/2571/2351
f 2257/2606/2386 2217/2577/2357 2215/2574/2354 2255/2604/2384
f 2250/2599/2379 2258/2607/2387 2256/2605/2385 2216/2576/2356
f 2259/2608/2388 2251/2600/2380 2217/2577/2357 2257/2606/2386
f 2258/2607/2387 2260/2609/2389 2252/2602/2382 2256/2605/2385
f 2261/2610/2390 2259/2608/2388 2257/2606/2386 2255/2604/2384
f 2260/2609/2389 2262/2611/2391 2253/2601/2381 2252/2602/2382
f 2263/2612/2392 2261/2610/2390 2255/2604/2384 2254/2603/2383
f 2213/2570/2350 2253/2601/2381 2262/2611/2391 2264/2613/2393
f 2254/2603/2383 2214/2573/2353 2265/2614/2394 2263/2612/2392
f 2264/2615/2393 2262/2616/2391 2260/2617/2389 2266/2618/2395
f 2263/2619/2392 2265/2620/2394 2267/2621/2396 2261/2622/2390
f 2258/2623/2387 2250/2624/2379 2266/2618/2395 2260/2617/2389
f 2251/2625/2380 2259/2626/2388 2261/2622/2390 2267/2621/2396
f 2238/2562/2342 2207/2561/2341 2268/2627/2397 2269/2628/2398
f 2241/2565/2345 2202/2556/2336 2237/2592/2372 2270/2629/2399
f 2207/2561/2341 2213/2570/2350 2264/2613/2393 2268/2627/2397
f 2214/2573/2353 2208/2572/2352 2271/2630/2400 2265/2614/2394
f 2201/2553/2333 2238/2562/2342 2269/2628/2398 2236/2591/2371
f 2208/2572/2352 2241/2565/2345 2270/2629/2399 2271/2630/2400
f 2272/2631/2401 2266/2618/2395 2250/2624/2379 2249/2632/2378
f 2267/2621/2396 2273/2633/2402 2248/2634/2377 2251/2625/2380
f 2268/2635/2397 2264/2615/2393 2266/2618/2395 2272/2631/2401
f 2265/2620/2394 2271/2636/2400 2273/2633/2402 2267/2621/2396
f 2272/2631/2401 2249/2632/2378 2246/2637/2375 2274/2638/2403
f 2248/2634/2377 2273/2633/2402 2275/2639/2404 2247/2640/2376
f 2268/2635/2397 2272/2631/2401 2274/2638/2403 2269/2641/2398
f 2273/2633/2402 2271/2636/2400 2270/2642/2399 2275/2639/2404
f 2274/2638/2403 2246/2637/2375 2244/2643/2373 2276/2644/2405
f 2247/2640/2376 2275/2639/2404 2277/2645/2406 2245/2646/2374
f 2269/2641/2398 2274/2638/2403 2276/2644/2405 2236/2647/2371
f 2275/2639/2404 2270/2642/2399 2237/2648/2372 2277/2645/2406
f 2278/2649/2407 2234/2650/2369 2236/2647/2371 2276/2644/2405
f 2235/2651/2370 2279/2652/2408 2277/2645/2406 2237/2648/2372
f 2219/2653/2360 2278/2649/2407 2276/2644/2405 2244/2643/2373
f 2279/2652/2408 2220/2654/2364 2245/2646/2374 2277/2645/2406
f 2278/2649/2407 2219/2653/2360 2225/2655/2359 2280/2656/2409
f 2220/2654/2364 2279/2652/2408 2281/2657/2410 2229/2658/2361
f 2280/2656/2409 2232/2659/2367 2234/2650/2369 2278/2649/2407
f 2231/2660/2366 2281/2657/2410 2279/2652/2408 2235/2651/2370
f 2280/2656/2409 2225/2655/2359 2218/2661/2363 2282/2662/2411
f 2229/2658/2361 2281/2657/2410 2283/2663/2412 2221/2664/2362
f 2232/2659/2367 2280/2656/2409 2282/2662/2411 2233/2665/2368
f 2281/2657/2410 2231/2660/2366 2230/2666/2365 2283/2663/2412
f 2043/2529/2310 2044/2528/2309 2284/2667/2413 2285/2668/2414
f 2063/2448/2231 2062/2446/2229 2286/2669/2415 2287/2670/2416
f 2071/2462/2245 2070/2460/2243 2288/2671/2417 2289/2672/2418
f 2052/2522/2303 2051/2521/2302 2290/2673/2419 2291/2674/2420
f 2044/2528/2309 2045/2527/2308 2292/2675/2421 2284/2667/2413
f 2045/2527/2308 2046/2526/2307 2293/2676/2422 2292/2675/2421
f 2046/2526/2307 2047/2525/2306 2294/2677/2423 2293/2676/2422
f 2047/2525/2306 2048/2524/2305 2295/2678/2424 2294/2677/2423
f 2048/2524/2305 2050/2523/2304 2296/2679/2425 2295/2678/2424
f 2050/2523/2304 2052/2522/2303 2291/2674/2420 2296/2679/2425
f 2064/2450/2233 2063/2448/2231 2287/2670/2416 2297/2680/2426
f 2065/2452/2235 2064/2450/2233 2297/2680/2426 2298/2681/2427
f 2066/2454/2237 2065/2452/2235 2298/2681/2427 2299/2682/2428
f 2067/2456/2239 2066/2454/2237 2299/2682/2428 2300/2683/2429
f 2069/2458/2241 2067/2456/2239 2300/2683/2429 2301/2684/2430
f 2070/2460/2243 2069/2458/2241 2301/2684/2430 2288/2671/2417
f 2289/2672/2418 2302/2685/2431 2068/2464/2247 2071/2462/2245
f 2303/2686/2432 2290/2673/2419 2051/2521/2302 2049/2519/2300
f 2351/2467/2250 2352/2687/2433 2304/2688/2434 2072/2468/2251
f 2366/2520/2301 2367/2689/2435 2303/2686/2432 2049/2519/2300
f 2321/2470/2253 2322/2690/2436 2306/2691/2437 2053/2425/2210
f 2336/2542/2322 2337/2692/2438 2305/2693/2439 2073/2541/2321
f 1169/1316/1194 2309/1308/1186 2308/1423/1293 1246/1420/1290
f 1165/1312/1190 2310/1304/1182 2309/1308/1186 1169/1316/1194
f 1140/1273/1153 2311/1270/1150 2310/1304/1182 1165/1312/1190
f 2312/1271/1151 2311/1270/1150 1140/1273/1153 1141/1272/1152
f 2313/2146/1971 2312/2145/1151 1141/2147/1152 1893/2150/1973
f 2314/2182/2000 2313/2146/1971 1893/2150/1973 1869/2181/1999
f 2315/2248/2040 2314/2182/2000 1869/2181/1999 1949/2250/2042
f 2316/2296/2086 2315/2248/2040 1949/2250/2042 1989/2298/2088
f 2317/2344/2132 2316/2296/2086 1989/2298/2088 2029/2346/2134
f 2029/2346/2134 2093/2415/2200 2318/2418/2203 2317/2344/2132
f 2319/2494/2276 2318/2418/2203 2093/2415/2200 2114/2472/2255
f 2320/2469/2252 2319/2494/2276 2114/2472/2255 2154/2465/2248
f 2321/2470/2253 2320/2469/2252 2154/2465/2248 2072/2468/2251
f 2304/2688/2434 2322/2690/2436 2321/2470/2253 2072/2468/2251
f 1167/1352/1228 2324/1306/1184 2323/1421/1291 1247/1426/1296
f 1163/1351/1227 2325/1302/1180 2324/1306/1184 1167/1352/1228
f 1073/1190/1074 2326/1223/1105 2325/1302/1180 1163/1351/1227
f 2327/1224/1106 2326/1223/1105 1073/1190/1074 1072/1189/1073
f 2328/2098/1942 2327/2206/1106 1072/2183/1073 1894/2063/1909
f 2329/2099/1943 2328/2098/1942 1894/2063/1909 1835/2066/1912
f 2330/2224/2017 2329/2099/1943 1835/2066/1912 1915/2208/2002
f 2331/2272/2063 2330/2224/2017 1915/2208/2002 1955/2256/2048
f 2332/2320/2109 2331/2272/2063 1955/2256/2048 1995/2304/2094
f 2094/2351/2139 2333/2419/2204 2332/2320/2109 1995/2304/2094
f 2153/2354/2142 2334/2420/2205 2333/2419/2204 2094/2351/2139
f 2193/2516/2297 2335/2517/2298 2334/2420/2205 2153/2354/2142
f 2336/2542/2322 2335/2517/2298 2193/2516/2297 2035/2540/2320
f 2307/2694/2440 2337/2692/2438 2336/2542/2322 2035/2540/2320
f 1173/1411/1283 2339/1317/1195 2338/1419/1289 1243/1416/1286
f 2340/1313/1191 2339/1317/1195 1173/1411/1283 1171/1410/1282
f 2341/1274/1154 2340/1313/1191 1171/1410/1282 1142/1409/1281
f 2342/1275/1155 2341/1274/1154 1142/1409/1281 1143/1408/1280
f 2343/2149/1972 2342/2148/1155 1143/2157/1280 1892/2158/1977
f 2344/2180/1998 2343/2149/1972 1892/2158/1977 1870/2179/1997
f 2345/2249/2041 2344/2180/1998 1870/2179/1997 1950/2254/2046
f 2346/2297/2087 2345/2249/2041 1950/2254/2046 1990/2302/2092
f 2347/2345/2133 2346/2297/2087 1990/2302/2092 2030/2350/2138
f 2030/2350/2138 2092/2413/2198 2348/2414/2199 2347/2345/2133
f 2349/2471/2254 2348/2414/2199 2092/2413/2198 2115/2474/2257
f 2350/2466/2249 2349/2471/2254 2115/2474/2257 2155/2463/2246
f 2351/2467/2250 2350/2466/2249 2155/2463/2246 2068/2464/2247
f 2302/2685/2431 2352/2687/2433 2351/2467/2250 2068/2464/2247
f 1166/1307/1185 2354/1314/1192 2353/1418/1288 1245/1422/1292
f 1166/1307/1185 1162/1303/1181 2355/1310/1188 2354/1314/1192
f 1162/1303/1181 1103/1222/1104 2356/1226/1108 2355/1310/1188
f 1103/1222/1104 1102/1225/1107 2357/1227/1109 2356/1226/1108
f 2358/2102/1946 2357/2204/1109 1102/2205/1107 1913/2097/1941
f 2359/2103/1947 2358/2102/1946 1913/2097/1941 1849/2100/1944
f 2360/2226/2019 2359/2103/1947 1849/2100/1944 1929/2225/2018
f 2361/2274/2065 2360/2226/2019 1929/2225/2018 1969/2273/2064
f 2362/2322/2111 2361/2274/2065 1969/2273/2064 2009/2321/2110
f 2113/2422/2207 2363/2416/2201 2362/2322/2111 2009/2321/2110
f 2134/2421/2206 2364/2417/2202 2363/2416/2201 2113/2422/2207
f 2174/2518/2299 2365/2495/2277 2364/2417/2202 2134/2421/2206
f 2366/2520/2301 2365/2495/2277 2174/2518/2299 2073/2541/2321
f 2305/2693/2439 2367/2689/2435 2366/2520/2301 2073/2541/2321
f 2054/2426/2211 2053/2425/2210 2306/2691/2437 2368/2695/2441
f 2035/2540/2320 2034/2539/2319 2369/2696/2442 2307/2694/2440
f 2171/2430/2215 2371/2428/2213 2370/2427/2212 2055/2431/2216
f 2131/2490/2272 2372/2491/2273 2371/2428/2213 2171/2430/2215
f 2076/2396/2182 2373/2395/2181 2372/2491/2273 2131/2490/2272
f 2016/2330/2119 2374/2329/2118 2373/2395/2181 2076/2396/2182
f 1976/2282/2073 2375/2281/2072 2374/2329/2118 2016/2330/2119
f 1936/2234/2027 2376/2233/2026 2375/2281/2072 1976/2282/2073
f 1856/2162/1981 2377/2161/1980 2376/2233/2026 1936/2234/2027
f 1876/2119/1958 2378/2115/1957 2377/2161/1980 1856/2162/1981
f 1114/2118/1124 2379/2116/1122 2378/2115/1957 1876/2119/1958
f 1115/1245/1127 2380/1241/1123 2379/1240/1122 1114/1242/1124
f 2381/1361/1237 2380/1241/1123 1115/1245/1127 1205/1458/1328
f 1602/1463/1333 2382/1363/1239 2381/1361/1237 1205/1458/1328
f 2383/1374/1250 2382/1363/1239 1602/1463/1333 1207/1470/1340
f 2384/1375/1251 2383/1374/1250 1207/1470/1340 1575/1469/1339
f 2385/1833/1723 2384/1375/1251 1575/1469/1339 1213/1832/1722
f 2386/1384/1260 2385/1833/1723 1213/1832/1722 1635/1477/1347
f 2387/1385/1261 2386/1384/1260 1635/1477/1347 1217/1476/1346
f 1622/1480/1350 2388/1386/1262 2387/1385/1261 1217/1476/1346
f 1214/1474/1344 2389/1376/1252 2388/1386/1262 1622/1480/1350
f 1589/1473/1343 2390/1377/1253 2389/1376/1252 1214/1474/1344
f 1208/1466/1336 2391/1364/1240 2390/1377/1253 1589/1473/1343
f 1615/1465/1335 2392/1365/1241 2391/1364/1240 1208/1466/1336
f 2393/1362/1238 2392/1365/1241 1615/1465/1335 1206/1460/1330
f 1076/1196/1080 2394/1192/1076 2393/1362/1238 1206/1460/1330
f 2395/1193/1077 2394/1192/1076 1076/1196/1080 1077/1195/1079
f 2396/2067/1913 2395/2185/1077 1077/2186/1079 1896/2069/1915
f 2397/2068/1914 2396/2067/1913 1896/2069/1915 1836/2072/1918
f 2398/2209/2003 2397/2068/1914 1836/2072/1918 1916/2211/2005
f 2399/2257/2049 2398/2209/2003 1916/2211/2005 1956/2259/2051
f 2400/2305/2095 2399/2257/2049 1956/2259/2051 1996/2307/2097
f 2401/2355/2143 2400/2305/2095 1996/2307/2097 2096/2357/2145
f 2402/2356/2144 2401/2355/2143 2096/2357/2145 2151/2360/2148
f 2403/2514/2295 2402/2356/2144 2151/2360/2148 2191/2513/2294
f 2404/2538/2318 2403/2514/2295 2191/2513/2294 2036/2537/2317
f 2370/2427/2212 2054/2426/2211 2368/2695/2441 2405/2697/2443
f 2034/2539/2319 2404/2538/2318 2406/2698/2444 2369/2696/2442
f 2055/2431/2216 2370/2427/2212 2405/2697/2443 2218/2583/2363
f 2404/2538/2318 2036/2537/2317 2221/2582/2362 2406/2698/2444
f 2039/2534/2314 2040/2533/2313 2407/2699/2445 2408/2700/2446
f 2059/2438/2223 2058/2436/2221 2409/2701/2447 2410/2702/2448
f 2040/2532/2313 2041/2531/2312 2411/2703/2449 2407/2704/2445
f 2041/2531/2312 2042/2530/2311 2412/2705/2450 2411/2703/2449
f 2042/2530/2311 2043/2529/2310 2285/2668/2414 2412/2705/2450
f 2060/2442/2225 2059/2441/2223 2410/2706/2448 2413/2707/2451
f 2061/2444/2227 2060/2442/2225 2413/2707/2451 2414/2708/2452
f 2062/2446/2229 2061/2444/2227 2414/2708/2452 2286/2669/2415
f 2233/2588/2368 2409/2701/2447 2058/2436/2221 2057/2434/2219
f 2408/2700/2446 2230/2585/2365 2038/2535/2315 2039/2534/2314
f 2416/2709/2453 2487/2710/2454 2488/2711/2455 2415/2712/2456
f 2221/2664/2362 2510/2713/2457 2511/2714/2458 2406/2715/2444
f 2416/2709/2453 2419/2716/2459 2509/2717/2460 2487/2710/2454
f 2532/2718/2461 2510/2713/2457 2221/2664/2362 2283/2663/2412
f 2419/2716/2459 2421/2719/2462 2508/2720/2463 2509/2717/2460
f 2531/2721/2464 2532/2718/2461 2283/2663/2412 2230/2666/2365
f 2421/2719/2462 2423/2722/2465 2507/2723/2466 2508/2720/2463
f 2530/2724/2467 2531/2721/2464 2230/2666/2365 2408/2725/2446
f 2425/2726/2468 2415/2712/2456 2488/2711/2455 2489/2727/2469
f 2511/2714/2458 2512/2728/2470 2369/2729/2442 2406/2715/2444
f 2489/2727/2469 2490/2730/2471 2427/2731/2472 2425/2726/2468
f 2307/2732/2440 2369/2729/2442 2512/2728/2470 2513/2733/2473
f 2490/2730/2471 2491/2734/2474 2429/2735/2475 2427/2731/2472
f 2513/2733/2473 2514/2736/2476 2337/2737/2438 2307/2732/2440
f 2491/2734/2474 2492/2738/2477 2431/2739/2478 2429/2735/2475
f 2514/2736/2476 2515/2740/2479 2305/2741/2439 2337/2737/2438
f 2492/2738/2477 2493/2742/2480 2433/2743/2481 2431/2739/2478
f 2515/2740/2479 2516/2744/2482 2367/2745/2435 2305/2741/2439
f 2493/2742/2480 2494/2746/2483 2435/2747/2484 2433/2743/2481
f 2303/2748/2432 2367/2745/2435 2516/2744/2482 2517/2749/2485
f 2285/2750/2414 2284/2751/2413 2525/2752/2486 2526/2753/2487
f 2502/2754/2488 2503/2755/2489 2439/2756/2490 2440/2757/2491
f 2408/2725/2446 2407/2758/2445 2529/2759/2492 2530/2724/2467
f 2506/2760/2493 2507/2723/2466 2423/2722/2465 2442/2761/2494
f 2407/2758/2445 2411/2762/2449 2528/2763/2495 2529/2759/2492
f 2411/2762/2449 2412/2764/2450 2527/2765/2496 2528/2763/2495
f 2412/2764/2450 2285/2750/2414 2526/2753/2487 2527/2765/2496
f 2505/2766/2497 2506/2760/2493 2442/2761/2494 2445/2767/2498
f 2504/2768/2499 2505/2766/2497 2445/2767/2498 2446/2769/2500
f 2503/2755/2489 2504/2768/2499 2446/2769/2500 2439/2756/2490
f 2494/2746/2483 2495/2770/2501 2447/2771/2502 2435/2747/2484
f 2290/2772/2419 2303/2748/2432 2517/2749/2485 2518/2773/2503
f 2284/2751/2413 2292/2774/2421 2524/2775/2504 2525/2752/2486
f 2501/2776/2505 2502/2754/2488 2440/2757/2491 2450/2777/2506
f 2495/2770/2501 2496/2778/2507 2451/2779/2508 2447/2771/2502
f 2291/2780/2420 2290/2772/2419 2518/2773/2503 2519/2781/2509
f 2292/2774/2421 2293/2782/2422 2523/2783/2510 2524/2775/2504
f 2293/2782/2422 2294/2784/2423 2522/2785/2511 2523/2783/2510
f 2294/2784/2423 2295/2786/2424 2521/2787/2512 2522/2785/2511
f 2295/2786/2424 2296/2788/2425 2520/2789/2513 2521/2787/2512
f 2296/2788/2425 2291/2780/2420 2519/2781/2509 2520/2789/2513
f 2500/2790/2514 2501/2776/2505 2450/2777/2506 2457/2791/2515
f 2499/2792/2516 2500/2790/2514 2457/2791/2515 2458/2793/2517
f 2498/2794/2518 2499/2792/2516 2458/2793/2517 2459/2795/2519
f 2497/2796/2520 2498/2794/2518 2459/2795/2519 2460/2797/2521
f 2496/2778/2507 2497/2796/2520 2460/2797/2521 2451/2779/2508
f 2425/2726/2468 2461/2798/2522 2416/2709/2453 2415/2712/2456
f 2462/2799/2523 2426/2800/2524 2418/2801/2525 2417/2802/2526
f 2461/2798/2522 2463/2803/2527 2419/2716/2459 2416/2709/2453
f 2464/2804/2528 2462/2799/2523 2417/2802/2526 2420/2805/2529
f 2442/2761/2494 2423/2722/2465 2421/2719/2462 2465/2806/2530
f 2424/2807/2531 2441/2808/2532 2466/2809/2533 2422/2810/2534
f 2463/2803/2527 2465/2806/2530 2421/2719/2462 2419/2716/2459
f 2466/2809/2533 2464/2804/2528 2420/2805/2529 2422/2810/2534
f 2433/2743/2481 2435/2747/2484 2467/2811/2535 2431/2739/2478
f 2436/2812/2536 2434/2813/2537 2432/2814/2538 2468/2815/2539
f 2429/2735/2475 2431/2739/2478 2467/2811/2535 2469/2816/2540
f 2432/2814/2538 2430/2817/2541 2470/2818/2542 2468/2815/2539
f 2471/2819/2543 2427/2731/2472 2429/2735/2475 2469/2816/2540
f 2428/2820/2544 2472/2821/2545 2470/2818/2542 2430/2817/2541
f 2425/2726/2468 2427/2731/2472 2471/2819/2543 2461/2798/2522
f 2428/2820/2544 2426/2800/2524 2462/2799/2523 2472/2821/2545
f 2463/2803/2527 2461/2798/2522 2471/2819/2543 2473/2822/2546
f 2462/2799/2523 2464/2804/2528 2474/2823/2547 2472/2821/2545
f 2465/2806/2530 2463/2803/2527 2473/2822/2546 2475/2824/2548
f 2464/2804/2528 2466/2809/2533 2476/2825/2549 2474/2823/2547
f 2475/2824/2548 2445/2767/2498 2442/2761/2494 2465/2806/2530
f 2443/2826/2550 2476/2825/2549 2466/2809/2533 2441/2808/2532
f 2478/2827/2551 2477/2828/2552 2475/2824/2548 2473/2822/2546
f 2480/2829/2553 2479/2830/2554 2474/2823/2547 2476/2825/2549
f 2469/2816/2540 2478/2827/2551 2473/2822/2546 2471/2819/2543
f 2479/2830/2554 2470/2818/2542 2472/2821/2545 2474/2823/2547
f 2445/2767/2498 2475/2824/2548 2477/2828/2552 2446/2769/2500
f 2476/2825/2549 2443/2826/2550 2444/2831/2555 2480/2829/2553
f 2467/2811/2535 2435/2747/2484 2447/2771/2502 2481/2832/2556
f 2436/2812/2536 2468/2815/2539 2482/2833/2557 2448/2834/2558
f 2469/2816/2540 2467/2811/2535 2481/2832/2556 2478/2827/2551
f 2468/2815/2539 2470/2818/2542 2479/2830/2554 2482/2833/2557
f 2481/2832/2556 2447/2771/2502 2451/2779/2508 2483/2835/2559
f 2448/2834/2558 2482/2833/2557 2484/2836/2560 2452/2837/2561
f 2478/2827/2551 2481/2832/2556 2483/2835/2559 2477/2828/2552
f 2482/2833/2557 2479/2830/2554 2480/2829/2553 2484/2836/2560
f 2451/2779/2508 2460/2797/2521 2485/2838/2562 2483/2835/2559
f 2456/2839/2563 2452/2837/2561 2484/2836/2560 2486/2840/2564
f 2458/2793/2517 2485/2838/2562 2460/2797/2521 2459/2795/2519
f 2486/2840/2564 2454/2841/2565 2455/2842/2566 2456/2839/2563
f 2488/2711/2455 2487/2710/2454 2218/2661/2363 2405/2843/2443
f 2489/2727/2469 2488/2711/2455 2405/2843/2443 2368/2844/2441
f 2368/2844/2441 2306/2845/2437 2490/2730/2471 2489/2727/2469
f 2322/2846/2436 2491/2734/2474 2490/2730/2471 2306/2845/2437
f 2304/2847/2434 2492/2738/2477 2491/2734/2474 2322/2846/2436
f 2352/2848/2433 2493/2742/2480 2492/2738/2477 2304/2847/2434
f 2352/2848/2433 2302/2849/2431 2494/2746/2483 2493/2742/2480
f 2302/2849/2431 2289/2850/2418 2495/2770/2501 2494/2746/2483
f 2289/2850/2418 2288/2851/2417 2496/2778/2507 2495/2770/2501
f 2288/2851/2417 2301/2852/2430 2497/2796/2520 2496/2778/2507
f 2301/2852/2430 2300/2853/2429 2498/2794/2518 2497/2796/2520
f 2300/2853/2429 2299/2854/2428 2499/2792/2516 2498/2794/2518
f 2299/2854/2428 2298/2855/2427 2500/2790/2514 2499/2792/2516
f 2298/2855/2427 2297/2856/2426 2501/2776/2505 2500/2790/2514
f 2297/2856/2426 2287/2857/2416 2502/2754/2488 2501/2776/2505
f 2287/2857/2416 2286/2858/2415 2503/2755/2489 2502/2754/2488
f 2286/2858/2415 2414/2859/2452 2504/2768/2499 2503/2755/2489
f 2414/2859/2452 2413/2860/2451 2505/2766/2497 2504/2768/2499
f 2413/2860/2451 2410/2861/2448 2506/2760/2493 2505/2766/2497
f 2410/2861/2448 2409/2862/2447 2507/2723/2466 2506/2760/2493
f 2508/2720/2463 2507/2723/2466 2409/2862/2447 2233/2665/2368
f 2509/2717/2460 2508/2720/2463 2233/2665/2368 2282/2662/2411
f 2487/2710/2454 2509/2717/2460 2282/2662/2411 2218/2661/2363
f 2511/2714/2458 2510/2713/2457 2417/2802/2526 2418/2801/2525
f 2418/2801/2525 2426/2800/2524 2512/2728/2470 2511/2714/2458
f 2513/2733/2473 2512/2728/2470 2426/2800/2524 2428/2820/2544
f 2430/2817/2541 2514/2736/2476 2513/2733/2473 2428/2820/2544
f 2432/2814/2538 2515/2740/2479 2514/2736/2476 2430/2817/2541
f 2434/2813/2537 2516/2744/2482 2515/2740/2479 2432/2814/2538
f 2517/2749/2485 2516/2744/2482 2434/2813/2537 2436/2812/2536
f 2518/2773/2503 2517/2749/2485 2436/2812/2536 2448/2834/2558
f 2519/2781/2509 2518/2773/2503 2448/2834/2558 2452/2837/2561
f 2520/2789/2513 2519/2781/2509 2452/2837/2561 2456/2839/2563
f 2521/2787/2512 2520/2789/2513 2456/2839/2563 2455/2842/2566
f 2522/2785/2511 2521/2787/2512 2455/2842/2566 2454/2841/2565
f 2523/2783/2510 2522/2785/2511 2454/2841/2565 2453/2863/2567
f 2524/2775/2504 2523/2783/2510 2453/2863/2567 2449/2864/2568
f 2525/2752/2486 2524/2775/2504 2449/2864/2568 2437/2865/2569
f 2526/2753/2487 2525/2752/2486 2437/2865/2569 2438/2866/2570
f 2527/2765/2496 2526/2753/2487 2438/2866/2570 2444/2831/2555
f 2528/2763/2495 2527/2765/2496 2444/2831/2555 2443/2826/2550
f 2529/2759/2492 2528/2763/2495 2443/2826/2550 2441/2808/2532
f 2530/2724/2467 2529/2759/2492 2441/2808/2532 2424/2807/2531
f 2424/2807/2531 2422/2810/2534 2531/2721/2464 2530/2724/2467
f 2422/2810/2534 2420/2805/2529 2532/2718/2461 2531/2721/2464
f 2420/2805/2529 2417/2802/2526 2510/2713/2457 2532/2718/2461
s 45
f 2536/2867/2571 2533/2868/2572 2534/2869/2573 2535/2870/2574
f 2535/2870/2574 2538/2871/2575 2537/2872/2576 2536/2867/2571
f 2538/2871/2575 2539/2873/2577 2540/2874/2578 2537/2872/2576
f 2542/2875/2579 2540/2874/2578 2539/2873/2577 2541/2876/2580
f 2541/2876/2580 2939/2877/2581 2940/2878/2582 2542/2875/2579
f 2546/2879/2583 2544/2880/2584 2543/2881/2585 2545/2882/2586
f 2548/2883/2587 3012/2884/2588 3013/2885/2589 2547/2886/2590
f 3025/2887/2591 3010/2888/2592 3011/2889/2593 3026/2890/2594
f 2552/2891/2595 2549/2892/2596 2550/2893/2597 2551/2894/2598
f 2550/2893/2597 2549/2892/2596 2553/2895/2599 2554/2896/2600
f 2551/2894/2598 2550/2893/2597 2555/2897/2601 2556/2898/2602
f 2550/2893/2597 2554/2896/2600 2557/2899/2603 2555/2897/2601
f 2552/2891/2595 2551/2894/2598 2556/2898/2602 2558/2900/2604
f 2549/2892/2596 2552/2891/2595 2558/2900/2604 2559/2901/2605
f 2559/2901/2605 2560/2902/2606 2553/2895/2599 2549/2892/2596
f 2556/2898/2602 2555/2897/2601 2561/2903/2607 2562/2904/2608
f 2555/2897/2601 2557/2899/2603 2563/2905/2609 2561/2903/2607
f 2567/2906/2610 2564/2907/2611 2565/2908/2612 2566/2909/2613
f 2569/2910/2614 2566/2909/2613 2565/2908/2612 2568/2911/2615
f 2561/2903/2607 2563/2905/2609 2568/2911/2615 2565/2908/2612
f 2562/2904/2608 2561/2903/2607 2565/2908/2612 2564/2907/2611
f 2564/2907/2611 2567/2906/2610 2570/2912/2616 2562/2904/2608
f 2572/2913/2617 2571/2914/2618 2566/2909/2613 2569/2910/2614
f 2567/2906/2610 2566/2909/2613 2571/2914/2618 2570/2912/2616
f 2570/2912/2616 2571/2914/2618 2573/2915/2619 2574/2916/2620
f 2575/2917/2621 2573/2915/2619 2571/2914/2618 2572/2913/2617
f 2577/2918/2622 2563/2905/2609 2557/2899/2603 2576/2919/2623
f 2579/2920/2624 2575/2917/2621 2572/2913/2617 2578/2921/2625
f 2583/2922/2626 2580/2923/2627 2581/2924/2628 2582/2925/2629
f 2574/2916/2620 2573/2915/2619 2582/2925/2629 2581/2924/2628
f 2580/2923/2627 2584/2926/2630 2574/2916/2620 2581/2924/2628
f 2585/2927/2631 2584/2926/2630 2580/2923/2627 2583/2922/2626
f 2587/2928/2632 2586/2929/2633 2584/2926/2630 2585/2927/2631
f 2588/2930/2634 2582/2925/2629 2573/2915/2619 2575/2917/2621
f 2582/2925/2629 2588/2930/2634 2589/2931/2635 2583/2922/2626
f 2583/2922/2626 2589/2931/2635 2590/2932/2636 2585/2927/2631
f 2593/2933/2637 2591/2934/2638 2590/2932/2636 2592/2935/2639
f 2591/2934/2638 2587/2928/2632 2585/2927/2631 2590/2932/2636
f 2597/2936/2640 2594/2937/2641 2595/2938/2642 2596/2939/2643
f 2596/2939/2643 2595/2938/2642 2586/2929/2633 2587/2928/2632
f 2595/2938/2642 2594/2937/2641 2598/2940/2644 2586/2929/2633
f 2594/2937/2641 2597/2936/2640 2599/2941/2645 2598/2940/2644
f 2597/2936/2640 2596/2939/2643 2600/2942/2646 2601/2943/2647
f 2596/2939/2643 2587/2928/2632 2591/2934/2638 2600/2942/2646
f 2599/2941/2645 2597/2936/2640 2601/2943/2647 2602/2944/2648
f 2601/2943/2647 2600/2942/2646 2603/2945/2649 2604/2946/2650
f 2600/2942/2646 2591/2934/2638 2605/2947/2651 2603/2945/2649
f 2602/2944/2648 2601/2943/2647 2604/2946/2650 2606/2948/2652
f 2604/2946/2650 2603/2945/2649 2607/2949/2653 2608/2950/2654
f 2603/2945/2649 2605/2947/2651 2609/2951/2655 2607/2949/2653
f 2606/2948/2652 2604/2946/2650 2608/2950/2654 2610/2952/2656
f 2608/2950/2654 2607/2949/2653 2611/2953/2657 2612/2954/2658
f 2607/2949/2653 2609/2951/2655 2613/2955/2659 2611/2953/2657
f 2610/2952/2656 2608/2950/2654 2612/2954/2658 2614/2956/2660
f 2612/2954/2658 2611/2953/2657 2615/2957/2661 2616/2958/2662
f 2611/2953/2657 2613/2955/2659 2617/2959/2663 2615/2957/2661
f 2614/2956/2660 2612/2954/2658 2616/2958/2662 2618/2960/2664
f 2610/2952/2656 2614/2956/2660 2619/2961/2665
f 2614/2956/2660 2618/2960/2664 2619/2961/2665
f 2619/2961/2665 2620/2962/2666 2606/2948/2652 2610/2952/2656
f 2602/2944/2648 2606/2948/2652 2620/2962/2666 2621/2963/2667
f 2622/2964/2668 2599/2941/2645 2602/2944/2648 2621/2963/2667
f 2598/2940/2644 2599/2941/2645 2622/2964/2668 2623/2965/2669
f 2617/2959/2663 2613/2955/2659 2624/2966/2670
f 2613/2955/2659 2609/2951/2655 2624/2966/2670
f 2605/2947/2651 2591/2934/2638 2593/2933/2637 2625/2967/2671
f 2609/2951/2655 2605/2947/2651 2625/2967/2671 2624/2966/2670
f 2627/2968/2672 2626/2969/2673 2620/2970/2666 2619/2971/2665
f 2629/2972/2674 2628/2973/2675 2624/2974/2670 2625/2975/2671
f 2626/2969/2673 2627/2968/2672 2628/2973/2675 2629/2972/2674
f 2625/2975/2671 2593/2976/2637 2630/2977/2676 2629/2972/2674
f 2631/2978/2677 2626/2969/2673 2629/2972/2674 2630/2977/2676
f 2626/2969/2673 2631/2978/2677 2621/2979/2667 2620/2970/2666
f 2616/2958/2662 2615/2957/2661 2632/2980/2678 2633/2981/2679
f 2615/2957/2661 2617/2959/2663 2634/2982/2680 2632/2980/2678
f 2618/2960/2664 2616/2958/2662 2633/2981/2679 2635/2983/2681
f 2619/2961/2665 2618/2960/2664 2635/2983/2681 2636/2984/2682
f 2617/2959/2663 2624/2966/2670 2637/2985/2683 2634/2982/2680
f 2633/2981/2679 2632/2980/2678 2638/2986/2684 2639/2987/2685
f 2632/2980/2678 2634/2982/2680 2640/2988/2686 2638/2986/2684
f 2635/2983/2681 2633/2981/2679 2639/2987/2685 2641/2989/2687
f 2636/2984/2682 2635/2983/2681 2641/2989/2687 2642/2990/2688
f 2634/2982/2680 2637/2985/2683 2643/2991/2689 2640/2988/2686
f 2639/2987/2685 2638/2986/2684 2644/2992/2690 2645/2993/2691
f 2638/2986/2684 2640/2988/2686 2646/2994/2692 2644/2992/2690
f 2641/2989/2687 2639/2987/2685 2645/2993/2691 2647/2995/2693
f 2642/2990/2688 2641/2989/2687 2647/2995/2693
f 2640/2988/2686 2643/2991/2689 2646/2994/2692
f 2645/2993/2691 2644/2992/2690 2648/2996/2694 2649/2997/2695
f 2644/2992/2690 2646/2994/2692 2650/2998/2696 2648/2996/2694
f 2647/2995/2693 2645/2993/2691 2649/2997/2695 2651/2999/2697
f 2642/2990/2688 2647/2995/2693 2651/2999/2697
f 2646/2994/2692 2643/2991/2689 2650/2998/2696
f 2619/2971/2665 2636/3000/2682 2652/3001/2698 2627/2968/2672
f 2636/3000/2682 2642/3002/2688 2653/3003/2699 2652/3001/2698
f 2637/3004/2683 2624/2974/2670 2628/2973/2675 2654/3005/2700
f 2654/3005/2700 2628/2973/2675 2627/2968/2672 2652/3001/2698
f 2654/3005/2700 2655/3006/2701 2643/3007/2689 2637/3004/2683
f 2652/3001/2698 2653/3003/2699 2655/3006/2701 2654/3005/2700
f 2649/2997/2695 2648/2996/2694 2656/3008/2702 2657/3009/2703
f 2648/2996/2694 2650/2998/2696 2658/3010/2704 2656/3008/2702
f 2651/2999/2697 2649/2997/2695 2657/3009/2703 2659/3011/2705
f 2642/2990/2688 2651/2999/2697 2659/3011/2705 2660/3012/2706
f 2650/2998/2696 2643/2991/2689 2661/3013/2707 2658/3010/2704
f 2657/3009/2703 2656/3008/2702 2662/3014/2708 2663/3015/2709
f 2656/3008/2702 2658/3010/2704 2664/3016/2710 2662/3014/2708
f 2659/3011/2705 2657/3009/2703 2663/3015/2709 2665/3017/2711
f 2660/3012/2706 2659/3011/2705 2665/3017/2711 2666/3018/2712
f 2658/3010/2704 2661/3013/2707 2667/3019/2713 2664/3016/2710
f 2663/3015/2709 2662/3014/2708 2668/3020/2714 2669/3021/2715
f 2662/3014/2708 2664/3022/2710 2668/3020/2714
f 2661/3023/2707 2643/3007/2689 2655/3006/2701 2670/3024/2716
f 2670/3024/2716 2655/3006/2701 2653/3003/2699 2671/3025/2717
f 2671/3025/2717 2653/3003/2699 2642/3002/2688 2660/3026/2706
f 2665/3027/2711 2663/3015/2709 2669/3021/2715
f 2660/3026/2706 2666/3028/2712 2672/3029/2718 2671/3025/2717
f 2671/3025/2717 2672/3029/2718 2673/3030/2719 2670/3024/2716
f 2670/3024/2716 2673/3030/2719 2667/3031/2713 2661/3023/2707
f 2667/3032/2713 2673/3033/2719 2674/3034/2720
f 2672/3035/2718 2666/3036/2712 2675/3037/2721
f 2666/3036/2712 2665/3027/2711 2669/3021/2715 2675/3037/2721
f 2673/3033/2719 2672/3035/2718 2675/3037/2721 2674/3034/2720
f 2675/3037/2721 2669/3021/2715 2668/3020/2714 2674/3034/2720
f 2664/3022/2710 2667/3032/2713 2674/3034/2720 2668/3020/2714
f 2588/2930/2634 2575/2917/2621 2676/3038/2722 2677/3039/2723
f 2589/2931/2635 2588/2930/2634 2677/3039/2723 2678/3040/2724
f 2590/2932/2636 2589/2931/2635 2678/3040/2724 2679/3041/2725
f 2677/3039/2723 2676/3038/2722 2680/3042/2726 2681/3043/2727
f 2678/3040/2724 2677/3039/2723 2681/3043/2727 2682/3044/2728
f 2679/3041/2725 2678/3040/2724 2682/3044/2728 2683/3045/2729
f 2681/3043/2727 2680/3042/2726 2684/3046/2730 2685/3047/2731
f 2682/3044/2728 2681/3043/2727 2685/3047/2731 2686/3048/2732
f 2683/3045/2729 2682/3044/2728 2686/3048/2732 2687/3049/2733
f 2685/3047/2731 2684/3046/2730 2688/3050/2734 2689/3051/2735
f 2686/3048/2732 2685/3047/2731 2689/3051/2735 2690/3052/2736
f 2687/3049/2733 2686/3048/2732 2690/3052/2736 2691/3053/2737
f 2683/3045/2729 2687/3049/2733 2692/3054/2738
f 2687/3049/2733 2691/3053/2737 2692/3054/2738
f 2684/3046/2730 2680/3042/2726 2693/3055/2739
f 2688/3050/2734 2684/3046/2730 2693/3055/2739
f 2579/2920/2624 2694/3056/2740 2676/3038/2722 2575/2917/2621
f 2694/3056/2740 2693/3055/2739 2680/3042/2726 2676/3038/2722
f 2695/3057/2741 2592/2935/2639 2590/2932/2636 2679/3041/2725
f 2695/3057/2741 2679/3041/2725 2683/3045/2729 2692/3054/2738
f 2695/3058/2741 2692/3059/2738 2696/3060/2742 2697/3061/2743
f 2697/3061/2743 2696/3060/2742 2698/3062/2744 2699/3063/2745
f 2699/3063/2745 2698/3062/2744 2693/3064/2739 2694/3065/2740
f 2695/3058/2741 2697/3061/2743 2700/3066/2746 2592/3067/2639
f 2697/3061/2743 2699/3063/2745 2701/3068/2747 2700/3066/2746
f 2699/3063/2745 2694/3065/2740 2579/3069/2624 2701/3068/2747
f 2689/3051/2735 2688/3050/2734 2702/3070/2748 2703/3071/2749
f 2690/3052/2736 2689/3051/2735 2703/3071/2749 2704/3072/2750
f 2691/3053/2737 2690/3052/2736 2704/3072/2750 2705/3073/2751
f 2692/3054/2738 2691/3053/2737 2705/3073/2751 2706/3074/2752
f 2688/3050/2734 2693/3055/2739 2707/3075/2753 2702/3070/2748
f 2696/3060/2742 2708/3076/2754 2709/3077/2755 2698/3062/2744
f 2698/3062/2744 2709/3077/2755 2707/3078/2753 2693/3064/2739
f 2708/3076/2754 2696/3060/2742 2692/3059/2738 2706/3079/2752
f 2704/3072/2750 2703/3071/2749 2710/3080/2756 2711/3081/2757
f 2703/3071/2749 2702/3070/2748 2712/3082/2758 2710/3080/2756
f 2705/3073/2751 2704/3072/2750 2711/3081/2757 2713/3083/2759
f 2711/3081/2757 2710/3080/2756 2714/3084/2760 2715/3085/2761
f 2710/3080/2756 2712/3082/2758 2716/3086/2762 2714/3084/2760
f 2713/3083/2759 2711/3081/2757 2715/3085/2761 2717/3087/2763
f 2715/3085/2761 2714/3084/2760 2718/3088/2764 2719/3089/2765
f 2714/3084/2760 2716/3086/2762 2720/3090/2766 2718/3088/2764
f 2717/3087/2763 2715/3085/2761 2719/3089/2765 2721/3091/2767
f 2712/3082/2758 2702/3070/2748 2707/3075/2753 2722/3092/2768
f 2716/3086/2762 2712/3082/2758 2722/3092/2768
f 2720/3090/2766 2716/3086/2762 2722/3092/2768
f 2705/3073/2751 2713/3083/2759 2723/3093/2769 2706/3074/2752
f 2713/3083/2759 2717/3087/2763 2723/3093/2769
f 2717/3087/2763 2721/3091/2767 2723/3093/2769
f 2724/3094/2770 2708/3076/2754 2706/3079/2752 2723/3095/2769
f 2708/3076/2754 2724/3094/2770 2725/3096/2771 2709/3077/2755
f 2722/3097/2768 2707/3078/2753 2709/3077/2755 2725/3096/2771
f 2719/3089/2765 2718/3088/2764 2726/3098/2772 2727/3099/2773
f 2718/3088/2764 2720/3090/2766 2728/3100/2774 2726/3098/2772
f 2721/3091/2767 2719/3089/2765 2727/3099/2773 2729/3101/2775
f 2720/3090/2766 2722/3092/2768 2730/3102/2776 2728/3100/2774
f 2723/3093/2769 2721/3091/2767 2729/3101/2775 2731/3103/2777
f 2724/3094/2770 2723/3095/2769 2731/3104/2777 2732/3105/2778
f 2725/3096/2771 2724/3094/2770 2732/3105/2778 2733/3106/2779
f 2722/3097/2768 2725/3096/2771 2733/3106/2779 2730/3107/2776
f 2727/3099/2773 2726/3098/2772 2734/3108/2780 2735/3109/2781
f 2726/3098/2772 2728/3100/2774 2736/3110/2782 2734/3108/2780
f 2729/3101/2775 2727/3099/2773 2735/3109/2781 2737/3111/2783
f 2728/3100/2774 2730/3102/2776 2738/3112/2784 2736/3110/2782
f 2731/3103/2777 2729/3101/2775 2737/3111/2783 2739/3113/2785
f 2732/3105/2778 2731/3104/2777 2739/3114/2785 2740/3115/2786
f 2733/3106/2779 2732/3105/2778 2740/3115/2786 2741/3116/2787
f 2730/3107/2776 2733/3106/2779 2741/3116/2787 2738/3117/2784
f 2735/3109/2781 2734/3108/2780 2742/3118/2788 2743/3119/2789
f 2736/3120/2782 2738/3121/2784 2744/3122/2790 2742/3118/2788
f 2741/3123/2787 2740/3124/2786 2745/3125/2791 2744/3122/2790
f 2744/3122/2790 2745/3125/2791 2743/3119/2789 2742/3118/2788
f 2737/3126/2783 2743/3119/2789 2745/3125/2791 2739/3127/2785
f 2743/3119/2789 2737/3126/2783 2735/3109/2781
f 2742/3118/2788 2734/3108/2780 2736/3120/2782
f 2738/3121/2784 2741/3123/2787 2744/3122/2790
f 2739/3127/2785 2745/3125/2791 2740/3124/2786
f 2569/2910/2614 2568/2911/2615 2746/3128/2792 2747/3129/2793
f 2568/2911/2615 2563/2905/2609 2748/3130/2794 2746/3128/2792
f 2572/2913/2617 2569/2910/2614 2747/3129/2793 2749/3131/2795
f 2577/2918/2622 2750/3132/2796 2748/3130/2794 2563/2905/2609
f 2751/3133/2797 2578/2921/2625 2572/2913/2617 2749/3131/2795
f 2753/3134/2798 2752/3135/2799 2750/3136/2796 2577/3137/2622
f 2755/3138/2800 2754/3139/2801 2578/3140/2625 2751/3141/2797
f 2754/3139/2801 2755/3138/2800 2752/3135/2799 2753/3134/2798
f 2554/2896/2600 2553/2895/2599 2756/3142/2802 2757/3143/2803
f 2557/2899/2603 2554/2896/2600 2757/3143/2803 2758/3144/2804
f 2553/2895/2599 2560/2902/2606 2759/3145/2805 2756/3142/2802
f 2760/3146/2806 2576/2919/2623 2557/2899/2603 2758/3144/2804
f 2576/3147/2623 2760/3148/2806 2761/3149/2807 2762/3150/2808
f 2764/3151/2809 2763/3152/2810 2762/3150/2808 2761/3149/2807
f 2766/3153/2811 2765/3154/2812 2560/2902/2606 2559/2901/2605
f 2759/3145/2805 2560/2902/2606 2765/3154/2812 2767/3155/2813
f 2765/3156/2812 2763/3152/2810 2764/3151/2809 2767/3157/2813
f 2768/3158/2814 2763/3152/2810 2765/3156/2812 2766/3159/2811
f 2559/2901/2605 2558/2900/2604 2769/3160/2815 2766/3153/2811
f 2766/3159/2811 2769/3161/2815 2768/3158/2814
f 2747/3129/2793 2746/3128/2792 2777/3162/2816 2778/3163/2817
f 2746/3128/2792 2748/3130/2794 2779/3164/2818 2777/3162/2816
f 2749/3131/2795 2747/3129/2793 2778/3163/2817 2780/3165/2819
f 2748/3130/2794 2750/3132/2796 2781/3166/2820 2779/3164/2818
f 2751/3133/2797 2749/3131/2795 2780/3165/2819 2782/3167/2821
f 2750/3136/2796 2752/3135/2799 2783/3168/2822 2781/3169/2820
f 2755/3138/2800 2751/3141/2797 2782/3170/2821 2784/3171/2823
f 2752/3135/2799 2755/3138/2800 2784/3171/2823 2783/3168/2822
f 2778/3163/2817 2777/3162/2816 2785/3172/2824 2786/3173/2825
f 2777/3162/2816 2779/3164/2818 2787/3174/2826 2785/3172/2824
f 2780/3165/2819 2778/3163/2817 2786/3173/2825 2788/3175/2827
f 2779/3164/2818 2781/3166/2820 2787/3174/2826
f 2782/3167/2821 2780/3165/2819 2788/3175/2827
f 2786/3173/2825 2785/3172/2824 2789/3176/2828 2790/3177/2829
f 2785/3172/2824 2787/3174/2826 2791/3178/2830 2789/3176/2828
f 2788/3175/2827 2786/3173/2825 2790/3177/2829 2792/3179/2831
f 2787/3174/2826 2781/3166/2820 2791/3178/2830
f 2782/3167/2821 2788/3175/2827 2792/3179/2831
f 2790/3177/2829 2789/3176/2828 2793/3180/2832 2794/3181/2833
f 2789/3176/2828 2791/3178/2830 2795/3182/2834 2793/3180/2832
f 2792/3179/2831 2790/3177/2829 2794/3181/2833 2796/3183/2835
f 2791/3178/2830 2781/3166/2820 2797/3184/2836 2795/3182/2834
f 2782/3167/2821 2792/3179/2831 2796/3183/2835 2798/3185/2837
f 2781/3169/2820 2783/3168/2822 2799/3186/2838 2797/3187/2836
f 2784/3171/2823 2782/3170/2821 2798/3188/2837 2800/3189/2839
f 2783/3168/2822 2784/3171/2823 2800/3189/2839 2799/3186/2838
f 2794/3181/2833 2793/3180/2832 2801/3190/2840 2802/3191/2841
f 2793/3180/2832 2795/3182/2834 2803/3192/2842 2801/3190/2840
f 2796/3183/2835 2794/3181/2833 2802/3191/2841 2804/3193/2843
f 2795/3182/2834 2797/3184/2836 2805/3194/2844 2803/3192/2842
f 2798/3185/2837 2796/3183/2835 2804/3193/2843 2806/3195/2845
f 2797/3187/2836 2799/3186/2838 2807/3196/2846 2805/3197/2844
f 2800/3189/2839 2798/3188/2837 2806/3198/2845 2808/3199/2847
f 2799/3186/2838 2800/3189/2839 2808/3199/2847 2807/3196/2846
f 2802/3191/2841 2801/3190/2840 2809/3200/2848 2810/3201/2849
f 2801/3190/2840 2803/3192/2842 2811/3202/2850 2809/3200/2848
f 2804/3193/2843 2802/3191/2841 2810/3201/2849 2812/3203/2851
f 2803/3192/2842 2805/3194/2844 2811/3202/2850
f 2806/3195/2845 2804/3193/2843 2812/3203/2851
f 2810/3201/2849 2809/3200/2848 2813/3204/2852 2814/3205/2853
f 2809/3200/2848 2811/3202/2850 2815/3206/2854 2813/3204/2852
f 2812/3203/2851 2810/3201/2849 2814/3205/2853 2816/3207/2855
f 2811/3202/2850 2805/3194/2844 2815/3206/2854
f 2806/3195/2845 2812/3203/2851 2816/3207/2855
f 2805/3197/2844 2807/3196/2846 2817/3208/2856 2818/3209/2857
f 2808/3199/2847 2806/3198/2845 2819/3210/2858 2820/3211/2859
f 2807/3196/2846 2808/3199/2847 2820/3211/2859 2817/3208/2856
f 2814/3205/2853 2813/3204/2852 2821/3212/2860 2822/3213/2861
f 2813/3204/2852 2815/3206/2854 2823/3214/2862 2821/3212/2860
f 2816/3207/2855 2814/3205/2853 2822/3213/2861 2824/3215/2863
f 2806/3195/2845 2816/3207/2855 2824/3215/2863 2819/3216/2858
f 2823/3214/2862 2815/3206/2854 2805/3194/2844 2818/3217/2857
f 2818/3209/2857 2817/3208/2856 2825/3218/2864 2826/3219/2865
f 2820/3211/2859 2819/3210/2858 2827/3220/2866 2828/3221/2867
f 2817/3208/2856 2820/3211/2859 2828/3221/2867 2825/3218/2864
f 2822/3213/2861 2821/3212/2860 2829/3222/2868 2830/3223/2869
f 2821/3212/2860 2823/3214/2862 2831/3224/2870 2829/3222/2868
f 2824/3215/2863 2822/3213/2861 2830/3223/2869 2832/3225/2871
f 2819/3216/2858 2824/3215/2863 2832/3225/2871 2827/3226/2866
f 2823/3214/2862 2818/3217/2857 2826/3227/2865 2831/3224/2870
f 2830/3223/2869 2829/3222/2868 2833/3228/2872 2834/3229/2873
f 2832/3230/2871 2830/3223/2869 2834/3229/2873
f 2829/3222/2868 2831/3231/2870 2833/3228/2872
f 2831/3231/2870 2826/3232/2865 2835/3233/2874 2833/3228/2872
f 2825/3234/2864 2828/3235/2867 2836/3236/2875 2835/3233/2874
f 2835/3233/2874 2826/3232/2865 2825/3234/2864
f 2827/3237/2866 2832/3230/2871 2834/3229/2873 2836/3236/2875
f 2836/3236/2875 2828/3235/2867 2827/3237/2866
f 2835/3233/2874 2836/3236/2875 2834/3229/2873 2833/3228/2872
f 2757/3143/2803 2756/3142/2802 2837/3238/2876 2838/3239/2877
f 2758/3144/2804 2757/3143/2803 2838/3239/2877 2839/3240/2878
f 2756/3142/2802 2759/3145/2805 2840/3241/2879 2837/3238/2876
f 2760/3146/2806 2758/3144/2804 2839/3240/2878 2841/3242/2880
f 2761/3149/2807 2760/3148/2806 2841/3243/2880 2842/3244/2881
f 2764/3151/2809 2761/3149/2807 2842/3244/2881 2843/3245/2882
f 2759/3145/2805 2767/3155/2813 2844/3246/2883 2840/3241/2879
f 2767/3157/2813 2764/3151/2809 2843/3245/2882 2844/3247/2883
f 2838/3239/2877 2837/3238/2876 2845/3248/2884 2846/3249/2885
f 2839/3240/2878 2838/3239/2877 2846/3249/2885 2847/3250/2886
f 2837/3238/2876 2840/3241/2879 2848/3251/2887 2845/3248/2884
f 2841/3242/2880 2839/3240/2878 2847/3250/2886
f 2840/3241/2879 2844/3246/2883 2848/3251/2887
f 2846/3249/2885 2845/3248/2884 2849/3252/2888 2850/3253/2889
f 2847/3250/2886 2846/3249/2885 2850/3253/2889 2851/3254/2890
f 2845/3248/2884 2848/3251/2887 2852/3255/2891 2849/3252/2888
f 2841/3242/2880 2847/3250/2886 2851/3254/2890
f 2848/3251/2887 2844/3246/2883 2852/3255/2891
f 2842/3244/2881 2841/3243/2880 2853/3256/2892 2854/3257/2893
f 2843/3245/2882 2842/3244/2881 2854/3257/2893 2855/3258/2894
f 2844/3247/2883 2843/3245/2882 2855/3258/2894 2856/3259/2895
f 2854/3257/2893 2853/3256/2892 2857/3260/2896 2858/3261/2897
f 2855/3258/2894 2854/3257/2893 2858/3261/2897 2859/3262/2898
f 2856/3259/2895 2855/3258/2894 2859/3262/2898 2860/3263/2899
f 2850/3253/2889 2849/3252/2888 2861/3264/2900 2862/3265/2901
f 2851/3254/2890 2850/3253/2889 2862/3265/2901 2863/3266/2902
f 2849/3252/2888 2852/3255/2891 2864/3267/2903 2861/3264/2900
f 2851/3254/2890 2863/3266/2902 2853/3268/2892 2841/3242/2880
f 2864/3267/2903 2852/3255/2891 2844/3246/2883 2856/3269/2895
f 2862/3265/2901 2861/3264/2900 2865/3270/2904 2866/3271/2905
f 2863/3266/2902 2862/3265/2901 2866/3271/2905 2867/3272/2906
f 2861/3264/2900 2864/3267/2903 2868/3273/2907 2865/3270/2904
f 2868/3273/2907 2864/3267/2903 2856/3269/2895 2860/3274/2899
f 2863/3266/2902 2867/3272/2906 2857/3275/2896 2853/3268/2892
f 2866/3271/2905 2865/3270/2904 2869/3276/2908 2870/3277/2909
f 2867/3272/2906 2866/3271/2905 2870/3277/2909 2871/3278/2910
f 2865/3270/2904 2868/3273/2907 2872/3279/2911 2869/3276/2908
f 2868/3273/2907 2860/3274/2899 2872/3279/2911
f 2857/3275/2896 2867/3272/2906 2871/3278/2910
f 2870/3277/2909 2869/3276/2908 2873/3280/2912 2874/3281/2913
f 2871/3278/2910 2870/3277/2909 2874/3281/2913 2875/3282/2914
f 2869/3276/2908 2872/3279/2911 2876/3283/2915 2873/3280/2912
f 2872/3279/2911 2860/3274/2899 2876/3283/2915
f 2857/3275/2896 2871/3278/2910 2875/3282/2914
f 2874/3281/2913 2873/3280/2912 2877/3284/2916 2878/3285/2917
f 2875/3282/2914 2874/3281/2913 2878/3285/2917 2879/3286/2918
f 2873/3280/2912 2876/3283/2915 2880/3287/2919 2877/3284/2916
f 2876/3283/2915 2860/3274/2899 2881/3288/2920 2880/3287/2919
f 2857/3275/2896 2875/3282/2914 2879/3286/2918 2882/3289/2921
f 2858/3261/2897 2857/3260/2896 2882/3290/2921 2883/3291/2922
f 2859/3262/2898 2858/3261/2897 2883/3291/2922 2884/3292/2923
f 2860/3263/2899 2859/3262/2898 2884/3292/2923 2881/3293/2920
f 2878/3285/2917 2877/3284/2916 2885/3294/2924 2886/3295/2925
f 2879/3286/2918 2878/3285/2917 2886/3295/2925 2887/3296/2926
f 2877/3284/2916 2880/3287/2919 2888/3297/2927 2885/3294/2924
f 2880/3287/2919 2881/3288/2920 2889/3298/2928 2888/3297/2927
f 2882/3289/2921 2879/3286/2918 2887/3296/2926 2890/3299/2929
f 2883/3291/2922 2882/3290/2921 2890/3300/2929 2891/3301/2930
f 2884/3292/2923 2883/3291/2922 2891/3301/2930 2892/3302/2931
f 2881/3293/2920 2884/3292/2923 2892/3302/2931 2889/3303/2928
f 2894/3304/2932 2893/3305/2933 2886/3295/2925 2885/3294/2924
f 2889/3306/2928 2895/3307/2934 2894/3304/2932 2888/3308/2927
f 2894/3304/2932 2885/3294/2924 2888/3308/2927
f 2896/3309/2935 2890/3310/2929 2887/3311/2926 2893/3305/2933
f 2886/3295/2925 2893/3305/2933 2887/3311/2926
f 2891/3312/2930 2896/3309/2935 2895/3307/2934 2892/3313/2931
f 2895/3307/2934 2889/3306/2928 2892/3313/2931
f 2890/3310/2929 2896/3309/2935 2891/3312/2930
f 2893/3305/2933 2894/3304/2932 2895/3307/2934 2896/3309/2935
f 2586/2929/2633 2598/2940/2644 2897/3314/2936 2898/3315/2937
f 2898/3315/2937 2897/3314/2936 2899/3316/2938 2900/3317/2939
f 2900/3317/2939 2899/3316/2938 2901/3318/2940 2902/3319/2941
f 2904/3320/2942 2901/3318/2940 2899/3316/2938 2903/3321/2943
f 2902/3319/2941 2901/3318/2940 2905/3322/2944 2906/3323/2945
f 2908/3324/2946 2907/3325/2947 2905/3322/2944 2901/3318/2940
f 2908/3324/2946 2901/3318/2940 2904/3320/2942 2909/3326/2948
f 2623/2965/2669 2910/3327/2949 2897/3314/2936 2598/2940/2644
f 2910/3327/2949 2903/3321/2943 2899/3316/2938 2897/3314/2936
f 2903/3328/2943 2911/3329/2950 2912/3330/2951 2904/3331/2942
f 2913/3332/2952 2909/3326/2948 2904/3320/2942 2912/3333/2951
f 2915/3334/2953 2913/3332/2952 2912/3333/2951 2914/3335/2954
f 2914/3336/2954 2912/3330/2951 2916/3337/2955 2917/3338/2956
f 2910/3339/2949 2623/3340/2669 2775/3341/2957 2918/3342/2958
f 2903/3328/2943 2910/3339/2949 2918/3342/2958 2911/3329/2950
f 2918/3342/2958 2775/3341/2957 2772/3343/2959 2919/3344/2960
f 2907/3325/2947 2908/3324/2946 2920/3345/2961 2921/3346/2962
f 2908/3324/2946 2909/3326/2948 2922/3347/2963 2920/3345/2961
f 2909/3326/2948 2913/3332/2952 2923/3348/2964 2922/3347/2963
f 2913/3332/2952 2915/3334/2953 2924/3349/2965 2923/3348/2964
f 2914/3336/2954 2917/3338/2956 2925/3350/2966 2926/3351/2967
f 2926/3351/2967 2925/3350/2966 2927/3352/2968 2928/3353/2969
f 2928/3353/2969 2927/3352/2968 2929/3354/2970
f 2929/3354/2970 2927/3352/2968 2930/3355/2971
f 2914/3335/2954 2926/3356/2967 2931/3357/2972 2915/3334/2953
f 2926/3356/2967 2928/3358/2969 2932/3359/2973 2931/3357/2972
f 2928/3358/2969 2929/3360/2970 2933/3361/2974 2932/3359/2973
f 2929/3360/2970 2930/3362/2971 2934/3363/2975 2933/3361/2974
f 2923/3348/2964 2924/3349/2965 2935/3364/2976 2936/3365/2977
f 2936/3365/2977 2935/3364/2976 2937/3366/2978 2938/3367/2979
f 2940/2878/2582 2939/2877/2581 2543/2881/2585 2544/2880/2584
f 2921/3346/2962 2941/3368/2980 2942/3369/2981 2907/3325/2947
f 2942/3369/2981 2941/3368/2980 2543/2881/2585 2939/2877/2581
f 2942/3369/2981 2943/3370/2982 2905/3322/2944 2907/3325/2947
f 2905/3322/2944 2943/3370/2982 2944/3371/2983 2906/3323/2945
f 2943/3370/2982 2942/3369/2981 2939/2877/2581 2944/3371/2983
f 2586/2929/2633 2898/3315/2937 2945/3372/2984 2584/2926/2630
f 2898/3315/2937 2900/3317/2939 2946/3373/2985 2945/3372/2984
f 2900/3317/2939 2902/3319/2941 2947/3374/2986 2946/3373/2985
f 2902/3319/2941 2906/3323/2945 2948/3375/2987 2947/3374/2986
f 2906/3323/2945 2944/3371/2983 2949/3376/2988 2948/3375/2987
f 2944/3371/2983 2939/2877/2581 2541/2876/2580 2949/3376/2988
f 2772/3343/2959 2771/3377/2989 2950/3378/2990 2919/3344/2960
f 2774/3379/2991 2773/3380/2992 2954/3381/2993 2955/3382/2994
f 2771/3377/2989 2774/3379/2991 2955/3382/2994 2950/3378/2990
f 2773/3380/2992 2776/3383/2995 2956/3384/2996 2954/3381/2993
f 2776/3383/2995 2770/3385/2997 2952/3386/2998 2956/3384/2996
f 2955/3382/2994 2954/3381/2993 2957/3387/2999 2958/3388/3000
f 2950/3378/2990 2955/3382/2994 2958/3388/3000 2951/3389/3001
f 2954/3381/2993 2956/3384/2996 2959/3390/3002 2957/3387/2999
f 2956/3384/2996 2952/3386/2998 2953/3391/3003 2959/3390/3002
f 2937/3366/2978 2935/3364/2976 2960/3392/3004 2961/3393/3005
f 2961/3393/3005 2960/3392/3004 2962/3394/3006 2963/3395/3007
f 2963/3395/3007 2962/3394/3006 2964/3396/3008
f 2963/3395/3007 2964/3396/3008 2965/3397/3009
f 2960/3392/3004 2935/3364/2976 2924/3349/2965 2966/3398/3010
f 2962/3394/3006 2960/3392/3004 2966/3398/3010 2967/3399/3011
f 2964/3396/3008 2962/3394/3006 2967/3399/3011 2968/3400/3012
f 2965/3397/3009 2964/3396/3008 2968/3400/3012 2969/3401/3013
f 2966/3398/3010 2924/3349/2965 2915/3334/2953 2931/3357/2972
f 2967/3399/3011 2966/3398/3010 2931/3357/2972 2932/3359/2973
f 2968/3400/3012 2967/3399/3011 2932/3359/2973 2933/3361/2974
f 2969/3401/3013 2968/3400/3012 2933/3361/2974 2934/3363/2975
f 2917/3338/2956 2916/3337/2955 2970/3402/3014 2971/3403/3015
f 2925/3350/2966 2917/3338/2956 2971/3403/3015 2973/3404/3016
f 2927/3352/2968 2925/3350/2966 2973/3404/3016 2974/3405/3017
f 2971/3403/3015 2970/3402/3014 2975/3406/3018 2976/3407/3019
f 2970/3402/3014 2972/3408/3020 2977/3409/3021 2975/3406/3018
f 2973/3404/3016 2971/3403/3015 2976/3407/3019 2978/3410/3022
f 2974/3405/3017 2973/3404/3016 2978/3410/3022 2979/3411/3023
f 2937/3412/2978 2976/3407/3019 2975/3406/3018 2938/3413/2979
f 2961/3414/3005 2978/3410/3022 2976/3407/3019 2937/3412/2978
f 2978/3410/3022 2961/3414/3005 2963/3415/3007 2979/3411/3023
f 2974/3405/3017 2979/3411/3023 2985/3416/3024 2984/3417/3025
f 2927/3352/2968 2974/3405/3017 2984/3417/3025 2986/3418/3026
f 2963/3415/3007 2987/3419/3027 2985/3416/3024 2979/3411/3023
f 2963/3395/3007 2965/3397/3009 2988/3420/3028 2987/3421/3027
f 2930/3355/2971 2927/3352/2968 2986/3418/3026 2989/3422/3029
f 2934/3363/2975 2930/3362/2971 2989/3423/3029 2990/3424/3030
f 2965/3397/3009 2969/3401/3013 2991/3425/3031 2988/3420/3028
f 2969/3401/3013 2934/3363/2975 2990/3424/3030 2991/3425/3031
f 2984/3417/3025 2985/3416/3024 2993/3426/3032 2992/3427/3033
f 2986/3418/3026 2984/3417/3025 2992/3427/3033 2994/3428/3034
f 2985/3416/3024 2987/3419/3027 2995/3429/3035 2993/3426/3032
f 2987/3421/3027 2988/3420/3028 2996/3430/3036 2995/3431/3035
f 2989/3422/3029 2986/3418/3026 2994/3428/3034 2997/3432/3037
f 2990/3424/3030 2989/3423/3029 2997/3433/3037 2998/3434/3038
f 2988/3420/3028 2991/3425/3031 2999/3435/3039 2996/3430/3036
f 2991/3425/3031 2990/3424/3030 2998/3434/3038 2999/3435/3039
f 2999/3435/3039 2998/3434/3038 3001/3436/3040 3000/3437/3041
f 2998/3434/3038 2997/3438/3037 3001/3436/3040
f 2996/3439/3036 2999/3435/3039 3000/3437/3041
f 3001/3436/3040 2997/3438/3037 2994/3440/3034 3002/3441/3042
f 3003/3442/3043 3002/3441/3042 2992/3443/3033 2993/3444/3032
f 3003/3442/3043 2995/3445/3035 2996/3439/3036 3000/3437/3041
f 3002/3441/3042 3003/3442/3043 3000/3437/3041 3001/3436/3040
f 2993/3444/3032 2995/3445/3035 3003/3442/3043
f 2994/3440/3034 2992/3443/3033 3002/3441/3042
f 2977/3409/3021 2972/3408/3020 2980/3446/3044 3004/3447/3045
f 3004/3447/3045 2980/3446/3044 2981/3448/3046 3005/3449/3047
f 2982/3450/3048 3006/3451/3049 3005/3449/3047 2981/3448/3046
f 3008/3452/3050 3005/3449/3047 3006/3451/3049 3007/3453/3051
f 2983/3454/3052 3009/3455/3053 3006/3451/3049 2982/3450/3048
f 3011/2889/2593 3010/2888/2592 2548/2883/2587 2547/2886/2590
f 3013/3456/2589 3012/3457/2588 2546/2879/2583 2545/2882/2586
f 2547/2886/2590 3013/2885/2589 3007/3453/3051 3006/3451/3049
f 3011/2889/2593 2547/2886/2590 3006/3451/3049 3009/3455/3053
f 2975/3406/3018 2977/3409/3021 3014/3458/3054 2938/3413/2979
f 2977/3409/3021 3004/3447/3045 3015/3459/3055 3014/3458/3054
f 3004/3447/3045 3005/3449/3047 3008/3452/3050 3015/3459/3055
f 3014/3460/3054 3016/3461/3056 2936/3365/2977 2938/3367/2979
f 3016/3461/3056 2922/3347/2963 2923/3348/2964 2936/3365/2977
f 3013/3456/2589 2545/2882/2586 3017/3462/3057 3007/3463/3051
f 3018/3464/3058 3008/3465/3050 3007/3463/3051 3017/3462/3057
f 3008/3465/3050 3018/3464/3058 3019/3466/3059 3015/3467/3055
f 3015/3467/3055 3019/3466/3059 3016/3461/3056 3014/3460/3054
f 2922/3347/2963 3016/3461/3056 3019/3466/3059 2920/3345/2961
f 2920/3345/2961 3019/3466/3059 3018/3464/3058 2921/3346/2962
f 2545/2882/2586 2543/2881/2585 2941/3368/2980 3017/3462/3057
f 2921/3346/2962 3018/3464/3058 3017/3462/3057 2941/3368/2980
f 3009/3455/3053 2983/3454/3052 3044/3468/3060 3045/3469/3061
f 3011/2889/2593 3009/3455/3053 3045/3469/3061 3026/2890/2594
f 2584/2926/2630 2945/3372/2984 3020/3470/3062 2574/2916/2620
f 2945/3372/2984 2946/3373/2985 3021/3471/3063 3020/3470/3062
f 2946/3373/2985 2947/3374/2986 3022/3472/3064 3021/3471/3063
f 2947/3374/2986 2948/3375/2987 3023/3473/3065 3022/3472/3064
f 2948/3375/2987 2949/3376/2988 3024/3474/3066 3023/3473/3065
f 2949/3376/2988 2541/2876/2580 2539/2873/2577 3024/3474/3066
f 2533/2868/2572 3028/3475/3067 3027/3476/3068 2534/2869/2573
f 3025/3477/2591 3026/3478/2594 3027/3476/3068 3028/3475/3067
f 2593/2976/2637 2592/3067/2639 3029/3479/3069 3030/3480/3070
f 2630/2977/2676 2593/2976/2637 3030/3480/3070 3031/3481/3071
f 2631/2978/2677 2630/2977/2676 3031/3481/3071 3032/3482/3072
f 2621/2979/2667 2631/2978/2677 3032/3482/3072 2622/3483/2668
f 2592/3067/2639 2700/3066/2746 3033/3484/3073 3029/3479/3069
f 2700/3066/2746 2701/3068/2747 3034/3485/3074 3033/3484/3073
f 2701/3068/2747 2579/3069/2624 3035/3486/3075 3034/3485/3074
f 2579/3069/2624 2578/3140/2625 3036/3487/3076 3035/3486/3075
f 2753/3134/2798 2577/3137/2622 3037/3488/3077 3038/3489/3078
f 2578/3140/2625 2754/3139/2801 3039/3490/3079 3036/3487/3076
f 2754/3139/2801 2753/3134/2798 3038/3489/3078 3039/3490/3079
f 2577/3137/2622 2576/3147/2623 3040/3491/3080 3037/3488/3077
f 2576/3147/2623 2762/3150/2808 3041/3492/3081 3040/3491/3080
f 2763/3152/2810 2768/3158/2814 3041/3492/3081 2762/3150/2808
f 3030/3480/3070 3029/3479/3069 2771/3377/2989 2772/3343/2959
f 3031/3481/3071 3030/3480/3070 2772/3343/2959
f 3032/3482/3072 3031/3481/3071 2772/3343/2959 2775/3341/2957
f 2622/3483/2668 3032/3482/3072 2775/3341/2957 2623/3340/2669
f 3029/3479/3069 3033/3484/3073 2771/3377/2989
f 3033/3484/3073 3034/3485/3074 2774/3379/2991 2771/3377/2989
f 3034/3485/3074 3035/3486/3075 2774/3379/2991
f 3035/3486/3075 3036/3487/3076 2773/3380/2992 2774/3379/2991
f 3038/3489/3078 3037/3488/3077 2776/3383/2995
f 3036/3487/3076 3039/3490/3079 2773/3380/2992
f 3039/3490/3079 3038/3489/3078 2776/3383/2995 2773/3380/2992
f 3037/3488/3077 3040/3491/3080 2770/3385/2997 2776/3383/2995
f 3040/3491/3080 3041/3492/3081 2770/3385/2997
f 3041/3492/3081 2768/3158/2814 2769/3161/2815 2770/3385/2997
f 2952/3386/2998 2770/3385/2997 2769/3161/2815 3042/3493/3082
f 2953/3391/3003 2952/3386/2998 3042/3493/3082 3043/3494/3083
f 3042/3495/3082 2769/3160/2815 2558/2900/2604 3046/3496/3084
f 3043/3497/3083 3042/3495/3082 3046/3496/3084 3047/3498/3085
f 3044/3499/3060 3069/3500/3086 3070/3501/3087 3048/3502/3088
f 3045/3503/3061 3044/3499/3060 3048/3502/3088 3049/3504/3089
f 3026/3478/2594 3045/3503/3061 3049/3504/3089 3027/3476/3068
f 3046/3496/3084 2558/2900/2604 2556/2898/2602 3050/3505/3090
f 3047/3498/3085 3046/3496/3084 3050/3505/3090 3051/3506/3091
f 3048/3502/3088 3070/3501/3087 3071/3507/3092 3052/3508/3093
f 3049/3504/3089 3048/3502/3088 3052/3508/3093 3053/3509/3094
f 3027/3476/3068 3049/3504/3089 3053/3509/3094 2534/2869/2573
f 3050/3505/3090 2556/2898/2602 2562/2904/2608 3054/3510/3095
f 3051/3506/3091 3050/3505/3090 3054/3510/3095 3055/3511/3096
f 3052/3508/3093 3071/3507/3092 3072/3512/3097 3056/3513/3098
f 3053/3509/3094 3052/3508/3093 3056/3513/3098 3057/3514/3099
f 2534/2869/2573 3053/3509/3094 3057/3514/3099 2535/2870/2574
f 2574/2916/2620 3020/3470/3062 3058/3515/3100 2570/2912/2616
f 3020/3470/3062 3021/3471/3063 3059/3516/3101 3058/3515/3100
f 3021/3471/3063 3022/3472/3064 3060/3517/3102 3059/3516/3101
f 3022/3472/3064 3023/3473/3065 3061/3518/3103 3060/3517/3102
f 3023/3473/3065 3024/3474/3066 3062/3519/3104 3061/3518/3103
f 3024/3474/3066 2539/2873/2577 2538/2871/2575 3062/3519/3104
f 2950/3378/2990 2951/3389/3001 3063/3520/3105 2919/3344/2960
f 2911/3329/2950 2918/3342/2958 2919/3344/2960 3063/3520/3105
f 3063/3520/3105 2916/3337/2955 2912/3330/2951 2911/3329/2950
f 3063/3520/3105 2951/3389/3001 3064/3521/3106 2916/3337/2955
f 2958/3388/3000 3065/3522/3107 3064/3521/3106 2951/3389/3001
f 3065/3522/3107 2958/3388/3000 2957/3387/2999 3066/3523/3108
f 2957/3387/2999 2959/3390/3002 3067/3524/3109 3066/3523/3108
f 3064/3521/3106 2972/3408/3020 2970/3402/3014 2916/3337/2955
f 2980/3446/3044 2972/3408/3020 3064/3521/3106 3065/3522/3107
f 2981/3448/3046 2980/3446/3044 3065/3522/3107 3066/3523/3108
f 2982/3450/3048 2981/3448/3046 3066/3523/3108 3067/3524/3109
f 3067/3524/3109 3068/3525/3110 2983/3454/3052 2982/3450/3048
f 2959/3390/3002 2953/3391/3003 3068/3525/3110 3067/3524/3109
f 3070/3501/3087 3069/3500/3086 3043/3497/3083 3047/3498/3085
f 3071/3507/3092 3070/3501/3087 3047/3498/3085 3051/3506/3091
f 3072/3512/3097 3071/3507/3092 3051/3506/3091 3055/3511/3096
f 2953/3391/3003 3043/3494/3083 3069/3526/3086 3068/3525/3110
f 3068/3525/3110 3069/3526/3086 3044/3468/3060 2983/3454/3052
f 2570/2912/2616 3058/3515/3100 3054/3510/3095 2562/2904/2608
f 3058/3515/3100 3059/3516/3101 3055/3511/3096 3054/3510/3095
f 3059/3516/3101 3060/3517/3102 3072/3512/3097 3055/3511/3096
f 3060/3517/3102 3061/3518/3103 3056/3513/3098 3072/3512/3097
f 3061/3518/3103 3062/3519/3104 3057/3514/3099 3056/3513/3098
f 3062/3519/3104 2538/2871/2575 2535/2870/2574 3057/3514/3099
s 52
f 3076/3527/3111 3073/3528/3112 3074/3529/3113 3075/3530/3114
f 3077/3531/3115 3074/3529/3113 3073/3528/3112 3078/3532/3116
f 3080/3533/3117 3077/3531/3115 3078/3532/3116 3079/3534/3118
f 3079/3534/3118 3081/3535/3119 3082/3536/3120 3080/3533/3117
f 3084/3537/3121 3479/3538/3122 3480/3539/3123 3083/3540/3124
f 3083/3540/3124 3085/3541/3125 3086/3542/3126 3084/3537/3121
f 3085/3541/3125 3552/3543/3127 3553/3544/3128 3086/3542/3126
f 3087/3545/3129 3550/3546/3130 3551/3547/3131 3088/3548/3132
f 3092/3549/3133 3089/3550/3134 3090/3551/3135 3091/3552/3136
f 3092/3549/3133 3091/3552/3136 3093/3553/3137 3094/3554/3138
f 3091/3552/3136 3090/3551/3135 3095/3555/3139 3096/3556/3140
f 3093/3553/3137 3091/3552/3136 3096/3556/3140 3097/3557/3141
f 3090/3551/3135 3089/3550/3134 3098/3558/3142 3095/3555/3139
f 3089/3550/3134 3092/3549/3133 3099/3559/3143 3098/3558/3142
f 3100/3560/3144 3099/3559/3143 3092/3549/3133 3094/3554/3138
f 3096/3556/3140 3095/3555/3139 3101/3561/3145 3102/3562/3146
f 3097/3557/3141 3096/3556/3140 3102/3562/3146 3103/3563/3147
f 3107/3564/3148 3104/3565/3149 3105/3566/3150 3106/3567/3151
f 3105/3566/3150 3108/3568/3152 3109/3569/3153 3106/3567/3151
f 3103/3563/3147 3102/3562/3146 3106/3567/3151 3109/3569/3153
f 3102/3562/3146 3101/3561/3145 3107/3564/3148 3106/3567/3151
f 3104/3565/3149 3107/3564/3148 3101/3561/3145 3110/3570/3154
f 3112/3571/3155 3111/3572/3156 3108/3568/3152 3105/3566/3150
f 3105/3566/3150 3104/3565/3149 3110/3570/3154 3112/3571/3155
f 3112/3571/3155 3110/3570/3154 3113/3573/3157 3114/3574/3158
f 3114/3574/3158 3115/3575/3159 3111/3572/3156 3112/3571/3155
f 3103/3563/3147 3116/3576/3160 3117/3577/3161 3097/3557/3141
f 3115/3575/3159 3118/3578/3162 3119/3579/3163 3111/3572/3156
f 3123/3580/3164 3120/3581/3165 3121/3582/3166 3122/3583/3167
f 3114/3574/3158 3113/3573/3157 3122/3583/3167 3121/3582/3166
f 3124/3584/3168 3123/3580/3164 3122/3583/3167 3113/3573/3157
f 3124/3584/3168 3125/3585/3169 3120/3581/3165 3123/3580/3164
f 3127/3586/3170 3126/3587/3171 3125/3585/3169 3124/3584/3168
f 3121/3582/3166 3128/3588/3172 3115/3575/3159 3114/3574/3158
f 3128/3588/3172 3121/3582/3166 3120/3581/3165 3129/3589/3173
f 3129/3589/3173 3120/3581/3165 3125/3585/3169 3130/3590/3174
f 3133/3591/3175 3131/3592/3176 3132/3593/3177 3130/3590/3174
f 3126/3587/3171 3133/3591/3175 3130/3590/3174 3125/3585/3169
f 3137/3594/3178 3134/3595/3179 3135/3596/3180 3136/3597/3181
f 3136/3597/3181 3135/3596/3180 3126/3587/3171 3127/3586/3170
f 3137/3594/3178 3136/3597/3181 3127/3586/3170 3138/3598/3182
f 3134/3595/3179 3137/3594/3178 3138/3598/3182 3139/3599/3183
f 3135/3596/3180 3134/3595/3179 3140/3600/3184 3141/3601/3185
f 3126/3587/3171 3135/3596/3180 3141/3601/3185 3133/3591/3175
f 3134/3595/3179 3139/3599/3183 3142/3602/3186 3140/3600/3184
f 3141/3601/3185 3140/3600/3184 3143/3603/3187 3144/3604/3188
f 3133/3591/3175 3141/3601/3185 3144/3604/3188 3145/3605/3189
f 3140/3600/3184 3142/3602/3186 3146/3606/3190 3143/3603/3187
f 3144/3604/3188 3143/3603/3187 3147/3607/3191 3148/3608/3192
f 3145/3605/3189 3144/3604/3188 3148/3608/3192 3149/3609/3193
f 3143/3603/3187 3146/3606/3190 3150/3610/3194 3147/3607/3191
f 3148/3608/3192 3147/3607/3191 3151/3611/3195 3152/3612/3196
f 3149/3609/3193 3148/3608/3192 3152/3612/3196 3153/3613/3197
f 3147/3607/3191 3150/3610/3194 3154/3614/3198 3151/3611/3195
f 3152/3612/3196 3151/3611/3195 3155/3615/3199 3156/3616/3200
f 3153/3613/3197 3152/3612/3196 3156/3616/3200 3157/3617/3201
f 3151/3611/3195 3154/3614/3198 3158/3618/3202 3155/3615/3199
f 3154/3614/3198 3150/3610/3194 3159/3619/3203
f 3158/3618/3202 3154/3614/3198 3159/3619/3203
f 3160/3620/3204 3159/3619/3203 3150/3610/3194 3146/3606/3190
f 3146/3606/3190 3142/3602/3186 3161/3621/3205 3160/3620/3204
f 3139/3599/3183 3162/3622/3206 3161/3621/3205 3142/3602/3186
f 3139/3599/3183 3138/3598/3182 3163/3623/3207 3162/3622/3206
f 3153/3613/3197 3157/3617/3201 3164/3624/3208
f 3149/3609/3193 3153/3613/3197 3164/3624/3208
f 3133/3591/3175 3145/3605/3189 3165/3625/3209 3131/3592/3176
f 3145/3605/3189 3149/3609/3193 3164/3624/3208 3165/3625/3209
f 3167/3626/3210 3166/3627/3211 3159/3628/3203 3160/3629/3204
f 3169/3630/3212 3168/3631/3213 3165/3632/3209 3164/3633/3208
f 3166/3627/3211 3167/3626/3210 3168/3631/3213 3169/3630/3212
f 3131/3634/3176 3165/3632/3209 3168/3631/3213 3170/3635/3214
f 3167/3626/3210 3171/3636/3215 3170/3635/3214 3168/3631/3213
f 3171/3636/3215 3167/3626/3210 3160/3629/3204 3161/3637/3205
f 3156/3616/3200 3155/3615/3199 3172/3638/3216 3173/3639/3217
f 3157/3617/3201 3156/3616/3200 3173/3639/3217 3174/3640/3218
f 3155/3615/3199 3158/3618/3202 3175/3641/3219 3172/3638/3216
f 3158/3618/3202 3159/3619/3203 3176/3642/3220 3175/3641/3219
f 3164/3624/3208 3157/3617/3201 3174/3640/3218 3177/3643/3221
f 3173/3639/3217 3172/3638/3216 3178/3644/3222 3179/3645/3223
f 3174/3640/3218 3173/3639/3217 3179/3645/3223 3180/3646/3224
f 3172/3638/3216 3175/3641/3219 3181/3647/3225 3178/3644/3222
f 3175/3641/3219 3176/3642/3220 3182/3648/3226 3181/3647/3225
f 3177/3643/3221 3174/3640/3218 3180/3646/3224 3183/3649/3227
f 3179/3645/3223 3178/3644/3222 3184/3650/3228 3185/3651/3229
f 3180/3646/3224 3179/3645/3223 3185/3651/3229 3186/3652/3230
f 3178/3644/3222 3181/3647/3225 3187/3653/3231 3184/3650/3228
f 3181/3647/3225 3182/3648/3226 3187/3653/3231
f 3183/3649/3227 3180/3646/3224 3186/3652/3230
f 3185/3651/3229 3184/3650/3228 3188/3654/3232 3189/3655/3233
f 3186/3652/3230 3185/3651/3229 3189/3655/3233 3190/3656/3234
f 3184/3650/3228 3187/3653/3231 3191/3657/3235 3188/3654/3232
f 3187/3653/3231 3182/3648/3226 3191/3657/3235
f 3183/3649/3227 3186/3652/3230 3190/3656/3234
f 3176/3658/3220 3159/3628/3203 3166/3627/3211 3192/3659/3236
f 3182/3660/3226 3176/3658/3220 3192/3659/3236 3193/3661/3237
f 3164/3633/3208 3177/3662/3221 3194/3663/3238 3169/3630/3212
f 3169/3630/3212 3194/3663/3238 3192/3659/3236 3166/3627/3211
f 3195/3664/3239 3194/3663/3238 3177/3662/3221 3183/3665/3227
f 3193/3661/3237 3192/3659/3236 3194/3663/3238 3195/3664/3239
f 3189/3655/3233 3188/3654/3232 3196/3666/3240 3197/3667/3241
f 3190/3656/3234 3189/3655/3233 3197/3667/3241 3198/3668/3242
f 3188/3654/3232 3191/3657/3235 3199/3669/3243 3196/3666/3240
f 3191/3657/3235 3182/3648/3226 3200/3670/3244 3199/3669/3243
f 3183/3649/3227 3190/3656/3234 3198/3668/3242 3201/3671/3245
f 3197/3667/3241 3196/3666/3240 3202/3672/3246 3203/3673/3247
f 3198/3668/3242 3197/3667/3241 3203/3673/3247 3204/3674/3248
f 3196/3666/3240 3199/3669/3243 3205/3675/3249 3202/3672/3246
f 3199/3669/3243 3200/3670/3244 3206/3676/3250 3205/3675/3249
f 3201/3671/3245 3198/3668/3242 3204/3674/3248 3207/3677/3251
f 3203/3673/3247 3202/3672/3246 3208/3678/3252 3209/3679/3253
f 3204/3680/3248 3203/3673/3247 3209/3679/3253
f 3183/3665/3227 3201/3681/3245 3210/3682/3254 3195/3664/3239
f 3195/3664/3239 3210/3682/3254 3211/3683/3255 3193/3661/3237
f 3193/3661/3237 3211/3683/3255 3200/3684/3244 3182/3660/3226
f 3202/3672/3246 3205/3685/3249 3208/3678/3252
f 3206/3686/3250 3200/3684/3244 3211/3683/3255 3212/3687/3256
f 3212/3687/3256 3211/3683/3255 3210/3682/3254 3213/3688/3257
f 3213/3688/3257 3210/3682/3254 3201/3681/3245 3207/3689/3251
f 3213/3690/3257 3207/3691/3251 3214/3692/3258
f 3206/3693/3250 3212/3694/3256 3215/3695/3259
f 3205/3685/3249 3206/3693/3250 3215/3695/3259 3208/3678/3252
f 3212/3694/3256 3213/3690/3257 3214/3692/3258 3215/3695/3259
f 3208/3678/3252 3215/3695/3259 3214/3692/3258 3209/3679/3253
f 3207/3691/3251 3204/3680/3248 3209/3679/3253 3214/3692/3258
f 3115/3575/3159 3128/3588/3172 3216/3696/3260 3217/3697/3261
f 3128/3588/3172 3129/3589/3173 3218/3698/3262 3216/3696/3260
f 3129/3589/3173 3130/3590/3174 3219/3699/3263 3218/3698/3262
f 3217/3697/3261 3216/3696/3260 3220/3700/3264 3221/3701/3265
f 3216/3696/3260 3218/3698/3262 3222/3702/3266 3220/3700/3264
f 3218/3698/3262 3219/3699/3263 3223/3703/3267 3222/3702/3266
f 3221/3701/3265 3220/3700/3264 3224/3704/3268 3225/3705/3269
f 3220/3700/3264 3222/3702/3266 3226/3706/3270 3224/3704/3268
f 3222/3702/3266 3223/3703/3267 3227/3707/3271 3226/3706/3270
f 3225/3705/3269 3224/3704/3268 3228/3708/3272 3229/3709/3273
f 3224/3704/3268 3226/3706/3270 3230/3710/3274 3228/3708/3272
f 3226/3706/3270 3227/3707/3271 3231/3711/3275 3230/3710/3274
f 3227/3707/3271 3223/3703/3267 3232/3712/3276
f 3231/3711/3275 3227/3707/3271 3232/3712/3276
f 3221/3701/3265 3225/3705/3269 3233/3713/3277
f 3225/3705/3269 3229/3709/3273 3233/3713/3277
f 3234/3714/3278 3118/3578/3162 3115/3575/3159 3217/3697/3261
f 3233/3713/3277 3234/3714/3278 3217/3697/3261 3221/3701/3265
f 3132/3593/3177 3235/3715/3279 3219/3699/3263 3130/3590/3174
f 3219/3699/3263 3235/3715/3279 3232/3712/3276 3223/3703/3267
f 3232/3716/3276 3235/3717/3279 3236/3718/3280 3237/3719/3281
f 3237/3719/3281 3236/3718/3280 3238/3720/3282 3239/3721/3283
f 3239/3721/3283 3238/3720/3282 3234/3722/3278 3233/3723/3277
f 3236/3718/3280 3235/3717/3279 3132/3724/3177 3240/3725/3284
f 3238/3720/3282 3236/3718/3280 3240/3725/3284 3241/3726/3285
f 3234/3722/3278 3238/3720/3282 3241/3726/3285 3118/3727/3162
f 3229/3709/3273 3228/3708/3272 3242/3728/3286 3243/3729/3287
f 3228/3708/3272 3230/3710/3274 3244/3730/3288 3242/3728/3286
f 3230/3710/3274 3231/3711/3275 3245/3731/3289 3244/3730/3288
f 3231/3711/3275 3232/3712/3276 3246/3732/3290 3245/3731/3289
f 3233/3713/3277 3229/3709/3273 3243/3729/3287 3247/3733/3291
f 3249/3734/3292 3237/3719/3281 3239/3721/3283 3248/3735/3293
f 3248/3735/3293 3239/3721/3283 3233/3723/3277 3247/3736/3291
f 3237/3719/3281 3249/3734/3292 3246/3737/3290 3232/3716/3276
f 3242/3728/3286 3244/3730/3288 3250/3738/3294 3251/3739/3295
f 3243/3729/3287 3242/3728/3286 3251/3739/3295 3252/3740/3296
f 3244/3730/3288 3245/3731/3289 3253/3741/3297 3250/3738/3294
f 3251/3739/3295 3250/3738/3294 3254/3742/3298 3255/3743/3299
f 3252/3740/3296 3251/3739/3295 3255/3743/3299 3256/3744/3300
f 3250/3738/3294 3253/3741/3297 3257/3745/3301 3254/3742/3298
f 3255/3743/3299 3254/3742/3298 3258/3746/3302 3259/3747/3303
f 3256/3744/3300 3255/3743/3299 3259/3747/3303 3260/3748/3304
f 3254/3742/3298 3257/3745/3301 3261/3749/3305 3258/3746/3302
f 3243/3729/3287 3252/3740/3296 3262/3750/3306 3247/3733/3291
f 3252/3740/3296 3256/3744/3300 3262/3750/3306
f 3256/3744/3300 3260/3748/3304 3262/3750/3306
f 3253/3741/3297 3245/3731/3289 3246/3732/3290 3263/3751/3307
f 3257/3745/3301 3253/3741/3297 3263/3751/3307
f 3261/3749/3305 3257/3745/3301 3263/3751/3307
f 3249/3734/3292 3264/3752/3308 3263/3753/3307 3246/3737/3290
f 3264/3752/3308 3249/3734/3292 3248/3735/3293 3265/3754/3309
f 3247/3736/3291 3262/3755/3306 3265/3754/3309 3248/3735/3293
f 3259/3747/3303 3258/3746/3302 3266/3756/3310 3267/3757/3311
f 3260/3748/3304 3259/3747/3303 3267/3757/3311 3268/3758/3312
f 3258/3746/3302 3261/3749/3305 3269/3759/3313 3266/3756/3310
f 3262/3750/3306 3260/3748/3304 3268/3758/3312 3270/3760/3314
f 3261/3749/3305 3263/3751/3307 3271/3761/3315 3269/3759/3313
f 3263/3753/3307 3264/3752/3308 3272/3762/3316 3271/3763/3315
f 3264/3752/3308 3265/3754/3309 3273/3764/3317 3272/3762/3316
f 3265/3754/3309 3262/3755/3306 3270/3765/3314 3273/3764/3317
f 3267/3757/3311 3266/3756/3310 3274/3766/3318 3275/3767/3319
f 3268/3758/3312 3267/3757/3311 3275/3767/3319 3276/3768/3320
f 3266/3756/3310 3269/3759/3313 3277/3769/3321 3274/3766/3318
f 3270/3760/3314 3268/3758/3312 3276/3768/3320 3278/3770/3322
f 3269/3759/3313 3271/3761/3315 3279/3771/3323 3277/3769/3321
f 3271/3763/3315 3272/3762/3316 3280/3772/3324 3279/3773/3323
f 3272/3762/3316 3273/3764/3317 3281/3774/3325 3280/3772/3324
f 3273/3764/3317 3270/3765/3314 3278/3775/3322 3281/3774/3325
f 3275/3767/3319 3274/3766/3318 3282/3776/3326 3283/3777/3327
f 3278/3778/3322 3276/3779/3320 3283/3777/3327 3284/3780/3328
f 3280/3781/3324 3281/3782/3325 3284/3780/3328 3285/3783/3329
f 3285/3783/3329 3284/3780/3328 3283/3777/3327 3282/3776/3326
f 3282/3776/3326 3277/3784/3321 3279/3785/3323 3285/3783/3329
f 3277/3784/3321 3282/3776/3326 3274/3766/3318
f 3275/3767/3319 3283/3777/3327 3276/3779/3320
f 3281/3782/3325 3278/3778/3322 3284/3780/3328
f 3285/3783/3329 3279/3785/3323 3280/3781/3324
f 3109/3569/3153 3108/3568/3152 3286/3786/3330 3287/3787/3331
f 3103/3563/3147 3109/3569/3153 3287/3787/3331 3288/3788/3332
f 3108/3568/3152 3111/3572/3156 3289/3789/3333 3286/3786/3330
f 3290/3790/3334 3116/3576/3160 3103/3563/3147 3288/3788/3332
f 3119/3579/3163 3291/3791/3335 3289/3789/3333 3111/3572/3156
f 3293/3792/3336 3292/3793/3337 3116/3794/3160 3290/3795/3334
f 3295/3796/3338 3294/3797/3339 3291/3798/3335 3119/3799/3163
f 3294/3797/3339 3295/3796/3338 3292/3793/3337 3293/3792/3336
f 3094/3554/3138 3093/3553/3137 3296/3800/3340 3297/3801/3341
f 3093/3553/3137 3097/3557/3141 3298/3802/3342 3296/3800/3340
f 3100/3560/3144 3094/3554/3138 3297/3801/3341 3299/3803/3343
f 3117/3577/3161 3300/3804/3344 3298/3802/3342 3097/3557/3141
f 3300/3805/3344 3117/3806/3161 3301/3807/3345 3302/3808/3346
f 3304/3809/3347 3303/3810/3348 3302/3808/3346 3301/3807/3345
f 3306/3811/3349 3305/3812/3350 3099/3559/3143 3100/3560/3144
f 3100/3560/3144 3299/3803/3343 3307/3813/3351 3306/3811/3349
f 3304/3809/3347 3306/3814/3349 3307/3815/3351 3303/3810/3348
f 3304/3809/3347 3308/3816/3352 3305/3817/3350 3306/3814/3349
f 3098/3558/3142 3099/3559/3143 3305/3812/3350 3309/3818/3353
f 3309/3819/3353 3305/3817/3350 3308/3816/3352
f 3287/3787/3331 3286/3786/3330 3317/3820/3354 3318/3821/3355
f 3288/3788/3332 3287/3787/3331 3318/3821/3355 3319/3822/3356
f 3286/3786/3330 3289/3789/3333 3320/3823/3357 3317/3820/3354
f 3290/3790/3334 3288/3788/3332 3319/3822/3356 3321/3824/3358
f 3289/3789/3333 3291/3791/3335 3322/3825/3359 3320/3823/3357
f 3293/3792/3336 3290/3795/3334 3321/3826/3358 3323/3827/3360
f 3291/3798/3335 3294/3797/3339 3324/3828/3361 3322/3829/3359
f 3294/3797/3339 3293/3792/3336 3323/3827/3360 3324/3828/3361
f 3318/3821/3355 3317/3820/3354 3325/3830/3362 3326/3831/3363
f 3319/3822/3356 3318/3821/3355 3326/3831/3363 3327/3832/3364
f 3317/3820/3354 3320/3823/3357 3328/3833/3365 3325/3830/3362
f 3321/3824/3358 3319/3822/3356 3327/3832/3364
f 3320/3823/3357 3322/3825/3359 3328/3833/3365
f 3326/3831/3363 3325/3830/3362 3329/3834/3366 3330/3835/3367
f 3327/3832/3364 3326/3831/3363 3330/3835/3367 3331/3836/3368
f 3325/3830/3362 3328/3833/3365 3332/3837/3369 3329/3834/3366
f 3321/3824/3358 3327/3832/3364 3331/3836/3368
f 3328/3833/3365 3322/3825/3359 3332/3837/3369
f 3330/3835/3367 3329/3834/3366 3333/3838/3370 3334/3839/3371
f 3331/3836/3368 3330/3835/3367 3334/3839/3371 3335/3840/3372
f 3329/3834/3366 3332/3837/3369 3336/3841/3373 3333/3838/3370
f 3321/3824/3358 3331/3836/3368 3335/3840/3372 3337/3842/3374
f 3332/3837/3369 3322/3825/3359 3338/3843/3375 3336/3841/3373
f 3323/3827/3360 3321/3826/3358 3337/3844/3374 3339/3845/3376
f 3322/3829/3359 3324/3828/3361 3340/3846/3377 3338/3847/3375
f 3324/3828/3361 3323/3827/3360 3339/3845/3376 3340/3846/3377
f 3334/3839/3371 3333/3838/3370 3341/3848/3378 3342/3849/3379
f 3335/3840/3372 3334/3839/3371 3342/3849/3379 3343/3850/3380
f 3333/3838/3370 3336/3841/3373 3344/3851/3381 3341/3848/3378
f 3337/3842/3374 3335/3840/3372 3343/3850/3380 3345/3852/3382
f 3336/3841/3373 3338/3843/3375 3346/3853/3383 3344/3851/3381
f 3339/3845/3376 3337/3844/3374 3345/3854/3382 3347/3855/3384
f 3338/3847/3375 3340/3846/3377 3348/3856/3385 3346/3857/3383
f 3340/3846/3377 3339/3845/3376 3347/3855/3384 3348/3856/3385
f 3342/3849/3379 3341/3848/3378 3349/3858/3386 3350/3859/3387
f 3343/3850/3380 3342/3849/3379 3350/3859/3387 3351/3860/3388
f 3341/3848/3378 3344/3851/3381 3352/3861/3389 3349/3858/3386
f 3345/3852/3382 3343/3850/3380 3351/3860/3388
f 3344/3851/3381 3346/3853/3383 3352/3861/3389
f 3350/3859/3387 3349/3858/3386 3353/3862/3390 3354/3863/3391
f 3351/3860/3388 3350/3859/3387 3354/3863/3391 3355/3864/3392
f 3349/3858/3386 3352/3861/3389 3356/3865/3393 3353/3862/3390
f 3345/3852/3382 3351/3860/3388 3355/3864/3392
f 3352/3861/3389 3346/3853/3383 3356/3865/3393
f 3347/3855/3384 3345/3854/3382 3357/3866/3394 3358/3867/3395
f 3346/3857/3383 3348/3856/3385 3359/3868/3396 3360/3869/3397
f 3348/3856/3385 3347/3855/3384 3358/3867/3395 3359/3868/3396
f 3354/3863/3391 3353/3862/3390 3361/3870/3398 3362/3871/3399
f 3355/3864/3392 3354/3863/3391 3362/3871/3399 3363/3872/3400
f 3353/3862/3390 3356/3865/3393 3364/3873/3401 3361/3870/3398
f 3356/3865/3393 3346/3853/3383 3360/3874/3397 3364/3873/3401
f 3355/3864/3392 3363/3872/3400 3357/3875/3394 3345/3852/3382
f 3358/3867/3395 3357/3866/3394 3365/3876/3402 3366/3877/3403
f 3360/3869/3397 3359/3868/3396 3367/3878/3404 3368/3879/3405
f 3359/3868/3396 3358/3867/3395 3366/3877/3403 3367/3878/3404
f 3362/3871/3399 3361/3870/3398 3369/3880/3406 3370/3881/3407
f 3363/3872/3400 3362/3871/3399 3370/3881/3407 3371/3882/3408
f 3361/3870/3398 3364/3873/3401 3372/3883/3409 3369/3880/3406
f 3364/3873/3401 3360/3874/3397 3368/3884/3405 3372/3883/3409
f 3357/3875/3394 3363/3872/3400 3371/3882/3408 3365/3885/3402
f 3370/3881/3407 3369/3880/3406 3373/3886/3410 3374/3887/3411
f 3369/3888/3406 3372/3889/3409 3373/3886/3410
f 3371/3890/3408 3370/3881/3407 3374/3887/3411
f 3365/3891/3402 3371/3890/3408 3374/3887/3411 3375/3892/3412
f 3367/3893/3404 3366/3894/3403 3375/3892/3412 3376/3895/3413
f 3365/3891/3402 3375/3892/3412 3366/3894/3403
f 3372/3889/3409 3368/3896/3405 3376/3895/3413 3373/3886/3410
f 3367/3893/3404 3376/3895/3413 3368/3896/3405
f 3376/3895/3413 3375/3892/3412 3374/3887/3411 3373/3886/3410
f 3297/3801/3341 3296/3800/3340 3377/3897/3414 3378/3898/3415
f 3296/3800/3340 3298/3802/3342 3379/3899/3416 3377/3897/3414
f 3299/3803/3343 3297/3801/3341 3378/3898/3415 3380/3900/3417
f 3298/3802/3342 3300/3804/3344 3381/3901/3418 3379/3899/3416
f 3300/3805/3344 3302/3808/3346 3382/3902/3419 3381/3903/3418
f 3302/3808/3346 3303/3810/3348 3383/3904/3420 3382/3902/3419
f 3307/3813/3351 3299/3803/3343 3380/3900/3417 3384/3905/3421
f 3303/3810/3348 3307/3815/3351 3384/3906/3421 3383/3904/3420
f 3378/3898/3415 3377/3897/3414 3385/3907/3422 3386/3908/3423
f 3377/3897/3414 3379/3899/3416 3387/3909/3424 3385/3907/3422
f 3380/3900/3417 3378/3898/3415 3386/3908/3423 3388/3910/3425
f 3379/3899/3416 3381/3901/3418 3387/3909/3424
f 3384/3905/3421 3380/3900/3417 3388/3910/3425
f 3386/3908/3423 3385/3907/3422 3389/3911/3426 3390/3912/3427
f 3385/3907/3422 3387/3909/3424 3391/3913/3428 3389/3911/3426
f 3388/3910/3425 3386/3908/3423 3390/3912/3427 3392/3914/3429
f 3387/3909/3424 3381/3901/3418 3391/3913/3428
f 3384/3905/3421 3388/3910/3425 3392/3914/3429
f 3381/3903/3418 3382/3902/3419 3394/3915/3430 3393/3916/3431
f 3382/3902/3419 3383/3904/3420 3395/3917/3432 3394/3915/3430
f 3383/3904/3420 3384/3906/3421 3396/3918/3433 3395/3917/3432
f 3393/3916/3431 3394/3915/3430 3398/3919/3434 3397/3920/3435
f 3394/3915/3430 3395/3917/3432 3399/3921/3436 3398/3919/3434
f 3395/3917/3432 3396/3918/3433 3400/3922/3437 3399/3921/3436
f 3390/3912/3427 3389/3911/3426 3401/3923/3438 3402/3924/3439
f 3389/3911/3426 3391/3913/3428 3403/3925/3440 3401/3923/3438
f 3392/3914/3429 3390/3912/3427 3402/3924/3439 3404/3926/3441
f 3403/3925/3440 3391/3913/3428 3381/3901/3418 3393/3927/3431
f 3392/3914/3429 3404/3926/3441 3396/3928/3433 3384/3905/3421
f 3402/3924/3439 3401/3923/3438 3405/3929/3442 3406/3930/3443
f 3401/3923/3438 3403/3925/3440 3407/3931/3444 3405/3929/3442
f 3404/3926/3441 3402/3924/3439 3406/3930/3443 3408/3932/3445
f 3404/3926/3441 3408/3932/3445 3400/3933/3437 3396/3928/3433
f 3407/3931/3444 3403/3925/3440 3393/3927/3431 3397/3934/3435
f 3406/3930/3443 3405/3929/3442 3409/3935/3446 3410/3936/3447
f 3405/3929/3442 3407/3931/3444 3411/3937/3448 3409/3935/3446
f 3408/3932/3445 3406/3930/3443 3410/3936/3447 3412/3938/3449
f 3400/3933/3437 3408/3932/3445 3412/3938/3449
f 3407/3931/3444 3397/3934/3435 3411/3937/3448
f 3410/3936/3447 3409/3935/3446 3413/3939/3450 3414/3940/3451
f 3409/3935/3446 3411/3937/3448 3415/3941/3452 3413/3939/3450
f 3412/3938/3449 3410/3936/3447 3414/3940/3451 3416/3942/3453
f 3400/3933/3437 3412/3938/3449 3416/3942/3453
f 3411/3937/3448 3397/3934/3435 3415/3941/3452
f 3414/3940/3451 3413/3939/3450 3417/3943/3454 3418/3944/3455
f 3413/3939/3450 3415/3941/3452 3419/3945/3456 3417/3943/3454
f 3416/3942/3453 3414/3940/3451 3418/3944/3455 3420/3946/3457
f 3400/3933/3437 3416/3942/3453 3420/3946/3457 3421/3947/3458
f 3415/3941/3452 3397/3934/3435 3422/3948/3459 3419/3945/3456
f 3397/3920/3435 3398/3919/3434 3423/3949/3460 3422/3950/3459
f 3398/3919/3434 3399/3921/3436 3424/3951/3461 3423/3949/3460
f 3399/3921/3436 3400/3922/3437 3421/3952/3458 3424/3951/3461
f 3418/3944/3455 3417/3943/3454 3425/3953/3462 3426/3954/3463
f 3417/3943/3454 3419/3945/3456 3427/3955/3464 3425/3953/3462
f 3420/3946/3457 3418/3944/3455 3426/3954/3463 3428/3956/3465
f 3421/3947/3458 3420/3946/3457 3428/3956/3465 3429/3957/3466
f 3419/3945/3456 3422/3948/3459 3430/3958/3467 3427/3955/3464
f 3422/3950/3459 3423/3949/3460 3431/3959/3468 3430/3960/3467
f 3423/3949/3460 3424/3951/3461 3432/3961/3469 3431/3959/3468
f 3424/3951/3461 3421/3952/3458 3429/3962/3466 3432/3961/3469
f 3434/3963/3470 3433/3964/3471 3426/3954/3463 3425/3953/3462
f 3435/3965/3472 3429/3966/3466 3428/3967/3465 3433/3964/3471
f 3426/3954/3463 3433/3964/3471 3428/3967/3465
f 3430/3968/3467 3436/3969/3473 3434/3963/3470 3427/3970/3464
f 3434/3963/3470 3425/3953/3462 3427/3970/3464
f 3436/3969/3473 3431/3971/3468 3432/3972/3469 3435/3965/3472
f 3429/3966/3466 3435/3965/3472 3432/3972/3469
f 3436/3969/3473 3430/3968/3467 3431/3971/3468
f 3433/3964/3471 3434/3963/3470 3436/3969/3473 3435/3965/3472
f 3138/3598/3182 3127/3586/3170 3437/3973/3474 3438/3974/3475
f 3438/3974/3475 3437/3973/3474 3439/3975/3476 3440/3976/3477
f 3440/3976/3477 3439/3975/3476 3441/3977/3478 3442/3978/3479
f 3442/3978/3479 3443/3979/3480 3444/3980/3481 3440/3976/3477
f 3442/3978/3479 3441/3977/3478 3445/3981/3482 3446/3982/3483
f 3448/3983/3484 3447/3984/3485 3442/3978/3479 3446/3982/3483
f 3442/3978/3479 3447/3984/3485 3449/3985/3486 3443/3979/3480
f 3450/3986/3487 3163/3623/3207 3138/3598/3182 3438/3974/3475
f 3444/3980/3481 3450/3986/3487 3438/3974/3475 3440/3976/3477
f 3452/3987/3488 3444/3988/3481 3443/3989/3480 3451/3990/3489
f 3449/3985/3486 3453/3991/3490 3451/3992/3489 3443/3979/3480
f 3453/3991/3490 3454/3993/3491 3455/3994/3492 3451/3992/3489
f 3451/3990/3489 3455/3995/3492 3456/3996/3493 3457/3997/3494
f 3163/3998/3207 3450/3999/3487 3458/4000/3495 3315/4001/3496
f 3450/3999/3487 3444/3988/3481 3452/3987/3488 3458/4000/3495
f 3315/4001/3496 3458/4000/3495 3459/4002/3497 3311/4003/3498
f 3447/3984/3485 3448/3983/3484 3460/4004/3499 3461/4005/3500
f 3449/3985/3486 3447/3984/3485 3461/4005/3500 3462/4006/3501
f 3453/3991/3490 3449/3985/3486 3462/4006/3501 3463/4007/3502
f 3454/3993/3491 3453/3991/3490 3463/4007/3502 3464/4008/3503
f 3456/3996/3493 3455/3995/3492 3465/4009/3504 3466/4010/3505
f 3466/4010/3505 3465/4009/3504 3467/4011/3506 3468/4012/3507
f 3468/4012/3507 3467/4011/3506 3469/4013/3508
f 3468/4012/3507 3469/4013/3508 3470/4014/3509
f 3465/4015/3504 3455/3994/3492 3454/3993/3491 3471/4016/3510
f 3467/4017/3506 3465/4015/3504 3471/4016/3510 3472/4018/3511
f 3469/4019/3508 3467/4017/3506 3472/4018/3511 3473/4020/3512
f 3470/4021/3509 3469/4019/3508 3473/4020/3512 3474/4022/3513
f 3464/4008/3503 3463/4007/3502 3475/4023/3514 3476/4024/3515
f 3476/4024/3515 3475/4023/3514 3477/4025/3516 3478/4026/3517
f 3480/3539/3123 3479/3538/3122 3082/3536/3120 3081/3535/3119
f 3084/3537/3121 3481/4027/3518 3482/4028/3519 3479/3538/3122
f 3482/4028/3519 3481/4027/3518 3460/4004/3499 3448/3983/3484
f 3483/4029/3520 3482/4028/3519 3448/3983/3484 3446/3982/3483
f 3483/4029/3520 3446/3982/3483 3445/3981/3482 3484/4030/3521
f 3482/4028/3519 3483/4029/3520 3484/4030/3521 3479/3538/3122
f 3437/3973/3474 3127/3586/3170 3124/3584/3168 3485/4031/3522
f 3439/3975/3476 3437/3973/3474 3485/4031/3522 3486/4032/3523
f 3441/3977/3478 3439/3975/3476 3486/4032/3523 3487/4033/3524
f 3445/3981/3482 3441/3977/3478 3487/4033/3524 3488/4034/3525
f 3484/4030/3521 3445/3981/3482 3488/4034/3525 3489/4035/3526
f 3479/3538/3122 3484/4030/3521 3489/4035/3526 3082/3536/3120
f 3312/4036/3527 3311/4003/3498 3459/4002/3497 3491/4037/3528
f 3314/4038/3529 3313/4039/3530 3494/4040/3531 3495/4041/3532
f 3313/4039/3530 3312/4036/3527 3491/4037/3528 3494/4040/3531
f 3316/4042/3533 3314/4038/3529 3495/4041/3532 3496/4043/3534
f 3310/4044/3535 3316/4042/3533 3496/4043/3534 3492/4045/3536
f 3495/4041/3532 3494/4040/3531 3497/4046/3537 3498/4047/3538
f 3494/4040/3531 3491/4037/3528 3490/4048/3539 3497/4046/3537
f 3496/4043/3534 3495/4041/3532 3498/4047/3538 3499/4049/3540
f 3492/4045/3536 3496/4043/3534 3499/4049/3540 3493/4050/3541
f 3476/4024/3515 3478/4026/3517 3501/4051/3542 3500/4052/3543
f 3500/4052/3543 3501/4051/3542 3503/4053/3544 3502/4054/3545
f 3502/4054/3545 3503/4053/3544 3504/4055/3546
f 3504/4055/3546 3503/4053/3544 3505/4056/3547
f 3476/4024/3515 3500/4052/3543 3506/4057/3548 3464/4008/3503
f 3500/4052/3543 3502/4054/3545 3507/4058/3549 3506/4057/3548
f 3502/4054/3545 3504/4055/3546 3508/4059/3550 3507/4058/3549
f 3504/4055/3546 3505/4056/3547 3509/4060/3551 3508/4059/3550
f 3464/4008/3503 3506/4057/3548 3471/4016/3510 3454/3993/3491
f 3506/4057/3548 3507/4058/3549 3472/4018/3511 3471/4016/3510
f 3507/4058/3549 3508/4059/3550 3473/4020/3512 3472/4018/3511
f 3508/4059/3550 3509/4060/3551 3474/4022/3513 3473/4020/3512
f 3457/3997/3494 3456/3996/3493 3510/4061/3552 3511/4062/3553
f 3456/3996/3493 3466/4010/3505 3513/4063/3554 3510/4061/3552
f 3466/4010/3505 3468/4012/3507 3514/4064/3555 3513/4063/3554
f 3511/4062/3553 3510/4061/3552 3515/4065/3556 3516/4066/3557
f 3512/4067/3558 3511/4062/3553 3516/4066/3557 3517/4068/3559
f 3510/4061/3552 3513/4063/3554 3518/4069/3560 3515/4065/3556
f 3513/4063/3554 3514/4064/3555 3519/4070/3561 3518/4069/3560
f 3515/4065/3556 3478/4071/3517 3477/4072/3516 3516/4066/3557
f 3518/4069/3560 3501/4073/3542 3478/4071/3517 3515/4065/3556
f 3501/4073/3542 3518/4069/3560 3519/4070/3561 3503/4074/3544
f 3519/4070/3561 3514/4064/3555 3524/4075/3562 3525/4076/3563
f 3514/4064/3555 3468/4012/3507 3526/4077/3564 3524/4075/3562
f 3527/4078/3565 3503/4074/3544 3519/4070/3561 3525/4076/3563
f 3505/4056/3547 3503/4053/3544 3527/4079/3565 3528/4080/3566
f 3468/4012/3507 3470/4014/3509 3529/4081/3567 3526/4077/3564
f 3470/4021/3509 3474/4022/3513 3530/4082/3568 3529/4083/3567
f 3509/4060/3551 3505/4056/3547 3528/4080/3566 3531/4084/3569
f 3474/4022/3513 3509/4060/3551 3531/4084/3569 3530/4082/3568
f 3525/4076/3563 3524/4075/3562 3532/4085/3570 3533/4086/3571
f 3524/4075/3562 3526/4077/3564 3534/4087/3572 3532/4085/3570
f 3527/4078/3565 3525/4076/3563 3533/4086/3571 3535/4088/3573
f 3528/4080/3566 3527/4079/3565 3535/4089/3573 3536/4090/3574
f 3526/4077/3564 3529/4081/3567 3537/4091/3575 3534/4087/3572
f 3529/4083/3567 3530/4082/3568 3538/4092/3576 3537/4093/3575
f 3531/4084/3569 3528/4080/3566 3536/4090/3574 3539/4094/3577
f 3530/4082/3568 3531/4084/3569 3539/4094/3577 3538/4092/3576
f 3538/4092/3576 3539/4094/3577 3540/4095/3578 3541/4096/3579
f 3537/4097/3575 3538/4092/3576 3541/4096/3579
f 3539/4094/3577 3536/4098/3574 3540/4095/3578
f 3537/4097/3575 3541/4096/3579 3542/4099/3580 3534/4100/3572
f 3542/4099/3580 3543/4101/3581 3533/4102/3571 3532/4103/3570
f 3535/4104/3573 3543/4101/3581 3540/4095/3578 3536/4098/3574
f 3543/4101/3581 3542/4099/3580 3541/4096/3579 3540/4095/3578
f 3535/4104/3573 3533/4102/3571 3543/4101/3581
f 3532/4103/3570 3534/4100/3572 3542/4099/3580
f 3512/4067/3558 3517/4068/3559 3544/4105/3582 3521/4106/3583
f 3521/4106/3583 3544/4105/3582 3545/4107/3584 3520/4108/3585
f 3546/4109/3586 3522/4110/3587 3520/4108/3585 3545/4107/3584
f 3545/4107/3584 3547/4111/3588 3548/4112/3589 3546/4109/3586
f 3549/4113/3590 3523/4114/3591 3522/4110/3587 3546/4109/3586
f 3551/3547/3131 3550/3546/3130 3566/4115/3592 3565/4116/3593
f 3553/4117/3128 3552/4118/3127 3087/3545/3129 3088/3548/3132
f 3553/4117/3128 3088/3548/3132 3546/4109/3586 3548/4112/3589
f 3088/3548/3132 3551/3547/3131 3549/4113/3590 3546/4109/3586
f 3517/4068/3559 3516/4066/3557 3477/4072/3516 3554/4119/3594
f 3544/4105/3582 3517/4068/3559 3554/4119/3594 3555/4120/3595
f 3545/4107/3584 3544/4105/3582 3555/4120/3595 3547/4111/3588
f 3556/4121/3596 3554/4122/3594 3477/4025/3516 3475/4023/3514
f 3462/4006/3501 3556/4121/3596 3475/4023/3514 3463/4007/3502
f 3086/3542/3126 3553/3544/3128 3548/4123/3589 3557/4124/3597
f 3547/4125/3588 3558/4126/3598 3557/4124/3597 3548/4123/3589
f 3558/4126/3598 3547/4125/3588 3555/4127/3595 3559/4128/3599
f 3559/4128/3599 3555/4127/3595 3554/4122/3594 3556/4121/3596
f 3556/4121/3596 3462/4006/3501 3461/4005/3500 3559/4128/3599
f 3559/4128/3599 3461/4005/3500 3460/4004/3499 3558/4126/3598
f 3084/3537/3121 3086/3542/3126 3557/4124/3597 3481/4027/3518
f 3558/4126/3598 3460/4004/3499 3481/4027/3518 3557/4124/3597
f 3584/4129/3600 3523/4114/3591 3549/4113/3590 3585/4130/3601
f 3549/4113/3590 3551/3547/3131 3565/4116/3593 3585/4130/3601
f 3485/4031/3522 3124/3584/3168 3113/3573/3157 3560/4131/3602
f 3486/4032/3523 3485/4031/3522 3560/4131/3602 3561/4132/3603
f 3487/4033/3524 3486/4032/3523 3561/4132/3603 3562/4133/3604
f 3488/4034/3525 3487/4033/3524 3562/4133/3604 3563/4134/3605
f 3489/4035/3526 3488/4034/3525 3563/4134/3605 3564/4135/3606
f 3082/3536/3120 3489/4035/3526 3564/4135/3606 3080/3533/3117
f 3568/4136/3607 3076/3527/3111 3075/3530/3114 3567/4137/3608
f 3565/4138/3593 3566/4139/3592 3568/4136/3607 3567/4137/3608
f 3132/3724/3177 3131/3634/3176 3569/4140/3609 3570/4141/3610
f 3131/3634/3176 3170/3635/3214 3571/4142/3611 3569/4140/3609
f 3170/3635/3214 3171/3636/3215 3572/4143/3612 3571/4142/3611
f 3171/3636/3215 3161/3637/3205 3162/4144/3206 3572/4143/3612
f 3240/3725/3284 3132/3724/3177 3570/4141/3610 3573/4145/3613
f 3241/3726/3285 3240/3725/3284 3573/4145/3613 3574/4146/3614
f 3118/3727/3162 3241/3726/3285 3574/4146/3614 3575/4147/3615
f 3119/3799/3163 3118/3727/3162 3575/4147/3615 3576/4148/3616
f 3116/3794/3160 3292/3793/3337 3577/4149/3617 3578/4150/3618
f 3295/3796/3338 3119/3799/3163 3576/4148/3616 3579/4151/3619
f 3292/3793/3337 3295/3796/3338 3579/4151/3619 3577/4149/3617
f 3117/3806/3161 3116/3794/3160 3578/4150/3618 3580/4152/3620
f 3301/3807/3345 3117/3806/3161 3580/4152/3620 3581/4153/3621
f 3308/3816/3352 3304/3809/3347 3301/3807/3345 3581/4153/3621
f 3570/4141/3610 3569/4140/3609 3311/4003/3498 3312/4036/3527
f 3569/4140/3609 3571/4142/3611 3311/4003/3498
f 3571/4142/3611 3572/4143/3612 3315/4001/3496 3311/4003/3498
f 3572/4143/3612 3162/4144/3206 3163/3998/3207 3315/4001/3496
f 3573/4145/3613 3570/4141/3610 3312/4036/3527
f 3574/4146/3614 3573/4145/3613 3312/4036/3527 3313/4039/3530
f 3575/4147/3615 3574/4146/3614 3313/4039/3530
f 3576/4148/3616 3575/4147/3615 3313/4039/3530 3314/4038/3529
f 3578/4150/3618 3577/4149/3617 3316/4042/3533
f 3579/4151/3619 3576/4148/3616 3314/4038/3529
f 3577/4149/3617 3579/4151/3619 3314/4038/3529 3316/4042/3533
f 3580/4152/3620 3578/4150/3618 3316/4042/3533 3310/4044/3535
f 3581/4153/3621 3580/4152/3620 3310/4044/3535
f 3308/3816/3352 3581/4153/3621 3310/4044/3535 3309/3819/3353
f 3310/4044/3535 3492/4045/3536 3582/4154/3622 3309/3819/3353
f 3492/4045/3536 3493/4050/3541 3583/4155/3623 3582/4154/3622
f 3309/3818/3353 3582/4156/3622 3586/4157/3624 3098/3558/3142
f 3582/4156/3622 3583/4158/3623 3587/4159/3625 3586/4157/3624
f 3583/4158/3623 3609/4160/3626 3610/4161/3627 3587/4159/3625
f 3584/4162/3600 3585/4163/3601 3589/4164/3628 3588/4165/3629
f 3585/4163/3601 3565/4138/3593 3567/4137/3608 3589/4164/3628
f 3098/3558/3142 3586/4157/3624 3590/4166/3630 3095/3555/3139
f 3586/4157/3624 3587/4159/3625 3591/4167/3631 3590/4166/3630
f 3587/4159/3625 3610/4161/3627 3611/4168/3632 3591/4167/3631
f 3588/4165/3629 3589/4164/3628 3593/4169/3633 3592/4170/3634
f 3589/4164/3628 3567/4137/3608 3075/3530/3114 3593/4169/3633
f 3095/3555/3139 3590/4166/3630 3594/4171/3635 3101/3561/3145
f 3590/4166/3630 3591/4167/3631 3595/4172/3636 3594/4171/3635
f 3591/4167/3631 3611/4168/3632 3612/4173/3637 3595/4172/3636
f 3592/4170/3634 3593/4169/3633 3597/4174/3638 3596/4175/3639
f 3593/4169/3633 3075/3530/3114 3074/3529/3113 3597/4174/3638
f 3560/4131/3602 3113/3573/3157 3110/3570/3154 3598/4176/3640
f 3561/4132/3603 3560/4131/3602 3598/4176/3640 3599/4177/3641
f 3562/4133/3604 3561/4132/3603 3599/4177/3641 3600/4178/3642
f 3563/4134/3605 3562/4133/3604 3600/4178/3642 3601/4179/3643
f 3564/4135/3606 3563/4134/3605 3601/4179/3643 3602/4180/3644
f 3080/3533/3117 3564/4135/3606 3602/4180/3644 3077/3531/3115
f 3490/4048/3539 3491/4037/3528 3459/4002/3497 3603/4181/3645
f 3458/4000/3495 3452/3987/3488 3603/4181/3645 3459/4002/3497
f 3457/3997/3494 3603/4181/3645 3452/3987/3488 3451/3990/3489
f 3490/4048/3539 3603/4181/3645 3457/3997/3494 3604/4182/3646
f 3605/4183/3647 3497/4046/3537 3490/4048/3539 3604/4182/3646
f 3497/4046/3537 3605/4183/3647 3606/4184/3648 3498/4047/3538
f 3499/4049/3540 3498/4047/3538 3606/4184/3648 3607/4185/3649
f 3512/4067/3558 3604/4182/3646 3457/3997/3494 3511/4062/3553
f 3512/4067/3558 3521/4106/3583 3605/4183/3647 3604/4182/3646
f 3521/4106/3583 3520/4108/3585 3606/4184/3648 3605/4183/3647
f 3520/4108/3585 3522/4110/3587 3607/4185/3649 3606/4184/3648
f 3608/4186/3650 3607/4185/3649 3522/4110/3587 3523/4114/3591
f 3493/4050/3541 3499/4049/3540 3607/4185/3649 3608/4186/3650
f 3610/4161/3627 3609/4160/3626 3584/4162/3600 3588/4165/3629
f 3611/4168/3632 3610/4161/3627 3588/4165/3629 3592/4170/3634
f 3612/4173/3637 3611/4168/3632 3592/4170/3634 3596/4175/3639
f 3583/4155/3623 3493/4050/3541 3608/4186/3650 3609/4187/3626
f 3609/4187/3626 3608/4186/3650 3523/4114/3591 3584/4129/3600
f 3598/4176/3640 3110/3570/3154 3101/3561/3145 3594/4171/3635
f 3599/4177/3641 3598/4176/3640 3594/4171/3635 3595/4172/3636
f 3600/4178/3642 3599/4177/3641 3595/4172/3636 3612/4173/3637
f 3601/4179/3643 3600/4178/3642 3612/4173/3637 3596/4175/3639
f 3602/4180/3644 3601/4179/3643 3596/4175/3639 3597/4174/3638
f 3077/3531/3115 3602/4180/3644 3597/4174/3638 3074/3529/3113
s 61
f 3616/4188/3651 3613/4189/3652 3854/4190/3653 3855/4191/3654
f 3628/4192/3655 3856/4193/3656 3857/4194/3657 3617/4195/3658
f 3817/4196/3659 3818/4197/3660 3614/4198/3661 3615/4199/3662
f 3618/4200/3663 3815/4201/3664 3816/4202/3665 3631/4203/3666
f 3623/4204/3667 3622/4205/3668 3619/4206/3669 3620/4207/3670
f 3629/4208/3671 3630/4209/3672 3621/4210/3673 3624/4211/3674
f 3626/4212/3675 3625/4213/3676 3804/4214/3677 3805/4215/3678
f 3802/4216/3679 3803/4217/3680 3632/4218/3681 3627/4219/3682
f 3855/4191/3654 3856/4193/3656 3628/4192/3655 3616/4188/3651
f 3620/4207/3670 3630/4209/3672 3629/4208/3671 3623/4204/3667
f 3631/4203/3666 3816/4202/3665 3817/4196/3659 3615/4199/3662
f 3625/4213/3676 3632/4218/3681 3803/4217/3680 3804/4214/3677
f 3632/4220/3681 3633/4221/3683 3634/4222/3684 3627/4223/3682
f 3625/4224/3676 3626/4225/3675 3635/4226/3685 3636/4227/3686
f 3632/4220/3681 3625/4224/3676 3636/4227/3686 3633/4221/3683
f 3634/4222/3684 3633/4221/3683 3651/4228/3687 3652/4229/3688
f 3636/4227/3686 3635/4226/3685 3649/4230/3689 3650/4231/3690
f 3633/4221/3683 3636/4227/3686 3650/4231/3690 3651/4228/3687
f 3638/4232/3691 3637/4233/3692 3894/4234/3693 3895/4235/3694
f 3640/4236/3695 3639/4237/3696 3892/4238/3697 3893/4239/3698
f 3637/4233/3692 3640/4236/3695 3893/4239/3698 3894/4234/3693
f 3646/4240/3699 3645/4241/3700 3643/4242/3701 3644/4243/3702
f 3647/4244/3703 3646/4240/3699 3644/4243/3702 3641/4245/3704
f 3648/4246/3705 3647/4244/3703 3641/4245/3704 3642/4247/3706
f 3650/4231/3690 3649/4230/3689 3639/4237/3696 3640/4236/3695
f 3651/4228/3687 3650/4231/3690 3640/4236/3695 3637/4233/3692
f 3652/4229/3688 3651/4228/3687 3637/4233/3692 3638/4232/3691
f 3642/4247/3706 3641/4245/3704 3704/4248/3707 3705/4249/3708
f 3703/4250/3709 3704/4248/3707 3641/4245/3704 3644/4243/3702
f 3719/4251/3710 3720/4252/3711 3654/4253/3712 3653/4254/3713
f 3655/4255/3714 3654/4253/3712 3720/4252/3711 3721/4256/3715
f 3643/4242/3701 3702/4257/3716 3703/4250/3709 3644/4243/3702
f 3656/4258/3717 3718/4259/3718 3719/4251/3710 3653/4254/3713
f 3853/4260/3719 3854/4190/3653 3613/4189/3652 3657/4261/3720
f 3614/4198/3661 3818/4197/3660 3819/4262/3721 3660/4263/3722
f 3619/4206/3669 3622/4205/3668 3658/4264/3723 3659/4265/3724
f 3626/4212/3675 3805/4215/3678 3806/4266/3725 3661/4267/3726
f 3635/4226/3685 3626/4225/3675 3661/4268/3726 3662/4269/3727
f 3649/4230/3689 3635/4226/3685 3662/4269/3727 3663/4270/3728
f 3891/4271/3729 3892/4238/3697 3639/4237/3696 3664/4272/3730
f 3643/4242/3701 3645/4241/3700 3665/4273/3731 3666/4274/3732
f 3639/4237/3696 3649/4230/3689 3663/4270/3728 3664/4272/3730
f 3701/4275/3733 3702/4257/3716 3643/4242/3701 3666/4274/3732
f 3717/4276/3734 3718/4259/3718 3656/4258/3717 3667/4277/3735
f 3852/4278/3736 3853/4260/3719 3657/4261/3720 3679/4279/3737
f 3660/4263/3722 3819/4262/3721 3820/4280/3738 3682/4281/3739
f 3659/4265/3724 3658/4264/3723 3680/4282/3740 3681/4283/3741
f 3661/4267/3726 3806/4266/3725 3807/4284/3742 3683/4285/3743
f 3662/4269/3727 3661/4268/3726 3683/4286/3743 3684/4287/3744
f 3663/4270/3728 3662/4269/3727 3684/4287/3744 3685/4288/3745
f 3890/4289/3746 3891/4271/3729 3664/4272/3730 3686/4290/3747
f 3666/4274/3732 3665/4273/3731 3687/4291/3748 3688/4292/3749
f 3664/4272/3730 3663/4270/3728 3685/4288/3745 3686/4290/3747
f 3700/4293/3750 3701/4275/3733 3666/4274/3732 3688/4292/3749
f 3716/4294/3751 3717/4276/3734 3667/4277/3735 3689/4295/3752
f 3851/4296/3753 3852/4278/3736 3679/4279/3737 3668/4297/3754
f 3681/4283/3741 3680/4282/3740 3669/4298/3755 3670/4299/3756
f 3682/4281/3739 3820/4280/3738 3821/4300/3757 3671/4301/3758
f 3683/4285/3743 3807/4284/3742 3808/4302/3759 3672/4303/3760
f 3684/4287/3744 3683/4286/3743 3672/4304/3760 3673/4305/3761
f 3685/4288/3745 3684/4287/3744 3673/4305/3761 3674/4306/3762
f 3686/4290/3747 3685/4288/3745 3674/4306/3762 3675/4307/3763
f 3708/4308/3764 3890/4289/3746 3686/4290/3747 3675/4307/3763
f 3688/4292/3749 3687/4291/3748 3676/4309/3765 3677/4310/3766
f 3699/4311/3767 3700/4293/3750 3688/4292/3749 3677/4310/3766
f 3715/4312/3768 3716/4294/3751 3689/4295/3752 3678/4313/3769
f 3850/4314/3770 3851/4296/3753 3668/4297/3754 3690/4315/3771
f 3671/4301/3758 3821/4300/3757 3822/4316/3772 3693/4317/3773
f 3670/4299/3756 3669/4298/3755 3691/4318/3774 3692/4319/3775
f 3672/4303/3760 3808/4302/3759 3809/4320/3776 3694/4321/3777
f 3673/4305/3761 3672/4304/3760 3694/4322/3777 3695/4323/3778
f 3714/4324/3779 3715/4312/3768 3678/4313/3769 3696/4325/3780
f 3697/4326/3781 3698/4327/3782 3699/4311/3767 3677/4310/3766
f 3699/4311/3767 3698/4327/3782 3696/4325/3780 3678/4313/3769
f 3689/4295/3752 3700/4293/3750 3699/4311/3767 3678/4313/3769
f 3667/4277/3735 3701/4275/3733 3700/4293/3750 3689/4295/3752
f 3656/4258/3717 3702/4257/3716 3701/4275/3733 3667/4277/3735
f 3703/4250/3709 3702/4257/3716 3656/4258/3717 3653/4254/3713
f 3653/4254/3713 3654/4253/3712 3704/4248/3707 3703/4250/3709
f 3705/4249/3708 3704/4248/3707 3654/4253/3712 3655/4255/3714
f 3695/4323/3778 3706/4328/3783 3674/4306/3762 3673/4305/3761
f 3674/4306/3762 3706/4328/3783 3707/4329/3784 3675/4307/3763
f 3709/4330/3785 3708/4308/3764 3675/4307/3763 3707/4329/3784
f 3711/4331/3786 3708/4308/3764 3709/4330/3785 3710/4332/3787
f 3698/4327/3782 3697/4326/3781 3712/4333/3788 3713/4334/3789
f 3713/4334/3789 3712/4333/3788 3711/4331/3786 3710/4332/3787
f 3668/4297/3754 3715/4335/3768 3714/4336/3779 3690/4315/3771
f 3679/4279/3737 3716/4337/3751 3715/4335/3768 3668/4297/3754
f 3657/4261/3720 3717/4338/3734 3716/4337/3751 3679/4279/3737
f 3613/4189/3652 3718/4339/3718 3717/4338/3734 3657/4261/3720
f 3719/4340/3710 3718/4339/3718 3613/4189/3652 3616/4188/3651
f 3628/4192/3655 3720/4341/3711 3719/4340/3710 3616/4188/3651
f 3721/4342/3715 3720/4341/3711 3628/4192/3655 3617/4195/3658
f 3669/4298/3755 3883/4343/3790 3884/4344/3791 3691/4318/3774
f 3680/4282/3740 3882/4345/3792 3883/4343/3790 3669/4298/3755
f 3658/4264/3723 3881/4346/3793 3882/4345/3792 3680/4282/3740
f 3622/4205/3668 3880/4347/3794 3881/4346/3793 3658/4264/3723
f 3879/4348/3795 3880/4347/3794 3622/4205/3668 3623/4204/3667
f 3623/4204/3667 3629/4208/3671 3878/4349/3796 3879/4348/3795
f 3877/4350/3797 3878/4349/3796 3629/4208/3671 3624/4211/3674
f 3849/4351/3798 3850/4314/3770 3690/4315/3771 3745/4352/3799
f 3693/4317/3773 3822/4316/3772 3823/4353/3800 3749/4354/3801
f 3692/4319/3775 3691/4318/3774 3747/4355/3802 3748/4356/3803
f 3694/4321/3777 3809/4320/3776 3810/4357/3804 3750/4358/3805
f 3695/4323/3778 3694/4322/3777 3750/4359/3805 3751/4360/3806
f 3714/4324/3779 3696/4325/3780 3758/4361/3807 3759/4362/3808
f 3696/4325/3780 3698/4327/3782 3757/4363/3809 3758/4361/3807
f 3706/4328/3783 3695/4323/3778 3751/4360/3806 3752/4364/3810
f 3707/4329/3784 3706/4328/3783 3752/4364/3810 3753/4365/3811
f 3709/4330/3785 3707/4329/3784 3753/4365/3811 3754/4366/3812
f 3710/4332/3787 3709/4330/3785 3754/4366/3812 3755/4367/3813
f 3698/4327/3782 3713/4334/3789 3756/4368/3814 3757/4363/3809
f 3713/4334/3789 3710/4332/3787 3755/4367/3813 3756/4368/3814
f 3690/4315/3771 3714/4336/3779 3759/4369/3808 3745/4352/3799
f 3691/4318/3774 3884/4344/3791 3885/4370/3815 3747/4355/3802
f 3848/4371/3816 3849/4351/3798 3745/4352/3799 3730/4372/3817
f 3747/4355/3802 3885/4370/3815 3886/4373/3818 3734/4374/3819
f 3748/4356/3803 3747/4355/3802 3734/4374/3819 3732/4375/3820
f 3749/4354/3801 3823/4353/3800 3824/4376/3821 3733/4377/3822
f 3750/4358/3805 3810/4357/3804 3811/4378/3823 3735/4379/3824
f 3751/4360/3806 3750/4359/3805 3735/4380/3824 3736/4381/3825
f 3752/4364/3810 3751/4360/3806 3736/4381/3825 3740/4382/3826
f 3753/4365/3811 3752/4364/3810 3740/4382/3826 3741/4383/3827
f 3754/4366/3812 3753/4365/3811 3741/4383/3827 3742/4384/3828
f 3755/4367/3813 3754/4366/3812 3742/4384/3828 3743/4385/3829
f 3756/4368/3814 3755/4367/3813 3743/4385/3829 3744/4386/3830
f 3757/4363/3809 3756/4368/3814 3744/4386/3830 3739/4387/3831
f 3758/4361/3807 3757/4363/3809 3739/4387/3831 3737/4388/3832
f 3759/4362/3808 3758/4361/3807 3737/4388/3832 3738/4389/3833
f 3745/4352/3799 3759/4369/3808 3738/4390/3833 3730/4372/3817
f 3733/4377/3822 3824/4376/3821 3825/4391/3834 3761/4392/3835
f 3735/4379/3824 3811/4378/3823 3812/4393/3836 3762/4394/3837
f 3764/4395/3838 3741/4383/3827 3740/4382/3826 3763/4396/3839
f 3765/4397/3840 3847/4398/3841 3848/4371/3816 3730/4372/3817
f 3886/4373/3818 3887/4399/3842 3767/4400/3843 3734/4374/3819
f 3734/4374/3819 3767/4400/3843 3760/4401/3844 3732/4375/3820
f 3763/4396/3839 3740/4382/3826 3736/4381/3825 3768/4402/3845
f 3768/4402/3845 3736/4381/3825 3735/4380/3824 3762/4403/3837
f 3738/4389/3833 3737/4388/3832 3769/4404/3846 3770/4405/3847
f 3737/4388/3832 3739/4387/3831 3771/4406/3848 3769/4404/3846
f 3742/4384/3828 3741/4383/3827 3764/4395/3838 3772/4407/3849
f 3743/4385/3829 3742/4384/3828 3772/4407/3849 3773/4408/3850
f 3739/4387/3831 3744/4386/3830 3774/4409/3851 3771/4406/3848
f 3744/4386/3830 3743/4385/3829 3773/4408/3850 3774/4409/3851
f 3730/4372/3817 3738/4390/3833 3770/4410/3847 3765/4397/3840
f 3814/4411/3852 3815/4201/3664 3618/4200/3663 3786/4412/3853
f 3624/4211/3674 3621/4210/3673 3787/4413/3854 3788/4414/3855
f 3876/4415/3856 3877/4350/3797 3624/4211/3674 3788/4414/3855
f 3801/4416/3857 3802/4216/3679 3627/4219/3682 3799/4417/3858
f 3627/4223/3682 3634/4222/3684 3798/4418/3859 3799/4419/3858
f 3634/4222/3684 3652/4229/3688 3797/4420/3860 3798/4418/3859
f 3648/4246/3705 3642/4247/3706 3794/4421/3861 3795/4422/3862
f 3652/4229/3688 3638/4232/3691 3796/4423/3863 3797/4420/3860
f 3642/4247/3706 3705/4249/3708 3793/4424/3864 3794/4421/3861
f 3655/4255/3714 3721/4256/3715 3791/4425/3865 3792/4426/3866
f 3705/4249/3708 3655/4255/3714 3792/4426/3866 3793/4424/3864
f 3721/4342/3715 3617/4195/3658 3790/4427/3867 3791/4428/3865
f 3617/4195/3658 3857/4194/3657 3858/4429/3868 3790/4427/3867
f 3813/4430/3869 3814/4411/3852 3786/4412/3853 3775/4431/3870
f 3790/4427/3867 3858/4429/3868 3845/4432/3871 3785/4433/3872
f 3791/4428/3865 3790/4427/3867 3785/4433/3872 3784/4434/3873
f 3792/4426/3866 3791/4425/3865 3784/4435/3873 3783/4436/3874
f 3793/4424/3864 3792/4426/3866 3783/4436/3874 3782/4437/3875
f 3798/4418/3859 3797/4420/3860 3780/4438/3876 3779/4439/3877
f 3799/4419/3858 3798/4418/3859 3779/4439/3877 3778/4440/3878
f 3800/4441/3879 3801/4416/3857 3799/4417/3858 3778/4442/3878
f 3786/4412/3853 3801/4416/3857 3800/4441/3879 3775/4431/3870
f 3618/4200/3663 3802/4216/3679 3801/4416/3857 3786/4412/3853
f 3631/4203/3666 3803/4217/3680 3802/4216/3679 3618/4200/3663
f 3804/4214/3677 3803/4217/3680 3631/4203/3666 3615/4199/3662
f 3805/4215/3678 3804/4214/3677 3615/4199/3662 3614/4198/3661
f 3806/4266/3725 3805/4215/3678 3614/4198/3661 3660/4263/3722
f 3807/4284/3742 3806/4266/3725 3660/4263/3722 3682/4281/3739
f 3808/4302/3759 3807/4284/3742 3682/4281/3739 3671/4301/3758
f 3809/4320/3776 3808/4302/3759 3671/4301/3758 3693/4317/3773
f 3810/4357/3804 3809/4320/3776 3693/4317/3773 3749/4354/3801
f 3811/4378/3823 3810/4357/3804 3749/4354/3801 3733/4377/3822
f 3812/4393/3836 3811/4378/3823 3733/4377/3822 3761/4392/3835
f 3621/4210/3673 3815/4201/3664 3814/4411/3852 3787/4413/3854
f 3816/4202/3665 3815/4201/3664 3621/4210/3673 3630/4209/3672
f 3817/4196/3659 3816/4202/3665 3630/4209/3672 3620/4207/3670
f 3620/4207/3670 3619/4206/3669 3818/4197/3660 3817/4196/3659
f 3819/4262/3721 3818/4197/3660 3619/4206/3669 3659/4265/3724
f 3820/4280/3738 3819/4262/3721 3659/4265/3724 3681/4283/3741
f 3821/4300/3757 3820/4280/3738 3681/4283/3741 3670/4299/3756
f 3822/4316/3772 3821/4300/3757 3670/4299/3756 3692/4319/3775
f 3823/4353/3800 3822/4316/3772 3692/4319/3775 3748/4356/3803
f 3824/4376/3821 3823/4353/3800 3748/4356/3803 3732/4375/3820
f 3825/4391/3834 3824/4376/3821 3732/4375/3820 3760/4401/3844
f 3800/4441/3879 3778/4442/3878 3826/4443/3880 3827/4444/3881
f 3796/4423/3863 3781/4445/3882 3828/4446/3883 3797/4420/3860
f 3780/4438/3876 3797/4420/3860 3828/4446/3883
f 3781/4447/3882 3829/4448/3884 3776/4449/3885 3828/4450/3883
f 3781/4445/3882 3796/4423/3863 3830/4451/3886
f 3833/4452/3887 3794/4421/3861 3793/4424/3864 3832/4453/3888
f 3831/4454/3889 3794/4421/3861 3834/4455/3890
f 3834/4455/3890 3794/4421/3861 3833/4452/3887
f 3783/4436/3874 3784/4435/3873 3836/4456/3891 3835/4457/3892
f 3832/4453/3888 3793/4424/3864 3837/4458/3893
f 3837/4458/3893 3793/4424/3864 3782/4437/3875
f 3835/4457/3892 3838/4459/3894 3782/4437/3875 3783/4436/3874
f 3838/4459/3894 3839/4460/3895 3837/4458/3893 3782/4437/3875
f 3841/4461/3896 3840/4462/3897 3838/4459/3894 3835/4457/3892
f 3839/4460/3895 3838/4459/3894 3840/4462/3897
f 3835/4457/3892 3836/4456/3891 3841/4461/3896
f 3840/4463/3897 3841/4464/3896 3842/4465/3898 3843/4466/3899
f 3841/4464/3896 3836/4467/3891 3842/4465/3898
f 3839/4468/3895 3840/4463/3897 3843/4466/3899
f 3837/4469/3893 3839/4468/3895 3844/4470/3900 3845/4432/3871
f 3844/4470/3900 3839/4468/3895 3843/4466/3899
f 3845/4432/3871 3844/4470/3900 3846/4471/3901 3785/4433/3872
f 3842/4465/3898 3846/4471/3901 3844/4470/3900 3843/4466/3899
f 3784/4434/3873 3785/4433/3872 3846/4471/3901 3836/4467/3891
f 3846/4471/3901 3842/4465/3898 3836/4467/3891
f 3848/4371/3816 3847/4398/3841 3766/4472/3902 3731/4473/3903
f 3746/4474/3904 3849/4351/3798 3848/4371/3816 3731/4473/3903
f 3722/4475/3905 3850/4314/3770 3849/4351/3798 3746/4474/3904
f 3722/4475/3905 3723/4476/3906 3851/4296/3753 3850/4314/3770
f 3723/4476/3906 3724/4477/3907 3852/4278/3736 3851/4296/3753
f 3724/4477/3907 3725/4478/3908 3853/4260/3719 3852/4278/3736
f 3725/4478/3908 3726/4479/3909 3854/4190/3653 3853/4260/3719
f 3855/4191/3654 3854/4190/3653 3726/4479/3909 3727/4480/3910
f 3727/4480/3910 3728/4481/3911 3856/4193/3656 3855/4191/3654
f 3857/4194/3657 3856/4193/3656 3728/4481/3911 3729/4482/3912
f 3858/4429/3868 3857/4194/3657 3729/4482/3912 3789/4483/3913
f 3845/4432/3871 3858/4429/3868 3837/4469/3893
f 3837/4469/3893 3858/4429/3868 3859/4484/3914
f 3789/4483/3913 3860/4485/3915 3859/4484/3914 3858/4429/3868
f 3837/4469/3893 3859/4484/3914 3862/4486/3916 3861/4487/3917
f 3832/4453/3888 3837/4458/3893 3861/4488/3917 3863/4489/3918
f 3863/4489/3918 3864/4490/3919 3833/4452/3887 3832/4453/3888
f 3834/4455/3890 3833/4452/3887 3864/4490/3919 3865/4491/3920
f 3789/4483/3913 3834/4492/3890 3860/4485/3915
f 3834/4492/3890 3789/4483/3913 3777/4493/3921
f 3860/4485/3915 3834/4492/3890 3865/4494/3920 3868/4495/3922
f 3860/4485/3915 3868/4495/3922 3862/4486/3916 3859/4484/3914
f 3870/4496/3923 3864/4490/3919 3863/4489/3918 3869/4497/3924
f 3868/4495/3922 3870/4498/3923 3869/4499/3924 3862/4486/3916
f 3862/4486/3916 3869/4499/3924 3861/4487/3917
f 3861/4488/3917 3869/4497/3924 3863/4489/3918
f 3870/4498/3923 3868/4495/3922 3865/4494/3920
f 3870/4496/3923 3865/4491/3920 3864/4490/3919
f 3788/4414/3855 3787/4413/3854 3871/4500/3925 3867/4501/3926
f 3871/4500/3925 3787/4413/3854 3829/4448/3884
f 3871/4500/3925 3829/4448/3884 3918/4502/3927 3919/4503/3928
f 3919/4503/3928 3920/4504/3929 3867/4501/3926 3871/4500/3925
f 3866/4505/3930 3867/4501/3926 3920/4504/3929 3921/4506/3931
f 3729/4482/3912 3877/4350/3797 3876/4415/3856 3789/4483/3913
f 3729/4482/3912 3728/4481/3911 3878/4349/3796 3877/4350/3797
f 3879/4348/3795 3878/4349/3796 3728/4481/3911 3727/4480/3910
f 3727/4480/3910 3726/4479/3909 3880/4347/3794 3879/4348/3795
f 3881/4346/3793 3880/4347/3794 3726/4479/3909 3725/4478/3908
f 3882/4345/3792 3881/4346/3793 3725/4478/3908 3724/4477/3907
f 3883/4343/3790 3882/4345/3792 3724/4477/3907 3723/4476/3906
f 3884/4344/3791 3883/4343/3790 3723/4476/3906 3722/4475/3905
f 3885/4370/3815 3884/4344/3791 3722/4475/3905 3746/4474/3904
f 3886/4373/3818 3885/4370/3815 3746/4474/3904 3731/4473/3903
f 3766/4472/3902 3887/4399/3842 3886/4373/3818 3731/4473/3903
f 3876/4415/3856 3788/4414/3855 3866/4505/3930 3888/4507/3932
f 3788/4414/3855 3867/4501/3926 3866/4505/3930
f 3876/4415/3856 3888/4507/3932 3889/4508/3933
f 3777/4493/3921 3789/4483/3913 3876/4415/3856 3889/4508/3933
f 3687/4291/3748 3890/4289/3746 3708/4308/3764 3676/4309/3765
f 3665/4273/3731 3891/4271/3729 3890/4289/3746 3687/4291/3748
f 3645/4241/3700 3892/4238/3697 3891/4271/3729 3665/4273/3731
f 3893/4239/3698 3892/4238/3697 3645/4241/3700 3646/4240/3699
f 3894/4234/3693 3893/4239/3698 3646/4240/3699 3647/4244/3703
f 3895/4235/3694 3894/4234/3693 3647/4244/3703 3648/4246/3705
f 3697/4326/3781 3677/4310/3766 3676/4309/3765 3712/4333/3788
f 3711/4331/3786 3712/4333/3788 3676/4309/3765 3708/4308/3764
f 3896/4509/3934 3895/4235/3694 3648/4246/3705 3795/4422/3862
f 3895/4235/3694 3896/4509/3934 3796/4423/3863 3638/4232/3691
f 3830/4451/3886 3796/4423/3863 3896/4509/3934 3897/4510/3935
f 3899/4511/3936 3896/4509/3934 3795/4422/3862 3898/4512/3937
f 3794/4421/3861 3831/4454/3889 3900/4513/3938 3795/4422/3862
f 3899/4514/3936 3898/4515/3937 3888/4507/3932 3866/4505/3930
f 3899/4514/3936 3866/4505/3930 3921/4506/3931 3922/4516/3939
f 3888/4507/3932 3898/4515/3937 3902/4517/3940 3903/4518/3941
f 3903/4518/3941 3902/4517/3940 3904/4519/3942
f 3898/4512/3937 3795/4422/3862 3900/4513/3938
f 3896/4509/3934 3899/4511/3936 3897/4510/3935
f 3831/4454/3889 3905/4520/3943 3906/4521/3944 3900/4513/3938
f 3902/4522/3940 3898/4512/3937 3900/4513/3938 3906/4521/3944
f 3831/4454/3889 3834/4455/3890 3907/4523/3945 3905/4520/3943
f 3907/4524/3945 3834/4492/3890 3777/4493/3921 3908/4525/3946
f 3908/4525/3946 3777/4493/3921 3889/4508/3933 3909/4526/3947
f 3909/4526/3947 3889/4508/3933 3888/4507/3932 3903/4518/3941
f 3909/4526/3947 3903/4518/3941 3904/4519/3942
f 3902/4522/3940 3906/4521/3944 3904/4527/3942
f 3904/4519/3942 3910/4528/3948 3908/4525/3946 3909/4526/3947
f 3905/4520/3943 3910/4529/3948 3904/4527/3942 3906/4521/3944
f 3907/4524/3945 3908/4525/3946 3910/4528/3948
f 3905/4520/3943 3907/4523/3945 3910/4529/3948
f 3829/4448/3884 3781/4447/3882 3925/4530/3949 3918/4502/3927
f 3781/4445/3882 3830/4451/3886 3924/4531/3950 3925/4532/3949
f 3830/4451/3886 3897/4510/3935 3923/4533/3951 3924/4531/3950
f 3897/4510/3935 3899/4511/3936 3922/4534/3939 3923/4533/3951
f 3872/4535/3952 3911/4536/3953 3914/4537/3954 3915/4538/3955
f 3912/4539/3956 3913/4540/3957 3916/4541/3958 3914/4542/3954
f 3874/4543/3959 3873/4544/3960 3915/4538/3955 3917/4545/3961
f 3901/4546/3962 3875/4547/3963 3917/4545/3961 3916/4548/3958
f 3917/4545/3961 3875/4547/3963 3874/4543/3959
f 3915/4538/3955 3914/4537/3954 3916/4548/3958 3917/4545/3961
f 3873/4544/3960 3872/4535/3952 3915/4538/3955
f 3919/4503/3928 3918/4502/3927 3872/4535/3952 3873/4544/3960
f 3873/4544/3960 3874/4543/3959 3920/4504/3929 3919/4503/3928
f 3921/4506/3931 3920/4504/3929 3874/4543/3959 3875/4547/3963
f 3922/4516/3939 3921/4506/3931 3875/4547/3963 3901/4546/3962
f 3923/4533/3951 3922/4534/3939 3901/4549/3962 3913/4540/3957
f 3924/4531/3950 3923/4533/3951 3913/4540/3957 3912/4539/3956
f 3925/4532/3949 3924/4531/3950 3912/4539/3956 3911/4550/3953
f 3918/4502/3927 3925/4530/3949 3911/4536/3953 3872/4535/3952
f 3913/4540/3957 3901/4549/3962 3916/4541/3958
f 3912/4539/3956 3914/4542/3954 3911/4550/3953
f 3828/4450/3883 3776/4449/3885 3926/4551/3964 3927/4552/3965
f 3779/4439/3877 3780/4438/3876 3929/4553/3966 3928/4554/3967
f 3828/4446/3883 3927/4555/3965 3929/4553/3966 3780/4438/3876
f 3826/4556/3880 3778/4440/3878 3779/4439/3877 3928/4554/3967
f 3776/4449/3885 3829/4448/3884 3787/4413/3854
f 3776/4449/3885 3787/4413/3854 3814/4411/3852 3813/4430/3869
f 3813/4430/3869 3775/4431/3870 3930/4557/3968 3931/4558/3969
f 3930/4557/3968 3775/4431/3870 3800/4441/3879 3827/4444/3881
f 3813/4430/3869 3931/4558/3969 3926/4551/3964 3776/4449/3885
f 3938/4559/3970 3939/4560/3971 3933/4561/3972 3932/4562/3973
f 3932/4563/3973 3933/4564/3972 3935/4565/3974 3934/4566/3975
f 3931/4558/3969 3930/4557/3968 3936/4567/3976 3937/4568/3977
f 3937/4568/3977 3936/4567/3976 3934/4566/3975 3935/4565/3974
f 3928/4554/3967 3929/4553/3966 3939/4560/3971 3938/4559/3970
f 3927/4552/3965 3926/4551/3964 3940/4569/3978 3941/4570/3979
f 3941/4570/3979 3940/4569/3978 3935/4565/3974 3933/4564/3972
f 3931/4558/3969 3937/4568/3977 3940/4569/3978 3926/4551/3964
f 3927/4555/3965 3941/4571/3979 3939/4560/3971 3929/4553/3966
f 3942/4572/3980 3943/4573/3981 3827/4444/3881 3826/4443/3880
f 3932/4563/3973 3934/4566/3975 3943/4573/3981 3942/4572/3980
f 3936/4567/3976 3930/4557/3968 3827/4444/3881 3943/4573/3981
f 3928/4554/3967 3938/4559/3970 3942/4574/3980 3826/4556/3880
f 3932/4562/3973 3942/4574/3980 3938/4559/3970
f 3934/4566/3975 3936/4567/3976 3943/4573/3981
f 3939/4560/3971 3941/4571/3979 3933/4561/3972
f 3935/4565/3974 3940/4569/3978 3937/4568/3977
s 66
f 3947/4575/3982 4186/4576/3983 4185/4577/3984 3944/4578/3985
f 3959/4579/3986 3948/4580/3987 4188/4581/3988 4187/4582/3989
f 4148/4583/3990 3946/4584/3991 3945/4585/3992 4149/4586/3993
f 3949/4587/3994 3962/4588/3995 4147/4589/3996 4146/4590/3997
f 3954/4591/3998 3951/4592/3999 3950/4593/4000 3953/4594/4001
f 3960/4595/4002 3955/4596/4003 3952/4597/4004 3961/4598/4005
f 3957/4599/4006 4136/4600/4007 4135/4601/4008 3956/4602/4009
f 4133/4603/4010 3958/4604/4011 3963/4605/4012 4134/4606/4013
f 4186/4576/3983 3947/4575/3982 3959/4579/3986 4187/4582/3989
f 3951/4592/3999 3954/4591/3998 3960/4595/4002 3961/4598/4005
f 3962/4588/3995 3946/4584/3991 4148/4583/3990 4147/4589/3996
f 3956/4602/4009 4135/4601/4008 4134/4606/4013 3963/4605/4012
f 3963/4607/4012 3958/4608/4011 3965/4609/4014 3964/4610/4015
f 3956/4611/4009 3967/4612/4016 3966/4613/4017 3957/4614/4006
f 3963/4607/4012 3964/4610/4015 3967/4612/4016 3956/4611/4009
f 3965/4609/4014 3983/4615/4018 3982/4616/4019 3964/4610/4015
f 3967/4612/4016 3981/4617/4020 3980/4618/4021 3966/4613/4017
f 3964/4610/4015 3982/4616/4019 3981/4617/4020 3967/4612/4016
f 3969/4619/4022 4226/4620/4023 4225/4621/4024 3968/4622/4025
f 3971/4623/4026 4224/4624/4027 4223/4625/4028 3970/4626/4029
f 3968/4622/4025 4225/4621/4024 4224/4624/4027 3971/4623/4026
f 3977/4627/4030 3975/4628/4031 3974/4629/4032 3976/4630/4033
f 3978/4631/4034 3972/4632/4035 3975/4628/4031 3977/4627/4030
f 3979/4633/4036 3973/4634/4037 3972/4632/4035 3978/4631/4034
f 3981/4617/4020 3971/4623/4026 3970/4626/4029 3980/4618/4021
f 3982/4616/4019 3968/4622/4025 3971/4623/4026 3981/4617/4020
f 3983/4615/4018 3969/4619/4022 3968/4622/4025 3982/4616/4019
f 3973/4634/4037 4036/4635/4038 4035/4636/4039 3972/4632/4035
f 4034/4637/4040 3975/4628/4031 3972/4632/4035 4035/4636/4039
f 4050/4638/4041 3984/4639/4042 3985/4640/4043 4051/4641/4044
f 3986/4642/4045 4052/4643/4046 4051/4641/4044 3985/4640/4043
f 3974/4629/4032 3975/4628/4031 4034/4637/4040 4033/4644/4047
f 3987/4645/4048 3984/4639/4042 4050/4638/4041 4049/4646/4049
f 4184/4647/4050 3988/4648/4051 3944/4578/3985 4185/4577/3984
f 3945/4585/3992 3991/4649/4052 4150/4650/4053 4149/4586/3993
f 3950/4593/4000 3990/4651/4054 3989/4652/4055 3953/4594/4001
f 3957/4599/4006 3992/4653/4056 4137/4654/4057 4136/4600/4007
f 3966/4613/4017 3993/4655/4058 3992/4656/4056 3957/4614/4006
f 3980/4618/4021 3994/4657/4059 3993/4655/4058 3966/4613/4017
f 4222/4658/4060 3995/4659/4061 3970/4626/4029 4223/4625/4028
f 3974/4629/4032 3997/4660/4062 3996/4661/4063 3976/4630/4033
f 3970/4626/4029 3995/4659/4061 3994/4657/4059 3980/4618/4021
f 4032/4662/4064 3997/4660/4062 3974/4629/4032 4033/4644/4047
f 4048/4663/4065 3998/4664/4066 3987/4645/4048 4049/4646/4049
f 4183/4665/4067 4010/4666/4068 3988/4648/4051 4184/4647/4050
f 3991/4649/4052 4013/4667/4069 4151/4668/4070 4150/4650/4053
f 3990/4651/4054 4012/4669/4071 4011/4670/4072 3989/4652/4055
f 3992/4653/4056 4014/4671/4073 4138/4672/4074 4137/4654/4057
f 3993/4655/4058 4015/4673/4075 4014/4674/4073 3992/4656/4056
f 3994/4657/4059 4016/4675/4076 4015/4673/4075 3993/4655/4058
f 4221/4676/4077 4017/4677/4078 3995/4659/4061 4222/4658/4060
f 3997/4660/4062 4019/4678/4079 4018/4679/4080 3996/4661/4063
f 3995/4659/4061 4017/4677/4078 4016/4675/4076 3994/4657/4059
f 4031/4680/4081 4019/4678/4079 3997/4660/4062 4032/4662/4064
f 4047/4681/4082 4020/4682/4083 3998/4664/4066 4048/4663/4065
f 4182/4683/4084 3999/4684/4085 4010/4666/4068 4183/4665/4067
f 4012/4669/4071 4001/4685/4086 4000/4686/4087 4011/4670/4072
f 4013/4667/4069 4002/4687/4088 4152/4688/4089 4151/4668/4070
f 4014/4671/4073 4003/4689/4090 4139/4690/4091 4138/4672/4074
f 4015/4673/4075 4004/4691/4092 4003/4692/4090 4014/4674/4073
f 4016/4675/4076 4005/4693/4093 4004/4691/4092 4015/4673/4075
f 4017/4677/4078 4006/4694/4094 4005/4693/4093 4016/4675/4076
f 4039/4695/4095 4006/4694/4094 4017/4677/4078 4221/4676/4077
f 4019/4678/4079 4008/4696/4096 4007/4697/4097 4018/4679/4080
f 4030/4698/4098 4008/4696/4096 4019/4678/4079 4031/4680/4081
f 4046/4699/4099 4009/4700/4100 4020/4682/4083 4047/4681/4082
f 4181/4701/4101 4021/4702/4102 3999/4684/4085 4182/4683/4084
f 4002/4687/4088 4024/4703/4103 4153/4704/4104 4152/4688/4089
f 4001/4685/4086 4023/4705/4105 4022/4706/4106 4000/4686/4087
f 4003/4689/4090 4025/4707/4107 4140/4708/4108 4139/4690/4091
f 4004/4691/4092 4026/4709/4109 4025/4710/4107 4003/4692/4090
f 4045/4711/4110 4027/4712/4111 4009/4700/4100 4046/4699/4099
f 4028/4713/4112 4008/4696/4096 4030/4698/4098 4029/4714/4113
f 4030/4698/4098 4009/4700/4100 4027/4712/4111 4029/4714/4113
f 4020/4682/4083 4009/4700/4100 4030/4698/4098 4031/4680/4081
f 3998/4664/4066 4020/4682/4083 4031/4680/4081 4032/4662/4064
f 3987/4645/4048 3998/4664/4066 4032/4662/4064 4033/4644/4047
f 4034/4637/4040 3984/4639/4042 3987/4645/4048 4033/4644/4047
f 3984/4639/4042 4034/4637/4040 4035/4636/4039 3985/4640/4043
f 4036/4635/4038 3986/4642/4045 3985/4640/4043 4035/4636/4039
f 4026/4709/4109 4004/4691/4092 4005/4693/4093 4037/4715/4114
f 4005/4693/4093 4006/4694/4094 4038/4716/4115 4037/4715/4114
f 4040/4717/4116 4038/4716/4115 4006/4694/4094 4039/4695/4095
f 4042/4718/4117 4041/4719/4118 4040/4717/4116 4039/4695/4095
f 4029/4714/4113 4044/4720/4119 4043/4721/4120 4028/4713/4112
f 4044/4720/4119 4041/4719/4118 4042/4718/4117 4043/4721/4120
f 3999/4684/4085 4021/4702/4102 4045/4722/4110 4046/4723/4099
f 4010/4666/4068 3999/4684/4085 4046/4723/4099 4047/4724/4082
f 3988/4648/4051 4010/4666/4068 4047/4724/4082 4048/4725/4065
f 3944/4578/3985 3988/4648/4051 4048/4725/4065 4049/4726/4049
f 4050/4727/4041 3947/4575/3982 3944/4578/3985 4049/4726/4049
f 3959/4579/3986 3947/4575/3982 4050/4727/4041 4051/4728/4044
f 4052/4729/4046 3948/4580/3987 3959/4579/3986 4051/4728/4044
f 4000/4686/4087 4022/4706/4106 4215/4730/4121 4214/4731/4122
f 4011/4670/4072 4000/4686/4087 4214/4731/4122 4213/4732/4123
f 3989/4652/4055 4011/4670/4072 4213/4732/4123 4212/4733/4124
f 3953/4594/4001 3989/4652/4055 4212/4733/4124 4211/4734/4125
f 4210/4735/4126 3954/4591/3998 3953/4594/4001 4211/4734/4125
f 3954/4591/3998 4210/4735/4126 4209/4736/4127 3960/4595/4002
f 4208/4737/4128 3955/4596/4003 3960/4595/4002 4209/4736/4127
f 4180/4738/4129 4076/4739/4130 4021/4702/4102 4181/4701/4101
f 4024/4703/4103 4080/4740/4131 4154/4741/4132 4153/4704/4104
f 4023/4705/4105 4079/4742/4133 4078/4743/4134 4022/4706/4106
f 4025/4707/4107 4081/4744/4135 4141/4745/4136 4140/4708/4108
f 4026/4709/4109 4082/4746/4137 4081/4747/4135 4025/4710/4107
f 4045/4711/4110 4090/4748/4138 4089/4749/4139 4027/4712/4111
f 4027/4712/4111 4089/4749/4139 4088/4750/4140 4029/4714/4113
f 4037/4715/4114 4083/4751/4141 4082/4746/4137 4026/4709/4109
f 4038/4716/4115 4084/4752/4142 4083/4751/4141 4037/4715/4114
f 4040/4717/4116 4085/4753/4143 4084/4752/4142 4038/4716/4115
f 4041/4719/4118 4086/4754/4144 4085/4753/4143 4040/4717/4116
f 4029/4714/4113 4088/4750/4140 4087/4755/4145 4044/4720/4119
f 4044/4720/4119 4087/4755/4145 4086/4754/4144 4041/4719/4118
f 4021/4702/4102 4076/4739/4130 4090/4756/4138 4045/4722/4110
f 4022/4706/4106 4078/4743/4134 4216/4757/4146 4215/4730/4121
f 4179/4758/4147 4061/4759/4148 4076/4739/4130 4180/4738/4129
f 4078/4743/4134 4065/4760/4149 4217/4761/4150 4216/4757/4146
f 4079/4742/4133 4063/4762/4151 4065/4760/4149 4078/4743/4134
f 4080/4740/4131 4064/4763/4152 4155/4764/4153 4154/4741/4132
f 4081/4744/4135 4066/4765/4154 4142/4766/4155 4141/4745/4136
f 4082/4746/4137 4067/4767/4156 4066/4768/4154 4081/4747/4135
f 4083/4751/4141 4071/4769/4157 4067/4767/4156 4082/4746/4137
f 4084/4752/4142 4072/4770/4158 4071/4769/4157 4083/4751/4141
f 4085/4753/4143 4073/4771/4159 4072/4770/4158 4084/4752/4142
f 4086/4754/4144 4074/4772/4160 4073/4771/4159 4085/4753/4143
f 4087/4755/4145 4075/4773/4161 4074/4772/4160 4086/4754/4144
f 4088/4750/4140 4070/4774/4162 4075/4773/4161 4087/4755/4145
f 4089/4749/4139 4068/4775/4163 4070/4774/4162 4088/4750/4140
f 4090/4748/4138 4069/4776/4164 4068/4775/4163 4089/4749/4139
f 4076/4739/4130 4061/4759/4148 4069/4777/4164 4090/4756/4138
f 4064/4763/4152 4092/4778/4165 4156/4779/4166 4155/4764/4153
f 4066/4765/4154 4093/4780/4167 4143/4781/4168 4142/4766/4155
f 4095/4782/4169 4094/4783/4170 4071/4769/4157 4072/4770/4158
f 4096/4784/4171 4061/4759/4148 4179/4758/4147 4178/4785/4172
f 4217/4761/4150 4065/4760/4149 4098/4786/4173 4218/4787/4174
f 4065/4760/4149 4063/4762/4151 4091/4788/4175 4098/4786/4173
f 4094/4783/4170 4099/4789/4176 4067/4767/4156 4071/4769/4157
f 4099/4789/4176 4093/4790/4167 4066/4768/4154 4067/4767/4156
f 4069/4776/4164 4101/4791/4177 4100/4792/4178 4068/4775/4163
f 4068/4775/4163 4100/4792/4178 4102/4793/4179 4070/4774/4162
f 4073/4771/4159 4103/4794/4180 4095/4782/4169 4072/4770/4158
f 4074/4772/4160 4104/4795/4181 4103/4794/4180 4073/4771/4159
f 4070/4774/4162 4102/4793/4179 4105/4796/4182 4075/4773/4161
f 4075/4773/4161 4105/4796/4182 4104/4795/4181 4074/4772/4160
f 4061/4759/4148 4096/4784/4171 4101/4797/4177 4069/4777/4164
f 4145/4798/4183 4117/4799/4184 3949/4587/3994 4146/4590/3997
f 3955/4596/4003 4119/4800/4185 4118/4801/4186 3952/4597/4004
f 4207/4802/4187 4119/4800/4185 3955/4596/4003 4208/4737/4128
f 4132/4803/4188 4130/4804/4189 3958/4604/4011 4133/4603/4010
f 3958/4608/4011 4130/4805/4189 4129/4806/4190 3965/4609/4014
f 3965/4609/4014 4129/4806/4190 4128/4807/4191 3983/4615/4018
f 3979/4633/4036 4126/4808/4192 4125/4809/4193 3973/4634/4037
f 3983/4615/4018 4128/4807/4191 4127/4810/4194 3969/4619/4022
f 3973/4634/4037 4125/4809/4193 4124/4811/4195 4036/4635/4038
f 3986/4642/4045 4123/4812/4196 4122/4813/4197 4052/4643/4046
f 4036/4635/4038 4124/4811/4195 4123/4812/4196 3986/4642/4045
f 4052/4729/4046 4122/4814/4197 4121/4815/4198 3948/4580/3987
f 3948/4580/3987 4121/4815/4198 4189/4816/4199 4188/4581/3988
f 4144/4817/4200 4106/4818/4201 4117/4799/4184 4145/4798/4183
f 4121/4815/4198 4116/4819/4202 4176/4820/4203 4189/4816/4199
f 4122/4814/4197 4115/4821/4204 4116/4819/4202 4121/4815/4198
f 4123/4812/4196 4114/4822/4205 4115/4823/4204 4122/4813/4197
f 4124/4811/4195 4113/4824/4206 4114/4822/4205 4123/4812/4196
f 4129/4806/4190 4110/4825/4207 4111/4826/4208 4128/4807/4191
f 4130/4805/4189 4109/4827/4209 4110/4825/4207 4129/4806/4190
f 4131/4828/4210 4109/4829/4209 4130/4804/4189 4132/4803/4188
f 4117/4799/4184 4106/4818/4201 4131/4828/4210 4132/4803/4188
f 3949/4587/3994 4117/4799/4184 4132/4803/4188 4133/4603/4010
f 3962/4588/3995 3949/4587/3994 4133/4603/4010 4134/4606/4013
f 4135/4601/4008 3946/4584/3991 3962/4588/3995 4134/4606/4013
f 4136/4600/4007 3945/4585/3992 3946/4584/3991 4135/4601/4008
f 4137/4654/4057 3991/4649/4052 3945/4585/3992 4136/4600/4007
f 4138/4672/4074 4013/4667/4069 3991/4649/4052 4137/4654/4057
f 4139/4690/4091 4002/4687/4088 4013/4667/4069 4138/4672/4074
f 4140/4708/4108 4024/4703/4103 4002/4687/4088 4139/4690/4091
f 4141/4745/4136 4080/4740/4131 4024/4703/4103 4140/4708/4108
f 4142/4766/4155 4064/4763/4152 4080/4740/4131 4141/4745/4136
f 4143/4781/4168 4092/4778/4165 4064/4763/4152 4142/4766/4155
f 3952/4597/4004 4118/4801/4186 4145/4798/4183 4146/4590/3997
f 4147/4589/3996 3961/4598/4005 3952/4597/4004 4146/4590/3997
f 4148/4583/3990 3951/4592/3999 3961/4598/4005 4147/4589/3996
f 3951/4592/3999 4148/4583/3990 4149/4586/3993 3950/4593/4000
f 4150/4650/4053 3990/4651/4054 3950/4593/4000 4149/4586/3993
f 4151/4668/4070 4012/4669/4071 3990/4651/4054 4150/4650/4053
f 4152/4688/4089 4001/4685/4086 4012/4669/4071 4151/4668/4070
f 4153/4704/4104 4023/4705/4105 4001/4685/4086 4152/4688/4089
f 4154/4741/4132 4079/4742/4133 4023/4705/4105 4153/4704/4104
f 4155/4764/4153 4063/4762/4151 4079/4742/4133 4154/4741/4132
f 4156/4779/4166 4091/4788/4175 4063/4762/4151 4155/4764/4153
f 4131/4828/4210 4158/4830/4211 4157/4831/4212 4109/4829/4209
f 4127/4810/4194 4128/4807/4191 4159/4832/4213 4112/4833/4214
f 4111/4826/4208 4159/4832/4213 4128/4807/4191
f 4112/4834/4214 4159/4835/4213 4107/4836/4215 4160/4837/4216
f 4112/4833/4214 4161/4838/4217 4127/4810/4194
f 4164/4839/4218 4163/4840/4219 4124/4811/4195 4125/4809/4193
f 4162/4841/4220 4165/4842/4221 4125/4809/4193
f 4165/4842/4221 4164/4839/4218 4125/4809/4193
f 4114/4822/4205 4166/4843/4222 4167/4844/4223 4115/4823/4204
f 4163/4840/4219 4168/4845/4224 4124/4811/4195
f 4168/4845/4224 4113/4824/4206 4124/4811/4195
f 4166/4843/4222 4114/4822/4205 4113/4824/4206 4169/4846/4225
f 4169/4846/4225 4113/4824/4206 4168/4845/4224 4170/4847/4226
f 4172/4848/4227 4166/4843/4222 4169/4846/4225 4171/4849/4228
f 4170/4847/4226 4171/4849/4228 4169/4846/4225
f 4166/4843/4222 4172/4848/4227 4167/4844/4223
f 4171/4850/4228 4174/4851/4229 4173/4852/4230 4172/4853/4227
f 4172/4853/4227 4173/4852/4230 4167/4854/4223
f 4170/4855/4226 4174/4851/4229 4171/4850/4228
f 4168/4856/4224 4176/4820/4203 4175/4857/4231 4170/4855/4226
f 4175/4857/4231 4174/4851/4229 4170/4855/4226
f 4176/4820/4203 4116/4819/4202 4177/4858/4232 4175/4857/4231
f 4173/4852/4230 4174/4851/4229 4175/4857/4231 4177/4858/4232
f 4115/4821/4204 4167/4854/4223 4177/4858/4232 4116/4819/4202
f 4177/4858/4232 4167/4854/4223 4173/4852/4230
f 4179/4758/4147 4062/4859/4233 4097/4860/4234 4178/4785/4172
f 4077/4861/4235 4062/4859/4233 4179/4758/4147 4180/4738/4129
f 4053/4862/4236 4077/4861/4235 4180/4738/4129 4181/4701/4101
f 4053/4862/4236 4181/4701/4101 4182/4683/4084 4054/4863/4237
f 4054/4863/4237 4182/4683/4084 4183/4665/4067 4055/4864/4238
f 4055/4864/4238 4183/4665/4067 4184/4647/4050 4056/4865/4239
f 4056/4865/4239 4184/4647/4050 4185/4577/3984 4057/4866/4240
f 4186/4576/3983 4058/4867/4241 4057/4866/4240 4185/4577/3984
f 4058/4867/4241 4186/4576/3983 4187/4582/3989 4059/4868/4242
f 4188/4581/3988 4060/4869/4243 4059/4868/4242 4187/4582/3989
f 4189/4816/4199 4120/4870/4244 4060/4869/4243 4188/4581/3988
f 4176/4820/4203 4168/4856/4224 4189/4816/4199
f 4168/4856/4224 4190/4871/4245 4189/4816/4199
f 4120/4870/4244 4189/4816/4199 4190/4871/4245 4191/4872/4246
f 4168/4856/4224 4192/4873/4247 4193/4874/4248 4190/4871/4245
f 4163/4840/4219 4194/4875/4249 4192/4876/4247 4168/4845/4224
f 4194/4875/4249 4163/4840/4219 4164/4839/4218 4195/4877/4250
f 4165/4842/4221 4196/4878/4251 4195/4877/4250 4164/4839/4218
f 4120/4870/4244 4191/4872/4246 4165/4879/4221
f 4165/4879/4221 4108/4880/4252 4120/4870/4244
f 4191/4872/4246 4199/4881/4253 4196/4882/4251 4165/4879/4221
f 4191/4872/4246 4190/4871/4245 4193/4874/4248 4199/4881/4253
f 4201/4883/4254 4200/4884/4255 4194/4875/4249 4195/4877/4250
f 4199/4881/4253 4193/4874/4248 4200/4885/4255 4201/4886/4254
f 4193/4874/4248 4192/4873/4247 4200/4885/4255
f 4192/4876/4247 4194/4875/4249 4200/4884/4255
f 4201/4886/4254 4196/4882/4251 4199/4881/4253
f 4201/4883/4254 4195/4877/4250 4196/4878/4251
f 4119/4800/4185 4198/4887/4256 4202/4888/4257 4118/4801/4186
f 4202/4888/4257 4160/4837/4216 4118/4801/4186
f 4202/4888/4257 4250/4889/4258 4249/4890/4259 4160/4837/4216
f 4250/4889/4258 4202/4888/4257 4198/4887/4256 4251/4891/4260
f 4197/4892/4261 4252/4893/4262 4251/4891/4260 4198/4887/4256
f 4060/4869/4243 4120/4870/4244 4207/4802/4187 4208/4737/4128
f 4060/4869/4243 4208/4737/4128 4209/4736/4127 4059/4868/4242
f 4210/4735/4126 4058/4867/4241 4059/4868/4242 4209/4736/4127
f 4058/4867/4241 4210/4735/4126 4211/4734/4125 4057/4866/4240
f 4212/4733/4124 4056/4865/4239 4057/4866/4240 4211/4734/4125
f 4213/4732/4123 4055/4864/4238 4056/4865/4239 4212/4733/4124
f 4214/4731/4122 4054/4863/4237 4055/4864/4238 4213/4732/4123
f 4215/4730/4121 4053/4862/4236 4054/4863/4237 4214/4731/4122
f 4216/4757/4146 4077/4861/4235 4053/4862/4236 4215/4730/4121
f 4217/4761/4150 4062/4859/4233 4077/4861/4235 4216/4757/4146
f 4097/4860/4234 4062/4859/4233 4217/4761/4150 4218/4787/4174
f 4207/4802/4187 4219/4894/4263 4197/4892/4261 4119/4800/4185
f 4119/4800/4185 4197/4892/4261 4198/4887/4256
f 4207/4802/4187 4220/4895/4264 4219/4894/4263
f 4108/4880/4252 4220/4895/4264 4207/4802/4187 4120/4870/4244
f 4018/4679/4080 4007/4697/4097 4039/4695/4095 4221/4676/4077
f 3996/4661/4063 4018/4679/4080 4221/4676/4077 4222/4658/4060
f 3976/4630/4033 3996/4661/4063 4222/4658/4060 4223/4625/4028
f 4224/4624/4027 3977/4627/4030 3976/4630/4033 4223/4625/4028
f 4225/4621/4024 3978/4631/4034 3977/4627/4030 4224/4624/4027
f 4226/4620/4023 3979/4633/4036 3978/4631/4034 4225/4621/4024
f 4028/4713/4112 4043/4721/4120 4007/4697/4097 4008/4696/4096
f 4042/4718/4117 4039/4695/4095 4007/4697/4097 4043/4721/4120
f 4227/4896/4265 4126/4808/4192 3979/4633/4036 4226/4620/4023
f 4226/4620/4023 3969/4619/4022 4127/4810/4194 4227/4896/4265
f 4161/4838/4217 4228/4897/4266 4227/4896/4265 4127/4810/4194
f 4230/4898/4267 4229/4899/4268 4126/4808/4192 4227/4896/4265
f 4125/4809/4193 4126/4808/4192 4231/4900/4269 4162/4841/4220
f 4230/4901/4267 4197/4892/4261 4219/4894/4263 4229/4902/4268
f 4230/4901/4267 4253/4903/4270 4252/4893/4262 4197/4892/4261
f 4219/4894/4263 4234/4904/4271 4233/4905/4272 4229/4902/4268
f 4234/4904/4271 4235/4906/4273 4233/4905/4272
f 4229/4899/4268 4231/4900/4269 4126/4808/4192
f 4227/4896/4265 4228/4897/4266 4230/4898/4267
f 4162/4841/4220 4231/4900/4269 4237/4907/4274 4236/4908/4275
f 4233/4909/4272 4237/4907/4274 4231/4900/4269 4229/4899/4268
f 4162/4841/4220 4236/4908/4275 4238/4910/4276 4165/4842/4221
f 4238/4911/4276 4239/4912/4277 4108/4880/4252 4165/4879/4221
f 4239/4912/4277 4240/4913/4278 4220/4895/4264 4108/4880/4252
f 4240/4913/4278 4234/4904/4271 4219/4894/4263 4220/4895/4264
f 4240/4913/4278 4235/4906/4273 4234/4904/4271
f 4233/4909/4272 4235/4914/4273 4237/4907/4274
f 4235/4906/4273 4240/4913/4278 4239/4912/4277 4241/4915/4279
f 4236/4908/4275 4237/4907/4274 4235/4914/4273 4241/4916/4279
f 4238/4911/4276 4241/4915/4279 4239/4912/4277
f 4236/4908/4275 4241/4916/4279 4238/4910/4276
f 4160/4837/4216 4249/4890/4259 4256/4917/4280 4112/4834/4214
f 4112/4833/4214 4256/4918/4280 4255/4919/4281 4161/4838/4217
f 4161/4838/4217 4255/4919/4281 4254/4920/4282 4228/4897/4266
f 4228/4897/4266 4254/4920/4282 4253/4921/4270 4230/4898/4267
f 4203/4922/4283 4246/4923/4284 4245/4924/4285 4242/4925/4286
f 4243/4926/4287 4245/4927/4285 4247/4928/4288 4244/4929/4289
f 4205/4930/4290 4248/4931/4291 4246/4923/4284 4204/4932/4292
f 4232/4933/4293 4247/4934/4288 4248/4931/4291 4206/4935/4294
f 4248/4931/4291 4205/4930/4290 4206/4935/4294
f 4246/4923/4284 4248/4931/4291 4247/4934/4288 4245/4924/4285
f 4204/4932/4292 4246/4923/4284 4203/4922/4283
f 4250/4889/4258 4204/4932/4292 4203/4922/4283 4249/4890/4259
f 4204/4932/4292 4250/4889/4258 4251/4891/4260 4205/4930/4290
f 4252/4893/4262 4206/4935/4294 4205/4930/4290 4251/4891/4260
f 4253/4903/4270 4232/4933/4293 4206/4935/4294 4252/4893/4262
f 4254/4920/4282 4244/4929/4289 4232/4936/4293 4253/4921/4270
f 4255/4919/4281 4243/4926/4287 4244/4929/4289 4254/4920/4282
f 4256/4918/4280 4242/4937/4286 4243/4926/4287 4255/4919/4281
f 4249/4890/4259 4203/4922/4283 4242/4925/4286 4256/4917/4280
f 4244/4929/4289 4247/4928/4288 4232/4936/4293
f 4243/4926/4287 4242/4937/4286 4245/4927/4285
f 4159/4835/4213 4258/4938/4295 4257/4939/4296 4107/4836/4215
f 4110/4825/4207 4259/4940/4297 4260/4941/4298 4111/4826/4208
f 4159/4832/4213 4111/4826/4208 4260/4941/4298 4258/4942/4295
f 4157/4943/4212 4259/4940/4297 4110/4825/4207 4109/4827/4209
f 4107/4836/4215 4118/4801/4186 4160/4837/4216
f 4107/4836/4215 4144/4817/4200 4145/4798/4183 4118/4801/4186
f 4144/4817/4200 4262/4944/4299 4261/4945/4300 4106/4818/4201
f 4261/4945/4300 4158/4830/4211 4131/4828/4210 4106/4818/4201
f 4144/4817/4200 4107/4836/4215 4257/4939/4296 4262/4944/4299
f 4269/4946/4301 4263/4947/4302 4264/4948/4303 4270/4949/4304
f 4263/4950/4302 4265/4951/4305 4266/4952/4306 4264/4953/4303
f 4262/4944/4299 4268/4954/4307 4267/4955/4308 4261/4945/4300
f 4268/4954/4307 4266/4952/4306 4265/4951/4305 4267/4955/4308
f 4259/4940/4297 4269/4946/4301 4270/4949/4304 4260/4941/4298
f 4258/4938/4295 4272/4956/4309 4271/4957/4310 4257/4939/4296
f 4272/4956/4309 4264/4953/4303 4266/4952/4306 4271/4957/4310
f 4262/4944/4299 4257/4939/4296 4271/4957/4310 4268/4954/4307
f 4258/4942/4295 4260/4941/4298 4270/4949/4304 4272/4958/4309
f 4273/4959/4311 4157/4831/4212 4158/4830/4211 4274/4960/4312
f 4263/4950/4302 4273/4959/4311 4274/4960/4312 4265/4951/4305
f 4267/4955/4308 4274/4960/4312 4158/4830/4211 4261/4945/4300
f 4259/4940/4297 4157/4943/4212 4273/4961/4311 4269/4946/4301
f 4263/4947/4302 4269/4946/4301 4273/4961/4311
f 4265/4951/4305 4274/4960/4312 4267/4955/4308
f 4270/4949/4304 4264/4948/4303 4272/4958/4309
f 4266/4952/4306 4268/4954/4307 4271/4957/4310
s 20
f 4276/4963/1587 4275/4962/1589 1498/1733/1650 1496/1731/1646
f 4277/4964/1585 4276/4963/1587 1496/1731/1646 1494/1729/1642
f 4278/4965/1583 4277/4964/1585 1494/1729/1642 1492/1726/1638
f 4279/4967/1581 4278/4965/1583 1492/1726/1638 1490/1727/1634
f 4280/4968/1579 4279/4966/1581 1490/1723/1634 1488/1721/1630
f 4281/4969/1577 4280/4968/1579 1488/1721/1630 1486/1719/1626
f 4282/4970/1575 4281/4969/1577 1486/1719/1626 1484/1717/1622
f 4283/4971/1569 4282/4970/1575 1484/1717/1622 1478/1711/1612
f 4284/4972/1565 4283/4971/1569 1478/1711/1612 1474/1707/1605
f 4285/4973/1566 4284/4972/1565 1474/1707/1605 1475/1708/1604
f 4286/4974/1570 4285/4973/1566 1475/1708/1604 1479/1712/1615
f 4287/4975/1571 4286/4974/1570 1479/1712/1615 1480/1713/1614
f 4288/4976/1573 4287/4975/1571 1480/1713/1614 1482/1715/1672
f 4289/4977/1563 4288/4976/1573 1482/1715/1672 1472/1705/1601
f 4290/4978/1564 4289/4977/1563 1472/1705/1601 1473/1706/1600
f 4291/4979/1572 4290/4978/1564 1473/1706/1600 1481/1714/1618
f 4292/4980/1567 4291/4979/1572 1481/1714/1618 1476/1709/1609
f 4293/4981/1568 4292/4980/1567 1476/1709/1609 1477/1710/1608
f 4294/4982/1574 4293/4981/1568 1477/1710/1608 1483/1716/1620
f 4295/4983/1576 4294/4982/1574 1483/1716/1620 1485/1718/1624
f 4296/4984/1578 4295/4983/1576 1485/1718/1624 1487/1720/1628
f 4297/4986/1580 4296/4984/1578 1487/1720/1628 1489/1722/1632
f 4298/4987/1582 4297/4985/1580 1489/1724/1632 1491/1725/1636
f 4299/4988/1584 4298/4987/1582 1491/1725/1636 1493/1728/1640
f 4300/4989/1586 4299/4988/1584 1493/1728/1640 1495/1730/1644
f 4301/4990/1588 4300/4989/1586 1495/1730/1644 1497/1732/1648
f 1594/1734/1653 4302/4991/1590 4301/4990/1588 1497/1732/1648
f 1499/1738/1660 4303/4992/1593 4302/4991/1590 1594/1734/1653
f 1567/1737/1659 4304/4993/1594 4303/4992/1593 1499/1738/1660
f 1501/1824/1713 4305/4994/1714 4304/4993/1594 1567/1737/1659
f 4306/4995/1595 4305/4994/1714 1501/1824/1713 1643/1740/1667
f 1503/1739/1666 4307/4996/1596 4306/4995/1595 1643/1740/1667
f 1503/1739/1666 1630/1743/1670 4308/4997/1599 4307/4996/1596
f 4309/4998/1597 4308/4997/1599 1630/1743/1670 1502/1741/1664
f 4310/4999/1598 4309/4998/1597 1502/1741/1664 1581/1742/1663
f 1581/1742/1663 1500/1736/1656 4311/5000/1591 4310/4999/1598
f 1607/1735/1655 4312/5001/1592 4311/5000/1591 1500/1736/1656
f 1498/1733/1650 4275/4962/1589 4312/5001/1592 1607/1735/1655
