# This file uses meters as units for non-parametric coordinates.

mtllib stick1.mtl
g default
v -60.162354 -2.509594 -11.693379
v -58.717316 -2.113455 -12.048642
v -58.741180 -2.674288 -12.263013
v -58.551483 -1.983899 -10.721444
v -58.622437 -1.768225 -11.277783
v -60.067444 -2.164364 -10.922524
v 45.890640 -2.108260 -25.484689
v 45.916840 -1.493310 -25.249631
v 46.948746 -1.913624 -25.188397
v 47.052750 -1.535090 -24.343163
v 46.020844 -1.114783 -24.404397
v 46.098679 -1.351260 -23.794385
v 45.942261 -2.959860 -25.109653
v 47.000366 -2.765231 -24.813367
v 46.020081 -3.196338 -24.499642
v 46.124115 -2.817811 -23.654405
v 47.104401 -2.386689 -23.968129
v 46.150284 -2.202859 -23.419351
v -58.694092 -3.450949 -11.920983
v -58.623169 -3.666631 -11.364644
v -60.115265 -3.286255 -11.351346
v -60.020355 -2.941032 -10.580495
v -58.528290 -3.321401 -10.593785
v -58.504425 -2.760568 -10.379415
v -6.538757 -1.657598 -18.810966
v -6.569580 -2.381437 -19.087644
v -6.508820 -3.383841 -18.646199
v -6.417236 -3.662200 -17.928163
v -6.294769 -3.216631 -16.933257
v -6.263916 -2.492789 -16.656579
v -6.324677 -1.490387 -17.098018
v -6.416290 -1.212027 -17.816060
v 19.767944 -2.980996 -21.864739
v 19.793762 -2.374426 -21.632886
v 19.896423 -2.001042 -20.799163
v 19.973175 -2.234306 -20.197455
v 20.024109 -3.074308 -19.827533
v 19.998322 -3.680883 -20.059392
v 19.895599 -4.054266 -20.893109
v 19.818909 -3.821002 -21.494815
v -32.979492 -0.796039 -16.313130
v -33.010315 -1.519881 -16.589810
v -32.949554 -2.522284 -16.148364
v -32.857971 -2.800644 -15.430329
v -32.735504 -2.355076 -14.435418
v -32.704651 -1.631232 -14.158742
v -32.765472 -0.628829 -14.600183
v -32.857056 -0.350469 -15.318215
v 40.911499 -2.926664 4.688632
v 39.772278 -3.008555 4.960770
v 39.771851 -3.201468 4.620073
v 39.763428 -2.134236 4.915751
v 39.767944 -2.474926 5.108623
v 40.907196 -2.393014 4.836487
v -41.583618 -3.830052 5.013009
v -41.583282 -3.618580 5.386578
v -42.368317 -3.543013 5.097720
v -42.372864 -2.957857 5.259841
v -41.587952 -3.033403 5.548697
v -41.592957 -2.659865 5.337214
v -41.589050 -3.667983 4.427842
v -42.373718 -3.380907 4.512553
v -41.594116 -3.294419 4.216362
v -41.598816 -2.709265 4.378481
v -42.378357 -2.795769 4.674677
v -41.598480 -2.497753 4.752054
v 39.766861 -3.053627 4.086399
v 39.762344 -2.712968 3.893527
v 40.906555 -2.778879 4.154956
v 40.902237 -2.245205 4.302813
v 39.758057 -2.179287 4.041383
v 39.758408 -1.986418 4.382080
v -0.813843 -3.413462 5.284688
v -0.814453 -3.662402 4.844966
v -0.820770 -3.471612 4.156178
v -0.826721 -3.031911 3.907247
v -0.832275 -2.343125 4.098074
v -0.831757 -2.094183 4.537797
v -0.825439 -2.284974 5.226586
v -0.819397 -2.724676 5.475515
v -21.243195 -3.539194 4.413140
v -21.242737 -3.330588 4.781621
v -21.247498 -2.753394 4.941535
v -21.252380 -2.384928 4.732931
v -21.257843 -2.225052 4.155735
v -21.258057 -2.433669 3.787253
v -21.253601 -3.010850 3.627341
v -21.248444 -3.379324 3.835946
v 19.668793 -3.697931 5.913196
v 19.668365 -3.946860 5.473475
v 19.661957 -3.756072 4.784685
v 19.656006 -3.316373 4.535753
v 19.650604 -2.627595 4.726585
v 19.650909 -2.378643 5.166308
v 19.657440 -2.569439 5.855092
v 19.663177 -3.009139 6.104024
v 47.441437 2.317910 -8.633527
v 46.313400 2.076428 -8.783008
v 46.308411 2.503873 -8.823680
v 46.355301 1.730561 -7.888005
v 46.336746 1.689712 -8.315125
v 47.464752 1.931209 -8.165643
v -33.588776 1.994229 -5.770903
v -33.583374 1.525527 -5.726303
v -34.344025 1.777251 -5.484473
v -34.318481 1.353202 -4.971453
v -33.557556 1.101523 -5.213271
v -33.537537 1.146293 -4.744955
v -33.573914 2.507802 -5.347089
v -34.329285 2.290832 -5.060663
v -33.553772 2.552566 -4.878771
v -33.527893 2.128547 -4.365734
v -34.303497 1.866771 -4.547634
v -33.522552 1.659875 -4.321136
v 46.321991 2.972245 -8.437163
v 46.340439 3.013083 -8.010051
v 47.454987 2.786338 -8.247005
v 47.478333 2.399634 -7.779120
v 46.363815 2.626378 -7.542167
v 46.368713 2.198928 -7.501496
v 6.447205 1.734899 -7.408492
v 6.440857 2.286597 -7.460988
v 6.458313 2.891122 -6.962128
v 6.482025 2.943818 -6.410874
v 6.512299 2.444718 -5.806996
v 6.518646 1.893018 -5.754500
v 6.501190 1.288497 -6.253362
v 6.477509 1.235789 -6.804614
v -13.595886 2.564286 -6.176322
v -13.590576 2.101968 -6.132336
v -13.565216 1.683726 -5.626290
v -13.545502 1.727908 -5.164353
v -13.530548 2.234469 -4.746301
v -13.535950 2.696778 -4.790294
v -13.561340 3.115037 -5.296339
v -13.581116 3.070872 -5.758279
v 26.523895 1.332618 -8.944877
v 26.517792 1.884273 -8.997367
v 26.535095 2.488814 -8.498507
v 26.558807 2.541497 -7.947259
v 26.589294 2.042394 -7.343372
v 26.595428 1.490710 -7.290887
v 26.577881 0.886201 -7.789748
v 26.554169 0.833484 -8.341001
v 48.833542 -1.329449 -1.314460
v 47.340012 -1.055337 -1.391959
v 47.332138 -1.271223 -1.054996
v 47.361847 -1.513523 -2.160747
v 47.354935 -1.176482 -1.944891
v 48.848434 -1.450533 -1.867391
v -59.126099 -1.401556 -2.214999
v -59.117401 -1.164851 -2.584476
v -60.141632 -1.469597 -2.529689
v -60.125214 -1.602375 -3.135971
v -59.101044 -1.297631 -3.190757
v -59.093811 -1.667177 -3.427441
v -59.127594 -2.007927 -2.082181
v -60.143005 -2.075959 -2.396870
v -59.119751 -2.377458 -2.318864
v -59.103821 -2.510298 -2.925145
v -60.126678 -2.208761 -3.003150
v -59.094788 -2.273546 -3.294620
v 47.330872 -1.824235 -0.933863
v 47.337799 -2.161268 -1.149718
v 48.832397 -1.882414 -1.193329
v 48.847107 -2.003580 -1.746261
v 47.352737 -2.282414 -1.702650
v 47.360687 -2.066471 -2.039617
v -5.772522 -0.961180 -1.949226
v -5.782959 -1.239830 -1.514322
v -5.784515 -1.953579 -1.357984
v -5.775543 -2.388540 -1.636579
v -5.756439 -2.544869 -2.350221
v -5.745972 -2.266219 -2.785126
v -5.744446 -1.552469 -2.941465
v -5.753418 -1.117509 -2.662869
v -32.504517 -1.886225 -1.806280
v -32.496063 -1.652721 -2.170726
v -32.479889 -1.783739 -2.768750
v -32.472504 -2.148228 -3.002210
v -32.473907 -2.746333 -2.871200
v -32.482544 -2.979856 -2.506755
v -32.498627 -2.848855 -1.908729
v -32.506134 -2.484361 -1.675271
v 21.013580 -0.059476 -1.604429
v 21.003265 -0.338161 -1.169526
v 21.001892 -1.051887 -1.013184
v 21.010620 -1.486861 -1.291781
v 21.029907 -1.643180 -2.005422
v 21.040283 -1.364520 -2.440327
v 21.041748 -0.650782 -2.596668
v 21.032898 -0.215817 -2.318072
v -47.478912 -0.978467 -4.939863
v -46.007935 -1.336700 -5.220944
v -45.970428 -1.116570 -4.663093
v -46.102142 -0.438825 -6.216267
v -46.073761 -0.997795 -5.997610
v -47.544739 -0.639560 -5.716528
v 59.177643 1.044227 -12.548395
v 59.136536 0.802866 -13.160070
v 60.152405 1.251439 -13.050488
v 60.080139 1.623055 -13.902092
v 59.064270 1.174467 -14.011675
v 59.033173 1.787370 -14.251429
v 59.187622 1.898658 -12.176395
v 60.162384 2.105872 -12.678486
v 59.156464 2.511554 -12.416149
v 59.084229 2.883164 -13.267754
v 60.090118 2.477490 -13.530090
v 59.043121 2.641801 -13.879427
v -45.961304 -0.337323 -4.323828
v -45.989716 0.221642 -4.542484
v -47.469788 -0.199213 -4.600598
v -47.535675 0.139694 -5.377263
v -46.055542 0.560553 -5.319150
v -46.093048 0.340422 -5.877003
v 6.453918 -0.499340 -9.169830
v 6.502289 -0.215236 -8.449836
v 6.514038 0.790502 -8.011962
v 6.477448 1.511933 -8.294172
v 6.392395 1.949349 -9.296576
v 6.343994 1.665244 -10.016572
v 6.332275 0.659506 -10.454444
v 6.368896 -0.061925 -10.172234
v 32.891693 1.231179 -10.251310
v 32.851196 0.993102 -10.854660
v 32.779938 1.359651 -11.694664
v 32.749207 1.964204 -11.931152
v 32.759064 2.807000 -11.564220
v 32.799622 3.045077 -10.960873
v 32.870880 2.678527 -10.120869
v 32.901550 2.073972 -9.884378
v -19.992981 -2.338073 -7.361349
v -19.944611 -2.053965 -6.641353
v -19.932861 -1.048230 -6.203480
v -19.969513 -0.326799 -6.485689
v -20.054596 0.110619 -7.488094
v -20.102936 -0.173486 -8.208090
v -20.114685 -1.179223 -8.645962
v -20.078033 -1.900656 -8.363751
v -48.818726 -3.926158 -6.973424
v -47.581085 -4.233985 -6.795737
v -47.673218 -3.809646 -6.380572
v -47.395294 -3.812922 -8.056462
v -47.441956 -4.235602 -7.633754
v -48.679718 -3.927794 -7.811439
v 38.888458 4.393243 6.094340
v 38.989655 3.927981 5.639073
v 39.797073 4.471612 5.754106
v 39.949432 4.469813 4.835231
v 39.142044 3.926183 4.720202
v 39.193283 4.389661 4.256700
v 38.838577 5.322181 6.086083
v 39.747116 5.400540 5.745864
v 38.889832 5.785653 5.622598
v 39.042236 5.783860 4.703712
v 39.899551 5.398749 4.826997
v 39.143341 5.318589 4.248445
v -47.718811 -2.962462 -6.388082
v -47.672058 -2.539771 -6.810756
v -48.864227 -3.078963 -6.980956
v -48.725250 -3.080607 -7.818957
v -47.533142 -2.541415 -7.648814
v -47.440796 -2.965732 -8.063994
v -4.397095 -0.367248 -0.488616
v -4.516205 0.180406 0.047227
v -4.574951 1.273831 0.037522
v -4.514618 1.819383 -0.508027
v -4.335236 1.817262 -1.589643
v -4.216156 1.269612 -2.125485
v -4.157379 0.176183 -2.115779
v -4.217743 -0.369365 -1.570233
v 17.197540 3.136041 2.975307
v 17.297211 2.677098 2.526265
v 17.447571 2.675330 1.619895
v 17.498108 3.132491 1.162723
v 17.448944 4.048781 1.154592
v 17.349060 4.507701 1.603614
v 17.198730 4.509467 2.510005
v 17.148224 4.052308 2.967179
v -26.171997 -3.684100 -3.265162
v -26.290894 -3.136424 -2.729295
v -26.349701 -2.043002 -2.739018
v -26.289490 -1.497466 -3.284560
v -26.110016 -1.499572 -4.366168
v -25.990936 -2.047229 -4.902017
v -25.932159 -3.140647 -4.892318
v -25.992493 -3.686202 -4.346766
v 53.292770 -2.559124 -1.491958
v 51.819733 -2.594471 -1.044672
v 51.815079 -2.992173 -1.495083
v 51.806427 -1.295757 -1.389488
v 51.815414 -1.746178 -0.991869
v 53.288467 -1.710832 -1.439154
v -53.634277 -3.716995 0.198911
v -53.629150 -3.280920 0.692780
v -54.650482 -3.258175 0.243797
v -54.655212 -2.328033 0.301695
v -53.633881 -2.350778 0.750678
v -53.643738 -1.856898 0.314695
v -53.649231 -3.659181 -0.731127
v -54.665466 -3.200359 -0.686241
v -53.659058 -3.165301 -1.167109
v -53.663818 -2.235161 -1.109211
v -54.670197 -2.270219 -0.628343
v -53.658691 -1.799084 -0.615342
v 51.801407 -2.939445 -2.343282
v 51.792419 -2.489025 -2.740901
v 53.279129 -2.506396 -2.340157
v 53.274811 -1.658103 -2.287354
v 51.788101 -1.640732 -2.688097
v 51.792770 -1.243030 -2.237687
v -0.784393 -3.052586 0.021414
v -0.790405 -3.565883 -0.559911
v -0.808044 -3.497828 -1.654641
v -0.819611 -2.916493 -2.167829
v -0.825195 -1.821641 -2.099678
v -0.819183 -1.308344 -1.518354
v -0.801575 -1.376396 -0.423623
v -0.789948 -1.957733 0.089564
v -27.276642 -3.494110 -1.020271
v -27.271606 -3.063973 -0.533128
v -27.276245 -2.146500 -0.476018
v -27.286011 -1.659345 -0.906064
v -27.300781 -1.602318 -1.823436
v -27.305786 -2.032455 -2.310579
v -27.301178 -2.949928 -2.367689
v -27.291382 -3.437082 -1.937643
v 25.774628 -3.304203 0.827662
v 25.768585 -3.817499 0.246338
v 25.750977 -3.749446 -0.848393
v 25.739349 -3.168111 -1.361581
v 25.733795 -2.073257 -1.293430
v 25.739807 -1.559961 -0.712106
v 25.757446 -1.628015 0.382625
v 25.769012 -2.209350 0.895813
v 59.042480 -1.604202 -8.601618
v 57.561859 -1.224302 -8.787803
v 57.558594 -1.436905 -8.225794
v 57.574081 -2.135803 -9.775098
v 57.569611 -1.573794 -9.562532
v 59.050232 -1.953687 -9.376348
v -47.903137 -1.893735 -8.984740
v -47.899506 -1.660637 -9.600974
v -48.912842 -2.090381 -9.417248
v -48.904327 -2.473585 -10.266729
v -47.890991 -2.043835 -10.450454
v -47.886108 -2.660077 -10.683529
v -47.901855 -2.743242 -8.601506
v -48.911530 -2.939890 -9.034014
v -47.896942 -3.359487 -8.834581
v -47.888428 -3.742683 -9.684061
v -48.903015 -3.323093 -9.883494
v -47.884827 -3.509584 -10.300295
v 57.559753 -2.211660 -7.876283
v 57.564224 -2.773669 -8.088849
v 59.043655 -2.378958 -8.252106
v 59.051407 -2.728448 -9.026836
v 57.571945 -3.123159 -8.863578
v 57.575256 -2.910565 -9.425587
v 4.946442 -1.211739 -9.184302
v 4.942200 -1.486119 -8.458944
v 4.943726 -2.486063 -8.007845
v 4.949463 -3.211422 -8.282194
v 4.959503 -3.662489 -9.282102
v 4.963745 -3.388108 -10.007460
v 4.962219 -2.388165 -10.458559
v 4.956482 -1.662805 -10.184209
v -21.528625 -2.502505 -8.460202
v -21.525085 -2.272577 -9.068045
v -21.516693 -2.650562 -9.905955
v -21.511871 -3.258410 -10.135858
v -21.510590 -4.096349 -9.757843
v -21.514160 -4.326281 -9.150000
v -21.522552 -3.948292 -8.312088
v -21.527374 -3.340445 -8.082187
v 31.481506 0.195979 -9.185181
v 31.477264 -0.078403 -8.459822
v 31.478790 -1.078345 -8.008724
v 31.484528 -1.803703 -8.283072
v 31.494568 -2.254776 -9.282980
v 31.498810 -1.980390 -10.008338
v 31.497314 -0.980446 -10.459437
v 31.491547 -0.255089 -10.185087
v 40.598724 -2.161016 10.008042
v 39.458176 -2.597083 10.084195
v 39.421234 -2.071881 9.796197
v 39.592773 -2.538902 11.415395
v 39.543869 -2.830616 10.893872
v 40.684540 -2.394547 10.817674
v -41.438263 -4.055998 23.453244
v -41.397705 -4.631874 23.769010
v -42.168579 -4.202919 24.029191
v -42.074799 -4.458988 24.917012
v -41.303894 -4.887944 24.656865
v -41.250183 -4.568079 25.228673
v -41.425293 -3.160088 23.709371
v -42.155579 -3.307008 24.285310
v -41.371735 -2.840223 24.281159
v -41.277954 -3.096291 25.169015
v -42.061554 -3.563074 25.173085
v -41.237122 -3.672163 25.484689
v 39.433151 -1.254802 10.029740
v 39.481949 -0.963087 10.551305
v 40.610687 -1.343935 10.241559
v 40.696304 -1.577473 11.051297
v 39.567642 -1.196618 11.360963
v 39.604584 -1.721823 11.648946
v -0.893799 -3.782047 16.756665
v -0.941254 -3.104194 16.384919
v -0.926178 -2.049635 16.686421
v -0.862946 -1.673124 17.359483
v -0.752441 -1.974536 18.404519
v -0.704926 -2.652391 18.776250
v -0.720001 -3.706951 18.474748
v -0.783173 -4.083462 17.801694
v -21.206909 -2.791773 20.249433
v -21.166992 -3.359806 20.560914
v -21.074280 -3.612386 21.436624
v -21.021484 -3.296879 22.000680
v -21.008667 -2.413166 22.253289
v -21.048523 -1.845131 21.941785
v -21.141327 -1.592552 21.066094
v -21.194000 -1.908056 20.502015
v 19.401459 -4.393398 12.634469
v 19.353912 -3.715549 12.262753
v 19.369293 -2.660980 12.564179
v 19.432068 -2.284475 13.237325
v 19.542664 -2.585890 14.282350
v 19.590454 -3.263745 14.654004
v 19.575256 -4.318306 14.352536
v 19.512421 -4.694810 13.679418
v -54.781830 0.626866 -6.045535
v -53.288696 0.864562 -6.131143
v -53.317444 0.525727 -6.348508
v -53.261444 0.768239 -5.235163
v -53.260590 0.985833 -5.574417
v -54.753815 0.748164 -5.488805
v 52.026138 -2.347545 -8.165709
v 52.057632 -1.976005 -7.927369
v 53.054276 -2.308837 -7.877444
v 53.085052 -2.175855 -7.267001
v 52.088303 -1.843015 -7.316923
v 52.087585 -2.081605 -6.944942
v 51.993896 -2.957807 -8.032039
v 53.022064 -2.919089 -7.743775
v 51.993103 -3.196393 -7.660056
v 52.023880 -3.063416 -7.049614
v 53.052780 -2.786098 -7.133331
v 52.055374 -2.691871 -6.811274
v -53.346832 -0.030829 -6.226603
v -53.347504 -0.248446 -5.887356
v -54.811279 0.070317 -5.923628
v -54.783081 0.191592 -5.366902
v -53.319458 -0.127151 -5.330626
v -53.290802 0.211667 -5.113258
v -0.728210 -0.432317 -7.124340
v -0.765259 -0.869660 -7.404886
v -0.803101 -1.587987 -7.247550
v -0.804108 -1.868823 -6.809693
v -0.767883 -1.712296 -6.091151
v -0.730865 -1.274957 -5.810604
v -0.692963 -0.556626 -5.967941
v -0.692017 -0.275792 -6.405798
v 25.654266 -2.151813 -7.602116
v 25.685486 -1.785329 -7.367025
v 25.715759 -1.654157 -6.764893
v 25.714996 -1.889504 -6.397975
v 25.683136 -2.491446 -6.266126
v 25.652191 -2.857942 -6.501224
v 25.621887 -2.989118 -7.103357
v 25.622620 -2.753768 -7.470272
v -27.206848 1.063157 -7.081020
v -27.243927 0.625815 -7.361566
v -27.281921 -0.092513 -7.204224
v -27.282776 -0.373342 -6.766371
v -27.246613 -0.216819 -6.047828
v -27.209412 0.220513 -5.767286
v -27.171539 0.938840 -5.924622
v -27.170593 1.219672 -6.362480
v 31.768173 -0.247396 14.627921
v 30.605133 -0.044616 14.515712
v 30.623688 -0.171964 14.916423
v 30.632111 -0.717835 13.858726
v 30.609283 -0.317563 13.986829
v 31.772308 -0.520375 14.099010
v -50.775909 -4.468797 16.671117
v -50.796204 -4.329167 16.231729
v -51.556213 -4.660251 16.397689
v -51.551666 -4.959542 15.817773
v -50.791473 -4.628449 15.651811
v -50.766510 -5.067317 15.511382
v -50.730408 -5.047454 16.970059
v -51.510681 -5.238908 16.696635
v -50.705383 -5.486379 16.829562
v -50.700714 -5.785653 16.249652
v -51.506256 -5.538209 16.116714
v -50.721313 -5.646012 15.810304
v 30.665100 -0.699704 15.189065
v 30.687897 -1.100003 15.060931
v 31.809540 -0.775132 14.900580
v 31.813751 -1.048085 14.371684
v 30.692108 -1.372956 14.532050
v 30.673462 -1.245624 14.131328
v -10.016022 -2.021058 15.369861
v -9.992126 -2.185456 15.887010
v -9.938690 -2.866595 16.238887
v -9.909393 -3.383222 16.073550
v -9.904053 -3.735526 15.390927
v -9.928040 -3.571134 14.873775
v -9.981384 -2.889989 14.521901
v -10.010712 -2.373368 14.687238
v -30.380981 -3.886449 16.492719
v -30.401215 -3.748712 16.059346
v -30.396484 -4.043908 15.487327
v -30.372070 -4.476865 15.348754
v -30.327179 -5.047633 15.643634
v -30.306732 -5.185361 16.077010
v -30.311493 -4.890162 16.649035
v -30.336029 -4.457234 16.787589
v 10.405579 -0.044501 14.746951
v 10.429352 -0.208896 15.264106
v 10.482849 -0.890033 15.615993
v 10.512268 -1.406657 15.450644
v 10.517700 -1.758952 14.768020
v 10.493835 -1.594544 14.250876
v 10.440552 -0.913398 13.898995
v 10.410828 -0.396794 14.064340
vt 0.508883 0.768926
vt 0.508670 0.775826
vt 0.504862 0.775708
vt 0.505075 0.768809
vt 0.497798 0.777794
vt 0.509000 0.765118
vt 0.497899 0.781610
vt 0.497847 0.775096
vt 0.381059 0.778868
vt 0.381045 0.775401
vt 0.509212 0.758219
vt 0.505192 0.765001
vt 0.505404 0.758102
vt 0.498072 0.784302
vt 0.381141 0.787240
vt 0.381098 0.783775
vt 0.016016 0.773963
vt 0.016010 0.768960
vt 0.020188 0.768956
vt 0.020193 0.773958
vt 0.024957 0.779023
vt 0.013179 0.760656
vt 0.016006 0.764783
vt 0.016000 0.759781
vt 0.020177 0.759777
vt 0.020183 0.764779
vt 0.381047 0.770497
vt 0.381062 0.767026
vt 0.498176 0.768596
vt 0.498034 0.771287
vt 0.025190 0.768950
vt 0.025185 0.764773
vt 0.381102 0.762109
vt 0.381143 0.758633
vt 0.498296 0.762096
vt 0.502748 0.758546
vt 0.498367 0.788100
vt 0.381220 0.792147
vt 0.025039 0.786145
vt 0.143360 0.775838
vt 0.143362 0.778753
vt 0.143346 0.771716
vt 0.025132 0.771902
vt 0.143329 0.768802
vt 0.143293 0.764682
vt 0.025119 0.761820
vt 0.143260 0.761769
vt 0.143341 0.785793
vt 0.143311 0.789913
vt 0.025179 0.790318
vt 0.143354 0.782879
vt 0.262198 0.775638
vt 0.262279 0.779114
vt 0.262237 0.784034
vt 0.262111 0.787508
vt 0.261884 0.792418
vt 0.261827 0.758861
vt 0.261788 0.762336
vt 0.261863 0.767252
vt 0.261993 0.770725
vt 0.397876 0.894421
vt 0.397737 0.899682
vt 0.395255 0.899623
vt 0.395394 0.894361
vt 0.389930 0.900216
vt 0.397935 0.891939
vt 0.389980 0.902701
vt 0.389957 0.898458
vt 0.299861 0.900898
vt 0.299853 0.898637
vt 0.398049 0.886673
vt 0.395454 0.891880
vt 0.395567 0.886613
vt 0.390070 0.904455
vt 0.299891 0.906356
vt 0.299875 0.904096
vt 0.018851 0.898147
vt 0.018850 0.894383
vt 0.021571 0.894375
vt 0.021573 0.898139
vt 0.025213 0.900936
vt 0.016963 0.888400
vt 0.018842 0.891661
vt 0.018822 0.887903
vt 0.021544 0.887895
vt 0.021563 0.891653
vt 0.299847 0.895439
vt 0.299848 0.893177
vt 0.390128 0.894223
vt 0.390055 0.895976
vt 0.025329 0.894372
vt 0.025321 0.891650
vt 0.299864 0.889973
vt 0.299887 0.887709
vt 0.390190 0.889987
vt 0.393831 0.886867
vt 0.390225 0.906932
vt 0.299925 0.909555
vt 0.025245 0.905579
vt 0.116501 0.898881
vt 0.116503 0.900780
vt 0.116488 0.896196
vt 0.025303 0.896295
vt 0.116472 0.894298
vt 0.116448 0.891613
vt 0.025286 0.889726
vt 0.116430 0.889715
vt 0.116478 0.905366
vt 0.116453 0.908050
vt 0.025314 0.908298
vt 0.116491 0.903467
vt 0.208141 0.898772
vt 0.208186 0.901037
vt 0.208156 0.904241
vt 0.208077 0.906505
vt 0.207944 0.909705
vt 0.207916 0.887840
vt 0.207894 0.890104
vt 0.207942 0.893307
vt 0.208021 0.895570
vt 0.888938 0.848259
vt 0.888777 0.853473
vt 0.886056 0.853383
vt 0.886217 0.848169
vt 0.880743 0.854589
vt 0.889029 0.845538
vt 0.880823 0.857316
vt 0.880774 0.852661
vt 0.792214 0.855360
vt 0.792203 0.852882
vt 0.889215 0.840337
vt 0.886307 0.845447
vt 0.886494 0.840246
vt 0.880949 0.859239
vt 0.792296 0.861345
vt 0.792256 0.858867
vt 0.515707 0.852021
vt 0.515711 0.848272
vt 0.518697 0.848282
vt 0.518692 0.852031
vt 0.522283 0.855478
vt 0.513717 0.842115
vt 0.515721 0.845286
vt 0.515743 0.841526
vt 0.518729 0.841536
vt 0.518707 0.845296
vt 0.792212 0.849375
vt 0.792233 0.846895
vt 0.881012 0.848016
vt 0.880907 0.849939
vt 0.522455 0.848279
vt 0.522465 0.845293
vt 0.792277 0.843381
vt 0.792307 0.840897
vt 0.881107 0.843371
vt 0.884590 0.840531
vt 0.881155 0.861953
vt 0.792360 0.864852
vt 0.522362 0.860569
vt 0.612034 0.853199
vt 0.612038 0.855282
vt 0.612033 0.850253
vt 0.522406 0.850389
vt 0.612030 0.848171
vt 0.612019 0.845226
vt 0.522424 0.843184
vt 0.612000 0.843145
vt 0.612046 0.860313
vt 0.612034 0.863258
vt 0.522464 0.863550
vt 0.612046 0.858230
vt 0.702105 0.853054
vt 0.702162 0.855539
vt 0.702150 0.859054
vt 0.702076 0.861538
vt 0.701932 0.865048
vt 0.701892 0.841062
vt 0.701864 0.843546
vt 0.701898 0.847059
vt 0.701975 0.849542
vt 0.018677 0.871763
vt 0.018884 0.878594
vt 0.016348 0.878674
vt 0.016141 0.871843
vt 0.025491 0.871650
vt 0.018598 0.869227
vt 0.025411 0.869112
vt 0.025486 0.873446
vt 0.143413 0.871078
vt 0.143442 0.873391
vt 0.018374 0.862433
vt 0.016061 0.869306
vt 0.015838 0.862514
vt 0.025319 0.867319
vt 0.143312 0.865494
vt 0.143350 0.867806
vt 0.507554 0.876196
vt 0.507487 0.871422
vt 0.510269 0.871379
vt 0.510336 0.876153
vt 0.502691 0.871426
vt 0.505448 0.864279
vt 0.507444 0.868639
vt 0.507363 0.863828
vt 0.510145 0.863783
vt 0.510225 0.868597
vt 0.143440 0.876661
vt 0.143409 0.878975
vt 0.025321 0.877775
vt 0.025403 0.875983
vt 0.515060 0.871237
vt 0.502544 0.880921
vt 0.143339 0.882249
vt 0.143291 0.884564
vt 0.025204 0.882105
vt 0.014065 0.862789
vt 0.025195 0.864785
vt 0.143284 0.862222
vt 0.502602 0.866680
vt 0.383307 0.873399
vt 0.383288 0.871458
vt 0.383314 0.876144
vt 0.502634 0.876173
vt 0.383301 0.878084
vt 0.383272 0.880828
vt 0.502547 0.882888
vt 0.383262 0.882769
vt 0.383243 0.866772
vt 0.383264 0.864027
vt 0.502545 0.863899
vt 0.383254 0.868712
vt 0.263459 0.873380
vt 0.263399 0.871065
vt 0.263374 0.867789
vt 0.263410 0.865474
vt 0.263518 0.862201
vt 0.263516 0.884559
vt 0.263562 0.882244
vt 0.263581 0.878969
vt 0.263549 0.876654
vt 0.508874 0.769292
vt 0.508638 0.776191
vt 0.504831 0.776060
vt 0.505066 0.769162
vt 0.497760 0.778124
vt 0.509004 0.765484
vt 0.497849 0.781940
vt 0.497818 0.775425
vt 0.381018 0.778818
vt 0.381015 0.775351
vt 0.509239 0.758586
vt 0.505196 0.765354
vt 0.505432 0.758456
vt 0.498014 0.784632
vt 0.381072 0.787190
vt 0.381041 0.783724
vt 0.015992 0.772725
vt 0.016003 0.767723
vt 0.020180 0.767732
vt 0.020169 0.772734
vt 0.024916 0.777815
vt 0.013199 0.759410
vt 0.016012 0.763546
vt 0.016022 0.758544
vt 0.020200 0.758553
vt 0.020189 0.763555
vt 0.381033 0.770447
vt 0.381059 0.766976
vt 0.498168 0.768927
vt 0.498018 0.771617
vt 0.025182 0.767743
vt 0.025190 0.763566
vt 0.381115 0.762059
vt 0.381168 0.758584
vt 0.498310 0.762427
vt 0.502774 0.758891
vt 0.498296 0.788432
vt 0.381136 0.792097
vt 0.024976 0.784938
vt 0.143330 0.775014
vt 0.143322 0.777930
vt 0.143329 0.770893
vt 0.025114 0.770694
vt 0.143321 0.767979
vt 0.143299 0.763858
vt 0.025135 0.760613
vt 0.143276 0.760946
vt 0.143278 0.784970
vt 0.143235 0.789090
vt 0.025102 0.789110
vt 0.143301 0.782055
vt 0.262168 0.775201
vt 0.262238 0.778678
vt 0.262180 0.783597
vt 0.262042 0.787071
vt 0.261800 0.791981
vt 0.261852 0.758423
vt 0.261802 0.761899
vt 0.261860 0.766814
vt 0.261979 0.770288
vt 0.425229 0.805335
vt 0.424936 0.811133
vt 0.421133 0.811086
vt 0.421426 0.805288
vt 0.415373 0.814286
vt 0.425284 0.801527
vt 0.415414 0.818107
vt 0.415396 0.811585
vt 0.318448 0.815423
vt 0.318385 0.811961
vt 0.425141 0.795645
vt 0.421480 0.801480
vt 0.421337 0.795598
vt 0.415507 0.820799
vt 0.318293 0.823775
vt 0.318391 0.820321
vt 0.012949 0.810201
vt 0.012998 0.805838
vt 0.017167 0.805745
vt 0.017118 0.810108
vt 0.021475 0.815790
vt 0.009900 0.798451
vt 0.012897 0.801663
vt 0.012649 0.797387
vt 0.016818 0.797295
vt 0.017067 0.801571
vt 0.318191 0.807074
vt 0.318055 0.803616
vt 0.415516 0.805088
vt 0.415466 0.807776
vt 0.021417 0.805730
vt 0.021316 0.801556
vt 0.317992 0.798703
vt 0.318083 0.795228
vt 0.415603 0.798586
vt 0.418724 0.796248
vt 0.415711 0.824596
vt 0.318198 0.828668
vt 0.021358 0.822902
vt 0.120008 0.812538
vt 0.120050 0.815454
vt 0.119826 0.808426
vt 0.021478 0.808677
vt 0.119678 0.805523
vt 0.119543 0.801406
vt 0.021272 0.798603
vt 0.119537 0.798494
vt 0.119813 0.822484
vt 0.119617 0.826590
vt 0.021362 0.827073
vt 0.119953 0.819578
vt 0.219216 0.812264
vt 0.219357 0.815740
vt 0.219206 0.820656
vt 0.218907 0.824112
vt 0.218447 0.828997
vt 0.218357 0.795538
vt 0.218269 0.799012
vt 0.218467 0.803921
vt 0.218775 0.807375
vt 0.508883 0.768917
vt 0.508671 0.775816
vt 0.504863 0.775699
vt 0.505075 0.768800
vt 0.497799 0.777786
vt 0.509000 0.765109
vt 0.497900 0.781602
vt 0.497848 0.775087
vt 0.381060 0.778869
vt 0.381046 0.775401
vt 0.509212 0.758210
vt 0.505192 0.764992
vt 0.505405 0.758093
vt 0.498074 0.784293
vt 0.381142 0.787241
vt 0.381099 0.783775
vt 0.016016 0.773991
vt 0.016010 0.768989
vt 0.020188 0.768984
vt 0.020194 0.773986
vt 0.024958 0.779051
vt 0.013179 0.760685
vt 0.016005 0.764812
vt 0.015999 0.759810
vt 0.020176 0.759804
vt 0.020183 0.764806
vt 0.381047 0.770497
vt 0.381061 0.767027
vt 0.498176 0.768588
vt 0.498035 0.771278
vt 0.025190 0.768978
vt 0.025184 0.764801
vt 0.381101 0.762110
vt 0.381143 0.758634
vt 0.498296 0.762087
vt 0.502748 0.758537
vt 0.498369 0.788092
vt 0.381222 0.792148
vt 0.025041 0.786173
vt 0.143361 0.775856
vt 0.143363 0.778772
vt 0.143347 0.771734
vt 0.025132 0.771930
vt 0.143329 0.768821
vt 0.143293 0.764700
vt 0.025119 0.761848
vt 0.143260 0.761788
vt 0.143342 0.785812
vt 0.143313 0.789932
vt 0.025181 0.790345
vt 0.143356 0.782896
vt 0.262199 0.775647
vt 0.262280 0.779124
vt 0.262239 0.784043
vt 0.262112 0.787517
vt 0.261886 0.792428
vt 0.261826 0.758870
vt 0.261788 0.762346
vt 0.261863 0.767261
vt 0.261994 0.770734
vt 0.508884 0.768896
vt 0.508673 0.775795
vt 0.498036 0.771260
vt 0.505076 0.768780
vt 0.497800 0.777767
vt 0.509000 0.765088
vt 0.497903 0.781583
vt 0.497849 0.775068
vt 0.381061 0.778869
vt 0.381047 0.775402
vt 0.509211 0.758189
vt 0.505192 0.764972
vt 0.498295 0.762068
vt 0.498077 0.784274
vt 0.381146 0.787241
vt 0.381102 0.783775
vt 0.016018 0.774050
vt 0.016011 0.769049
vt 0.020189 0.769043
vt 0.020196 0.774045
vt 0.024960 0.779109
vt 0.013178 0.760745
vt 0.016005 0.764871
vt 0.015999 0.759869
vt 0.020176 0.759864
vt 0.020183 0.764866
vt 0.381048 0.770497
vt 0.381062 0.767027
vt 0.498177 0.768569
vt 0.025191 0.769036
vt 0.025184 0.764859
vt 0.381101 0.762110
vt 0.381142 0.758634
vt 0.502747 0.758518
vt 0.498373 0.788073
vt 0.381227 0.792148
vt 0.025044 0.786231
vt 0.143362 0.775895
vt 0.143365 0.778811
vt 0.143348 0.771773
vt 0.025133 0.771988
vt 0.143329 0.768860
vt 0.143293 0.764739
vt 0.025118 0.761907
vt 0.143259 0.761827
vt 0.143346 0.785851
vt 0.143317 0.789971
vt 0.025185 0.790403
vt 0.143358 0.782936
vt 0.262201 0.775666
vt 0.262282 0.779144
vt 0.262242 0.784063
vt 0.262116 0.787537
vt 0.261891 0.792448
vt 0.261825 0.758890
vt 0.261788 0.762365
vt 0.261863 0.767281
vt 0.261995 0.770754
vt 0.402510 0.924510
vt 0.402603 0.929888
vt 0.398794 0.929988
vt 0.398701 0.924611
vt 0.392751 0.933599
vt 0.402414 0.920715
vt 0.392617 0.937409
vt 0.392931 0.930905
vt 0.302166 0.934431
vt 0.302300 0.930976
vt 0.402220 0.915100
vt 0.398605 0.920814
vt 0.398411 0.915201
vt 0.392688 0.940105
vt 0.301737 0.942752
vt 0.301879 0.939303
vt 0.017094 0.928323
vt 0.016850 0.924109
vt 0.021019 0.923837
vt 0.021263 0.928051
vt 0.024862 0.933859
vt 0.013569 0.917132
vt 0.016575 0.919954
vt 0.016282 0.915983
vt 0.020451 0.915712
vt 0.020744 0.919682
vt 0.302271 0.926080
vt 0.302111 0.922624
vt 0.393188 0.924406
vt 0.393146 0.927095
vt 0.025109 0.923806
vt 0.024833 0.919651
vt 0.301846 0.917732
vt 0.301767 0.914261
vt 0.392990 0.917920
vt 0.395853 0.916032
vt 0.393019 0.943901
vt 0.301781 0.947653
vt 0.024511 0.940949
vt 0.117167 0.930921
vt 0.117043 0.933832
vt 0.117122 0.926798
vt 0.025185 0.926752
vt 0.116951 0.923896
vt 0.116642 0.919801
vt 0.024637 0.916708
vt 0.116489 0.916896
vt 0.116565 0.940840
vt 0.116479 0.944959
vt 0.024640 0.945120
vt 0.116747 0.937936
vt 0.209779 0.930956
vt 0.209731 0.934433
vt 0.209339 0.939322
vt 0.208983 0.942773
vt 0.208635 0.947675
vt 0.208652 0.914245
vt 0.208734 0.917716
vt 0.209142 0.922597
vt 0.209484 0.926048
vt 0.503808 0.840682
vt 0.504027 0.847396
vt 0.501471 0.847409
vt 0.501251 0.840694
vt 0.494202 0.846705
vt 0.503799 0.838125
vt 0.494171 0.849265
vt 0.494300 0.844897
vt 0.377392 0.847077
vt 0.377484 0.844746
vt 0.503953 0.831342
vt 0.501242 0.838138
vt 0.501397 0.831355
vt 0.494246 0.851070
vt 0.377325 0.852701
vt 0.377310 0.850372
vt 0.014702 0.844192
vt 0.014460 0.839409
vt 0.017263 0.839344
vt 0.017505 0.844127
vt 0.021770 0.846109
vt 0.012471 0.832301
vt 0.014391 0.836607
vt 0.014408 0.831890
vt 0.017211 0.831825
vt 0.017194 0.836542
vt 0.377589 0.841453
vt 0.377604 0.839123
vt 0.494537 0.840539
vt 0.494466 0.842344
vt 0.022054 0.839351
vt 0.021985 0.836548
vt 0.377543 0.835824
vt 0.377477 0.833490
vt 0.494465 0.836174
vt 0.499608 0.831624
vt 0.494444 0.853620
vt 0.377444 0.855996
vt 0.021719 0.850889
vt 0.140128 0.844325
vt 0.140046 0.846280
vt 0.140208 0.841561
vt 0.022020 0.841330
vt 0.140208 0.839607
vt 0.140126 0.836843
vt 0.021884 0.834567
vt 0.140040 0.834889
vt 0.139950 0.851000
vt 0.140007 0.853764
vt 0.021853 0.853689
vt 0.139960 0.849046
vt 0.258729 0.844548
vt 0.258668 0.846883
vt 0.258550 0.850181
vt 0.258488 0.852512
vt 0.258468 0.855811
vt 0.258510 0.833285
vt 0.258577 0.835618
vt 0.258690 0.838916
vt 0.258739 0.841247
vt 0.632745 0.979638
vt 0.632653 0.984939
vt 0.629985 0.984860
vt 0.630077 0.979560
vt 0.624488 0.985851
vt 0.632823 0.976972
vt 0.624556 0.988523
vt 0.624535 0.983962
vt 0.534174 0.986598
vt 0.534184 0.984168
vt 0.633043 0.971679
vt 0.630155 0.976893
vt 0.630375 0.971600
vt 0.624684 0.990407
vt 0.534254 0.992463
vt 0.534202 0.990035
vt 0.252495 0.983438
vt 0.252451 0.979635
vt 0.255377 0.979635
vt 0.255422 0.983438
vt 0.258979 0.986687
vt 0.250504 0.973458
vt 0.252451 0.976709
vt 0.252496 0.972901
vt 0.255422 0.972902
vt 0.255378 0.976709
vt 0.534228 0.980731
vt 0.534261 0.978300
vt 0.624796 0.979411
vt 0.624688 0.981295
vt 0.259200 0.979631
vt 0.259201 0.976706
vt 0.534292 0.974857
vt 0.534299 0.972422
vt 0.624861 0.974859
vt 0.628508 0.971873
vt 0.624905 0.993066
vt 0.534347 0.995901
vt 0.259055 0.991675
vt 0.350527 0.984461
vt 0.350511 0.986503
vt 0.350555 0.981574
vt 0.259143 0.981699
vt 0.350563 0.979533
vt 0.350546 0.976648
vt 0.259143 0.974639
vt 0.350507 0.974608
vt 0.350521 0.991432
vt 0.350538 0.994319
vt 0.259179 0.994597
vt 0.350511 0.989391
vt 0.442338 0.984328
vt 0.442370 0.986763
vt 0.442347 0.990208
vt 0.442290 0.992642
vt 0.442188 0.996084
vt 0.442153 0.972573
vt 0.442148 0.975008
vt 0.442191 0.978450
vt 0.442251 0.980884
vt 0.013195 0.773183
vt 0.024972 0.783282
vt 0.025016 0.776160
vt 0.511836 0.758795
vt 0.515783 0.769108
vt 0.498293 0.764761
vt 0.502240 0.775073
vt 0.505403 0.758073
vt 0.504865 0.775679
vt 0.515899 0.765300
vt 0.511329 0.775351
vt 0.022999 0.760732
vt 0.023016 0.773169
vt 0.011003 0.764878
vt 0.011009 0.769055
vt 0.511837 0.758826
vt 0.515782 0.769138
vt 0.502238 0.775101
vt 0.515899 0.765331
vt 0.511327 0.775381
vt 0.498293 0.764789
vt 0.013194 0.773094
vt 0.024967 0.783196
vt 0.025013 0.776074
vt 0.023000 0.760645
vt 0.023014 0.773083
vt 0.011004 0.764789
vt 0.011008 0.768967
vt 0.511837 0.758817
vt 0.515782 0.769130
vt 0.498293 0.764780
vt 0.502239 0.775093
vt 0.515899 0.765321
vt 0.511328 0.775372
vt 0.013194 0.773122
vt 0.024969 0.783224
vt 0.025014 0.776101
vt 0.022999 0.760673
vt 0.023014 0.773111
vt 0.011003 0.764818
vt 0.011009 0.768995
vt 0.498297 0.765120
vt 0.502209 0.775445
vt 0.511861 0.759202
vt 0.515902 0.765719
vt 0.515772 0.769527
vt 0.511296 0.775755
vt 0.023019 0.759431
vt 0.022993 0.771868
vt 0.024914 0.781988
vt 0.011010 0.763535
vt 0.013172 0.771847
vt 0.011001 0.767713
vt 0.024982 0.774866
vt 0.418523 0.810441
vt 0.415568 0.801278
vt 0.427746 0.796306
vt 0.431002 0.805292
vt 0.431056 0.801484
vt 0.427577 0.810608
vt 0.019634 0.798185
vt 0.010170 0.809201
vt 0.021399 0.819958
vt 0.021505 0.812842
vt 0.019862 0.809031
vt 0.008507 0.801848
vt 0.008608 0.806022
vt 0.396150 0.929503
vt 0.393090 0.920608
vt 0.404819 0.915785
vt 0.407973 0.924025
vt 0.407878 0.920229
vt 0.405223 0.929277
vt 0.023297 0.916489
vt 0.014308 0.927355
vt 0.024585 0.938006
vt 0.025062 0.930922
vt 0.023901 0.926739
vt 0.012483 0.920461
vt 0.012758 0.924616
vt 0.019163 0.832174
vt 0.019421 0.843622
vt 0.021691 0.848910
vt 0.009682 0.836844
vt 0.012757 0.843805
vt 0.009752 0.839647
vt 0.021879 0.844129
vt 0.494528 0.837982
vt 0.499674 0.847223
vt 0.505738 0.831621
vt 0.510583 0.837921
vt 0.510592 0.840477
vt 0.505821 0.847163
vt 0.512073 0.864175
vt 0.502585 0.878139
vt 0.505620 0.875839
vt 0.502648 0.868645
vt 0.502686 0.873392
vt 0.515016 0.868455
vt 0.512259 0.875740
vt 0.014565 0.878475
vt 0.025228 0.880311
vt 0.020161 0.862594
vt 0.009253 0.869618
vt 0.009331 0.872155
vt 0.020652 0.878285
vt 0.628138 0.984474
vt 0.624874 0.976745
vt 0.634888 0.972073
vt 0.638058 0.979800
vt 0.638136 0.977134
vt 0.634517 0.984649
vt 0.257411 0.973471
vt 0.250502 0.982884
vt 0.258989 0.989609
vt 0.259031 0.984621
vt 0.257411 0.982872
vt 0.248661 0.976705
vt 0.248662 0.979630
vt 0.520750 0.842142
vt 0.513682 0.851427
vt 0.522304 0.858461
vt 0.522319 0.853370
vt 0.520720 0.851449
vt 0.511969 0.845260
vt 0.511960 0.848245
vt 0.016991 0.897657
vt 0.025212 0.903656
vt 0.025244 0.899015
vt 0.023406 0.888378
vt 0.023432 0.897640
vt 0.015078 0.891679
vt 0.015085 0.894401
vt 0.881102 0.845295
vt 0.884178 0.852961
vt 0.891095 0.840751
vt 0.894239 0.845732
vt 0.894149 0.848454
vt 0.890679 0.853174
vt 0.393532 0.899290
vt 0.390187 0.891741
vt 0.399771 0.887007
vt 0.403137 0.894536
vt 0.403197 0.892054
vt 0.399474 0.899435
vn -0.381057 -0.391882 -0.837391
vn -0.381057 -0.391882 -0.837391
vn -0.381057 -0.391882 -0.837391
vn -0.381057 -0.391882 -0.837391
vn -0.327024 0.876838 -0.352437
vn -0.327024 0.876837 -0.352437
vn -0.327024 0.876837 -0.352437
vn -0.327024 0.876838 -0.352437
vn -0.170432 0.358142 -0.917980
vn -0.170432 0.358142 -0.917980
vn -0.120175 0.358915 -0.925601
vn -0.120188 0.358915 -0.925600
vn -0.166488 0.388935 0.906097
vn -0.166488 0.388935 0.906097
vn -0.166488 0.388935 0.906097
vn -0.166488 0.388935 0.906097
vn 0.005273 0.932602 0.360869
vn 0.005273 0.932602 0.360869
vn 0.036583 0.933328 0.357156
vn 0.036599 0.933328 0.357154
vn 0.312808 -0.366864 -0.876107
vn 0.312808 -0.366864 -0.876107
vn 0.312808 -0.366864 -0.876107
vn 0.312808 -0.366863 -0.876107
vn 0.363897 0.832564 -0.417633
vn 0.363897 0.832564 -0.417633
vn 0.363897 0.832564 -0.417633
vn 0.363897 0.832564 -0.417633
vn 0.515671 0.371308 0.772149
vn 0.515671 0.371308 0.772149
vn 0.515671 0.371308 0.772149
vn 0.515671 0.371308 0.772149
vn -0.045873 -0.933364 -0.355988
vn -0.045862 -0.933364 -0.355989
vn -0.025214 -0.933170 -0.358551
vn -0.025214 -0.933170 -0.358551
vn 0.464579 -0.828112 0.313682
vn 0.464579 -0.828112 0.313682
vn 0.464579 -0.828112 0.313682
vn 0.464579 -0.828112 0.313682
vn 0.110909 -0.358957 0.926741
vn 0.110896 -0.358957 0.926743
vn 0.150649 -0.358557 0.921272
vn 0.150649 -0.358557 0.921272
vn -0.220526 -0.879772 0.421152
vn -0.220526 -0.879772 0.421152
vn -0.220526 -0.879773 0.421152
vn -0.220526 -0.879772 0.421152
vn -0.112068 0.911978 -0.394636
vn -0.112068 0.911978 -0.394636
vn -0.056903 0.913769 -0.402228
vn -0.056894 0.913770 -0.402229
vn 0.992206 0.005334 -0.124496
vn 0.992206 0.005334 -0.124496
vn 0.992206 0.005334 -0.124496
vn 0.992206 0.005334 -0.124496
vn 0.048152 -0.913794 0.403314
vn 0.048159 -0.913794 0.403314
vn 0.093384 -0.912904 0.397349
vn 0.093384 -0.912904 0.397349
vn -0.992200 -0.005307 0.124541
vn -0.992200 -0.005307 0.124541
vn -0.992200 -0.005307 0.124541
vn -0.992200 -0.005307 0.124541
vn 0.115014 0.406189 0.906522
vn 0.115014 0.406190 0.906522
vn 0.106480 0.406141 0.907586
vn 0.106476 0.406141 0.907586
vn -0.133779 -0.406194 -0.903941
vn -0.133779 -0.406194 -0.903941
vn -0.115214 -0.406193 -0.906495
vn -0.115225 -0.406193 -0.906493
vn -0.313122 0.350685 -0.882596
vn -0.313122 0.350685 -0.882596
vn -0.313122 0.350685 -0.882596
vn -0.158423 0.913637 0.374392
vn -0.158423 0.913637 0.374392
vn -0.158423 0.913637 0.374392
vn 0.194250 0.343012 -0.919027
vn 0.194250 0.343012 -0.919027
vn 0.194250 0.343012 -0.919027
vn 0.344386 0.889330 0.300816
vn 0.344386 0.889330 0.300816
vn 0.344386 0.889330 0.300816
vn 0.268759 -0.886036 -0.377768
vn 0.268759 -0.886036 -0.377768
vn 0.268759 -0.886036 -0.377768
vn 0.418897 -0.339702 0.842097
vn 0.418897 -0.339702 0.842097
vn 0.418897 -0.339702 0.842097
vn -0.236344 -0.915746 -0.324887
vn -0.236344 -0.915745 -0.324887
vn -0.236344 -0.915746 -0.324887
vn -0.081640 -0.352817 0.932124
vn -0.081640 -0.352817 0.932124
vn -0.081640 -0.352817 0.932124
vn -0.113732 0.358948 -0.926402
vn -0.113733 0.358948 -0.926402
vn -0.139876 0.358725 -0.922904
vn -0.139876 0.358725 -0.922904
vn -0.108370 -0.406158 -0.907354
vn -0.108370 -0.406158 -0.907354
vn -0.112102 -0.406181 -0.906891
vn -0.112102 -0.406181 -0.906891
vn -0.018960 -0.933034 -0.359289
vn -0.018960 -0.933034 -0.359289
vn -0.037229 -0.933333 -0.357076
vn -0.037225 -0.933333 -0.357077
vn 0.085005 -0.913216 0.398510
vn 0.085005 -0.913216 0.398510
vn 0.057345 -0.913769 0.402167
vn 0.057341 -0.913769 0.402168
vn 0.138867 -0.358732 0.923053
vn 0.138867 -0.358732 0.923053
vn 0.120634 -0.358911 0.925543
vn 0.120634 -0.358911 0.925543
vn 0.114878 0.406189 0.906539
vn 0.114878 0.406189 0.906539
vn 0.111148 0.406173 0.907012
vn 0.111148 0.406173 0.907012
vn 0.044126 0.933365 0.356205
vn 0.044128 0.933365 0.356205
vn 0.017947 0.933009 0.359405
vn 0.017947 0.933009 0.359405
vn -0.050834 0.913795 -0.402983
vn -0.050836 0.913794 -0.402983
vn -0.085957 0.913183 -0.398383
vn -0.085957 0.913183 -0.398383
vn -0.082788 0.358891 -0.929701
vn -0.082591 0.358889 -0.929719
vn -0.013508 0.913190 -0.407310
vn -0.013548 0.913191 -0.407306
vn 0.065777 0.933169 0.353368
vn 0.065862 0.933167 0.353357
vn 0.108010 0.406151 0.907400
vn 0.108482 0.406155 0.907342
vn 0.089256 -0.358932 0.929086
vn 0.089658 -0.358934 0.929047
vn 0.019938 -0.913386 0.406605
vn 0.019844 -0.913384 0.406616
vn -0.058979 -0.933277 -0.354281
vn -0.059179 -0.933275 -0.354254
vn -0.101949 -0.406105 -0.908122
vn -0.101804 -0.406104 -0.908139
vn 0.241069 -0.934717 -0.261133
vn 0.241069 -0.934717 -0.261133
vn 0.241069 -0.934717 -0.261132
vn 0.241069 -0.934717 -0.261132
vn 0.241978 -0.257254 0.935557
vn 0.241978 -0.257254 0.935557
vn 0.241978 -0.257254 0.935557
vn 0.241978 -0.257254 0.935557
vn 0.053105 -0.869008 0.491940
vn 0.053105 -0.869008 0.491940
vn 0.010182 -0.870178 0.492632
vn 0.010181 -0.870178 0.492632
vn 0.230172 0.938393 0.257758
vn 0.230172 0.938393 0.257758
vn 0.230172 0.938393 0.257758
vn 0.230172 0.938393 0.257758
vn 0.029965 0.492737 0.869662
vn 0.029965 0.492737 0.869662
vn 0.003286 0.492689 0.870199
vn 0.003368 0.492690 0.870198
vn -0.356316 -0.901303 -0.246357
vn -0.356316 -0.901303 -0.246357
vn -0.356316 -0.901303 -0.246357
vn -0.356316 -0.901303 -0.246357
vn -0.355468 -0.252153 0.900034
vn -0.355468 -0.252153 0.900034
vn -0.355468 -0.252153 0.900034
vn -0.355468 -0.252153 0.900034
vn -0.367137 0.895513 0.251528
vn -0.367137 0.895513 0.251528
vn -0.367137 0.895513 0.251528
vn -0.367137 0.895513 0.251528
vn 0.004540 -0.492618 -0.870234
vn 0.004603 -0.492617 -0.870234
vn -0.013003 -0.492766 -0.870065
vn -0.013003 -0.492766 -0.870065
vn -0.367987 0.245541 -0.896825
vn -0.367987 0.245541 -0.896825
vn -0.367987 0.245541 -0.896825
vn -0.367987 0.245541 -0.896825
vn -0.002287 0.870217 -0.492664
vn -0.002277 0.870217 -0.492664
vn -0.036166 0.869665 -0.492315
vn -0.036166 0.869665 -0.492315
vn 0.229285 0.261597 -0.937548
vn 0.229285 0.261597 -0.937548
vn 0.229285 0.261597 -0.937548
vn 0.229285 0.261597 -0.937548
vn 0.054721 -0.266186 0.962367
vn 0.054721 -0.266186 0.962367
vn 0.007609 -0.266929 0.963686
vn 0.007735 -0.266928 0.963685
vn -0.999931 -0.009679 0.006626
vn -0.999931 -0.009679 0.006626
vn -0.999931 -0.009679 0.006626
vn -0.999931 -0.009679 0.006626
vn -0.000274 0.266995 -0.963698
vn -0.000185 0.266996 -0.963698
vn -0.038760 0.266511 -0.963052
vn -0.038760 0.266511 -0.963052
vn 0.999930 0.009889 -0.006539
vn 0.999930 0.009889 -0.006539
vn 0.999930 0.009889 -0.006539
vn 0.999930 0.009889 -0.006539
vn -0.008384 0.963658 0.267008
vn -0.008384 0.963658 0.267008
vn -0.001111 0.963708 0.266956
vn -0.001132 0.963708 0.266956
vn 0.024382 -0.963365 -0.267084
vn 0.024382 -0.963365 -0.267084
vn 0.008585 -0.963655 -0.267011
vn 0.008544 -0.963656 -0.267011
vn 0.177363 -0.856484 0.484745
vn 0.177363 -0.856484 0.484745
vn 0.177363 -0.856484 0.484745
vn 0.169601 0.487215 0.856655
vn 0.169601 0.487215 0.856655
vn 0.169601 0.487215 0.856655
vn -0.256241 -0.841085 0.476357
vn -0.256241 -0.841085 0.476357
vn -0.256241 -0.841085 0.476357
vn -0.263966 0.472525 0.840858
vn -0.263966 0.472525 0.840858
vn -0.263966 0.472525 0.840858
vn -0.265197 -0.477730 -0.837523
vn -0.265197 -0.477730 -0.837523
vn -0.265197 -0.477730 -0.837523
vn -0.272937 0.837267 -0.473803
vn -0.272937 0.837267 -0.473803
vn -0.272937 0.837267 -0.473803
vn 0.168329 -0.483965 -0.858745
vn 0.168329 -0.483965 -0.858745
vn 0.168329 -0.483965 -0.858745
vn 0.160609 0.858865 -0.486369
vn 0.160609 0.858865 -0.486369
vn 0.160609 0.858865 -0.486369
vn 0.004692 -0.870219 0.492643
vn 0.004681 -0.870219 0.492643
vn 0.026963 -0.869927 0.492442
vn 0.026963 -0.869927 0.492442
vn 0.002735 -0.963706 -0.266952
vn 0.002726 -0.963706 -0.266951
vn 0.005907 -0.963688 -0.266967
vn 0.005907 -0.963688 -0.266967
vn -0.018323 -0.492763 -0.869971
vn -0.018323 -0.492763 -0.869971
vn -0.002818 -0.492686 -0.870203
vn -0.002748 -0.492685 -0.870203
vn -0.031612 0.266633 -0.963280
vn -0.031612 0.266633 -0.963280
vn -0.008072 0.266929 -0.963683
vn -0.008017 0.266929 -0.963683
vn -0.026101 0.869920 -0.492502
vn -0.026101 0.869920 -0.492502
vn -0.010562 0.870168 -0.492642
vn -0.010559 0.870168 -0.492642
vn -0.008274 0.963658 0.267012
vn -0.008263 0.963658 0.267012
vn -0.005093 0.963683 0.267001
vn -0.005093 0.963683 0.267001
vn -0.003132 0.492632 0.870232
vn -0.003049 0.492633 0.870232
vn 0.019184 0.492776 0.869945
vn 0.019184 0.492776 0.869945
vn 0.002462 -0.266974 0.963701
vn 0.002551 -0.266973 0.963701
vn 0.032423 -0.266607 0.963260
vn 0.032423 -0.266607 0.963260
vn -0.021610 -0.870010 0.492560
vn -0.021755 -0.870007 0.492559
vn -0.029243 -0.267099 0.963225
vn -0.029202 -0.267099 0.963227
vn -0.021537 0.492329 0.870143
vn -0.021606 0.492327 0.870142
vn -0.002443 0.963703 0.266964
vn -0.002807 0.963702 0.266967
vn 0.016088 0.870098 -0.492616
vn 0.015793 0.870102 -0.492618
vn 0.023766 0.267096 -0.963377
vn 0.023861 0.267096 -0.963375
vn 0.015745 -0.492440 -0.870204
vn 0.015907 -0.492438 -0.870202
vn -0.002737 -0.963717 -0.266914
vn -0.002849 -0.963716 -0.266913
vn 0.227653 0.615829 -0.754274
vn 0.227653 0.615829 -0.754274
vn 0.227653 0.615829 -0.754274
vn 0.227653 0.615829 -0.754274
vn 0.241712 -0.741994 -0.625316
vn 0.241712 -0.741994 -0.625316
vn 0.241712 -0.741994 -0.625316
vn 0.241712 -0.741994 -0.625316
vn 0.011697 -0.094586 -0.995448
vn 0.011697 -0.094586 -0.995448
vn -0.036190 -0.095066 -0.994813
vn -0.036222 -0.095066 -0.994812
vn 0.294329 -0.613308 0.732955
vn 0.294329 -0.613308 0.732955
vn 0.294329 -0.613308 0.732955
vn 0.294329 -0.613308 0.732955
vn 0.042931 -0.994714 0.093275
vn 0.042931 -0.994714 0.093275
vn 0.013320 -0.995425 0.094614
vn 0.013144 -0.995426 0.094622
vn -0.429124 0.582224 -0.690556
vn -0.429124 0.582224 -0.690556
vn -0.429124 0.582224 -0.690556
vn -0.429124 0.582224 -0.690556
vn -0.415532 -0.711207 -0.567026
vn -0.415532 -0.711207 -0.567026
vn -0.415532 -0.711207 -0.567026
vn -0.415532 -0.711207 -0.567026
vn -0.365072 -0.586201 0.723250
vn -0.365071 -0.586201 0.723250
vn -0.365071 -0.586201 0.723250
vn -0.365072 -0.586201 0.723250
vn -0.004367 0.995471 -0.094964
vn -0.004483 0.995471 -0.094959
vn -0.024025 0.995273 -0.094102
vn -0.024025 0.995273 -0.094102
vn -0.378538 0.703983 0.600930
vn -0.378538 0.703983 0.600930
vn -0.378538 0.703983 0.600930
vn -0.378538 0.703983 0.600930
vn 0.045026 0.095124 0.994447
vn 0.044999 0.095124 0.994448
vn 0.007208 0.094791 0.995471
vn 0.007208 0.094791 0.995471
vn 0.280167 0.746759 0.603206
vn 0.280167 0.746759 0.603206
vn 0.280167 0.746759 0.603206
vn 0.280167 0.746759 0.603206
vn 0.034139 -0.769502 -0.637732
vn 0.034139 -0.769502 -0.637732
vn -0.018200 -0.771114 -0.636437
vn -0.018480 -0.771117 -0.636425
vn -0.999008 -0.007326 0.043917
vn -0.999008 -0.007326 0.043917
vn -0.999008 -0.007326 0.043917
vn -0.999008 -0.007326 0.043917
vn 0.026758 0.771194 0.636037
vn 0.026515 0.771193 0.636049
vn -0.016340 0.770302 0.637469
vn -0.016340 0.770302 0.637469
vn 0.999013 0.007242 -0.043833
vn 0.999013 0.007242 -0.043833
vn 0.999013 0.007242 -0.043833
vn 0.999013 0.007242 -0.043833
vn 0.031011 -0.636715 0.770476
vn 0.031011 -0.636715 0.770476
vn 0.039099 -0.636673 0.770142
vn 0.039128 -0.636673 0.770141
vn -0.013165 0.636648 -0.771042
vn -0.013165 0.636648 -0.771042
vn -0.030844 0.636700 -0.770494
vn -0.030786 0.636701 -0.770496
vn 0.150121 -0.091913 -0.984386
vn 0.150121 -0.091913 -0.984386
vn 0.150121 -0.091913 -0.984386
vn 0.197835 -0.976560 0.084803
vn 0.197835 -0.976560 0.084803
vn 0.197835 -0.976560 0.084803
vn -0.329542 -0.093203 -0.939529
vn -0.329542 -0.093203 -0.939529
vn -0.329542 -0.093203 -0.939529
vn -0.282615 -0.953661 0.103248
vn -0.282615 -0.953661 0.103248
vn -0.282615 -0.953661 0.103248
vn -0.302379 0.950007 -0.077800
vn -0.302379 0.950007 -0.077800
vn -0.302379 0.950007 -0.077800
vn -0.255709 0.088695 0.962677
vn -0.255709 0.088695 0.962677
vn -0.255709 0.088695 0.962677
vn 0.177615 0.978876 -0.101266
vn 0.177615 0.978876 -0.101266
vn 0.177615 0.978876 -0.101266
vn 0.225444 0.094839 0.969629
vn 0.225444 0.094839 0.969629
vn 0.225444 0.094839 0.969629
vn -0.042311 -0.095118 -0.994566
vn -0.042346 -0.095119 -0.994565
vn -0.017478 -0.094906 -0.995333
vn -0.017478 -0.094906 -0.995333
vn -0.037324 0.636683 -0.770222
vn -0.037312 0.636683 -0.770222
vn -0.033776 0.636705 -0.770368
vn -0.033776 0.636705 -0.770368
vn -0.029957 0.995136 -0.093845
vn -0.029957 0.995136 -0.093845
vn -0.012582 0.995434 -0.094621
vn -0.012675 0.995433 -0.094617
vn -0.008368 0.770569 0.637301
vn -0.008368 0.770569 0.637301
vn 0.017988 0.771121 0.636435
vn 0.017847 0.771119 0.636441
vn 0.018439 0.094926 0.995314
vn 0.018439 0.094926 0.995314
vn 0.035792 0.095079 0.994826
vn 0.035764 0.095079 0.994827
vn 0.031146 -0.636729 0.770458
vn 0.031133 -0.636729 0.770459
vn 0.034683 -0.636719 0.770315
vn 0.034683 -0.636719 0.770315
vn 0.006145 -0.995465 0.094929
vn 0.006014 -0.995465 0.094935
vn 0.030918 -0.995108 0.093832
vn 0.030918 -0.995108 0.093832
vn -0.024006 -0.771178 -0.636167
vn -0.024183 -0.771179 -0.636159
vn 0.009274 -0.770552 -0.637310
vn 0.009274 -0.770552 -0.637310
vn -0.071624 -0.095287 -0.992870
vn -0.071809 -0.095287 -0.992856
vn -0.059459 -0.770899 -0.634177
vn -0.059449 -0.770899 -0.634177
vn -0.014493 -0.995295 0.095797
vn -0.014557 -0.995294 0.095800
vn 0.037632 -0.636689 0.770202
vn 0.037239 -0.636692 0.770218
vn 0.065511 0.095260 0.993295
vn 0.065131 0.095258 0.993320
vn 0.053418 0.771023 0.634563
vn 0.053440 0.771022 0.634562
vn 0.008046 0.995397 -0.095496
vn 0.008198 0.995396 -0.095502
vn -0.043417 0.636622 -0.769953
vn -0.043537 0.636621 -0.769947
vn 0.174386 0.210334 0.961951
vn 0.174386 0.210334 0.961951
vn 0.174386 0.210334 0.961951
vn 0.174386 0.210334 0.961951
vn 0.186952 0.960659 -0.205383
vn 0.186952 0.960659 -0.205383
vn 0.186952 0.960659 -0.205383
vn 0.186952 0.960660 -0.205383
vn 0.027470 0.841374 0.539756
vn 0.027470 0.841373 0.539756
vn -0.005837 0.842034 0.539393
vn -0.006279 0.842036 0.539384
vn 0.197845 -0.210166 -0.957438
vn 0.197846 -0.210166 -0.957438
vn 0.197845 -0.210166 -0.957438
vn 0.197845 -0.210166 -0.957438
vn 0.031620 0.539528 -0.841374
vn 0.031620 0.539528 -0.841374
vn 0.010927 0.539474 -0.841931
vn 0.010682 0.539472 -0.841936
vn -0.302226 0.204642 0.931011
vn -0.302226 0.204642 0.931011
vn -0.302226 0.204642 0.931011
vn -0.302226 0.204642 0.931011
vn -0.289101 0.933473 -0.212249
vn -0.289101 0.933473 -0.212249
vn -0.289101 0.933473 -0.212249
vn -0.289101 0.933473 -0.212249
vn -0.278014 -0.204997 -0.938448
vn -0.278014 -0.204997 -0.938448
vn -0.278014 -0.204997 -0.938448
vn -0.278014 -0.204997 -0.938448
vn -0.004555 -0.539405 0.842034
vn -0.004713 -0.539407 0.842032
vn -0.018362 -0.539511 0.841778
vn -0.018362 -0.539511 0.841778
vn -0.290954 -0.936162 0.197349
vn -0.290954 -0.936162 0.197349
vn -0.290954 -0.936162 0.197349
vn -0.290954 -0.936162 0.197349
vn 0.012405 -0.842054 -0.539250
vn 0.012053 -0.842054 -0.539259
vn -0.014233 -0.841733 -0.539707
vn -0.014233 -0.841733 -0.539707
vn 0.185186 -0.958880 0.215071
vn 0.185186 -0.958880 0.215071
vn 0.185186 -0.958880 0.215071
vn 0.185186 -0.958880 0.215071
vn 0.038650 0.976320 -0.212852
vn 0.038650 0.976320 -0.212852
vn 0.002219 0.976844 -0.213940
vn 0.001561 0.976842 -0.213957
vn -0.999650 -0.003410 -0.026249
vn -0.999650 -0.003410 -0.026249
vn -0.999650 -0.003410 -0.026249
vn -0.999650 -0.003410 -0.026249
vn 0.004194 -0.976805 0.214089
vn 0.003656 -0.976810 0.214076
vn -0.026170 -0.976648 0.213245
vn -0.026170 -0.976648 0.213245
vn 0.999656 0.003459 0.026001
vn 0.999656 0.003459 0.026001
vn 0.999656 0.003459 0.026001
vn 0.999656 0.003459 0.026001
vn 0.009164 -0.213988 -0.976793
vn 0.009164 -0.213988 -0.976793
vn 0.014840 -0.213980 -0.976725
vn 0.014835 -0.213980 -0.976726
vn 0.003334 0.213965 0.976836
vn 0.003334 0.213965 0.976836
vn -0.009016 0.213981 0.976796
vn -0.009026 0.213981 0.976796
vn 0.125196 0.834055 0.537288
vn 0.125196 0.834055 0.537288
vn 0.125196 0.834055 0.537288
vn 0.141533 0.535948 -0.832303
vn 0.141533 0.535948 -0.832303
vn 0.141533 0.535948 -0.832303
vn -0.217264 0.824227 0.522921
vn -0.217264 0.824227 0.522921
vn -0.217264 0.824227 0.522921
vn -0.200614 0.525584 -0.826750
vn -0.200614 0.525584 -0.826750
vn -0.200614 0.525584 -0.826750
vn -0.218526 -0.529601 0.819615
vn -0.218526 -0.529601 0.819615
vn -0.218526 -0.529601 0.819615
vn -0.201875 -0.822389 -0.531906
vn -0.201875 -0.822389 -0.531906
vn -0.201875 -0.822389 -0.531906
vn 0.123928 -0.533362 0.836760
vn 0.123928 -0.533362 0.836760
vn 0.123928 -0.533362 0.836760
vn 0.140303 -0.835121 -0.531872
vn 0.140303 -0.835121 -0.531872
vn 0.140303 -0.835121 -0.531872
vn -0.010240 0.842071 0.539269
vn -0.010468 0.842072 0.539264
vn 0.007044 0.841917 0.539562
vn 0.007044 0.841917 0.539562
vn -0.013579 0.213974 0.976745
vn -0.013584 0.213974 0.976745
vn -0.011101 0.213976 0.976776
vn -0.011101 0.213976 0.976776
vn -0.022521 -0.539548 0.841654
vn -0.022521 -0.539548 0.841654
vn -0.010306 -0.539477 0.841937
vn -0.010452 -0.539478 0.841935
vn -0.020583 -0.976740 0.213438
vn -0.020583 -0.976740 0.213438
vn -0.002010 -0.976844 0.213944
vn -0.002342 -0.976845 0.213935
vn -0.006369 -0.841891 -0.539611
vn -0.006369 -0.841891 -0.539611
vn 0.005850 -0.842033 -0.539394
vn 0.005685 -0.842032 -0.539398
vn 0.009253 -0.213977 -0.976795
vn 0.009257 -0.213977 -0.976795
vn 0.011736 -0.213977 -0.976768
vn 0.011736 -0.213977 -0.976768
vn 0.005893 0.539426 -0.842012
vn 0.005689 0.539424 -0.842015
vn 0.023194 0.539531 -0.841646
vn 0.023194 0.539531 -0.841646
vn -0.001937 0.976825 -0.214033
vn -0.002362 0.976821 -0.214044
vn 0.021217 0.976739 -0.213378
vn 0.021217 0.976739 -0.213378
vn -0.030886 0.841922 0.538715
vn -0.031038 0.841919 0.538711
vn -0.026919 0.976330 -0.214607
vn -0.026963 0.976328 -0.214608
vn -0.008637 0.539212 -0.842126
vn -0.008657 0.539212 -0.842126
vn 0.013772 -0.213976 -0.976742
vn 0.013555 -0.213976 -0.976745
vn 0.026629 -0.841983 -0.538846
vn 0.026317 -0.841987 -0.538856
vn 0.022765 -0.976457 0.214508
vn 0.022661 -0.976460 0.214506
vn 0.004135 -0.539289 0.842111
vn 0.004181 -0.539288 0.842111
vn -0.017864 0.213971 0.976677
vn -0.017931 0.213971 0.976676
vn -0.200585 -0.389092 0.899095
vn -0.200585 -0.389093 0.899096
vn -0.200585 -0.389092 0.899096
vn -0.200585 -0.389093 0.899095
vn -0.285372 -0.887059 -0.362890
vn -0.285372 -0.887059 -0.362890
vn -0.285372 -0.887059 -0.362890
vn -0.285372 -0.887059 -0.362890
vn -0.005574 -0.930056 0.367375
vn -0.005574 -0.930056 0.367375
vn 0.045154 -0.930283 0.364053
vn 0.045140 -0.930283 0.364054
vn -0.349574 0.377416 -0.857528
vn -0.349574 0.377416 -0.857528
vn -0.349574 0.377416 -0.857528
vn -0.349574 0.377416 -0.857528
vn -0.096955 -0.366849 -0.925214
vn -0.096955 -0.366849 -0.925214
vn -0.065557 -0.366401 -0.928145
vn -0.065540 -0.366401 -0.928146
vn 0.486645 -0.353500 0.798883
vn 0.486645 -0.353500 0.798883
vn 0.486645 -0.353500 0.798883
vn 0.486645 -0.353500 0.798883
vn 0.406489 -0.824256 -0.394168
vn 0.406489 -0.824256 -0.394168
vn 0.406489 -0.824256 -0.394168
vn 0.406489 -0.824256 -0.394168
vn 0.345792 0.371167 -0.861779
vn 0.345792 0.371167 -0.861779
vn 0.345792 0.371167 -0.861779
vn 0.345792 0.371167 -0.861779
vn 0.056221 0.366199 0.928837
vn 0.056232 0.366199 0.928836
vn 0.076970 0.366609 0.927186
vn 0.076970 0.366609 0.927186
vn 0.425936 0.841931 0.331255
vn 0.425937 0.841931 0.331255
vn 0.425937 0.841931 0.331255
vn 0.425936 0.841931 0.331255
vn -0.054460 0.930064 -0.363339
vn -0.054473 0.930063 -0.363338
vn -0.014445 0.930434 -0.366176
vn -0.014445 0.930434 -0.366176
vn -0.264791 0.875392 0.404443
vn -0.264791 0.875392 0.404443
vn -0.264791 0.875392 0.404443
vn -0.264791 0.875392 0.404443
vn -0.067712 -0.916528 -0.394198
vn -0.067712 -0.916528 -0.394198
vn -0.012212 -0.916849 -0.399047
vn -0.012201 -0.916849 -0.399048
vn 0.996932 0.021167 -0.075361
vn 0.996932 0.021167 -0.075361
vn 0.996932 0.021167 -0.075361
vn 0.996932 0.021167 -0.075361
vn 0.003418 0.916639 0.399702
vn 0.003428 0.916639 0.399702
vn 0.048899 0.916955 0.395982
vn 0.048899 0.916955 0.395982
vn -0.996936 -0.021146 0.075305
vn -0.996936 -0.021146 0.075305
vn -0.996936 -0.021146 0.075305
vn -0.996936 -0.021146 0.075305
vn -0.074095 0.398812 -0.914034
vn -0.074095 0.398812 -0.914034
vn -0.082667 0.398627 -0.913380
vn -0.082672 0.398627 -0.913380
vn 0.055193 -0.399118 0.915237
vn 0.055193 -0.399118 0.915237
vn 0.073893 -0.398818 0.914048
vn 0.073882 -0.398819 0.914049
vn -0.152030 -0.915852 0.371621
vn -0.152030 -0.915852 0.371621
vn -0.152030 -0.915852 0.371621
vn -0.259450 -0.363219 -0.894851
vn -0.259450 -0.363219 -0.894851
vn -0.259450 -0.363219 -0.894851
vn 0.352957 -0.878191 0.322804
vn 0.352957 -0.878191 0.322804
vn 0.352957 -0.878191 0.322804
vn 0.248722 -0.341878 -0.906232
vn 0.248722 -0.341878 -0.906232
vn 0.248722 -0.341878 -0.906232
vn 0.367354 0.354967 0.859680
vn 0.367354 0.354967 0.859680
vn 0.367354 0.354967 0.859680
vn 0.263114 0.891255 -0.369372
vn 0.263114 0.891255 -0.369372
vn 0.263114 0.891255 -0.369372
vn -0.137199 0.354798 0.924821
vn -0.137199 0.354798 0.924821
vn -0.137199 0.354798 0.924821
vn -0.244606 0.907444 -0.341634
vn -0.244606 0.907444 -0.341634
vn -0.244606 0.907444 -0.341634
vn 0.051627 -0.930140 0.363558
vn 0.051624 -0.930140 0.363559
vn 0.025319 -0.930483 0.365460
vn 0.025319 -0.930483 0.365460
vn 0.080770 -0.398673 0.913530
vn 0.080769 -0.398673 0.913530
vn 0.077021 -0.398755 0.913817
vn 0.077021 -0.398755 0.913818
vn 0.083241 0.366699 0.926608
vn 0.083241 0.366699 0.926608
vn 0.064910 0.366387 0.928196
vn 0.064910 0.366387 0.928196
vn 0.040468 0.917041 0.396733
vn 0.040468 0.917041 0.396733
vn 0.012654 0.916858 0.399013
vn 0.012654 0.916858 0.399013
vn -0.026337 0.930481 -0.365393
vn -0.026337 0.930481 -0.365393
vn -0.044692 0.930293 -0.364084
vn -0.044693 0.930293 -0.364084
vn -0.074231 0.398810 -0.914024
vn -0.074231 0.398810 -0.914024
vn -0.077980 0.398733 -0.913745
vn -0.077980 0.398733 -0.913745
vn -0.057978 -0.366238 -0.928713
vn -0.057974 -0.366238 -0.928714
vn -0.084257 -0.366710 -0.926512
vn -0.084257 -0.366710 -0.926512
vn -0.006115 -0.916713 -0.399500
vn -0.006115 -0.916713 -0.399500
vn -0.041426 -0.917038 -0.396643
vn -0.041426 -0.917038 -0.396643
vn 0.082614 -0.928903 0.360990
vn 0.082811 -0.928892 0.360972
vn 0.031351 -0.915110 -0.401983
vn 0.031311 -0.915113 -0.401981
vn -0.036188 -0.365654 -0.930047
vn -0.036103 -0.365652 -0.930051
vn -0.081132 0.398662 -0.913502
vn -0.080658 0.398672 -0.913540
vn -0.076151 0.929237 -0.361553
vn -0.075748 0.929256 -0.361588
vn -0.024902 0.915478 0.401598
vn -0.024995 0.915473 0.401603
vn 0.043036 0.365855 0.929676
vn 0.042834 0.365849 0.929688
vn 0.087213 -0.398519 0.913004
vn 0.087359 -0.398516 0.912992
vn -0.458248 -0.016748 0.888666
vn -0.458248 -0.016748 0.888666
vn -0.458248 -0.016748 0.888666
vn -0.458248 -0.016748 0.888666
vn -0.236135 -0.971004 -0.037301
vn -0.236135 -0.971004 -0.037301
vn -0.236135 -0.971004 -0.037301
vn -0.236135 -0.971004 -0.037301
vn -0.097405 -0.706748 0.700727
vn -0.097405 -0.706749 0.700727
vn -0.037711 -0.703027 0.710163
vn -0.036833 -0.702953 0.710282
vn -0.185742 -0.018706 -0.982421
vn -0.185742 -0.018706 -0.982421
vn -0.185742 -0.018706 -0.982421
vn -0.185742 -0.018706 -0.982421
vn 0.124600 -0.708456 -0.694669
vn 0.124600 -0.708456 -0.694669
vn 0.162931 -0.706611 -0.688588
vn 0.161031 -0.706728 -0.688915
vn 0.348506 0.027048 0.936916
vn 0.348506 0.027048 0.936916
vn 0.348506 0.027048 0.936916
vn 0.348506 0.027048 0.936916
vn 0.547037 -0.831999 0.092342
vn 0.547037 -0.831999 0.092342
vn 0.547037 -0.831999 0.092342
vn 0.547037 -0.831999 0.092342
vn 0.605737 0.025489 -0.795256
vn 0.605737 0.025489 -0.795256
vn 0.605737 0.025489 -0.795256
vn 0.605737 0.025489 -0.795256
vn -0.172407 0.705975 0.686931
vn -0.173652 0.705889 0.686707
vn -0.148441 0.707420 0.691030
vn -0.148441 0.707420 0.691030
vn 0.401146 0.913722 0.064758
vn 0.401146 0.913722 0.064758
vn 0.401146 0.913722 0.064758
vn 0.401146 0.913722 0.064758
vn 0.025882 0.701998 -0.711708
vn 0.026559 0.702061 -0.711622
vn 0.073676 0.705605 -0.704765
vn 0.073676 0.705605 -0.704765
vn -0.402980 0.912634 -0.068605
vn -0.402980 0.912634 -0.068605
vn -0.402980 0.912634 -0.068605
vn -0.402980 0.912634 -0.068605
vn 0.024681 -0.999677 0.006034
vn 0.024681 -0.999677 0.006034
vn 0.091414 -0.995666 0.017102
vn 0.089718 -0.995825 0.016821
vn 0.985081 0.054384 0.163272
vn 0.985081 0.054384 0.163272
vn 0.985081 0.054384 0.163272
vn 0.985081 0.054384 0.163272
vn -0.100231 0.994791 -0.018570
vn -0.101613 0.994646 -0.018799
vn -0.047080 0.998844 -0.009760
vn -0.047080 0.998843 -0.009760
vn -0.985080 -0.054377 -0.163279
vn -0.985080 -0.054377 -0.163279
vn -0.985080 -0.054377 -0.163279
vn -0.985080 -0.054377 -0.163279
vn 0.145875 -0.000945 -0.989303
vn 0.145875 -0.000945 -0.989303
vn 0.135437 -0.001515 -0.990785
vn 0.135907 -0.001490 -0.990720
vn -0.168315 -0.000302 0.985733
vn -0.168315 -0.000302 0.985733
vn -0.146648 0.000900 0.989188
vn -0.145624 0.000956 0.989340
vn -0.269326 -0.702737 0.658501
vn -0.269326 -0.702737 0.658501
vn -0.269326 -0.702737 0.658501
vn -0.072577 -0.701248 -0.709213
vn -0.072577 -0.701248 -0.709213
vn -0.072577 -0.701248 -0.709213
vn 0.320229 -0.626063 0.710984
vn 0.320229 -0.626063 0.710984
vn 0.320229 -0.626063 0.710984
vn 0.510481 -0.635610 -0.579146
vn 0.510481 -0.635610 -0.579146
vn 0.510481 -0.635610 -0.579146
vn 0.204671 0.680737 0.703354
vn 0.204671 0.680737 0.703354
vn 0.204671 0.680737 0.703354
vn 0.395624 0.684799 -0.611990
vn 0.395624 0.684799 -0.611990
vn 0.395624 0.684799 -0.611990
vn -0.393353 0.671485 0.627998
vn -0.393353 0.671485 0.627998
vn -0.393353 0.671485 0.627998
vn -0.197039 0.663418 -0.721840
vn -0.197039 0.663418 -0.721840
vn -0.197039 0.663418 -0.721840
vn -0.029828 -0.702357 0.711200
vn -0.029355 -0.702314 0.711261
vn -0.060783 -0.704796 0.706801
vn -0.060783 -0.704796 0.706801
vn -0.138038 0.001369 0.990426
vn -0.137825 0.001381 0.990456
vn -0.142394 0.001134 0.989809
vn -0.142394 0.001134 0.989809
vn -0.140972 0.707803 0.692200
vn -0.140972 0.707803 0.692200
vn -0.162183 0.706658 0.688716
vn -0.163329 0.706587 0.688519
vn -0.057096 0.998303 -0.011416
vn -0.057096 0.998303 -0.011416
vn -0.089597 0.995836 -0.016804
vn -0.090470 0.995755 -0.016949
vn 0.059576 0.704716 -0.706984
vn 0.059576 0.704716 -0.706984
vn 0.037650 0.703039 -0.710154
vn 0.037972 0.703066 -0.710110
vn 0.145819 -0.000951 -0.989311
vn 0.145605 -0.000963 -0.989342
vn 0.141251 -0.001205 -0.989973
vn 0.141251 -0.001205 -0.989973
vn 0.171785 -0.706037 -0.687024
vn 0.170145 -0.706149 -0.687317
vn 0.139761 -0.707863 -0.692385
vn 0.139761 -0.707863 -0.692385
vn 0.098302 -0.994989 0.018249
vn 0.097196 -0.995101 0.018065
vn 0.055959 -0.998370 0.011233
vn 0.055959 -0.998370 0.011233
vn 0.007045 -0.698558 0.715519
vn 0.007450 -0.698511 0.715561
vn 0.141797 -0.989568 0.025452
vn 0.141581 -0.989600 0.025416
vn 0.196590 -0.704096 -0.682350
vn 0.196847 -0.704074 -0.682299
vn 0.137155 -0.001421 -0.990549
vn 0.138409 -0.001353 -0.990374
vn 0.000346 0.699398 -0.714732
vn 0.001176 0.699490 -0.714642
vn -0.133975 0.990690 -0.024159
vn -0.134484 0.990619 -0.024244
vn -0.188426 0.704777 0.683948
vn -0.189034 0.704727 0.683832
vn -0.130356 0.001794 0.991466
vn -0.129971 0.001816 0.991516
vn 0.280774 -0.957634 -0.064051
vn 0.280774 -0.957634 -0.064051
vn 0.280774 -0.957634 -0.064051
vn 0.280774 -0.957634 -0.064051
vn 0.291332 -0.057957 0.954865
vn 0.291332 -0.057957 0.954865
vn 0.291332 -0.057957 0.954865
vn 0.291332 -0.057957 0.954865
vn 0.067833 -0.748228 0.659965
vn 0.067833 -0.748228 0.659965
vn 0.017044 -0.749584 0.661690
vn 0.017056 -0.749584 0.661689
vn 0.270998 0.960986 0.055376
vn 0.270998 0.960986 0.055376
vn 0.270998 0.960986 0.055376
vn 0.270998 0.960986 0.055376
vn 0.042486 0.661677 0.748585
vn 0.042486 0.661677 0.748585
vn 0.010964 0.661881 0.749529
vn 0.010947 0.661881 0.749529
vn -0.412816 -0.909447 -0.049891
vn -0.412816 -0.909447 -0.049891
vn -0.412816 -0.909447 -0.049891
vn -0.412816 -0.909447 -0.049891
vn -0.402836 -0.058904 0.913375
vn -0.402836 -0.058904 0.913375
vn -0.402836 -0.058904 0.913375
vn -0.402836 -0.058904 0.913375
vn -0.422056 0.904377 0.063013
vn -0.422056 0.904377 0.063013
vn -0.422056 0.904377 0.063013
vn -0.422056 0.904377 0.063013
vn -0.001603 -0.661816 -0.749665
vn -0.001612 -0.661816 -0.749664
vn -0.022416 -0.661884 -0.749271
vn -0.022416 -0.661884 -0.749271
vn -0.432028 0.053834 -0.900252
vn -0.432028 0.053834 -0.900252
vn -0.432028 0.053834 -0.900252
vn -0.432028 0.053834 -0.900252
vn -0.007708 0.749623 -0.661820
vn -0.007695 0.749623 -0.661821
vn -0.047809 0.748994 -0.660850
vn -0.047809 0.748994 -0.660850
vn 0.260440 0.061303 -0.963542
vn 0.260440 0.061303 -0.963542
vn 0.260440 0.061303 -0.963542
vn 0.260440 0.061303 -0.963542
vn 0.073236 -0.061586 0.995411
vn 0.073236 -0.061586 0.995411
vn 0.017580 -0.062027 0.997920
vn 0.017573 -0.062027 0.997920
vn -0.999858 -0.006061 0.015732
vn -0.999858 -0.006061 0.015732
vn -0.999858 -0.006061 0.015732
vn -0.999858 -0.006061 0.015732
vn -0.008763 0.062080 -0.998033
vn -0.008772 0.062080 -0.998033
vn -0.054373 0.061759 -0.996609
vn -0.054373 0.061759 -0.996609
vn 0.999858 0.006057 -0.015713
vn 0.999858 0.006057 -0.015713
vn 0.999858 0.006057 -0.015713
vn 0.999858 0.006057 -0.015713
vn -0.008500 0.998029 0.062179
vn -0.008500 0.998029 0.062179
vn 0.000098 0.998074 0.062043
vn 0.000103 0.998074 0.062043
vn 0.027437 -0.997670 -0.062461
vn 0.027437 -0.997670 -0.062461
vn 0.008703 -0.998027 -0.062182
vn 0.008714 -0.998027 -0.062182
vn 0.213565 -0.733405 0.645374
vn 0.213565 -0.733405 0.645374
vn 0.213565 -0.733405 0.645374
vn 0.206515 0.649846 0.731473
vn 0.206515 0.649846 0.731473
vn 0.206515 0.649846 0.731473
vn -0.294718 -0.714790 0.634205
vn -0.294718 -0.714790 0.634205
vn -0.294718 -0.714790 0.634205
vn -0.301555 0.627601 0.717761
vn -0.301555 0.627601 0.717761
vn -0.301555 0.627601 0.717761
vn -0.316320 -0.631347 -0.708055
vn -0.316320 -0.631348 -0.708055
vn -0.316320 -0.631347 -0.708055
vn -0.323161 0.711046 -0.624485
vn -0.323161 0.711046 -0.624485
vn -0.323161 0.711046 -0.624485
vn 0.191291 -0.647429 -0.737729
vn 0.191291 -0.647429 -0.737729
vn 0.191291 -0.647429 -0.737729
vn 0.184244 0.735824 -0.651626
vn 0.184244 0.735824 -0.651626
vn 0.184244 0.735824 -0.651626
vn 0.010551 -0.749618 0.661787
vn 0.010553 -0.749618 0.661787
vn 0.036921 -0.749284 0.661219
vn 0.036921 -0.749284 0.661219
vn 0.001805 -0.998070 -0.062074
vn 0.001806 -0.998070 -0.062074
vn 0.005566 -0.998052 -0.062133
vn 0.005566 -0.998052 -0.062133
vn -0.028712 -0.661847 -0.749089
vn -0.028712 -0.661847 -0.749089
vn -0.010316 -0.661879 -0.749540
vn -0.010314 -0.661879 -0.749540
vn -0.045919 0.061829 -0.997030
vn -0.045919 0.061829 -0.997030
vn -0.018024 0.062025 -0.997912
vn -0.018027 0.062025 -0.997912
vn -0.035902 0.749305 -0.661251
vn -0.035902 0.749305 -0.661251
vn -0.017507 0.749579 -0.661683
vn -0.017504 0.749580 -0.661683
vn -0.008363 0.998030 0.062176
vn -0.008364 0.998030 0.062176
vn -0.004604 0.998058 0.062117
vn -0.004604 0.998058 0.062117
vn 0.003361 0.661831 0.749645
vn 0.003362 0.661831 0.749645
vn 0.029732 0.661839 0.749056
vn 0.029732 0.661839 0.749056
vn 0.011468 -0.062064 0.998006
vn 0.011467 -0.062064 0.998006
vn 0.046879 -0.061821 0.996986
vn 0.046879 -0.061821 0.996986
vn -0.020567 -0.749341 0.661865
vn -0.020764 -0.749337 0.661863
vn -0.026113 -0.062237 0.997720
vn -0.026073 -0.062237 0.997721
vn -0.018472 0.661477 0.749738
vn -0.018558 0.661475 0.749737
vn -0.001442 0.998071 0.062067
vn -0.001918 0.998070 0.062075
vn 0.014071 0.749459 -0.661902
vn 0.013667 0.749465 -0.661903
vn 0.019644 0.062214 -0.997870
vn 0.019738 0.062214 -0.997868
vn 0.011613 -0.661624 -0.749746
vn 0.011815 -0.661620 -0.749746
vn -0.004660 -0.998067 -0.061970
vn -0.004806 -0.998067 -0.061967
vn 0.267149 0.396606 0.878257
vn 0.267149 0.396606 0.878257
vn 0.267149 0.396606 0.878257
vn 0.267149 0.396606 0.878257
vn 0.274588 0.877532 -0.393114
vn 0.274588 0.877532 -0.393114
vn 0.274588 0.877532 -0.393114
vn 0.274588 0.877532 -0.393114
vn 0.045489 0.934261 0.353677
vn 0.045489 0.934261 0.353677
vn -0.005337 0.935315 0.353775
vn -0.005323 0.935316 0.353775
vn 0.284677 -0.393841 -0.873984
vn 0.284677 -0.393841 -0.873984
vn 0.284677 -0.393841 -0.873984
vn 0.284677 -0.393841 -0.873984
vn 0.040197 0.353761 -0.934472
vn 0.040197 0.353761 -0.934472
vn 0.008670 0.353815 -0.935275
vn 0.008654 0.353815 -0.935276
vn -0.425770 0.371542 0.825031
vn -0.425770 0.371542 0.825031
vn -0.425770 0.371542 0.825031
vn -0.425770 0.371542 0.825031
vn -0.418723 0.826206 -0.376901
vn -0.418723 0.826206 -0.376900
vn -0.418723 0.826206 -0.376901
vn -0.418723 0.826206 -0.376901
vn -0.409191 -0.375734 -0.831497
vn -0.409191 -0.375734 -0.831497
vn -0.409191 -0.375734 -0.831497
vn -0.409191 -0.375734 -0.831497
vn 0.000692 -0.353762 0.935335
vn 0.000682 -0.353762 0.935335
vn -0.020124 -0.353835 0.935091
vn -0.020124 -0.353835 0.935091
vn -0.416227 -0.830390 0.370416
vn -0.416227 -0.830390 0.370416
vn -0.416227 -0.830390 0.370416
vn -0.416227 -0.830390 0.370416
vn 0.014672 -0.935246 -0.353694
vn 0.014684 -0.935246 -0.353694
vn -0.025444 -0.934966 -0.353824
vn -0.025444 -0.934966 -0.353824
vn 0.277238 -0.874770 0.397388
vn 0.277238 -0.874770 0.397388
vn 0.277238 -0.874770 0.397388
vn 0.277238 -0.874770 0.397388
vn 0.055823 0.910330 -0.410101
vn 0.055823 0.910330 -0.410101
vn 0.000135 0.911543 -0.411206
vn 0.000124 0.911543 -0.411206
vn -0.999957 -0.005038 -0.007749
vn -0.999957 -0.005038 -0.007749
vn -0.999957 -0.005038 -0.007749
vn -0.999957 -0.005038 -0.007749
vn 0.008685 -0.911474 0.411265
vn 0.008676 -0.911475 0.411265
vn -0.036942 -0.911058 0.410620
vn -0.036942 -0.911058 0.410621
vn 0.999957 0.005014 0.007745
vn 0.999957 0.005014 0.007745
vn 0.999958 0.005014 0.007745
vn 0.999958 0.005014 0.007745
vn 0.005703 -0.411202 -0.911527
vn 0.005703 -0.411202 -0.911527
vn 0.014302 -0.411156 -0.911453
vn 0.014306 -0.411156 -0.911453
vn 0.013240 0.411198 0.911450
vn 0.013240 0.411198 0.911450
vn -0.005500 0.411204 0.911527
vn -0.005489 0.411204 0.911527
vn 0.191652 0.917606 0.348237
vn 0.191652 0.917606 0.348237
vn 0.191652 0.917606 0.348237
vn 0.204286 0.347729 -0.915069
vn 0.204286 0.347729 -0.915069
vn 0.204286 0.347729 -0.915069
vn -0.316028 0.888001 0.334036
vn -0.316028 0.888001 0.334036
vn -0.316028 0.888001 0.334036
vn -0.303762 0.334935 -0.891934
vn -0.303762 0.334935 -0.891934
vn -0.303762 0.334935 -0.891934
vn -0.314182 -0.338039 0.887141
vn -0.314182 -0.338039 0.887141
vn -0.314182 -0.338039 0.887141
vn -0.301914 -0.891090 -0.338831
vn -0.301914 -0.891090 -0.338831
vn -0.301914 -0.891090 -0.338831
vn 0.193560 -0.345730 0.918153
vn 0.193560 -0.345730 0.918153
vn 0.193560 -0.345730 0.918153
vn 0.206196 -0.915620 -0.345142
vn 0.206196 -0.915620 -0.345142
vn 0.206196 -0.915620 -0.345142
vn -0.011830 0.935278 0.353716
vn -0.011827 0.935278 0.353716
vn 0.014549 0.935194 0.353837
vn 0.014549 0.935194 0.353837
vn -0.012398 0.411170 0.911474
vn -0.012397 0.411170 0.911474
vn -0.008637 0.411191 0.911508
vn -0.008637 0.411191 0.911508
vn -0.026421 -0.353824 0.934939
vn -0.026421 -0.353824 0.934939
vn -0.008021 -0.353809 0.935283
vn -0.008022 -0.353809 0.935283
vn -0.028483 -0.911282 0.410796
vn -0.028483 -0.911282 0.410796
vn -0.000578 -0.911546 0.411198
vn -0.000579 -0.911546 0.411198
vn -0.013529 -0.935208 -0.353840
vn -0.013529 -0.935208 -0.353840
vn 0.004873 -0.935318 -0.353775
vn 0.004874 -0.935318 -0.353775
vn 0.005839 -0.411203 -0.911525
vn 0.005839 -0.411203 -0.911525
vn 0.009599 -0.411187 -0.911501
vn 0.009599 -0.411187 -0.911501
vn 0.001068 0.353773 -0.935331
vn 0.001066 0.353773 -0.935331
vn 0.027441 0.353822 -0.934910
vn 0.027441 0.353822 -0.934910
vn -0.005980 0.911506 -0.411244
vn -0.005980 0.911506 -0.411244
vn 0.029443 0.911261 -0.410775
vn 0.029443 0.911261 -0.410775
vn -0.042936 0.934540 0.353258
vn -0.043134 0.934533 0.353254
vn -0.043549 0.910515 -0.411177
vn -0.043509 0.910516 -0.411178
vn -0.020768 0.353547 -0.935186
vn -0.020854 0.353546 -0.935185
vn 0.012761 -0.411167 -0.911471
vn 0.012286 -0.411170 -0.911476
vn 0.036444 -0.934768 -0.353384
vn 0.036040 -0.934781 -0.353391
vn 0.037084 -0.910776 0.411232
vn 0.037177 -0.910772 0.411232
vn 0.013909 -0.353636 0.935280
vn 0.014111 -0.353634 0.935278
vn -0.018863 0.411120 0.911386
vn -0.019009 0.411119 0.911384
vn 0.190174 0.267222 -0.944683
vn 0.190174 0.267222 -0.944683
vn 0.190174 0.267222 -0.944683
vn 0.190174 0.267222 -0.944683
vn 0.324177 -0.899247 -0.293709
vn 0.324177 -0.899247 -0.293709
vn 0.324177 -0.899247 -0.293709
vn 0.324177 -0.899247 -0.293709
vn -0.067687 -0.483367 -0.872797
vn -0.067687 -0.483367 -0.872797
vn -0.134227 -0.483697 -0.864882
vn -0.131067 -0.483731 -0.865347
vn 0.490272 -0.246099 0.836103
vn 0.490272 -0.246099 0.836103
vn 0.490272 -0.246099 0.836103
vn 0.490272 -0.246099 0.836103
vn 0.146574 -0.869101 0.472418
vn 0.146574 -0.869101 0.472418
vn 0.105363 -0.872053 0.477935
vn 0.107911 -0.871915 0.477619
vn -0.630939 0.221691 -0.743484
vn -0.630939 0.221691 -0.743484
vn -0.630939 0.221691 -0.743484
vn -0.630939 0.221691 -0.743484
vn -0.524668 -0.831122 -0.184284
vn -0.524668 -0.831122 -0.184284
vn -0.524668 -0.831122 -0.184284
vn -0.524668 -0.831122 -0.184284
vn -0.371088 -0.250127 0.894276
vn -0.371088 -0.250127 0.894276
vn -0.371088 -0.250127 0.894276
vn -0.371088 -0.250127 0.894276
vn -0.095555 0.872537 -0.479112
vn -0.093867 0.872610 -0.479312
vn -0.121167 0.871108 -0.475909
vn -0.121167 0.871108 -0.475909
vn -0.488742 0.823134 0.289105
vn -0.488742 0.823134 0.289105
vn -0.488742 0.823134 0.289105
vn -0.488742 0.823134 0.289105
vn 0.143251 0.483556 0.863512
vn 0.145713 0.483516 0.863122
vn 0.093395 0.483721 0.870225
vn 0.093395 0.483721 0.870225
vn 0.365874 0.903806 0.221973
vn 0.365874 0.903806 0.221973
vn 0.365874 0.903806 0.221973
vn 0.365874 0.903806 0.221973
vn 0.050002 -0.958204 -0.281684
vn 0.050002 -0.958203 -0.281684
vn -0.024208 -0.961229 -0.274688
vn -0.018571 -0.961187 -0.275273
vn -0.994775 -0.014325 0.101086
vn -0.994775 -0.014325 0.101086
vn -0.994775 -0.014325 0.101086
vn -0.994775 -0.014325 0.101086
vn 0.030360 0.961240 0.274037
vn 0.034996 0.961223 0.273541
vn -0.025803 0.959782 0.279560
vn -0.025803 0.959782 0.279560
vn 0.994767 0.014469 -0.101137
vn 0.994767 0.014469 -0.101137
vn 0.994767 0.014469 -0.101137
vn 0.994767 0.014469 -0.101137
vn 0.163388 -0.273332 0.947942
vn 0.163388 -0.273332 0.947942
vn 0.174282 -0.272972 0.946104
vn 0.174172 -0.272976 0.946123
vn -0.139405 0.274018 -0.951567
vn -0.139405 0.274018 -0.951567
vn -0.163013 0.273348 -0.948002
vn -0.163250 0.273340 -0.947963
vn 0.121597 -0.470656 -0.873898
vn 0.121597 -0.470656 -0.873898
vn 0.121597 -0.470656 -0.873898
vn 0.346988 -0.832011 0.432849
vn 0.346988 -0.832011 0.432849
vn 0.346988 -0.832011 0.432849
vn -0.498262 -0.443578 -0.744965
vn -0.498262 -0.443578 -0.744965
vn -0.498262 -0.443578 -0.744965
vn -0.293077 -0.822416 0.487584
vn -0.293077 -0.822416 0.487584
vn -0.293077 -0.822416 0.487584
vn -0.471249 0.787816 -0.396573
vn -0.471249 0.787816 -0.396573
vn -0.471249 0.787816 -0.396573
vn -0.263219 0.449317 0.853715
vn -0.263219 0.449317 0.853715
vn -0.263219 0.449317 0.853715
vn 0.153541 0.856225 -0.493258
vn 0.153541 0.856225 -0.493258
vn 0.153541 0.856225 -0.493258
vn 0.376815 0.465585 0.800776
vn 0.376815 0.465585 0.800776
vn 0.376815 0.465585 0.800775
vn -0.141686 -0.483595 -0.863748
vn -0.140029 -0.483619 -0.864005
vn -0.107312 -0.483816 -0.868566
vn -0.107312 -0.483816 -0.868566
vn -0.171803 0.273063 -0.946531
vn -0.171854 0.273061 -0.946522
vn -0.167092 0.273225 -0.947327
vn -0.167092 0.273225 -0.947327
vn -0.129156 0.870529 -0.474867
vn -0.129156 0.870529 -0.474867
vn -0.106563 0.871988 -0.477788
vn -0.105028 0.872070 -0.477977
vn -0.014955 0.960304 0.278555
vn -0.014955 0.960304 0.278555
vn 0.019375 0.961197 0.275182
vn 0.022282 0.961220 0.274881
vn 0.108616 0.483794 0.868416
vn 0.108616 0.483794 0.868416
vn 0.131457 0.483714 0.865298
vn 0.132620 0.483703 0.865126
vn 0.163535 -0.273322 0.947920
vn 0.163587 -0.273320 0.947911
vn 0.168302 -0.273143 0.947136
vn 0.168302 -0.273143 0.947136
vn 0.095841 -0.872521 0.479084
vn 0.098039 -0.872421 0.478821
vn 0.130445 -0.870443 0.474671
vn 0.130445 -0.870443 0.474671
vn -0.031080 -0.961240 -0.273955
vn -0.027387 -0.961241 -0.274345
vn 0.016188 -0.960251 -0.278669
vn 0.016188 -0.960251 -0.278669
vn -0.180204 -0.482645 -0.857076
vn -0.180079 -0.482650 -0.857100
vn -0.077556 -0.960095 -0.268705
vn -0.076947 -0.960124 -0.268778
vn 0.069129 -0.873394 0.482083
vn 0.068804 -0.873401 0.482117
vn 0.172445 -0.273043 0.946420
vn 0.171530 -0.273075 0.946577
vn 0.171498 0.482925 0.858704
vn 0.171754 0.482917 0.858657
vn 0.068368 0.960487 0.269796
vn 0.069797 0.960432 0.269629
vn -0.078056 0.873177 -0.481113
vn -0.077289 0.873198 -0.481198
vn -0.179907 0.272771 -0.945108
vn -0.180188 0.272761 -0.945058
vn -0.211695 -0.198426 -0.956981
vn -0.211695 -0.198426 -0.956981
vn -0.211695 -0.198426 -0.956981
vn -0.211695 -0.198426 -0.956981
vn -0.165243 0.965350 -0.201975
vn -0.165243 0.965350 -0.201975
vn -0.165243 0.965350 -0.201975
vn -0.165243 0.965350 -0.201975
vn -0.034711 0.541702 -0.839853
vn -0.034711 0.541703 -0.839853
vn 0.000148 0.539931 -0.841709
vn -0.001441 0.540026 -0.841647
vn -0.166349 0.219325 0.961366
vn -0.166349 0.219325 0.961366
vn -0.166349 0.219325 0.961366
vn -0.166349 0.219325 0.961366
vn 0.008763 0.841701 0.539873
vn 0.008763 0.841701 0.539873
vn 0.029907 0.841337 0.539683
vn 0.029940 0.841336 0.539683
vn 0.271029 -0.219592 -0.937189
vn 0.271029 -0.219592 -0.937189
vn 0.271029 -0.219592 -0.937189
vn 0.271029 -0.219592 -0.937189
vn 0.318957 0.922584 -0.217039
vn 0.318957 0.922584 -0.217039
vn 0.318957 0.922584 -0.217039
vn 0.318957 0.922584 -0.217039
vn 0.317797 0.186821 0.929571
vn 0.317797 0.186821 0.929571
vn 0.317797 0.186821 0.929571
vn 0.317797 0.186821 0.929571
vn -0.036211 -0.841150 -0.539588
vn -0.036192 -0.841151 -0.539589
vn -0.022237 -0.841501 -0.539797
vn -0.022237 -0.841501 -0.539797
vn 0.269919 -0.943555 0.191956
vn 0.269919 -0.943555 0.191956
vn 0.269919 -0.943555 0.191956
vn 0.269919 -0.943555 0.191956
vn -0.004988 -0.539641 0.841880
vn -0.006249 -0.539561 0.841923
vn 0.021264 -0.541112 0.840682
vn 0.021264 -0.541112 0.840682
vn -0.212817 -0.952409 0.218236
vn -0.212817 -0.952409 0.218236
vn -0.212817 -0.952409 0.218236
vn -0.212817 -0.952409 0.218236
vn -0.015164 0.977135 -0.212080
vn -0.015164 0.977135 -0.212080
vn 0.022775 0.976595 -0.213878
vn 0.021576 0.976634 -0.213826
vn 0.997464 -0.060805 -0.036994
vn 0.997464 -0.060805 -0.036994
vn 0.997464 -0.060805 -0.036994
vn 0.997464 -0.060805 -0.036994
vn -0.027599 -0.976422 0.214097
vn -0.028576 -0.976385 0.214138
vn 0.002492 -0.977106 0.212738
vn 0.002492 -0.977106 0.212738
vn -0.997462 0.060752 0.037123
vn -0.997462 0.060752 0.037123
vn -0.997462 0.060752 0.037123
vn -0.997462 0.060752 0.037123
vn 0.024423 0.212664 0.976820
vn 0.024423 0.212664 0.976820
vn 0.018753 0.212976 0.976877
vn 0.018558 0.212987 0.976879
vn -0.037130 -0.211944 -0.976576
vn -0.037130 -0.211944 -0.976576
vn -0.024351 -0.212672 -0.976820
vn -0.024779 -0.212649 -0.976815
vn -0.133984 0.543117 -0.828899
vn -0.133984 0.543117 -0.828898
vn -0.133984 0.543117 -0.828899
vn -0.102508 0.837423 0.536856
vn -0.102508 0.837423 0.536856
vn -0.102508 0.837423 0.536856
vn 0.213457 0.514617 -0.830425
vn 0.213457 0.514617 -0.830425
vn 0.213457 0.514617 -0.830425
vn 0.246133 0.815624 0.523619
vn 0.246133 0.815624 0.523619
vn 0.246133 0.815624 0.523619
vn 0.180002 -0.828166 -0.530793
vn 0.180002 -0.828166 -0.530793
vn 0.180002 -0.828166 -0.530793
vn 0.211897 -0.540335 0.814332
vn 0.211897 -0.540335 0.814332
vn 0.211897 -0.540335 0.814332
vn -0.167479 -0.829671 -0.532538
vn -0.167479 -0.829671 -0.532538
vn -0.167479 -0.829671 -0.532538
vn -0.135532 -0.526851 0.839082
vn -0.135532 -0.526851 0.839082
vn -0.135532 -0.526851 0.839082
vn 0.004136 0.539684 -0.841858
vn 0.003287 0.539737 -0.841827
vn -0.013961 0.540727 -0.841082
vn -0.013961 0.540727 -0.841082
vn -0.019891 -0.212916 -0.976868
vn -0.019977 -0.212911 -0.976867
vn -0.022455 -0.212776 -0.976843
vn -0.022455 -0.212776 -0.976843
vn -0.018011 -0.841579 -0.539833
vn -0.018011 -0.841579 -0.539833
vn -0.030364 -0.841315 -0.539691
vn -0.030350 -0.841316 -0.539691
vn -0.003183 -0.977046 0.213004
vn -0.003183 -0.977046 0.213004
vn -0.021583 -0.976630 0.213841
vn -0.022196 -0.976611 0.213867
vn 0.013278 -0.540685 0.841120
vn 0.013278 -0.540685 0.841120
vn 0.001240 -0.540012 0.841657
vn 0.000657 -0.539977 0.841680
vn 0.024288 0.212675 0.976821
vn 0.024375 0.212670 0.976820
vn 0.021810 0.212813 0.976850
vn 0.021810 0.212813 0.976850
vn 0.035014 0.841184 0.539613
vn 0.035036 0.841184 0.539613
vn 0.017327 0.841589 0.539840
vn 0.017327 0.841589 0.539840
vn 0.026675 0.976456 -0.214059
vn 0.025898 0.976485 -0.214026
vn 0.002539 0.977053 -0.212980
vn 0.002539 0.977053 -0.212980
vn 0.024700 0.538286 -0.842400
vn 0.024561 0.538296 -0.842398
vn 0.051570 0.975243 -0.215040
vn 0.051436 0.975251 -0.215035
vn 0.049705 0.840651 0.539291
vn 0.049742 0.840649 0.539290
vn 0.019860 0.212918 0.976868
vn 0.019841 0.212919 0.976869
vn -0.019933 -0.538634 0.842304
vn -0.020214 -0.538614 0.842310
vn -0.047044 -0.975508 0.214875
vn -0.047358 -0.975490 0.214887
vn -0.045110 -0.840837 -0.539405
vn -0.045196 -0.840834 -0.539403
vn -0.015546 -0.213152 -0.976895
vn -0.015552 -0.213152 -0.976895
vn 0.245417 0.460086 0.853283
vn 0.245417 0.460086 0.853283
vn 0.245417 0.460086 0.853283
vn 0.245417 0.460086 0.853283
vn 0.195347 0.872134 -0.448578
vn 0.195347 0.872134 -0.448578
vn 0.195347 0.872134 -0.448578
vn 0.195347 0.872134 -0.448578
vn 0.003471 0.953058 0.302768
vn 0.003471 0.953058 0.302768
vn -0.042726 0.951571 0.304445
vn -0.042306 0.951594 0.304432
vn 0.256741 -0.427622 -0.866731
vn 0.256741 -0.427622 -0.866732
vn 0.256741 -0.427622 -0.866731
vn 0.256741 -0.427622 -0.866731
vn -0.004850 0.304565 -0.952479
vn -0.004850 0.304565 -0.952479
vn -0.033199 0.302929 -0.952435
vn -0.033560 0.302906 -0.952429
vn -0.388854 0.398537 0.830639
vn -0.388854 0.398537 0.830639
vn -0.388854 0.398537 0.830639
vn -0.388854 0.398537 0.830639
vn -0.437976 0.797439 -0.415052
vn -0.437976 0.797439 -0.415052
vn -0.437976 0.797439 -0.415052
vn -0.437976 0.797439 -0.415052
vn -0.377760 -0.448122 -0.810237
vn -0.377760 -0.448122 -0.810237
vn -0.377760 -0.448122 -0.810237
vn -0.377760 -0.448122 -0.810237
vn 0.041944 -0.302392 0.952260
vn 0.041719 -0.302407 0.952266
vn 0.023013 -0.303568 0.952532
vn 0.023013 -0.303568 0.952532
vn -0.329260 -0.840134 0.431003
vn -0.329260 -0.840134 0.431003
vn -0.329260 -0.840134 0.431003
vn -0.329260 -0.840134 0.431003
vn 0.050800 -0.951099 -0.304680
vn 0.051139 -0.951078 -0.304689
vn 0.014677 -0.952719 -0.303498
vn 0.014677 -0.952719 -0.303498
vn 0.307309 -0.844635 0.438353
vn 0.307309 -0.844635 0.438353
vn 0.307309 -0.844635 0.438353
vn 0.307309 -0.844635 0.438353
vn -0.005246 0.888606 -0.458641
vn -0.005246 0.888606 -0.458641
vn -0.055648 0.887080 -0.458250
vn -0.055718 0.887076 -0.458249
vn -0.997548 -0.065037 0.025847
vn -0.997548 -0.065037 0.025847
vn -0.997548 -0.065037 0.025847
vn -0.997548 -0.065037 0.025847
vn 0.063688 -0.886624 0.458085
vn 0.063618 -0.886628 0.458086
vn 0.022361 -0.888339 0.458642
vn 0.022361 -0.888340 0.458643
vn 0.997555 0.065003 -0.025676
vn 0.997555 0.065003 -0.025676
vn 0.997555 0.065003 -0.025676
vn 0.997555 0.065003 -0.025676
vn 0.002670 -0.458776 -0.888548
vn 0.002670 -0.458776 -0.888548
vn 0.010386 -0.458291 -0.888742
vn 0.010504 -0.458283 -0.888744
vn 0.014446 0.459834 0.887888
vn 0.014446 0.459834 0.887888
vn -0.002616 0.458819 0.888526
vn -0.002355 0.458836 0.888518
vn 0.136531 0.945912 0.294295
vn 0.136531 0.945912 0.294295
vn 0.136531 0.945912 0.294295
vn 0.144564 0.309078 -0.939985
vn 0.144564 0.309078 -0.939985
vn 0.144564 0.309078 -0.939985
vn -0.325169 0.896805 0.300009
vn -0.325169 0.896805 0.300009
vn -0.325169 0.896806 0.300009
vn -0.317057 0.272627 -0.908377
vn -0.317057 0.272627 -0.908377
vn -0.317057 0.272627 -0.908377
vn -0.246379 -0.308172 0.918873
vn -0.246379 -0.308172 0.918873
vn -0.246379 -0.308172 0.918873
vn -0.238410 -0.928712 -0.283999
vn -0.238410 -0.928712 -0.283999
vn -0.238410 -0.928712 -0.283999
vn 0.216396 -0.286437 0.933342
vn 0.216396 -0.286437 0.933342
vn 0.216396 -0.286437 0.933342
vn 0.224553 -0.925639 -0.304578
vn 0.224553 -0.925639 -0.304578
vn 0.224553 -0.925639 -0.304578
vn -0.048514 0.951247 0.304592
vn -0.048275 0.951261 0.304585
vn -0.024538 0.952413 0.303820
vn -0.024538 0.952413 0.303820
vn -0.008748 0.458417 0.888694
vn -0.008695 0.458420 0.888693
vn -0.005323 0.458643 0.888605
vn -0.005323 0.458643 0.888605
vn 0.017317 -0.303895 0.952548
vn 0.017317 -0.303895 0.952548
vn 0.034054 -0.302889 0.952417
vn 0.033861 -0.302901 0.952420
vn 0.030024 -0.888143 0.458585
vn 0.030024 -0.888143 0.458585
vn 0.055306 -0.887098 0.458256
vn 0.055255 -0.887101 0.458257
vn 0.025460 -0.952370 -0.303879
vn 0.025460 -0.952370 -0.303879
vn 0.042018 -0.951611 -0.304420
vn 0.042194 -0.951601 -0.304425
vn 0.002821 -0.458798 -0.888536
vn 0.002768 -0.458801 -0.888535
vn 0.006191 -0.458574 -0.888635
vn 0.006191 -0.458574 -0.888635
vn -0.040112 0.302500 -0.952305
vn -0.040380 0.302483 -0.952299
vn -0.016393 0.303910 -0.952560
vn -0.016393 0.303910 -0.952560
vn -0.061183 0.886773 -0.458138
vn -0.061244 0.886770 -0.458136
vn -0.029154 0.888167 -0.458595
vn -0.029154 0.888167 -0.458595
vn -0.076560 0.949186 0.305263
vn -0.076661 0.949177 0.305265
vn -0.095184 0.884293 -0.457128
vn -0.095157 0.884295 -0.457130
vn -0.059996 0.301170 -0.951681
vn -0.060043 0.301167 -0.951679
vn 0.008962 -0.458403 -0.888699
vn 0.008710 -0.458420 -0.888693
vn 0.070571 -0.949684 -0.305156
vn 0.070366 -0.949701 -0.305152
vn 0.089354 -0.884790 0.457343
vn 0.089415 -0.884785 0.457340
vn 0.053818 -0.301595 0.951916
vn 0.053929 -0.301588 0.951912
vn -0.014594 0.458024 0.888820
vn -0.014671 0.458018 0.888822
s off
g polySurface119 group11_pCylinder5
usemtl lambert4SG
f 1/1/1 3/2/2 19/3/3 21/4/4
f 2/675/5 1/1/6 6/6/7 5/677/8
s 1
f 3/8/9 2/5/10 41/9/11 42/10/12
s off
f 4/11/13 6/6/14 22/12/15 24/13/16
s 2
f 5/7/17 4/14/18 47/15/19 48/16/20
s off
f 7/17/21 9/18/22 14/19/23 13/20/24
f 9/18/25 8/686/26 11/685/27 10/23/28
f 10/23/29 12/24/30 18/25/31 17/26/32
s 3
f 43/27/33 44/28/34 20/29/35 19/30/36
s off
f 15/31/37 14/19/38 17/26/39 16/32/40
s 4
f 45/33/41 46/34/42 24/35/43 23/679/44
s off
f 21/4/45 20/29/46 23/679/47 22/12/48
s 5
f 2/5/49 5/7/50 48/16/51 41/9/52
s off
f 9/18/53 10/23/54 17/26/55 14/19/56
s 6
f 44/28/57 45/33/58 23/679/59 20/29/60
s off
f 21/4/61 22/12/62 6/6/63 1/1/64
s 7
f 4/14/65 24/37/66 46/38/67 47/15/68
s 8
f 19/30/69 3/8/70 42/10/71 43/27/72
s off
f 1/1/73 2/678/74 3/2/75
f 4/11/76 5/674/77 6/6/78
f 7/17/79 8/680/80 9/18/81
f 10/23/82 11/22/83 12/24/84
f 13/20/85 14/19/86 15/684/87
f 16/683/88 17/26/89 18/25/90
f 19/3/91 20/676/92 21/4/93
f 22/12/94 23/36/95 24/13/96
s 1
f 33/40/97 34/41/98 8/21/99 7/682/100
s 8
f 40/42/101 33/40/102 7/682/103 13/43/104
s 3
f 13/43/105 15/31/106 39/44/107 40/42/108
s 6
f 15/31/109 16/32/110 38/45/111 39/44/112
s 4
f 16/32/113 18/46/114 37/47/115 38/45/116
s 7
f 36/48/117 37/49/118 18/50/119 12/39/120
s 2
f 35/51/121 36/48/122 12/39/123 11/681/124
s 5
f 34/41/125 35/51/126 11/681/127 8/21/128
s 1
f 26/52/129 25/53/130 34/41/98 33/40/97
s 5
f 25/53/131 32/54/132 35/51/126 34/41/125
s 2
f 32/54/133 31/55/134 36/48/122 35/51/121
s 7
f 31/55/135 30/56/136 37/49/118 36/48/117
s 4
f 38/45/116 37/47/115 30/57/137 29/58/138
s 6
f 39/44/112 38/45/111 29/58/139 28/59/140
s 3
f 40/42/108 39/44/107 28/59/141 27/60/142
s 8
f 27/60/143 26/52/144 33/40/102 40/42/101
s 1
f 42/10/12 41/9/11 25/53/130 26/52/129
s 8
f 43/27/72 42/10/71 26/52/144 27/60/143
s 3
f 27/60/142 28/59/141 44/28/34 43/27/33
s 6
f 28/59/140 29/58/139 45/33/58 44/28/57
s 4
f 29/58/138 30/57/137 46/34/42 45/33/41
s 7
f 47/15/68 46/38/67 30/56/136 31/55/135
s 2
f 48/16/20 47/15/19 31/55/134 32/54/133
s 5
f 41/9/52 48/16/51 32/54/132 25/53/131
s off
f 49/61/145 51/62/146 67/63/147 69/64/148
f 50/801/149 49/61/150 54/66/151 53/802/152
s 17
f 51/68/153 50/65/154 89/69/155 90/70/156
s off
f 52/71/157 54/66/158 70/72/159 72/73/160
s 18
f 53/67/161 52/74/162 95/75/163 96/76/164
s off
f 55/77/165 57/78/166 62/79/167 61/80/168
f 57/78/169 56/791/170 59/790/171 58/83/172
f 58/83/173 60/84/174 66/85/175 65/86/176
s 19
f 91/87/177 92/88/178 68/89/179 67/90/180
s off
f 63/91/181 62/79/182 65/86/183 64/92/184
s 20
f 93/93/185 94/94/186 72/95/187 71/799/188
s off
f 69/64/189 68/89/190 71/799/191 70/72/192
s 21
f 50/65/193 53/67/194 96/76/195 89/69/196
s off
f 57/78/197 58/83/198 65/86/199 62/79/200
s 22
f 92/88/201 93/93/202 71/799/203 68/89/204
s off
f 69/64/205 70/72/206 54/66/207 49/61/208
s 23
f 52/74/209 72/97/210 94/98/211 95/75/212
s 24
f 67/90/213 51/68/214 90/70/215 91/87/216
s off
f 49/61/217 50/803/218 51/62/219
f 52/71/220 53/800/221 54/66/222
f 55/77/223 56/785/224 57/78/225
f 58/83/226 59/82/227 60/84/228
f 61/80/229 62/79/230 63/789/231
f 64/788/232 65/86/233 66/85/234
f 67/63/235 68/798/236 69/64/237
f 70/72/238 71/96/239 72/73/240
s 17
f 81/100/241 82/101/242 56/81/243 55/787/244
s 24
f 88/102/245 81/100/246 55/787/247 61/103/248
s 19
f 61/103/249 63/91/250 87/104/251 88/102/252
s 22
f 63/91/253 64/92/254 86/105/255 87/104/256
s 20
f 64/92/257 66/106/258 85/107/259 86/105/260
s 23
f 84/108/261 85/109/262 66/110/263 60/99/264
s 18
f 83/111/265 84/108/266 60/99/267 59/786/268
s 21
f 82/101/269 83/111/270 59/786/271 56/81/272
s 17
f 74/112/273 73/113/274 82/101/242 81/100/241
s 21
f 73/113/275 80/114/276 83/111/270 82/101/269
s 18
f 80/114/277 79/115/278 84/108/266 83/111/265
s 23
f 79/115/279 78/116/280 85/109/262 84/108/261
s 20
f 86/105/260 85/107/259 78/117/281 77/118/282
s 22
f 87/104/256 86/105/255 77/118/283 76/119/284
s 19
f 88/102/252 87/104/251 76/119/285 75/120/286
s 24
f 75/120/287 74/112/288 81/100/246 88/102/245
s 17
f 90/70/156 89/69/155 73/113/274 74/112/273
s 24
f 91/87/216 90/70/215 74/112/288 75/120/287
s 19
f 75/120/286 76/119/285 92/88/178 91/87/177
s 22
f 76/119/284 77/118/283 93/93/202 92/88/201
s 20
f 77/118/282 78/117/281 94/94/186 93/93/185
s 23
f 95/75/212 94/98/211 78/116/280 79/115/279
s 18
f 96/76/164 95/75/163 79/115/278 80/114/277
s 21
f 89/69/196 96/76/195 80/114/276 73/113/275
s off
f 97/121/289 99/122/290 115/123/291 117/124/292
f 98/796/293 97/121/294 102/126/295 101/795/296
s 33
f 99/128/297 98/125/298 137/129/299 138/130/300
s off
f 100/131/301 102/126/302 118/132/303 120/133/304
s 34
f 101/127/305 100/134/306 143/135/307 144/136/308
s off
f 103/137/309 105/138/310 110/139/311 109/140/312
f 105/138/313 104/784/314 107/783/315 106/143/316
f 106/143/317 108/144/318 114/145/319 113/146/320
s 35
f 139/147/321 140/148/322 116/149/323 115/150/324
s off
f 111/151/325 110/139/326 113/146/327 112/152/328
s 36
f 141/153/329 142/154/330 120/155/331 119/792/332
s off
f 117/124/333 116/149/334 119/792/335 118/132/336
s 37
f 98/125/337 101/127/338 144/136/339 137/129/340
s off
f 105/138/341 106/143/342 113/146/343 110/139/344
s 38
f 140/148/345 141/153/346 119/792/347 116/149/348
s off
f 117/124/349 118/132/350 102/126/351 97/121/352
s 39
f 100/134/353 120/157/354 142/158/355 143/135/356
s 40
f 115/150/357 99/128/358 138/130/359 139/147/360
s off
f 97/121/361 98/797/362 99/122/363
f 100/131/364 101/794/365 102/126/366
f 103/137/367 104/779/368 105/138/369
f 106/143/370 107/142/371 108/144/372
f 109/140/373 110/139/374 111/782/375
f 112/778/376 113/146/377 114/145/378
f 115/123/379 116/793/380 117/124/381
f 118/132/382 119/156/383 120/133/384
s 33
f 129/160/385 130/161/386 104/141/387 103/781/388
s 40
f 136/162/389 129/160/390 103/781/391 109/163/392
s 35
f 109/163/393 111/151/394 135/164/395 136/162/396
s 38
f 111/151/397 112/152/398 134/165/399 135/164/400
s 36
f 112/152/401 114/166/402 133/167/403 134/165/404
s 39
f 132/168/405 133/169/406 114/170/407 108/159/408
s 34
f 131/171/409 132/168/410 108/159/411 107/780/412
s 37
f 130/161/413 131/171/414 107/780/415 104/141/416
s 33
f 122/172/417 121/173/418 130/161/386 129/160/385
s 37
f 121/173/419 128/174/420 131/171/414 130/161/413
s 34
f 128/174/421 127/175/422 132/168/410 131/171/409
s 39
f 127/175/423 126/176/424 133/169/406 132/168/405
s 36
f 134/165/404 133/167/403 126/177/425 125/178/426
s 38
f 135/164/400 134/165/399 125/178/427 124/179/428
s 35
f 136/162/396 135/164/395 124/179/429 123/180/430
s 40
f 123/180/431 122/172/432 129/160/390 136/162/389
s 33
f 138/130/300 137/129/299 121/173/418 122/172/417
s 40
f 139/147/360 138/130/359 122/172/432 123/180/431
s 35
f 123/180/430 124/179/429 140/148/322 139/147/321
s 38
f 124/179/428 125/178/427 141/153/346 140/148/345
s 36
f 125/178/426 126/177/425 142/154/330 141/153/329
s 39
f 143/135/356 142/158/355 126/176/424 127/175/423
s 34
f 144/136/308 143/135/307 127/175/422 128/174/421
s 37
f 137/129/340 144/136/339 128/174/420 121/173/419
s off
f 145/181/433 147/182/434 163/183/435 165/184/436
f 146/185/437 145/181/438 150/186/439 149/187/440
s 49
f 147/188/441 146/185/442 185/189/443 186/190/444
s off
f 148/191/445 150/186/446 166/192/447 168/193/448
s 50
f 149/187/449 148/194/450 191/195/451 192/196/452
s off
f 151/197/453 153/198/454 158/199/455 157/200/456
f 153/198/457 152/201/458 155/755/459 154/203/460
f 154/203/461 156/204/462 162/205/463 161/206/464
s 51
f 187/207/465 188/208/466 164/209/467 163/210/468
s off
f 159/211/469 158/199/470 161/206/471 160/757/472
s 52
f 189/213/473 190/214/474 168/215/475 167/760/476
s off
f 165/184/477 164/763/478 167/762/479 166/192/480
s 53
f 146/185/481 149/187/482 192/196/483 185/189/484
s off
f 153/198/485 154/203/486 161/206/487 158/199/488
s 54
f 188/208/489 189/213/490 167/760/491 164/209/492
s off
f 165/184/493 166/192/494 150/186/495 145/181/496
s 55
f 148/194/497 168/217/498 190/218/499 191/195/500
s 56
f 163/210/501 147/188/502 186/190/503 187/207/504
s off
f 145/181/505 146/764/506 147/182/507
f 148/191/508 149/761/509 150/186/510
f 151/197/511 152/754/512 153/198/513
f 154/203/514 155/202/515 156/204/516
f 157/200/517 158/199/518 159/758/519
f 160/752/520 161/206/521 162/205/522
f 163/183/523 164/759/524 165/184/525
f 166/192/526 167/216/527 168/193/528
s 49
f 177/220/529 178/221/530 152/201/531 151/756/532
s 56
f 184/222/533 177/220/534 151/756/535 157/223/536
s 51
f 157/223/537 159/753/538 183/224/539 184/222/540
s 54
f 159/753/541 160/212/542 182/225/543 183/224/544
s 52
f 160/212/545 162/226/546 181/227/547 182/225/548
s 55
f 180/228/549 181/229/550 162/230/551 156/219/552
s 50
f 179/231/553 180/228/554 156/219/555 155/755/556
s 53
f 178/221/557 179/231/558 155/755/559 152/201/560
s 49
f 170/232/561 169/233/562 178/221/530 177/220/529
s 53
f 169/233/563 176/234/564 179/231/558 178/221/557
s 50
f 176/234/565 175/235/566 180/228/554 179/231/553
s 55
f 175/235/567 174/236/568 181/229/550 180/228/549
s 52
f 182/225/548 181/227/547 174/237/569 173/238/570
s 54
f 183/224/544 182/225/543 173/238/571 172/239/572
s 51
f 184/222/540 183/224/539 172/239/573 171/240/574
s 56
f 171/240/575 170/232/576 177/220/534 184/222/533
s 49
f 186/190/444 185/189/443 169/233/562 170/232/561
s 56
f 187/207/504 186/190/503 170/232/576 171/240/575
s 51
f 171/240/574 172/239/573 188/208/466 187/207/465
s 54
f 172/239/572 173/238/571 189/213/490 188/208/489
s 52
f 173/238/570 174/237/569 190/214/474 189/213/473
s 55
f 191/195/500 190/218/499 174/236/568 175/235/567
s 50
f 192/196/452 191/195/451 175/235/566 176/234/565
s 53
f 185/189/484 192/196/483 176/234/564 169/233/563
s off
f 193/241/577 195/242/578 211/243/579 213/244/580
f 194/704/581 193/241/582 198/246/583 197/703/584
s 65
f 195/248/585 194/245/586 233/249/587 234/250/588
s off
f 196/251/589 198/246/590 214/252/591 216/253/592
s 66
f 197/247/593 196/254/594 239/255/595 240/256/596
s off
f 199/257/597 201/258/598 206/259/599 205/260/600
f 201/258/601 200/711/602 203/709/603 202/263/604
f 202/263/605 204/264/606 210/265/607 209/266/608
s 67
f 235/267/609 236/268/610 212/269/611 211/270/612
s off
f 207/271/613 206/259/614 209/266/615 208/272/616
s 68
f 237/273/617 238/274/618 216/275/619 215/700/620
s off
f 213/244/621 212/269/622 215/700/623 214/252/624
s 69
f 194/245/625 197/247/626 240/256/627 233/249/628
s off
f 201/258/629 202/263/630 209/266/631 206/259/632
s 70
f 236/268/633 237/273/634 215/700/635 212/269/636
s off
f 213/244/637 214/252/638 198/246/639 193/241/640
s 71
f 196/254/641 216/277/642 238/278/643 239/255/644
s 72
f 211/270/645 195/248/646 234/250/647 235/267/648
s off
f 193/241/649 194/705/650 195/242/651
f 196/251/652 197/702/653 198/246/654
f 199/257/655 200/710/656 201/258/657
f 202/263/658 203/262/659 204/264/660
f 205/260/661 206/259/662 207/707/663
f 208/706/664 209/266/665 210/265/666
f 211/243/667 212/701/668 213/244/669
f 214/252/670 215/276/671 216/253/672
s 65
f 225/280/673 226/281/674 200/261/675 199/712/676
s 72
f 232/282/677 225/280/678 199/712/679 205/283/680
s 67
f 205/283/681 207/271/682 231/284/683 232/282/684
s 70
f 207/271/685 208/272/686 230/285/687 231/284/688
s 68
f 208/272/689 210/286/690 229/287/691 230/285/692
s 71
f 228/288/693 229/289/694 210/290/695 204/279/696
s 66
f 227/291/697 228/288/698 204/279/699 203/708/700
s 69
f 226/281/701 227/291/702 203/708/703 200/261/704
s 65
f 218/292/705 217/293/706 226/281/674 225/280/673
s 69
f 217/293/707 224/294/708 227/291/702 226/281/701
s 66
f 224/294/709 223/295/710 228/288/698 227/291/697
s 71
f 223/295/711 222/296/712 229/289/694 228/288/693
s 68
f 230/285/692 229/287/691 222/297/713 221/298/714
s 70
f 231/284/688 230/285/687 221/298/715 220/299/716
s 67
f 232/282/684 231/284/683 220/299/717 219/300/718
s 72
f 219/300/719 218/292/720 225/280/678 232/282/677
s 65
f 234/250/588 233/249/587 217/293/706 218/292/705
s 72
f 235/267/648 234/250/647 218/292/720 219/300/719
s 67
f 219/300/718 220/299/717 236/268/610 235/267/609
s 70
f 220/299/716 221/298/715 237/273/634 236/268/633
s 68
f 221/298/714 222/297/713 238/274/618 237/273/617
s 71
f 239/255/644 238/278/643 222/296/712 223/295/711
s 66
f 240/256/596 239/255/595 223/295/710 224/294/709
s 69
f 233/249/628 240/256/627 224/294/708 217/293/707
s off
f 241/301/721 243/302/722 259/303/723 261/304/724
f 242/716/725 241/301/726 246/306/727 245/717/728
s 81
f 243/308/729 242/305/730 281/309/731 282/310/732
s off
f 244/311/733 246/306/734 262/312/735 264/313/736
s 82
f 245/307/737 244/314/738 287/315/739 288/316/740
s off
f 247/317/741 249/318/742 254/319/743 253/320/744
f 249/318/745 248/725/746 251/724/747 250/323/748
f 250/323/749 252/324/750 258/325/751 257/326/752
s 83
f 283/327/753 284/328/754 260/329/755 259/330/756
s off
f 255/331/757 254/319/758 257/326/759 256/332/760
s 84
f 285/333/761 286/334/762 264/335/763 263/714/764
s off
f 261/304/765 260/329/766 263/714/767 262/312/768
s 85
f 242/305/769 245/307/770 288/316/771 281/309/772
s off
f 249/318/773 250/323/774 257/326/775 254/319/776
s 86
f 284/328/777 285/333/778 263/714/779 260/329/780
s off
f 261/304/781 262/312/782 246/306/783 241/301/784
s 87
f 244/314/785 264/337/786 286/338/787 287/315/788
s 88
f 259/330/789 243/308/790 282/310/791 283/327/792
s off
f 241/301/793 242/718/794 243/302/795
f 244/311/796 245/715/797 246/306/798
f 247/317/799 248/720/800 249/318/801
f 250/323/802 251/322/803 252/324/804
f 253/320/805 254/319/806 255/723/807
f 256/719/808 257/326/809 258/325/810
f 259/303/811 260/713/812 261/304/813
f 262/312/814 263/336/815 264/313/816
s 81
f 273/340/817 274/341/818 248/321/819 247/722/820
s 88
f 280/342/821 273/340/822 247/722/823 253/343/824
s 83
f 253/343/825 255/331/826 279/344/827 280/342/828
s 86
f 255/331/829 256/332/830 278/345/831 279/344/832
s 84
f 256/332/833 258/346/834 277/347/835 278/345/836
s 87
f 276/348/837 277/349/838 258/350/839 252/339/840
s 82
f 275/351/841 276/348/842 252/339/843 251/721/844
s 85
f 274/341/845 275/351/846 251/721/847 248/321/848
s 81
f 266/352/849 265/353/850 274/341/818 273/340/817
s 85
f 265/353/851 272/354/852 275/351/846 274/341/845
s 82
f 272/354/853 271/355/854 276/348/842 275/351/841
s 87
f 271/355/855 270/356/856 277/349/838 276/348/837
s 84
f 278/345/836 277/347/835 270/357/857 269/358/858
s 86
f 279/344/832 278/345/831 269/358/859 268/359/860
s 83
f 280/342/828 279/344/827 268/359/861 267/360/862
s 88
f 267/360/863 266/352/864 273/340/822 280/342/821
s 81
f 282/310/732 281/309/731 265/353/850 266/352/849
s 88
f 283/327/792 282/310/791 266/352/864 267/360/863
s 83
f 267/360/862 268/359/861 284/328/754 283/327/753
s 86
f 268/359/860 269/358/859 285/333/778 284/328/777
s 84
f 269/358/858 270/357/857 286/334/762 285/333/761
s 87
f 287/315/788 286/338/787 270/356/856 271/355/855
s 82
f 288/316/740 287/315/739 271/355/854 272/354/853
s 85
f 281/309/772 288/316/771 272/354/852 265/353/851
s off
f 289/361/865 291/362/866 307/363/867 309/364/868
f 290/688/869 289/361/870 294/366/871 293/691/872
s 97
f 291/368/873 290/365/874 329/369/875 330/370/876
s off
f 292/371/877 294/366/878 310/372/879 312/373/880
s 98
f 293/367/881 292/374/882 335/375/883 336/376/884
s off
f 295/377/885 297/378/886 302/379/887 301/380/888
f 297/378/889 296/699/890 299/698/891 298/383/892
f 298/383/893 300/384/894 306/385/895 305/386/896
s 99
f 331/387/897 332/388/898 308/389/899 307/390/900
s off
f 303/391/901 302/379/902 305/386/903 304/392/904
s 100
f 333/393/905 334/394/906 312/395/907 311/689/908
s off
f 309/364/909 308/389/910 311/689/911 310/372/912
s 101
f 290/365/913 293/367/914 336/376/915 329/369/916
s off
f 297/378/917 298/383/918 305/386/919 302/379/920
s 102
f 332/388/921 333/393/922 311/689/923 308/389/924
s off
f 309/364/925 310/372/926 294/366/927 289/361/928
s 103
f 292/374/929 312/397/930 334/398/931 335/375/932
s 104
f 307/390/933 291/368/934 330/370/935 331/387/936
s off
f 289/361/937 290/692/938 291/362/939
f 292/371/940 293/687/941 294/366/942
f 295/377/943 296/693/944 297/378/945
f 298/383/946 299/382/947 300/384/948
f 301/380/949 302/379/950 303/697/951
f 304/696/952 305/386/953 306/385/954
f 307/363/955 308/690/956 309/364/957
f 310/372/958 311/396/959 312/373/960
s 97
f 321/400/961 322/401/962 296/381/963 295/695/964
s 104
f 328/402/965 321/400/966 295/695/967 301/403/968
s 99
f 301/403/969 303/391/970 327/404/971 328/402/972
s 102
f 303/391/973 304/392/974 326/405/975 327/404/976
s 100
f 304/392/977 306/406/978 325/407/979 326/405/980
s 103
f 324/408/981 325/409/982 306/410/983 300/399/984
s 98
f 323/411/985 324/408/986 300/399/987 299/694/988
s 101
f 322/401/989 323/411/990 299/694/991 296/381/992
s 97
f 314/412/993 313/413/994 322/401/962 321/400/961
s 101
f 313/413/995 320/414/996 323/411/990 322/401/989
s 98
f 320/414/997 319/415/998 324/408/986 323/411/985
s 103
f 319/415/999 318/416/1000 325/409/982 324/408/981
s 100
f 326/405/980 325/407/979 318/417/1001 317/418/1002
s 102
f 327/404/976 326/405/975 317/418/1003 316/419/1004
s 99
f 328/402/972 327/404/971 316/419/1005 315/420/1006
s 104
f 315/420/1007 314/412/1008 321/400/966 328/402/965
s 97
f 330/370/876 329/369/875 313/413/994 314/412/993
s 104
f 331/387/936 330/370/935 314/412/1008 315/420/1007
s 99
f 315/420/1006 316/419/1005 332/388/898 331/387/897
s 102
f 316/419/1004 317/418/1003 333/393/922 332/388/921
s 100
f 317/418/1002 318/417/1001 334/394/906 333/393/905
s 103
f 335/375/932 334/398/931 318/416/1000 319/415/999
s 98
f 336/376/884 335/375/883 319/415/998 320/414/997
s 101
f 329/369/916 336/376/915 320/414/996 313/413/995
s off
f 337/421/1009 339/422/1010 355/667/1011 357/424/1012
f 338/663/1013 337/421/1014 342/426/1015 341/668/1016
s 113
f 339/428/1017 338/425/1018 377/429/1019 378/430/1020
s off
f 340/431/1021 342/426/1022 358/432/1023 360/666/1024
s 114
f 341/427/1025 340/434/1026 383/435/1027 384/436/1028
s off
f 343/437/1029 345/438/1030 350/439/1031 349/440/1032
f 345/438/1033 344/673/1034 347/672/1035 346/443/1036
f 346/443/1037 348/444/1038 354/445/1039 353/446/1040
s 115
f 379/447/1041 380/448/1042 356/449/1043 355/423/1044
s off
f 351/450/1045 350/439/1046 353/446/1047 352/451/1048
s 116
f 381/452/1049 382/453/1050 360/433/1051 359/664/1052
s off
f 357/424/1053 356/449/1054 359/664/1055 358/432/1056
s 117
f 338/425/1057 341/427/1058 384/436/1059 377/429/1060
s off
f 345/438/1061 346/443/1062 353/446/1063 350/439/1064
s 118
f 380/448/1065 381/452/1066 359/664/1067 356/449/1068
s off
f 357/424/1069 358/432/1070 342/426/1071 337/421/1072
s 119
f 340/434/1073 360/455/1074 382/456/1075 383/435/1076
s 120
f 355/423/1077 339/428/1078 378/430/1079 379/447/1080
s off
f 337/421/1081 338/669/1082 339/422/1083
f 340/431/1084 341/662/1085 342/426/1086
f 343/437/1087 344/659/1088 345/438/1089
f 346/443/1090 347/442/1091 348/444/1092
f 349/440/1093 350/439/1094 351/671/1095
f 352/670/1096 353/446/1097 354/445/1098
f 355/667/1099 356/665/1100 357/424/1101
f 358/432/1102 359/454/1103 360/666/1104
s 113
f 369/458/1105 370/459/1106 344/441/1107 343/661/1108
s 120
f 376/460/1109 369/458/1110 343/661/1111 349/461/1112
s 115
f 349/461/1113 351/450/1114 375/462/1115 376/460/1116
s 118
f 351/450/1117 352/451/1118 374/463/1119 375/462/1120
s 116
f 352/451/1121 354/464/1122 373/465/1123 374/463/1124
s 119
f 372/466/1125 373/467/1126 354/468/1127 348/457/1128
s 114
f 371/469/1129 372/466/1130 348/457/1131 347/660/1132
s 117
f 370/459/1133 371/469/1134 347/660/1135 344/441/1136
s 113
f 362/470/1137 361/471/1138 370/459/1106 369/458/1105
s 117
f 361/471/1139 368/472/1140 371/469/1134 370/459/1133
s 114
f 368/472/1141 367/473/1142 372/466/1130 371/469/1129
s 119
f 367/473/1143 366/474/1144 373/467/1126 372/466/1125
s 116
f 374/463/1124 373/465/1123 366/475/1145 365/476/1146
s 118
f 375/462/1120 374/463/1119 365/476/1147 364/477/1148
s 115
f 376/460/1116 375/462/1115 364/477/1149 363/478/1150
s 120
f 363/478/1151 362/470/1152 369/458/1110 376/460/1109
s 113
f 378/430/1020 377/429/1019 361/471/1138 362/470/1137
s 120
f 379/447/1080 378/430/1079 362/470/1152 363/478/1151
s 115
f 363/478/1150 364/477/1149 380/448/1042 379/447/1041
s 118
f 364/477/1148 365/476/1147 381/452/1066 380/448/1065
s 116
f 365/476/1146 366/475/1145 382/453/1050 381/452/1049
s 119
f 383/435/1076 382/456/1075 366/474/1144 367/473/1143
s 114
f 384/436/1028 383/435/1027 367/473/1142 368/472/1141
s 117
f 377/429/1060 384/436/1059 368/472/1140 361/471/1139
s off
f 385/479/1153 387/480/1154 403/481/1155 405/482/1156
f 386/729/1157 385/479/1158 390/484/1159 389/730/1160
s 129
f 387/486/1161 386/483/1162 425/487/1163 426/488/1164
s off
f 388/489/1165 390/484/1166 406/490/1167 408/491/1168
s 130
f 389/485/1169 388/492/1170 431/493/1171 432/494/1172
s off
f 391/495/1173 393/496/1174 398/497/1175 397/498/1176
f 393/496/1177 392/738/1178 395/737/1179 394/501/1180
f 394/501/1181 396/502/1182 402/503/1183 401/504/1184
s 131
f 427/505/1185 428/506/1186 404/507/1187 403/508/1188
s off
f 399/509/1189 398/497/1190 401/504/1191 400/510/1192
s 132
f 429/511/1193 430/512/1194 408/513/1195 407/727/1196
s off
f 405/482/1197 404/507/1198 407/727/1199 406/490/1200
s 133
f 386/483/1201 389/485/1202 432/494/1203 425/487/1204
s off
f 393/496/1205 394/501/1206 401/504/1207 398/497/1208
s 134
f 428/506/1209 429/511/1210 407/727/1211 404/507/1212
s off
f 405/482/1213 406/490/1214 390/484/1215 385/479/1216
s 135
f 388/492/1217 408/515/1218 430/516/1219 431/493/1220
s 136
f 403/508/1221 387/486/1222 426/488/1223 427/505/1224
s off
f 385/479/1225 386/731/1226 387/480/1227
f 388/489/1228 389/728/1229 390/484/1230
f 391/495/1231 392/733/1232 393/496/1233
f 394/501/1234 395/500/1235 396/502/1236
f 397/498/1237 398/497/1238 399/736/1239
f 400/732/1240 401/504/1241 402/503/1242
f 403/481/1243 404/726/1244 405/482/1245
f 406/490/1246 407/514/1247 408/491/1248
s 129
f 417/518/1249 418/519/1250 392/499/1251 391/735/1252
s 136
f 424/520/1253 417/518/1254 391/735/1255 397/521/1256
s 131
f 397/521/1257 399/509/1258 423/522/1259 424/520/1260
s 134
f 399/509/1261 400/510/1262 422/523/1263 423/522/1264
s 132
f 400/510/1265 402/524/1266 421/525/1267 422/523/1268
s 135
f 420/526/1269 421/527/1270 402/528/1271 396/517/1272
s 130
f 419/529/1273 420/526/1274 396/517/1275 395/734/1276
s 133
f 418/519/1277 419/529/1278 395/734/1279 392/499/1280
s 129
f 410/530/1281 409/531/1282 418/519/1250 417/518/1249
s 133
f 409/531/1283 416/532/1284 419/529/1278 418/519/1277
s 130
f 416/532/1285 415/533/1286 420/526/1274 419/529/1273
s 135
f 415/533/1287 414/534/1288 421/527/1270 420/526/1269
s 132
f 422/523/1268 421/525/1267 414/535/1289 413/536/1290
s 134
f 423/522/1264 422/523/1263 413/536/1291 412/537/1292
s 131
f 424/520/1260 423/522/1259 412/537/1293 411/538/1294
s 136
f 411/538/1295 410/530/1296 417/518/1254 424/520/1253
s 129
f 426/488/1164 425/487/1163 409/531/1282 410/530/1281
s 136
f 427/505/1224 426/488/1223 410/530/1296 411/538/1295
s 131
f 411/538/1294 412/537/1293 428/506/1186 427/505/1185
s 134
f 412/537/1292 413/536/1291 429/511/1210 428/506/1209
s 132
f 413/536/1290 414/535/1289 430/512/1194 429/511/1193
s 135
f 431/493/1220 430/516/1219 414/534/1288 415/533/1287
s 130
f 432/494/1172 431/493/1171 415/533/1286 416/532/1285
s 133
f 425/487/1204 432/494/1203 416/532/1284 409/531/1283
s off
f 433/539/1297 435/540/1298 451/541/1299 453/542/1300
f 434/750/1301 433/539/1302 438/544/1303 437/749/1304
s 145
f 435/546/1305 434/543/1306 473/547/1307 474/548/1308
s off
f 436/549/1309 438/544/1310 454/550/1311 456/551/1312
s 146
f 437/545/1313 436/552/1314 479/553/1315 480/554/1316
s off
f 439/555/1317 441/556/1318 446/557/1319 445/558/1320
f 441/556/1321 440/744/1322 443/742/1323 442/561/1324
f 442/561/1325 444/562/1326 450/563/1327 449/564/1328
s 147
f 475/565/1329 476/566/1330 452/567/1331 451/568/1332
s off
f 447/569/1333 446/557/1334 449/564/1335 448/570/1336
s 148
f 477/571/1337 478/572/1338 456/573/1339 455/746/1340
s off
f 453/542/1341 452/567/1342 455/746/1343 454/550/1344
s 149
f 434/543/1345 437/545/1346 480/554/1347 473/547/1348
s off
f 441/556/1349 442/561/1350 449/564/1351 446/557/1352
s 150
f 476/566/1353 477/571/1354 455/746/1355 452/567/1356
s off
f 453/542/1357 454/550/1358 438/544/1359 433/539/1360
s 151
f 436/552/1361 456/575/1362 478/576/1363 479/553/1364
s 152
f 451/568/1365 435/546/1366 474/548/1367 475/565/1368
s off
f 433/539/1369 434/751/1370 435/540/1371
f 436/549/1372 437/748/1373 438/544/1374
f 439/555/1375 440/743/1376 441/556/1377
f 442/561/1378 443/560/1379 444/562/1380
f 445/558/1381 446/557/1382 447/740/1383
f 448/739/1384 449/564/1385 450/563/1386
f 451/541/1387 452/747/1388 453/542/1389
f 454/550/1390 455/574/1391 456/551/1392
s 145
f 465/578/1393 466/579/1394 440/559/1395 439/745/1396
s 152
f 472/580/1397 465/578/1398 439/745/1399 445/581/1400
s 147
f 445/581/1401 447/569/1402 471/582/1403 472/580/1404
s 150
f 447/569/1405 448/570/1406 470/583/1407 471/582/1408
s 148
f 448/570/1409 450/584/1410 469/585/1411 470/583/1412
s 151
f 468/586/1413 469/587/1414 450/588/1415 444/577/1416
s 146
f 467/589/1417 468/586/1418 444/577/1419 443/741/1420
s 149
f 466/579/1421 467/589/1422 443/741/1423 440/559/1424
s 145
f 458/590/1425 457/591/1426 466/579/1394 465/578/1393
s 149
f 457/591/1427 464/592/1428 467/589/1422 466/579/1421
s 146
f 464/592/1429 463/593/1430 468/586/1418 467/589/1417
s 151
f 463/593/1431 462/594/1432 469/587/1414 468/586/1413
s 148
f 470/583/1412 469/585/1411 462/595/1433 461/596/1434
s 150
f 471/582/1408 470/583/1407 461/596/1435 460/597/1436
s 147
f 472/580/1404 471/582/1403 460/597/1437 459/598/1438
s 152
f 459/598/1439 458/590/1440 465/578/1398 472/580/1397
s 145
f 474/548/1308 473/547/1307 457/591/1426 458/590/1425
s 152
f 475/565/1368 474/548/1367 458/590/1440 459/598/1439
s 147
f 459/598/1438 460/597/1437 476/566/1330 475/565/1329
s 150
f 460/597/1436 461/596/1435 477/571/1354 476/566/1353
s 148
f 461/596/1434 462/595/1433 478/572/1338 477/571/1337
s 151
f 479/553/1364 478/576/1363 462/594/1432 463/593/1431
s 146
f 480/554/1316 479/553/1315 463/593/1430 464/592/1429
s 149
f 473/547/1348 480/554/1347 464/592/1428 457/591/1427
s off
f 481/599/1441 483/600/1442 499/601/1443 501/602/1444
f 482/768/1445 481/599/1446 486/604/1447 485/769/1448
s 161
f 483/606/1449 482/603/1450 521/607/1451 522/608/1452
s off
f 484/609/1453 486/604/1454 502/610/1455 504/611/1456
s 162
f 485/605/1457 484/612/1458 527/613/1459 528/614/1460
s off
f 487/615/1461 489/616/1462 494/617/1463 493/618/1464
f 489/616/1465 488/777/1466 491/776/1467 490/621/1468
f 490/621/1469 492/622/1470 498/623/1471 497/624/1472
s 163
f 523/625/1473 524/626/1474 500/627/1475 499/628/1476
s off
f 495/629/1477 494/617/1478 497/624/1479 496/630/1480
s 164
f 525/631/1481 526/632/1482 504/633/1483 503/766/1484
s off
f 501/602/1485 500/627/1486 503/766/1487 502/610/1488
s 165
f 482/603/1489 485/605/1490 528/614/1491 521/607/1492
s off
f 489/616/1493 490/621/1494 497/624/1495 494/617/1496
s 166
f 524/626/1497 525/631/1498 503/766/1499 500/627/1500
s off
f 501/602/1501 502/610/1502 486/604/1503 481/599/1504
s 167
f 484/612/1505 504/635/1506 526/636/1507 527/613/1508
s 168
f 499/628/1509 483/606/1510 522/608/1511 523/625/1512
s off
f 481/599/1513 482/770/1514 483/600/1515
f 484/609/1516 485/767/1517 486/604/1518
f 487/615/1519 488/772/1520 489/616/1521
f 490/621/1522 491/620/1523 492/622/1524
f 493/618/1525 494/617/1526 495/775/1527
f 496/771/1528 497/624/1529 498/623/1530
f 499/601/1531 500/765/1532 501/602/1533
f 502/610/1534 503/634/1535 504/611/1536
s 161
f 513/638/1537 514/639/1538 488/619/1539 487/774/1540
s 168
f 520/640/1541 513/638/1542 487/774/1543 493/641/1544
s 163
f 493/641/1545 495/629/1546 519/642/1547 520/640/1548
s 166
f 495/629/1549 496/630/1550 518/643/1551 519/642/1552
s 164
f 496/630/1553 498/644/1554 517/645/1555 518/643/1556
s 167
f 516/646/1557 517/647/1558 498/648/1559 492/637/1560
s 162
f 515/649/1561 516/646/1562 492/637/1563 491/773/1564
s 165
f 514/639/1565 515/649/1566 491/773/1567 488/619/1568
s 161
f 506/650/1569 505/651/1570 514/639/1538 513/638/1537
s 165
f 505/651/1571 512/652/1572 515/649/1566 514/639/1565
s 162
f 512/652/1573 511/653/1574 516/646/1562 515/649/1561
s 167
f 511/653/1575 510/654/1576 517/647/1558 516/646/1557
s 164
f 518/643/1556 517/645/1555 510/655/1577 509/656/1578
s 166
f 519/642/1552 518/643/1551 509/656/1579 508/657/1580
s 163
f 520/640/1548 519/642/1547 508/657/1581 507/658/1582
s 168
f 507/658/1583 506/650/1584 513/638/1542 520/640/1541
s 161
f 522/608/1452 521/607/1451 505/651/1570 506/650/1569
s 168
f 523/625/1512 522/608/1511 506/650/1584 507/658/1583
s 163
f 507/658/1582 508/657/1581 524/626/1474 523/625/1473
s 166
f 508/657/1580 509/656/1579 525/631/1498 524/626/1497
s 164
f 509/656/1578 510/655/1577 526/632/1482 525/631/1481
s 167
f 527/613/1508 526/636/1507 510/654/1576 511/653/1575
s 162
f 528/614/1460 527/613/1459 511/653/1574 512/652/1573
s 165
f 521/607/1492 528/614/1491 512/652/1572 505/651/1571
