# This file uses meters as units for non-parametric coordinates.

mtllib win_fixed_final.mtl
g default
v 4288.814453 747.444946 118.542480
v 4288.814453 756.179810 118.542480
v 4288.814453 747.444946 -109.413086
v 4288.814453 756.179810 -109.413086
v 4288.814453 865.790283 8.932129
v 4288.814453 865.790283 0.197754
v 4288.814453 637.834595 8.932129
v 4288.814453 637.834595 0.197754
v 4296.583984 748.776855 -109.413086
v 4295.252441 747.444946 -109.413086
v 4295.252441 747.444946 118.542480
v 4296.583984 748.776855 118.542480
v 4295.252441 756.179810 -109.413086
v 4296.583984 754.848022 -109.413086
v 4296.583984 754.848022 118.542480
v 4295.252441 756.179810 118.542480
v 4296.583984 637.834595 7.600586
v 4295.252441 637.834595 8.932129
v 4295.252441 865.790283 8.932129
v 4296.583984 865.790283 7.600586
v 4295.252441 637.834595 0.197754
v 4296.583984 637.834595 1.529297
v 4296.583984 865.790283 1.529297
v 4295.252441 865.790283 0.197754
v 4303.545410 633.376587 137.152344
v 4303.518066 633.376587 135.255859
v 4302.190918 634.712280 131.393555
v 4302.190918 635.094604 134.860840
v 4300.860352 634.317261 136.194336
v 4300.812988 632.402344 136.194336
v 4302.190918 632.118896 137.452148
v 4302.190918 632.118896 -116.953125
v 4300.835938 632.418579 -115.695312
v 4300.861816 634.316162 -115.695312
v 4302.190918 635.091797 -114.363281
v 4302.190918 634.713867 -110.889160
v 4303.520020 633.376587 -114.754883
v 4303.545410 633.376587 -116.653320
v 4302.190918 879.469360 133.781738
v 4300.885742 880.850464 134.889648
v 4300.912598 879.572510 136.194336
v 4302.190918 877.652100 134.812988
v 4302.190918 877.652100 -114.313477
v 4300.885742 879.545532 -115.695312
v 4300.912109 880.850464 -114.416504
v 4302.190918 879.469360 -113.282227
v 4283.344727 879.518677 136.194336
v 4283.344727 880.850464 134.862793
v 4283.344727 880.850464 -114.363281
v 4283.344727 879.518677 -115.695312
v 4283.344727 632.434937 136.194336
v 4283.344727 634.318237 136.194336
v 4283.344727 634.318237 -115.695312
v 4283.344727 632.434937 -115.695312
v 4300.900391 642.116699 121.235352
v 4302.190918 641.237915 122.645508
v 4302.190918 639.542236 121.777344
v 4300.840820 640.826294 119.885254
v 4300.840820 640.826294 -99.386230
v 4302.190918 639.562378 -101.269531
v 4302.190918 641.235107 -102.136230
v 4300.900391 642.116699 -100.736328
v 4300.877930 861.485718 -100.736328
v 4302.190918 862.929321 -102.063965
v 4302.190918 864.167969 -100.613281
v 4300.891602 862.798462 -99.437012
v 4300.891602 862.798462 119.936523
v 4302.190918 864.159058 121.113770
v 4302.190918 862.930908 122.579102
v 4300.877930 861.485718 121.235352
v 4296.654785 643.589233 119.854004
v 4297.959473 642.131470 121.235352
v 4297.933105 640.826294 119.957520
v 4296.654785 642.207764 118.472656
v 4296.654785 642.207764 -97.973633
v 4297.959473 640.826294 -99.431152
v 4297.933105 642.104492 -100.736328
v 4296.654785 643.589478 -99.354492
v 4296.654785 860.035278 -99.354492
v 4297.959473 861.493408 -100.736328
v 4297.933105 862.798462 -99.458008
v 4296.654785 861.416992 -97.973633
v 4296.654785 861.416992 118.472656
v 4297.959473 862.798462 119.930664
v 4297.933105 861.520264 121.235352
v 4296.654785 860.035522 119.854004
v 4295.349609 647.658203 115.708496
v 4296.654785 646.353271 117.053223
v 4296.654785 644.995728 115.708496
v 4295.349609 646.353271 114.403809
v 4295.349609 646.353271 -93.904785
v 4296.654785 645.008667 -95.209961
v 4296.654785 646.353149 -96.567383
v 4295.349609 647.658203 -95.209961
v 4295.349609 855.966553 -95.209961
v 4296.654785 857.271606 -96.554688
v 4296.654785 858.629150 -95.209961
v 4295.349609 857.271484 -93.904785
v 4295.349609 857.271484 114.403809
v 4296.654785 858.616211 115.708496
v 4296.654785 857.271484 117.065918
v 4295.349609 855.966553 115.708496
v 4290.518066 647.685181 115.708496
v 4290.518066 646.353271 114.376953
v 4289.186035 647.685181 114.376953
v 4289.186035 647.685181 -93.877930
v 4290.518066 646.353271 -93.877930
v 4290.518066 647.685181 -95.209961
v 4289.186035 855.939697 -93.877930
v 4290.518066 855.939697 -95.209961
v 4290.518066 857.271484 -93.877930
v 4289.186035 855.939697 114.376953
v 4290.518066 857.271484 114.376953
v 4290.518066 855.939697 115.708496
v 4303.478027 611.192993 -116.605469
v 4303.203613 611.192993 -114.682129
v 4301.240234 611.192993 -114.351074
v 4300.883789 612.500122 -115.695312
v 4302.190918 612.500122 -117.002441
v 4283.344727 612.524780 -115.695312
v 4283.344727 611.192993 -114.363281
v 4302.190918 612.500122 137.501465
v 4300.908203 612.475342 136.194336
v 4301.280273 611.192993 134.906738
v 4303.203613 611.192993 135.181641
v 4303.478027 611.192993 137.104980
v 4283.344727 611.192993 134.862793
v 4283.344727 612.524780 136.194336
v 4331.785156 632.044800 137.136230
v 4331.785156 632.044800 135.252930
v 4330.453125 633.376587 135.252930
v 4330.453125 633.376587 137.136230
v 4330.453125 633.376587 -116.636719
v 4330.453125 633.376587 -114.753418
v 4331.785156 632.044800 -114.753418
v 4331.785156 632.044800 -116.636719
v 4330.453125 611.192993 137.136230
v 4330.453125 611.192993 135.252930
v 4331.785156 612.524780 135.252930
v 4331.785156 612.524780 137.136230
v 4331.785156 612.524780 -116.636719
v 4331.785156 612.524780 -114.753418
v 4330.453125 611.192993 -114.753418
v 4330.453125 611.192993 -116.636719
v 4303.522461 633.376587 143.888672
v 4302.190918 632.044800 143.888672
v 4303.522461 632.044800 145.220703
v 4303.522461 612.524780 145.220703
v 4302.190918 612.524780 143.888672
v 4303.522461 611.192993 143.888672
v 4330.453125 612.524780 145.220703
v 4330.453125 611.192993 143.888672
v 4331.785156 612.524780 143.888672
v 4330.453125 632.044800 145.220703
v 4331.785156 632.044800 143.888672
v 4330.453125 633.376587 143.888672
v 4303.522461 632.044800 -124.721191
v 4302.190918 632.044800 -123.389648
v 4303.522461 633.376587 -123.389648
v 4303.522461 611.192993 -123.389648
v 4302.190918 612.524780 -123.389648
v 4303.522461 612.524780 -124.721191
v 4330.453125 632.044800 -124.721191
v 4330.453125 633.376587 -123.389648
v 4331.785156 632.044800 -123.389648
v 4330.453125 612.524780 -124.721191
v 4331.785156 612.524780 -123.389648
v 4330.453125 611.192993 -123.389648
vt 0.256476 0.049891
vt 0.262078 0.248274
vt 0.256476 0.248274
vt 0.263717 0.049891
vt 0.269001 0.248274
vt 0.270640 0.049891
vt 0.276243 0.049891
vt 0.276243 0.248274
vt 0.256476 0.049891
vt 0.262078 0.248274
vt 0.256476 0.248274
vt 0.263717 0.049891
vt 0.269001 0.248274
vt 0.270640 0.049891
vt 0.276243 0.049891
vt 0.276243 0.248274
vt 0.262078 0.049891
vt 0.263717 0.248274
vt 0.269001 0.049891
vt 0.270640 0.248274
vt 0.262078 0.049891
vt 0.263717 0.248274
vt 0.269001 0.049891
vt 0.270640 0.248274
vt 0.591876 0.210953
vt 0.592058 0.209587
vt 0.010651 0.016407
vt 0.243877 0.016407
vt 0.014525 0.016407
vt 0.010651 0.016407
vt 0.467474 0.026909
vt 0.467474 0.011633
vt 0.469117 0.011633
vt 0.469116 0.026909
vt 0.246095 0.298922
vt 0.611110 0.413121
vt 0.246111 0.283700
vt 0.247746 0.298945
vt 0.461162 0.298986
vt 0.243877 0.016407
vt 0.591885 0.383049
vt 0.010651 0.241587
vt 0.012372 0.243686
vt 0.257582 0.026909
vt 0.257582 0.042185
vt 0.255967 0.042185
vt 0.241910 0.243687
vt 0.243877 0.244373
vt 0.476134 0.042185
vt 0.023055 0.023729
vt 0.021536 0.227625
vt 0.023702 0.016407
vt 0.231024 0.016407
vt 0.232988 0.022286
vt 0.232988 0.227977
vt 0.229862 0.230311
vt 0.024472 0.230311
vt 0.023055 0.225616
vt 0.026807 0.025796
vt 0.025333 0.225616
vt 0.026061 0.023011
vt 0.228661 0.023011
vt 0.229206 0.023762
vt 0.229206 0.225962
vt 0.228097 0.226538
vt 0.026246 0.226538
vt 0.026807 0.223543
vt 0.030388 0.031682
vt 0.028975 0.220473
vt 0.031147 0.026632
vt 0.223589 0.026632
vt 0.225565 0.028911
vt 0.225565 0.220819
vt 0.222951 0.222906
vt 0.031388 0.222906
vt 0.030388 0.217839
vt 0.033825 0.217839
vt 0.034067 0.031454
vt 0.220475 0.031454
vt 0.220717 0.031682
vt 0.220717 0.217839
vt 0.220475 0.218065
vt 0.034067 0.218065
vt 0.034067 0.217839
vt 0.624544 0.413266
vt 0.644438 0.384398
vt 0.644822 0.383042
vt 0.227129 0.299271
vt 0.227144 0.283698
vt 0.486456 0.026909
vt 0.486456 0.011633
vt 0.644810 0.211037
vt 0.610475 0.210652
vt 0.611707 0.210691
vt 0.611650 0.211925
vt 0.610205 0.382106
vt 0.611494 0.382089
vt 0.624927 0.210716
vt 0.626278 0.211939
vt 0.626120 0.382127
vt 0.624831 0.382106
vt 0.626008 0.383375
vt 0.611010 0.206133
vt 0.611836 0.185150
vt 0.644751 0.204572
vt 0.643604 0.205007
vt 0.625595 0.206196
vt 0.624759 0.206216
vt 0.611851 0.206180
vt 0.611512 0.204904
vt 0.592950 0.389110
vt 0.610859 0.387810
vt 0.611232 0.407432
vt 0.624588 0.408897
vt 0.624607 0.407609
vt 0.625440 0.387938
vt 0.611706 0.387800
vt 0.624608 0.387879
vt 0.624947 0.389162
vt 0.034067 0.031682
vt 0.220475 0.031682
vt 0.220475 0.217839
vt 0.474519 0.026909
vt 0.474519 0.042185
vt 0.010207 0.299238
vt 0.010250 0.283629
vt 0.247750 0.283700
vt 0.461140 0.283720
vt 0.009263 0.243380
vt 0.254236 0.011633
vt 0.240210 0.016407
vt 0.243877 0.241996
vt 0.021536 0.022245
vt 0.026061 0.020778
vt 0.228661 0.020778
vt 0.231478 0.023762
vt 0.231478 0.225962
vt 0.228097 0.228807
vt 0.026246 0.228807
vt 0.025333 0.023729
vt 0.028084 0.024477
vt 0.226648 0.024477
vt 0.227732 0.025840
vt 0.227732 0.223892
vt 0.226017 0.225069
vt 0.028319 0.225068
vt 0.028975 0.028861
vt 0.034067 0.028036
vt 0.220475 0.028036
vt 0.224153 0.031682
vt 0.224153 0.217839
vt 0.220475 0.221497
vt 0.034067 0.221497
vt 0.033825 0.031682
vt 0.228761 0.298962
vt 0.228783 0.283698
vt 0.624989 0.211956
vt 0.610362 0.211903
vt 0.611818 0.186438
vt 0.643489 0.203729
vt 0.625102 0.204968
vt 0.611361 0.389042
vt 0.590849 0.208975
vt 0.645611 0.209094
vt 0.644436 0.209680
vt 0.626158 0.210696
vt 0.592958 0.204891
vt 0.611217 0.408720
vt 0.592056 0.384417
vt 0.610326 0.383352
vt 0.611554 0.383323
vt 0.624775 0.383345
vt 0.643593 0.389072
vt 0.010651 0.012369
vt 0.008664 0.012368
vt 0.246081 0.012420
vt 0.243877 0.012420
vt 0.255967 0.026909
vt 0.010592 0.242126
vt 0.610889 0.414383
vt 0.646532 0.384114
vt 0.611665 0.179467
vt 0.646501 0.209964
vt 0.008612 0.283627
vt 0.646126 0.211226
vt 0.008626 0.298912
vt 0.646165 0.382809
vt 0.242970 0.245362
vt 0.245266 0.243767
vt 0.476134 0.026909
vt 0.010592 0.244245
vt 0.254236 0.026909
vt 0.011341 0.245362
vt 0.245266 0.016407
vt 0.246978 0.014215
vt 0.007741 0.014157
vt 0.009263 0.016407
vt 0.591810 0.389573
vt 0.591818 0.204427
vt 0.590847 0.385028
vt 0.611842 0.180746
vt 0.593081 0.390388
vt 0.625190 0.186595
vt 0.625204 0.185308
vt 0.593089 0.203599
vt 0.625271 0.180940
vt 0.625305 0.179688
vt 0.644741 0.389508
vt 0.645615 0.384983
vt 0.624527 0.414530
vt 0.643478 0.390365
vn 1.000000 0.000000 0.000000
vn 1.000000 0.000000 0.000000
vn 1.000000 0.000000 0.000000
vn 1.000000 0.000000 0.000000
vn 0.000000 1.000000 0.000000
vn 0.000000 1.000000 0.000000
vn 0.000000 1.000000 0.000000
vn 0.000000 1.000000 0.000000
vn 0.000000 -1.000000 0.000000
vn 0.000000 -1.000000 0.000000
vn 0.000000 -1.000000 0.000000
vn 0.000000 -1.000000 0.000000
vn 1.000000 0.000000 0.000000
vn 1.000000 0.000000 0.000000
vn 1.000000 0.000000 0.000000
vn 1.000000 0.000000 0.000000
vn 0.000000 0.000000 -1.000000
vn 0.000000 0.000000 -1.000000
vn 0.000000 0.000000 -1.000000
vn 0.000000 0.000000 -1.000000
vn 0.000000 0.000000 1.000000
vn 0.000000 0.000000 1.000000
vn 0.000000 0.000000 1.000000
vn 0.000000 0.000000 1.000000
vn 0.707169 -0.707044 0.000000
vn 0.707169 -0.707044 0.000000
vn 0.707169 -0.707044 0.000000
vn 0.707169 -0.707044 0.000000
vn 0.707137 0.707077 0.000000
vn 0.707137 0.707077 0.000000
vn 0.707137 0.707077 0.000000
vn 0.707137 0.707077 0.000000
vn 0.707107 0.000000 0.707107
vn 0.707107 0.000000 0.707107
vn 0.707107 0.000000 0.707107
vn 0.707107 0.000000 0.707107
vn 0.707107 0.000000 -0.707107
vn 0.707107 0.000000 -0.707107
vn 0.707107 0.000000 -0.707107
vn 0.707107 0.000000 -0.707107
vn -0.693810 0.720152 0.002844
vn -0.693810 0.720152 0.002844
vn -0.693810 0.720152 0.002844
vn -0.693810 0.720152 0.002844
vn 0.000000 1.000000 0.000000
vn 0.000000 1.000000 0.000000
vn 0.000000 1.000000 0.000000
vn 0.000000 1.000000 0.000000
vn 0.709229 0.704978 0.000005
vn 0.709229 0.704978 0.000005
vn 0.709229 0.704978 0.000005
vn 0.709229 0.704978 0.000005
vn 1.000000 -0.000001 0.000000
vn 1.000000 -0.000036 0.000000
vn 1.000000 -0.000023 0.000000
vn 1.000000 -0.000001 0.000000
vn 0.721036 -0.000010 0.692898
vn 0.721036 -0.000010 0.692898
vn 0.721978 0.001660 0.691914
vn 0.725069 0.007178 0.688639
vn -0.000001 0.000000 1.000000
vn 0.000000 0.000000 1.000000
vn 0.000000 0.000000 1.000000
vn -0.000001 0.000000 1.000000
vn -0.694079 -0.000785 0.719898
vn -0.694079 -0.000785 0.719898
vn -0.694079 -0.000785 0.719898
vn -0.694079 -0.000785 0.719898
vn -0.693811 0.720152 -0.002842
vn -0.693811 0.720152 -0.002842
vn -0.693811 0.720152 -0.002842
vn -0.693811 0.720152 -0.002842
vn -0.693838 0.000067 -0.720131
vn -0.693838 0.000067 -0.720131
vn -0.693838 0.000067 -0.720131
vn -0.693838 0.000067 -0.720131
vn -0.000000 0.000000 -1.000000
vn -0.000001 0.000000 -1.000000
vn -0.000001 0.000000 -1.000000
vn -0.000000 0.000000 -1.000000
vn 0.717558 0.000036 -0.696499
vn 0.717558 0.000036 -0.696499
vn 0.721455 0.006838 -0.692427
vn 0.718495 0.001663 -0.695530
vn 1.000000 -0.000019 0.000000
vn 1.000000 0.000000 0.000000
vn 1.000000 0.000000 0.000000
vn 1.000000 -0.000021 0.000000
vn 0.000000 1.000000 -0.000001
vn 0.000000 1.000000 0.000000
vn 0.000000 1.000000 0.000000
vn 0.000000 1.000000 -0.000001
vn 1.000000 -0.000008 0.000000
vn 1.000000 0.000000 0.000000
vn 1.000000 0.000000 0.000000
vn 1.000000 -0.000008 0.000000
vn 0.730303 0.683123 0.000039
vn 0.730303 0.683123 0.000039
vn 0.730303 0.683123 0.000039
vn 0.730303 0.683123 0.000039
vn -0.001628 0.710651 0.703543
vn -0.001628 0.710651 0.703543
vn -0.001628 0.710651 0.703543
vn -0.001628 0.710651 0.703543
vn 1.000000 0.000000 0.000000
vn 1.000000 -0.000008 0.000000
vn 1.000000 -0.000008 0.000000
vn 1.000000 0.000000 0.000000
vn -0.001615 0.703619 -0.710576
vn -0.001615 0.703619 -0.710576
vn -0.001615 0.703619 -0.710576
vn -0.001615 0.703619 -0.710576
vn -0.006884 0.711595 -0.702556
vn -0.006884 0.711595 -0.702556
vn -0.006884 0.711595 -0.702556
vn -0.006884 0.711595 -0.702556
vn 0.729136 0.004733 -0.684352
vn 0.728217 0.002934 -0.685340
vn 0.726676 -0.000064 -0.686980
vn 0.726677 -0.000064 -0.686980
vn 0.686338 0.727283 0.000033
vn 0.686338 0.727283 0.000033
vn 0.686338 0.727283 0.000033
vn 0.686338 0.727283 0.000033
vn -0.006841 0.718783 0.695200
vn -0.006841 0.718783 0.695200
vn -0.006841 0.718783 0.695200
vn -0.006841 0.718783 0.695200
vn 0.724920 0.002929 0.688827
vn 0.725860 0.004758 0.687826
vn 0.723368 -0.000074 0.690462
vn 0.723368 -0.000074 0.690462
vn -0.003466 -0.701609 0.712554
vn -0.003466 -0.701608 0.712554
vn -0.003466 -0.701608 0.712554
vn -0.003466 -0.701609 0.712554
vn 0.725761 -0.687940 0.003038
vn 0.727177 -0.686423 0.006086
vn 0.727199 -0.686399 -0.006138
vn 0.725757 -0.687944 -0.003044
vn -0.003463 -0.708779 -0.705422
vn -0.003463 -0.708779 -0.705422
vn -0.003463 -0.708779 -0.705422
vn -0.003463 -0.708779 -0.705422
vn 1.000000 0.000000 0.000000
vn 1.000000 -0.000027 0.000000
vn 1.000000 -0.000028 0.000000
vn 1.000000 0.000000 0.000000
vn 0.734182 0.007095 -0.678916
vn 0.731970 0.002892 -0.681331
vn 0.731999 -0.002865 -0.681300
vn 0.734364 -0.007372 -0.678716
vn 0.732036 0.681260 -0.002865
vn 0.734401 0.678676 -0.007371
vn 0.734219 0.678875 0.007095
vn 0.732008 0.681290 0.002893
vn 1.000000 -0.000027 0.000000
vn 1.000000 0.000002 0.000000
vn 1.000000 0.000002 0.000000
vn 1.000000 -0.000028 0.000000
vn 0.732119 0.002863 0.681170
vn 0.734483 0.007367 0.678588
vn 0.734300 -0.007092 0.678788
vn 0.732090 -0.002891 0.681201
vn 1.000000 -0.000002 0.000000
vn 1.000000 -0.000033 0.000000
vn 1.000000 -0.000032 0.000000
vn 1.000000 0.000001 0.000000
vn 0.732037 -0.681259 0.002866
vn 0.734401 -0.678676 0.007370
vn 0.734218 -0.678876 -0.007096
vn 0.732007 -0.681291 -0.002892
vn 1.000000 -0.000030 0.000000
vn 1.000000 0.000000 0.000000
vn 1.000000 0.000000 0.000000
vn 1.000000 -0.000031 0.000000
vn 0.003940 0.706993 -0.707210
vn 0.003940 0.706993 -0.707210
vn 0.003940 0.706993 -0.707210
vn 0.003940 0.706993 -0.707210
vn 0.722580 0.007039 -0.691251
vn 0.720743 0.003189 -0.693195
vn 0.720756 -0.003173 -0.693181
vn 0.722565 -0.006962 -0.691268
vn 0.720780 0.693157 -0.003174
vn 0.722588 0.691244 -0.006963
vn 0.722606 0.691224 0.007041
vn 0.720767 0.693170 0.003189
vn 0.003939 0.707165 0.707038
vn 0.003939 0.707165 0.707038
vn 0.003939 0.707165 0.707038
vn 0.003939 0.707165 0.707038
vn 0.720755 0.003173 0.693183
vn 0.722564 0.006963 0.691269
vn 0.722580 -0.007039 0.691252
vn 0.720742 -0.003189 0.693196
vn 0.003930 -0.707183 0.707020
vn 0.003930 -0.707183 0.707020
vn 0.003930 -0.707183 0.707020
vn 0.003930 -0.707183 0.707020
vn 0.720811 -0.693124 0.003173
vn 0.722621 -0.691210 0.006965
vn 0.722634 -0.691195 -0.007039
vn 0.720798 -0.693138 -0.003190
vn 0.003930 -0.707029 -0.707173
vn 0.003930 -0.707029 -0.707173
vn 0.003930 -0.707029 -0.707173
vn 0.003930 -0.707029 -0.707173
vn 0.706976 0.000000 -0.707238
vn 0.706976 0.000000 -0.707238
vn 0.706976 0.000000 -0.707238
vn 0.706976 0.000000 -0.707238
vn 0.707109 0.707105 0.000000
vn 0.707109 0.707105 0.000000
vn 0.707109 0.707105 0.000000
vn 0.707109 0.707105 0.000000
vn 0.707108 0.000000 0.707106
vn 0.707108 0.000000 0.707106
vn 0.707108 0.000000 0.707106
vn 0.707108 0.000000 0.707106
vn 0.707076 -0.707137 0.000000
vn 0.707076 -0.707137 0.000000
vn 0.707076 -0.707137 0.000000
vn 0.707076 -0.707137 0.000000
vn -0.656431 -0.750460 -0.076867
vn -0.661998 -0.746261 -0.069661
vn -0.709634 -0.704561 -0.003712
vn -0.709634 -0.704561 -0.003712
vn 0.000000 -1.000000 0.000000
vn 0.000000 -1.000000 -0.000008
vn 0.000000 -1.000000 -0.000008
vn 0.000000 -1.000000 0.000000
vn 0.000000 -1.000000 0.000000
vn 0.000000 -1.000000 0.000000
vn 0.000000 -1.000000 0.000000
vn -0.043695 -0.734568 -0.677127
vn -0.007454 -0.713327 -0.700791
vn -0.000254 -0.712083 -0.702095
vn -0.000254 -0.712083 -0.702095
vn -0.662181 -0.746140 0.069223
vn -0.656286 -0.750590 0.076833
vn -0.709621 -0.704574 0.003715
vn -0.709621 -0.704574 0.003715
vn -0.007883 -0.708808 0.705357
vn -0.044909 -0.730836 0.681074
vn -0.001860 -0.707916 0.706294
vn -0.001860 -0.707916 0.706294
vn 0.000000 -1.000000 0.000005
vn 0.000000 -1.000000 0.000000
vn 0.000000 -1.000000 0.000005
vn 0.707061 0.707152 0.000000
vn 0.707061 0.707152 0.000000
vn 0.707055 0.707159 0.000000
vn 0.707055 0.707159 0.000000
vn 1.000000 0.000000 0.000000
vn 1.000000 0.000000 0.000000
vn 1.000000 0.000000 0.000000
vn 1.000000 0.000000 0.000000
vn 0.707060 0.707154 0.000000
vn 0.707060 0.707154 0.000000
vn 0.707060 0.707154 0.000000
vn 0.707060 0.707154 0.000000
vn 0.707082 0.707132 0.000000
vn 0.707082 0.707132 0.000000
vn 0.707080 0.707133 0.000000
vn 0.707080 0.707133 0.000000
vn 1.000000 0.000000 0.000000
vn 1.000000 0.000000 0.000000
vn 1.000000 0.000000 0.000000
vn 1.000000 0.000000 0.000000
vn 0.707061 -0.707152 0.000000
vn 0.707061 -0.707152 0.000000
vn 0.707055 -0.707159 0.000000
vn 0.707055 -0.707159 0.000000
vn 0.707060 -0.707154 0.000000
vn 0.707060 -0.707154 0.000000
vn 0.707060 -0.707154 0.000000
vn 0.707060 -0.707154 0.000000
vn 0.707082 -0.707132 0.000000
vn 0.707082 -0.707132 0.000000
vn 0.707080 -0.707133 0.000000
vn 0.707080 -0.707133 0.000000
vn 0.000000 0.707179 0.707035
vn 0.000000 0.707179 0.707035
vn 0.000000 0.707179 0.707035
vn 0.000000 0.707179 0.707035
vn -0.707236 0.000000 0.706977
vn -0.707236 0.000000 0.706977
vn -0.707236 0.000000 0.706977
vn -0.707236 0.000000 0.706977
vn 0.000000 -0.707179 0.707035
vn 0.000000 -0.707179 0.707035
vn 0.000000 -0.707179 0.707035
vn 0.000000 -0.707179 0.707035
vn 0.707106 0.000000 0.707108
vn 0.707106 0.000000 0.707108
vn 0.707106 0.000000 0.707108
vn 0.707106 0.000000 0.707108
vn 0.000000 0.707049 -0.707165
vn 0.000000 0.707049 -0.707165
vn 0.000000 0.707049 -0.707165
vn 0.000000 0.707049 -0.707165
vn -0.707107 0.000000 -0.707107
vn -0.707107 0.000000 -0.707107
vn -0.707107 0.000000 -0.707107
vn -0.707107 0.000000 -0.707107
vn 0.000000 -0.707049 -0.707165
vn 0.000000 -0.707049 -0.707165
vn 0.000000 -0.707049 -0.707165
vn 0.000000 -0.707049 -0.707165
vn 0.706976 0.000000 -0.707237
vn 0.706976 0.000000 -0.707237
vn 0.706976 0.000000 -0.707237
vn 0.706976 0.000000 -0.707237
vn 1.000000 0.000000 0.000000
vn 1.000000 0.000000 0.000000
vn 1.000000 0.000000 0.000000
vn 1.000000 0.000000 0.000000
vn 0.000000 1.000000 0.000000
vn 0.000000 1.000000 0.000000
vn 0.000000 1.000000 0.000000
vn 0.000000 1.000000 0.000000
vn 0.000000 -1.000000 0.000000
vn 0.000000 -1.000000 0.000000
vn 0.000000 0.000000 -1.000000
vn 0.000000 0.000000 -1.000000
vn 0.000000 0.000000 1.000000
vn 0.000000 0.000000 1.000000
vn 0.000000 1.000000 0.000000
vn 0.000000 1.000000 0.000000
vn 0.000000 1.000000 0.000000
vn 0.000000 1.000000 0.000000
vn 0.000002 0.000000 1.000000
vn 0.000002 0.000000 1.000000
vn 0.000002 0.000000 1.000000
vn 0.000002 0.000000 1.000000
vn 0.000000 -1.000000 0.000000
vn 0.000000 -1.000000 0.000000
vn 0.000000 -1.000000 0.000000
vn 0.000000 -1.000000 0.000000
vn -0.000002 0.000000 -1.000000
vn -0.000002 0.000000 -1.000000
vn -0.000002 0.000000 -1.000000
vn -0.000002 0.000000 -1.000000
vn 0.000000 1.000000 0.000000
vn 0.000000 1.000000 0.000000
vn 0.000000 1.000000 0.000000
vn 0.000000 1.000000 0.000000
vn -0.000000 0.000000 1.000000
vn -0.000000 0.000000 1.000000
vn -0.000000 0.000000 1.000000
vn -0.000000 0.000000 1.000000
vn 0.000000 -1.000000 0.000000
vn 0.000000 -1.000000 0.000000
vn 0.000000 -1.000000 0.000000
vn 0.000000 -1.000000 0.000000
vn 0.000000 0.000000 -1.000000
vn 0.000000 0.000000 -1.000000
vn 0.000000 0.000000 -1.000000
vn 0.000000 0.000000 -1.000000
vn -0.000001 0.000000 -1.000000
vn -0.000001 0.000000 -1.000000
vn -0.000001 0.000000 1.000000
vn -0.000001 0.000000 1.000000
vn 0.000000 0.000000 1.000000
vn 0.000000 0.000000 1.000000
vn 0.000000 0.000000 1.000000
vn 0.000000 0.000000 1.000000
vn 0.000000 0.000000 -1.000000
vn 0.000000 0.000000 -1.000000
vn 0.000000 0.000000 -1.000000
vn 0.000000 0.000000 -1.000000
vn -1.000000 0.000000 0.000000
vn -1.000000 0.000000 0.000000
vn -1.000000 0.000000 0.000000
vn -1.000000 0.000000 0.000000
vn 0.000000 -1.000000 0.000007
vn 0.000000 -1.000000 0.000007
vn 1.000000 0.000000 0.000000
vn 1.000000 0.000000 0.000000
vn 0.000000 1.000000 0.000000
vn 0.000000 1.000000 0.000000
vn -1.000000 0.000000 0.000000
vn -1.000000 0.000000 0.000000
vn -1.000000 0.000000 0.000000
vn -1.000000 0.000000 0.000000
vn 0.000000 1.000000 -0.000002
vn 0.000000 1.000000 -0.000002
vn 1.000000 0.000000 0.000000
vn 1.000000 0.000000 0.000000
vn 0.000000 -1.000000 -0.000011
vn 0.000000 -1.000000 -0.000011
vn 0.530102 0.761575 0.372822
vn 0.409906 0.835510 0.365922
vn 0.796949 0.600407 -0.066211
vn 0.409638 0.835930 -0.365264
vn 0.530529 0.762419 -0.370482
vn 0.795715 0.602124 0.065452
vn 0.839232 0.332251 0.430464
vn 0.839232 0.332251 0.430464
vn 0.837408 0.320428 -0.442803
vn 0.837408 0.320428 -0.442803
vn 0.831060 0.320790 -0.454349
vn 0.831060 0.320790 -0.454349
vn 0.829312 0.323956 0.455296
vn 0.829312 0.323956 0.455296
vn 0.821634 -0.419922 0.385466
vn 0.821634 -0.419922 0.385466
vn 0.822084 -0.421215 -0.383087
vn 0.822084 -0.421215 -0.383087
vn 0.577297 0.577277 -0.577476
vn 0.577297 0.577277 -0.577476
vn 0.577297 0.577277 -0.577476
vn 0.577334 0.577418 0.577299
vn 0.577334 0.577418 0.577299
vn 0.577334 0.577418 0.577299
vn 0.577311 -0.577450 0.577291
vn 0.577311 -0.577450 0.577291
vn 0.577311 -0.577450 0.577291
vn 0.577277 -0.577307 -0.577466
vn 0.577277 -0.577307 -0.577466
vn 0.577277 -0.577307 -0.577466
vn -0.438386 -0.831233 -0.341862
vn -0.438027 -0.831905 0.340684
vn -0.577377 0.577516 0.577158
vn -0.577377 0.577516 0.577158
vn -0.577377 0.577516 0.577158
vn -0.577364 -0.577503 0.577185
vn -0.577364 -0.577503 0.577185
vn -0.577364 -0.577502 0.577185
vn 0.577297 -0.577436 0.577317
vn 0.577297 -0.577436 0.577317
vn 0.577297 -0.577436 0.577317
vn 0.577311 0.577450 0.577291
vn 0.577311 0.577450 0.577291
vn 0.577311 0.577450 0.577291
vn -0.577337 0.577377 -0.577337
vn -0.577337 0.577377 -0.577337
vn -0.577337 0.577377 -0.577337
vn -0.577324 -0.577364 -0.577364
vn -0.577324 -0.577364 -0.577364
vn -0.577324 -0.577364 -0.577364
vn 0.577271 0.577311 -0.577470
vn 0.577271 0.577311 -0.577470
vn 0.577271 0.577311 -0.577469
vn 0.577258 -0.577297 -0.577496
vn 0.577258 -0.577297 -0.577496
vn 0.577258 -0.577297 -0.577496
vn 0.029012 0.663743 -0.747398
vn -0.058794 0.468707 -0.881395
vn -0.058794 0.468707 -0.881395
vn 0.122390 0.827760 -0.547572
vn 0.122606 0.827428 0.548025
vn 0.026897 0.660820 0.750062
vn -0.060654 0.467930 0.881682
vn -0.060654 0.467930 0.881682
s off
g window_small
usemtl initialShadingGroup
f 12/18/1 9/4/2 14/19/3 15/5/4
f 16/20/5 13/6/6 4/7/7 2/8/8
f 3/1/9 10/17/10 11/2/11 1/3/12
f 20/22/13 17/12/14 22/23/15 23/13/16
f 24/24/17 21/14/18 8/15/19 6/16/20
f 7/9/21 18/21/22 19/10/23 5/11/24
f 10/17/25 9/4/26 12/18/27 11/2/28
f 14/19/29 13/6/30 16/20/31 15/5/32
f 18/21/33 17/12/34 20/22/35 19/10/36
f 22/23/37 21/14/38 24/24/39 23/13/40
f 25/26/41 31/163/42 146/199/43 145/167/44
s 1
f 26/25/45 25/26/46 132/93/47 131/158/48
s off
f 27/29/49 26/27/50 37/28/51 36/131/52
s 2
f 28/30/53 27/29/54 57/52/55 56/133/56
s 3
f 29/197/57 28/30/58 42/42/59 41/129/60
s 4
f 30/34/61 29/31/62 52/32/63 51/33/64
s off
f 31/201/65 30/182/66 123/207/67 122/206/68
f 32/200/69 38/169/70 159/111/71 158/198/72
f 33/180/73 32/36/74 119/85/75 118/210/76
s 5
f 34/38/77 33/35/78 54/37/79 53/127/80
s 6
f 35/40/81 34/194/82 44/189/83 43/132/84
s 2
f 36/131/85 35/40/86 61/54/87 60/53/88
s 1
f 38/169/89 37/41/90 134/96/91 133/170/92
s 2
f 39/43/93 42/42/94 69/51/95 68/57/96
s off
f 40/193/97 39/43/98 46/47/99 45/188/100
f 41/178/101 40/44/102 48/45/103 47/46/104
s 2
f 43/132/105 46/47/106 65/56/107 64/55/108
s off
f 45/123/109 44/190/110 50/49/111 49/124/112
f 55/50/113 58/134/114 73/61/115 72/140/116
s 8
f 56/133/117 55/50/118 70/58/119 69/51/120
s off
f 58/134/121 57/52/122 60/53/123 59/135/124
f 59/135/125 62/136/126 77/63/127 76/62/128
s 9
f 62/136/129 61/54/130 64/55/131 63/137/132
s off
f 63/137/133 66/138/134 81/65/135 80/64/136
s 10
f 66/138/137 65/56/138 68/57/139 67/139/140
s off
f 67/139/141 70/58/142 85/60/143 84/66/144
s 11
f 71/59/145 74/141/146 89/70/147 88/147/148
s 12
f 72/140/149 71/59/150 86/67/151 85/60/152
f 74/141/153 73/61/154 76/62/155 75/142/156
s 11
f 75/142/157 78/143/158 93/72/159 92/71/160
s 12
f 78/143/161 77/63/162 80/64/163 79/144/164
s 11
f 79/144/165 82/145/166 97/74/167 96/73/168
s 12
f 82/145/169 81/65/170 84/66/171 83/146/172
s 11
f 83/146/173 86/67/174 101/69/175 100/75/176
s off
f 87/68/177 90/148/178 104/78/179 103/154/180
s 15
f 88/147/181 87/68/182 102/76/183 101/69/184
f 90/148/185 89/70/186 92/71/187 91/149/188
s off
f 91/149/189 94/150/190 108/80/191 107/79/192
s 15
f 94/150/193 93/72/194 96/73/195 95/151/196
s off
f 95/151/197 98/152/198 111/82/199 110/81/200
s 15
f 98/152/201 97/74/202 100/75/203 99/153/204
s off
f 99/153/205 102/76/206 114/77/207 113/83/208
f 103/154/209 105/120/210 112/84/211 114/77/212
f 105/120/213 104/78/214 107/79/215 106/121/216
f 106/121/217 108/80/218 110/81/219 109/122/220
f 109/122/221 111/82/222 113/83/223 112/84/224
s 16
f 115/86/225 119/209/226 161/208/227 160/173/228
s 17
f 116/87/229 115/86/230 144/102/231 143/100/232
f 117/187/233 116/87/229 125/92/234 124/185/235
s 16
f 118/155/236 117/88/237 121/89/238 120/156/239
s 19
f 122/164/240 126/165/241 150/106/242 149/105/243
f 124/125/244 123/186/245 128/184/246 127/126/247
s 17
f 126/165/248 125/92/234 138/99/249 137/166/250
s 21
f 129/94/251 132/93/252 156/103/253 155/109/254
s 22
f 130/95/255 129/94/256 140/98/257 139/157/258
s 21
f 131/158/259 130/95/260 135/97/261 134/96/262
f 133/170/263 136/171/264 165/117/265 164/112/266
s 22
f 136/171/267 135/97/268 142/101/269 141/172/270
s 23
f 137/166/271 140/98/272 153/108/273 152/107/274
f 139/157/275 138/99/276 143/100/277 142/101/278
f 141/172/279 144/102/280 168/116/281 167/118/282
s off
f 145/167/283 147/205/284 154/110/285 156/103/286
f 147/159/287 146/104/288 149/204/289 148/203/290
f 148/160/291 150/106/292 152/107/293 151/161/294
f 151/161/295 153/108/296 155/109/297 154/110/298
f 157/202/299 159/111/300 164/112/301 163/162/302
f 158/168/303 157/113/304 162/115/305 161/114/306
f 160/173/307 162/211/308 166/119/309 168/116/310
f 163/162/311 165/117/312 167/118/313 166/119/314
f 105/120/315 106/121/316 109/122/317 112/84/318
f 40/44/319 45/123/320 49/124/321 48/45/322
s 17
f 124/125/235 127/126/323 121/89/324 117/88/233
s 5
f 34/38/77 53/127/80 50/128/325 44/39/326
s 4
f 52/32/63 29/31/62 41/192/327 47/130/328
s 2
f 27/29/54 36/131/85 60/53/88 57/52/55
f 35/40/86 43/132/105 64/55/108 61/54/87
f 46/47/106 39/43/93 68/57/96 65/56/107
f 42/42/94 28/30/53 56/133/56 69/51/95
s off
f 58/134/329 59/135/330 76/62/331 73/61/332
f 62/136/333 63/137/334 80/64/335 77/63/336
f 66/138/337 67/139/338 84/66/339 81/65/340
f 70/58/341 55/50/342 72/140/343 85/60/344
s 11
f 74/141/146 75/142/157 92/71/160 89/70/147
f 78/143/158 79/144/165 96/73/168 93/72/159
f 82/145/166 83/146/173 100/75/176 97/74/167
f 86/67/174 71/59/145 88/147/148 101/69/175
s off
f 90/148/345 91/149/346 107/79/347 104/78/348
f 94/150/349 95/151/350 110/81/351 108/80/352
f 98/152/353 99/153/354 113/83/355 111/82/356
f 102/76/357 87/68/358 103/154/359 114/77/360
s 5
f 54/37/79 33/35/78 118/155/361 120/156/362
s 22
f 135/97/268 130/95/255 139/157/258 142/101/269
s 4
f 30/34/61 51/33/64 128/91/363 123/90/364
s 1
f 37/41/90 26/25/45 131/158/48 134/96/91
s off
f 147/159/365 148/203/366 151/161/367 154/110/368
s 17
f 125/92/234 116/87/229 143/100/232 138/99/249
s off
f 162/115/369 157/113/370 163/162/371 166/119/372
f 31/201/373 122/206/374 149/204/375 146/104/376
s 17
f 126/165/248 137/166/250 152/107/377 150/106/378
s 22
f 140/98/257 129/94/256 155/109/379 153/108/380
s 1
f 132/93/47 25/26/46 145/167/381 156/103/382
s off
f 119/85/383 32/36/384 158/168/385 161/114/386
s 1
f 38/169/89 133/170/92 164/112/387 159/111/388
s 22
f 136/171/267 141/172/270 167/118/389 165/117/390
s 17
f 144/102/231 115/86/230 160/173/391 168/116/392
s 24
f 28/30/393 26/27/394 27/29/395
s 25
f 37/28/396 35/40/397 36/131/398
s 3
f 39/43/399 40/193/400 41/191/60 42/179/59
s 6
f 43/132/84 44/48/83 45/188/401 46/47/402
s 8
f 55/50/118 56/133/117 57/52/403 58/134/404
s 9
f 59/135/405 60/53/406 61/54/130 62/136/129
s 10
f 63/137/407 64/55/408 65/56/138 66/138/137
f 67/139/140 68/57/139 69/51/409 70/58/410
s 12
f 71/59/150 72/140/149 73/61/154 74/141/153
f 75/142/156 76/62/155 77/63/162 78/143/161
f 79/144/164 80/64/163 81/65/170 82/145/169
f 83/146/172 84/66/171 85/60/152 86/67/151
s 15
f 87/68/182 88/147/181 89/70/186 90/148/185
f 91/149/188 92/71/187 93/72/194 94/150/193
f 95/151/196 96/73/195 97/74/202 98/152/201
f 99/153/204 100/75/203 101/69/184 102/76/183
s off
f 103/154/411 104/78/412 105/120/413
f 106/121/414 107/79/415 108/80/416
f 109/122/417 110/81/418 111/82/419
f 112/84/420 113/83/421 114/77/422
s 16
f 118/181/236 116/87/423 117/187/237
s 19
f 122/164/240 123/183/245 125/92/424 126/165/241
s 21
f 129/94/251 130/95/260 131/158/259 132/93/252
f 133/170/263 134/96/262 135/97/261 136/171/264
s 23
f 137/166/271 138/99/276 139/157/275 140/98/272
f 141/172/279 142/101/278 143/100/277 144/102/280
s off
f 145/167/425 146/199/426 147/205/427
f 148/160/428 149/105/429 150/106/430
f 151/161/431 152/107/432 153/108/433
f 154/110/434 155/109/435 156/103/436
f 157/202/437 158/198/438 159/111/439
f 160/173/440 161/208/441 162/211/442
f 163/162/443 164/112/444 165/117/445
f 166/119/446 167/118/447 168/116/448
s 25
f 32/176/449 33/195/450 34/194/451 35/40/397
f 32/176/449 35/40/397 37/28/396 38/177/452
s 24
f 25/174/453 26/27/394 28/30/393 31/175/454
f 31/175/454 28/30/393 29/197/455 30/196/456
s 19
f 125/92/424 123/183/245 124/185/244
s 16
f 115/86/225 116/87/423 118/181/236 119/209/226
g default
v 1149.804688 100.355225 -32.400558
v 1149.804688 105.745605 -32.400558
v 1411.706055 100.355225 -32.400558
v 1411.706055 105.745605 -32.400558
v 1149.804688 -111.983887 -32.400558
v 1149.804688 -106.593262 -32.400558
v 1411.706055 -111.983887 -32.400558
v 1411.706055 -106.593262 -32.400558
v 1234.626953 206.618652 -32.400558
v 1242.288086 206.618652 -32.400558
v 1234.626953 -227.545898 -32.400558
v 1242.288086 -227.545898 -32.400558
v 1149.805664 -8.338867 -35.694504
v 1149.805664 6.937744 -35.694504
v 1411.706055 -8.338867 -35.694504
v 1411.706055 6.937744 -35.694504
v 1320.659180 206.618652 -32.400555
v 1328.320312 206.618652 -32.400555
v 1320.659180 -227.545898 -32.400555
v 1328.320312 -227.545898 -32.400555
v 1411.706055 101.403564 -19.537680
v 1411.706055 100.355225 -20.586010
v 1149.804688 100.355225 -20.586010
v 1149.804688 101.403564 -19.537680
v 1411.706055 105.745605 -20.586010
v 1411.706055 104.697266 -19.537680
v 1149.804688 104.697266 -19.537680
v 1149.804688 105.745605 -20.586010
v 1411.706055 -110.935547 -19.537680
v 1411.706055 -111.983887 -20.586010
v 1149.804688 -111.983887 -20.586010
v 1149.804688 -110.935547 -19.537680
v 1411.706055 -106.593262 -20.586010
v 1411.706055 -107.641602 -19.537680
v 1149.804688 -107.641602 -19.537680
v 1149.804688 -106.593262 -20.586010
v 1235.675781 -227.545898 -19.537680
v 1234.626953 -227.545898 -20.586010
v 1234.626953 206.618652 -20.586010
v 1235.675781 206.618652 -19.537680
v 1242.416016 -248.159668 -20.534758
v 1241.239258 -227.545898 -19.537680
v 1241.239258 206.618652 -19.537680
v 1242.416016 206.514160 -20.534758
v 1411.706055 -7.290527 -19.402962
v 1411.706055 -8.338867 -20.451292
v 1149.805664 -8.338867 -20.451292
v 1149.805664 -7.290527 -19.402962
v 1411.706055 6.937744 -23.572908
v 1411.706055 6.937744 -22.090343
v 1149.805664 6.937744 -22.090343
v 1149.805664 6.937744 -23.572908
v 1411.706055 0.827148 -18.354631
v 1411.706055 -0.221191 -19.402962
v 1149.805664 -0.221191 -19.402962
v 1149.805664 0.827148 -18.354631
v 1411.706055 1.875488 -16.277071
v 1411.706055 0.827148 -17.325403
v 1149.805664 0.827148 -17.325403
v 1149.805664 1.875488 -16.277071
v 1411.706055 6.937744 -17.325403
v 1411.706055 5.889404 -16.277071
v 1149.805664 5.889404 -16.277071
v 1149.805664 6.937744 -17.325403
v 1135.911133 -224.708984 -11.631834
v 1151.172852 -225.450195 -12.641287
v 1135.911133 -223.787476 -12.641281
v 1134.901367 -223.992310 -13.654757
v 1134.901367 -225.506348 -13.438728
v 1134.901367 -225.722534 -11.924646
v 1427.000977 -225.722534 -11.924641
v 1427.000977 -225.506348 -13.438725
v 1427.000977 -223.960815 -13.699324
v 1425.991211 -223.787476 -12.641277
v 1410.725586 -225.450195 -12.641281
v 1425.991211 -224.708984 -11.631828
v 1135.947266 7.162109 -12.641281
v 1134.901367 7.314209 -13.690268
v 1134.901367 5.831787 -13.688633
v 1135.952148 5.662109 -12.641281
v 1425.950195 5.662109 -12.641277
v 1427.000977 5.831787 -13.688629
v 1427.000977 7.314697 -13.690920
v 1425.955078 7.162109 -12.641277
v 1135.969727 222.519043 -12.641281
v 1136.978516 223.671143 -12.641281
v 1135.928711 224.758545 -13.668539
v 1134.901367 223.731201 -13.668478
v 1134.901367 223.709229 -43.004967
v 1135.950195 224.757568 -43.012558
v 1427.000977 223.731201 -13.668472
v 1425.994141 224.758545 -13.647461
v 1424.960938 223.690674 -12.641277
v 1425.932617 222.519531 -12.641277
v 1425.952148 224.757568 -45.112762
v 1427.000977 223.709229 -45.120358
v 1134.901367 -225.451172 -45.120358
v 1134.901367 -223.968628 -45.113575
v 1427.000977 -223.968628 -45.120358
v 1427.000977 -225.451172 -45.120358
v 1156.254883 -226.562988 -13.689470
v 1155.207031 -225.514526 -13.689621
v 1154.158203 -225.414429 -12.641291
v 1155.248047 -225.514404 -12.641287
v 1406.643555 -225.514526 -12.641285
v 1407.739258 -225.414673 -12.641291
v 1406.690430 -225.514526 -13.689621
v 1405.642578 -226.562988 -13.689619
v 1407.745117 203.183838 -12.641291
v 1406.658203 204.222656 -12.641291
v 1405.653320 203.150879 -13.678230
v 1406.690430 202.112061 -13.679972
v 1406.690430 2.756836 -13.690933
v 1407.736328 2.909424 -12.641291
v 1407.741211 4.409424 -12.641291
v 1406.690430 4.239502 -13.688643
v 1155.207031 202.112061 -13.679977
v 1156.232422 203.150879 -13.666830
v 1155.239258 204.213379 -12.641291
v 1154.152344 203.184082 -12.641291
v 1154.161133 2.909180 -12.641291
v 1155.207031 2.757324 -13.690277
v 1155.207031 4.239502 -13.688643
v 1154.156250 4.409424 -12.641291
v 1157.274414 -225.495239 -19.941023
v 1156.293945 -224.315430 -19.941023
v 1155.207031 -225.535645 -18.913816
v 1156.234375 -226.562988 -18.913774
v 1405.663086 -226.562988 -18.913774
v 1406.690430 -225.556885 -18.934944
v 1405.623047 -224.355591 -19.941023
v 1404.623047 -225.495239 -19.941023
v 1406.690430 202.123779 -18.913980
v 1405.684570 203.150879 -18.934338
v 1405.143555 202.083984 -19.941023
v 1405.621094 199.987549 -19.941023
v 1405.637695 2.376709 -19.941023
v 1406.690430 2.758301 -18.893578
v 1406.690430 4.242432 -18.889414
v 1405.648438 3.936768 -19.941023
v 1156.276367 199.987549 -19.941023
v 1156.783203 202.064453 -19.941023
v 1156.234375 203.150879 -18.913515
v 1155.207031 202.123779 -18.913980
v 1155.207031 2.759033 -18.894466
v 1156.261719 2.374756 -19.941023
v 1156.249023 3.936768 -19.941023
v 1155.207031 4.242432 -18.889414
v 1161.591797 -220.977905 -20.978199
v 1160.554688 -219.949463 -20.969488
v 1159.499023 -221.000977 -19.941023
v 1160.577148 -222.039307 -19.941023
v 1401.320312 -222.039307 -19.941023
v 1402.409180 -221.001343 -19.941023
v 1401.342773 -219.939575 -20.979420
v 1400.305664 -220.977905 -20.978199
v 1402.362305 194.787842 -19.941023
v 1401.111328 195.601562 -19.941023
v 1400.309570 194.510254 -20.974163
v 1401.342773 193.462891 -20.988522
v 1401.342773 1.027344 -20.992630
v 1402.384766 1.333496 -19.941023
v 1402.395508 2.893311 -19.941023
v 1401.342773 2.510986 -20.987577
v 1160.554688 193.462891 -20.988522
v 1161.572266 194.510254 -20.958973
v 1160.786133 195.601562 -19.941023
v 1159.535156 194.787842 -19.941023
v 1159.512695 1.333252 -19.941023
v 1160.554688 1.028564 -20.990992
v 1160.554688 2.510986 -20.987577
v 1159.501953 2.893311 -19.941023
v 1161.603516 -219.929565 -30.436424
v 1160.554688 -219.929565 -29.388092
v 1161.603516 -220.977905 -29.388092
v 1400.294922 -220.977905 -29.388092
v 1401.342773 -219.929565 -29.388092
v 1400.294922 -219.929565 -30.436424
v 1401.342773 193.461914 -29.388092
v 1400.294922 194.510254 -29.388092
v 1400.294922 1.770996 -29.388092
v 1400.333008 0.761475 -30.436424
v 1401.342773 1.054443 -29.422947
v 1401.342773 2.549561 -29.657700
v 1401.342773 2.819336 -29.388092
v 1161.603516 194.510254 -29.388092
v 1160.554688 193.461914 -29.388092
v 1160.554688 2.819336 -29.388092
v 1160.554688 2.549561 -29.657700
v 1160.554688 1.022949 -29.378378
v 1161.583984 0.741943 -30.436424
v 1161.603516 1.770996 -29.388092
v 1134.901367 5.830322 -43.011745
v 1134.901367 7.312744 -43.004967
v 1427.000977 7.312744 -45.120358
v 1427.000977 5.830322 -45.120358
v 1400.294922 1.770996 -24.158108
v 1401.342773 2.819336 -24.158108
v 1400.294922 2.819336 -23.109776
v 1400.294922 193.461914 -23.109776
v 1401.342773 193.461914 -24.158108
v 1400.294922 194.510254 -24.158108
v 1160.554688 2.819336 -24.158108
v 1161.603516 1.770996 -24.158108
v 1161.603516 2.819336 -23.109776
v 1161.603516 193.461914 -23.109776
v 1161.603516 194.510254 -24.158108
v 1160.554688 193.461914 -24.158108
v 1134.901367 -242.205444 -11.899998
v 1134.901367 -242.209106 -13.382565
v 1135.950195 -243.257446 -13.382568
v 1135.950195 -243.253784 -11.900005
v 1425.952148 -243.253784 -11.900002
v 1425.952148 -243.257446 -13.382563
v 1427.000977 -242.209106 -13.382561
v 1427.000977 -242.205444 -11.899994
v 1135.950195 -243.257446 -45.120358
v 1134.901367 -242.209106 -45.120358
v 1427.000977 -242.209106 -45.120358
v 1425.952148 -243.257446 -45.120358
v 1135.950195 -225.758301 72.233376
v 1135.950195 -224.709839 71.185043
v 1134.901367 -225.758301 71.185043
v 1427.000977 -225.758301 71.185051
v 1425.952148 -224.709839 71.185051
v 1425.952148 -225.758301 72.233391
v 1135.947266 -241.796387 72.233376
v 1134.901367 -241.798950 71.185043
v 1135.947266 -242.847412 71.187614
v 1425.952148 -241.793823 72.233391
v 1425.955078 -242.847412 71.187622
v 1427.000977 -241.798950 71.185051
v 1321.707031 -227.545898 -19.537680
v 1320.659180 -227.545898 -20.586010
v 1320.659180 206.618652 -20.586010
v 1321.707031 206.618652 -19.537680
v 1328.320312 -227.545898 -20.586010
v 1327.272461 -227.545898 -19.537680
v 1327.272461 206.618652 -19.537680
v 1328.320312 206.618652 -20.586010
v 1141.580078 139.327881 -6.873692
v 1143.474609 139.327881 -6.406940
v 1141.701172 140.334717 -5.984974
v 1145.819336 139.327881 -6.263458
v 1145.969727 140.367920 -5.034130
v 1144.518555 140.359619 -4.833790
v 1144.328125 139.327881 -6.061161
v 1147.118164 139.327881 -8.216072
v 1148.257812 140.367920 -7.731728
v 1147.705078 140.359619 -6.374966
v 1146.544922 139.327881 -6.823917
v 1146.073242 139.327881 -10.315914
v 1147.063477 140.367920 -11.060389
v 1147.962891 140.359619 -9.903801
v 1146.994141 139.327881 -9.125538
v 1143.730469 139.327881 -10.461853
v 1143.581055 140.367920 -11.691935
v 1145.032227 140.359619 -11.892315
v 1145.221680 139.327881 -10.664297
v 1141.178711 140.342285 -9.833157
v 1142.988281 139.327881 -9.933849
v 1141.290039 139.327881 -9.013859
v 1141.701172 163.843994 -5.984974
v 1143.473633 164.858398 -6.370556
v 1141.589844 164.858398 -6.804192
v 1144.328125 164.858398 -6.061161
v 1144.511719 163.818359 -4.836338
v 1145.963867 163.826660 -5.030010
v 1145.819336 164.858398 -6.263458
v 1146.544922 164.858398 -6.823917
v 1147.700195 163.818359 -6.370819
v 1148.258789 163.826660 -7.725010
v 1147.118164 164.858398 -8.216072
v 1146.994141 164.858398 -9.125538
v 1147.963867 163.818359 -9.897099
v 1147.070312 163.826660 -11.057825
v 1146.073242 164.858398 -10.315914
v 1145.221680 164.858398 -10.664297
v 1145.039062 163.818359 -11.889750
v 1143.586914 163.826660 -11.696075
v 1143.730469 164.858398 -10.461853
v 1141.299805 164.858398 -8.944233
v 1142.999023 164.858398 -9.899155
v 1141.178711 163.851562 -9.833157
v 1145.336914 139.327881 -9.732525
v 1146.245117 139.327881 -8.560528
v 1145.682617 139.327881 -7.188896
v 1144.212891 139.327881 -6.989666
v 1143.305664 139.327881 -8.161549
v 1143.868164 139.327881 -9.533108
v 1143.868164 164.858398 -9.533108
v 1143.305664 164.858398 -8.161549
v 1144.212891 164.858398 -6.989666
v 1145.682617 164.858398 -7.188896
v 1146.245117 164.858398 -8.560528
v 1145.336914 164.858398 -9.732525
v 1141.580078 -164.867554 -6.873692
v 1143.474609 -164.867554 -6.406940
v 1141.701172 -163.860718 -5.984974
v 1145.819336 -164.867554 -6.263458
v 1145.969727 -163.827515 -5.034130
v 1144.518555 -163.835815 -4.833790
v 1144.328125 -164.867554 -6.061161
v 1147.118164 -164.867554 -8.216072
v 1148.257812 -163.827515 -7.731728
v 1147.705078 -163.835815 -6.374966
v 1146.544922 -164.867554 -6.823917
v 1146.073242 -164.867554 -10.315914
v 1147.063477 -163.827515 -11.060389
v 1147.962891 -163.835815 -9.903801
v 1146.994141 -164.867554 -9.125538
v 1143.730469 -164.867554 -10.461853
v 1143.581055 -163.827515 -11.691935
v 1145.032227 -163.835815 -11.892315
v 1145.221680 -164.867554 -10.664297
v 1141.178711 -163.853149 -9.833157
v 1142.988281 -164.867554 -9.933849
v 1141.290039 -164.867554 -9.013859
v 1141.701172 -140.351562 -5.984974
v 1143.473633 -139.336914 -6.370556
v 1141.589844 -139.336914 -6.804192
v 1144.328125 -139.336914 -6.061161
v 1144.511719 -140.376953 -4.836338
v 1145.963867 -140.368896 -5.030010
v 1145.819336 -139.336914 -6.263458
v 1146.544922 -139.336914 -6.823917
v 1147.700195 -140.376953 -6.370819
v 1148.258789 -140.368896 -7.725010
v 1147.118164 -139.336914 -8.216072
v 1146.994141 -139.336914 -9.125538
v 1147.963867 -140.376953 -9.897099
v 1147.070312 -140.368896 -11.057825
v 1146.073242 -139.336914 -10.315914
v 1145.221680 -139.336914 -10.664297
v 1145.039062 -140.376953 -11.889750
v 1143.586914 -140.368896 -11.696075
v 1143.730469 -139.336914 -10.461853
v 1141.299805 -139.336914 -8.944233
v 1142.999023 -139.336914 -9.899155
v 1141.178711 -140.343750 -9.833157
v 1145.336914 -164.867554 -9.732525
v 1146.245117 -164.867554 -8.560528
v 1145.682617 -164.867554 -7.188896
v 1144.212891 -164.867554 -6.989666
v 1143.305664 -164.867554 -8.161549
v 1143.868164 -164.867554 -9.533108
v 1143.868164 -139.336914 -9.533108
v 1143.305664 -139.336914 -8.161549
v 1144.212891 -139.336914 -6.989666
v 1145.682617 -139.336914 -7.188896
v 1146.245117 -139.336914 -8.560528
v 1145.336914 -139.336914 -9.732525
v 1419.869141 -164.867554 -7.975079
v 1418.494141 -164.867554 -9.358711
v 1420.228516 -163.860718 -8.796955
v 1416.565430 -164.867554 -10.700583
v 1417.077148 -163.827515 -11.828705
v 1418.420898 -163.835815 -11.245289
v 1417.944336 -164.867554 -10.098248
v 1414.441406 -164.867554 -9.707211
v 1413.719727 -163.827515 -10.713657
v 1414.896484 -163.835815 -11.585289
v 1415.653320 -164.867554 -10.598793
v 1414.241211 -164.867554 -7.370319
v 1413.007812 -163.827515 -7.249420
v 1412.841797 -163.835815 -8.704906
v 1414.073242 -164.867554 -8.866241
v 1416.166016 -164.867554 -6.028122
v 1415.654297 -163.827515 -4.899590
v 1414.310547 -163.835815 -5.482887
v 1414.787109 -164.867554 -6.630474
v 1418.672852 -163.853149 -5.238396
v 1417.075195 -164.867554 -6.092838
v 1419.003906 -164.867554 -5.995983
v 1420.228516 -140.351562 -8.796955
v 1418.513672 -139.336914 -9.388962
v 1419.897461 -139.336914 -8.039387
v 1417.944336 -139.336914 -10.098248
v 1418.424805 -140.376953 -11.239861
v 1417.083984 -140.368896 -11.829453
v 1416.565430 -139.336914 -10.700583
v 1415.653320 -139.336914 -10.598793
v 1414.903320 -140.376953 -11.586040
v 1413.721680 -140.368896 -10.719858
v 1414.441406 -139.336914 -9.707211
v 1414.073242 -139.336914 -8.866241
v 1412.843750 -140.376953 -8.711105
v 1413.003906 -140.368896 -7.254868
v 1414.241211 -139.336914 -7.370319
v 1414.787109 -139.336914 -6.630474
v 1414.306641 -140.376953 -5.488331
v 1415.647461 -140.368896 -4.898834
v 1416.166016 -139.336914 -6.028122
v 1419.032227 -139.336914 -6.060326
v 1417.083984 -139.336914 -6.128300
v 1418.672852 -140.343750 -5.238396
v 1415.172852 -164.867554 -7.486195
v 1415.006836 -164.867554 -8.959438
v 1416.201172 -164.867554 -9.838463
v 1417.559570 -164.867554 -9.244942
v 1417.725586 -164.867554 -7.771713
v 1416.532227 -164.867554 -6.892807
v 1416.532227 -139.336914 -6.892807
v 1417.725586 -139.336914 -7.771713
v 1417.559570 -139.336914 -9.244942
v 1416.201172 -139.336914 -9.838463
v 1415.006836 -139.336914 -8.959438
v 1415.172852 -139.336914 -7.486195
v 1419.869141 139.327881 -7.975086
v 1418.493164 139.327881 -9.358643
v 1420.228516 140.334717 -8.796955
v 1416.565430 139.327881 -10.700281
v 1417.076172 140.367920 -11.828239
v 1418.420898 140.359619 -11.244858
v 1417.944336 139.327881 -10.097656
v 1414.441406 139.327881 -9.707283
v 1413.718750 140.367920 -10.713484
v 1414.896484 140.359619 -11.585167
v 1415.653320 139.327881 -10.598621
v 1414.241211 139.327881 -7.370499
v 1413.007812 140.367920 -7.249756
v 1412.841797 140.359619 -8.705235
v 1414.073242 139.327881 -8.866348
v 1416.166992 139.327881 -6.028122
v 1415.655273 140.367920 -4.899590
v 1414.310547 140.359619 -5.482922
v 1414.787109 139.327881 -6.630550
v 1418.673828 140.342285 -5.238396
v 1417.076172 139.327881 -6.092838
v 1419.004883 139.327881 -5.996059
v 1420.228516 163.843994 -8.796955
v 1418.513672 164.858398 -9.388866
v 1419.897461 164.858398 -8.039364
v 1417.944336 164.858398 -10.097656
v 1418.424805 163.818359 -11.239433
v 1417.083008 163.826660 -11.828985
v 1416.565430 164.858398 -10.700281
v 1415.653320 164.858398 -10.598621
v 1414.903320 163.818359 -11.585918
v 1413.721680 163.826660 -10.719690
v 1414.441406 164.858398 -9.707283
v 1414.073242 164.858398 -8.866348
v 1412.844727 163.818359 -8.711433
v 1413.004883 163.826660 -7.255203
v 1414.241211 164.858398 -7.370499
v 1414.787109 164.858398 -6.630550
v 1414.307617 163.818359 -5.488365
v 1415.648438 163.826660 -4.898838
v 1416.166992 164.858398 -6.028122
v 1419.032227 164.858398 -6.060444
v 1417.083984 164.858398 -6.128300
v 1418.673828 163.851562 -5.238396
v 1415.173828 139.327881 -7.486298
v 1415.006836 139.327881 -8.959488
v 1416.201172 139.327881 -9.838387
v 1417.559570 139.327881 -9.244930
v 1417.726562 139.327881 -7.771732
v 1416.532227 139.327881 -6.892807
v 1416.532227 164.858398 -6.892807
v 1417.726562 164.858398 -7.771732
v 1417.559570 164.858398 -9.244930
v 1416.201172 164.858398 -9.838387
v 1415.006836 164.858398 -8.959488
v 1415.173828 164.858398 -7.486298
vt 0.925871 0.453389
vt 0.950083 0.990111
vt 0.925871 0.990111
vt 0.953121 0.453389
vt 0.959871 0.990111
vt 0.962909 0.453389
vt 0.987121 0.453389
vt 0.987121 0.990111
vt 0.925871 0.453390
vt 0.950083 0.990111
vt 0.925871 0.990111
vt 0.953121 0.453390
vt 0.959871 0.990111
vt 0.962910 0.453390
vt 0.987121 0.453390
vt 0.987121 0.990111
vt 0.868275 0.326592
vt 0.886354 0.990973
vt 0.868275 0.990973
vt 0.888623 0.326592
vt 0.897138 0.990973
vt 0.899407 0.326592
vt 0.917486 0.326592
vt 0.917486 0.990973
vt 0.501096 0.004146
vt 0.524712 0.409915
vt 0.501096 0.409915
vt 0.562346 0.004146
vt 0.581126 0.004146
vt 0.581126 0.409915
vt 0.527009 0.004146
vt 0.537962 0.409915
vt 0.540259 0.004146
vt 0.541854 0.409915
vt 0.544150 0.004146
vt 0.550369 0.409915
vt 0.560049 0.409915
vt 0.552666 0.004146
vt 0.868275 0.326592
vt 0.886354 0.990973
vt 0.868275 0.990973
vt 0.888622 0.326592
vt 0.897138 0.990973
vt 0.899407 0.326592
vt 0.917486 0.326592
vt 0.917486 0.990973
vt 0.950083 0.453389
vt 0.953121 0.990111
vt 0.959871 0.453389
vt 0.962909 0.990111
vt 0.950083 0.453390
vt 0.953121 0.990111
vt 0.959871 0.453390
vt 0.962910 0.990111
vt 0.886354 0.326592
vt 0.888623 0.990973
vt 0.897138 0.326592
vt 0.899407 0.990973
vt 0.524712 0.004146
vt 0.527009 0.409915
vt 0.560049 0.004146
vt 0.562346 0.409915
vt 0.537962 0.004146
vt 0.540259 0.409915
vt 0.541854 0.004146
vt 0.544150 0.409915
vt 0.550369 0.004146
vt 0.552666 0.409915
vt 0.442273 0.934343
vt 0.010447 0.310420
vt 0.358794 0.310419
vt 0.028491 0.310420
vt 0.016293 0.310420
vt 0.078374 0.706370
vt 0.104539 0.706373
vt 0.104539 0.707667
vt 0.445426 0.947657
vt 0.814244 0.934343
vt 0.818131 0.926900
vt 0.818131 0.934343
vt 0.365348 0.306464
vt 0.077925 0.707218
vt 0.104982 0.705932
vt 0.364097 0.310420
vt 0.016293 0.592908
vt 0.016293 0.594926
vt 0.078400 0.507715
vt 0.104565 0.507718
vt 0.105007 0.508983
vt 0.077951 0.508979
vt 0.105007 0.507712
vt 0.105031 0.322237
vt 0.016293 0.861482
vt 0.024655 0.855977
vt 0.692717 0.459756
vt 0.692719 0.426696
vt 0.694315 0.426696
vt 0.364097 0.857637
vt 0.375763 0.426672
vt 0.366339 0.855977
vt 0.033414 0.310420
vt 0.335924 0.310419
vt 0.151247 0.761230
vt 0.257151 0.321312
vt 0.037683 0.592908
vt 0.341389 0.310420
vt 0.341389 0.588729
vt 0.329325 0.316867
vt 0.341389 0.590678
vt 0.343900 0.832645
vt 0.045028 0.832644
vt 0.197226 0.756678
vt 0.329325 0.587883
vt 0.037683 0.836419
vt 0.037683 0.594926
vt 0.257151 0.819108
vt 0.257151 0.585382
vt 0.160209 0.761231
vt 0.160209 0.345806
vt 0.162305 0.759699
vt 0.266838 0.321312
vt 0.263230 0.585382
vt 0.323145 0.316867
vt 0.323145 0.585981
vt 0.321378 0.318296
vt 0.323145 0.587883
vt 0.206054 0.756678
vt 0.263230 0.819966
vt 0.208155 0.756679
vt 0.321378 0.587883
vt 0.263230 0.819108
vt 0.263230 0.587287
vt 0.266838 0.816602
vt 0.266838 0.585381
vt 0.168062 0.754353
vt 0.168062 0.353401
vt 0.170817 0.752939
vt 0.270475 0.326210
vt 0.266838 0.585381
vt 0.317507 0.322293
vt 0.317507 0.585981
vt 0.315736 0.323607
vt 0.317507 0.587883
vt 0.219252 0.747795
vt 0.266838 0.811053
vt 0.221424 0.747795
vt 0.315736 0.587883
vt 0.266838 0.809728
vt 0.266838 0.587286
vt 0.270475 0.809728
vt 0.270475 0.585381
vt 0.184720 0.752939
vt 0.184719 0.355438
vt 0.611786 0.561826
vt 0.280465 0.585381
vt 0.305216 0.323607
vt 0.305216 0.585981
vt 0.305216 0.813250
vt 0.305216 0.587883
vt 0.234987 0.747795
vt 0.280465 0.811053
vt 0.305216 0.587639
vt 0.305216 0.585927
vt 0.611786 0.787538
vt 0.280465 0.809728
vt 0.280465 0.587287
vt 0.280465 0.584869
vt 0.289151 0.584869
vt 0.301350 0.587639
vt 0.243656 0.750024
vt 0.243656 0.747795
vt 0.289152 0.811053
vt 0.290717 0.586533
vt 0.290717 0.809728
vt 0.289152 0.809728
vt 0.421336 0.947657
vt 0.421336 0.988452
vt 0.714306 0.467622
vt 0.839060 0.934343
vt 0.377037 0.467595
vt 0.377035 0.504506
vt 0.441119 0.839361
vt 0.421336 0.839361
vt 0.442273 0.826892
vt 0.814244 0.828439
vt 0.814244 0.826892
vt 0.839060 0.828439
vt 0.009641 0.989517
vt 0.840584 0.817662
vt 0.814244 0.806325
vt 0.886354 0.326592
vt 0.888623 0.990973
vt 0.897138 0.326592
vt 0.899407 0.990973
vt 0.301439 0.192706
vt 0.062255 0.715574
vt 0.295936 0.220372
vt 0.295937 0.202303
vt 0.307187 0.202435
vt 0.072425 0.715574
vt 0.070768 0.719303
vt 0.317098 0.238974
vt 0.301444 0.229906
vt 0.307185 0.220238
vt 0.082599 0.715574
vt 0.080941 0.719302
vt 0.343784 0.229929
vt 0.328126 0.238974
vt 0.322612 0.229150
vt 0.092771 0.715574
vt 0.091108 0.719302
vt 0.349302 0.202301
vt 0.349302 0.220371
vt 0.338030 0.220235
vt 0.102941 0.715574
vt 0.101281 0.719303
vt 0.336010 0.170927
vt 0.344220 0.192609
vt 0.338029 0.202437
vt 0.322612 0.193527
vt 0.066324 0.803382
vt 0.064666 0.807111
vt 0.336023 0.170925
vt 0.344232 0.192634
vt 0.338052 0.202435
vt 0.072425 0.807111
vt 0.070750 0.803412
vt 0.076492 0.803382
vt 0.074825 0.807111
vt 0.338054 0.220239
vt 0.082599 0.807111
vt 0.080923 0.803412
vt 0.086663 0.803382
vt 0.085003 0.807111
vt 0.322627 0.229150
vt 0.092771 0.807111
vt 0.091091 0.803412
vt 0.096835 0.803382
vt 0.095176 0.807111
vt 0.307209 0.220235
vt 0.102941 0.807111
vt 0.101262 0.803412
vt 0.105357 0.807111
vt 0.322627 0.193527
vt 0.307210 0.202438
vt 0.301439 0.192706
vt 0.062255 0.715574
vt 0.295936 0.220372
vt 0.295937 0.202303
vt 0.307187 0.202435
vt 0.072425 0.715574
vt 0.070768 0.719303
vt 0.317098 0.238974
vt 0.301444 0.229906
vt 0.307185 0.220238
vt 0.082599 0.715574
vt 0.080941 0.719302
vt 0.343784 0.229929
vt 0.328126 0.238974
vt 0.322612 0.229150
vt 0.092771 0.715574
vt 0.091108 0.719302
vt 0.349302 0.202301
vt 0.349302 0.220371
vt 0.338030 0.220235
vt 0.102941 0.715574
vt 0.101281 0.719303
vt 0.336010 0.170927
vt 0.344220 0.192609
vt 0.338029 0.202437
vt 0.322612 0.193527
vt 0.066324 0.803382
vt 0.064666 0.807111
vt 0.336023 0.170925
vt 0.344232 0.192634
vt 0.338052 0.202435
vt 0.072425 0.807111
vt 0.070750 0.803412
vt 0.076492 0.803382
vt 0.074825 0.807111
vt 0.338054 0.220239
vt 0.082599 0.807111
vt 0.080923 0.803412
vt 0.086663 0.803382
vt 0.085003 0.807111
vt 0.322627 0.229150
vt 0.092771 0.807111
vt 0.091091 0.803412
vt 0.096835 0.803382
vt 0.095176 0.807111
vt 0.307209 0.220235
vt 0.102941 0.807111
vt 0.101262 0.803412
vt 0.105357 0.807111
vt 0.322627 0.193527
vt 0.307210 0.202438
vt 0.301438 0.192706
vt 0.062254 0.715574
vt 0.295939 0.220378
vt 0.295936 0.202306
vt 0.307189 0.202440
vt 0.072427 0.715574
vt 0.070769 0.719303
vt 0.317098 0.238972
vt 0.301447 0.229917
vt 0.307189 0.220243
vt 0.082598 0.715574
vt 0.080940 0.719302
vt 0.343786 0.229937
vt 0.328124 0.238970
vt 0.322612 0.229150
vt 0.092770 0.715574
vt 0.091109 0.719303
vt 0.349302 0.202305
vt 0.349303 0.220376
vt 0.338030 0.220239
vt 0.102940 0.715574
vt 0.101280 0.719303
vt 0.336012 0.170929
vt 0.344221 0.192615
vt 0.338029 0.202438
vt 0.322614 0.193530
vt 0.066323 0.803382
vt 0.064665 0.807111
vt 0.336023 0.170928
vt 0.344231 0.192630
vt 0.338050 0.202440
vt 0.072427 0.807111
vt 0.070751 0.803412
vt 0.076493 0.803382
vt 0.074828 0.807111
vt 0.338050 0.220243
vt 0.082598 0.807111
vt 0.080923 0.803412
vt 0.086663 0.803382
vt 0.085001 0.807111
vt 0.322627 0.229150
vt 0.092770 0.807111
vt 0.091092 0.803412
vt 0.096836 0.803382
vt 0.095176 0.807111
vt 0.307209 0.220239
vt 0.102940 0.807111
vt 0.101263 0.803412
vt 0.105356 0.807111
vt 0.322625 0.193530
vt 0.307210 0.202438
vt 0.301440 0.192713
vt 0.062255 0.715574
vt 0.295937 0.220375
vt 0.295938 0.202302
vt 0.307188 0.202442
vt 0.072426 0.715574
vt 0.070769 0.719303
vt 0.317097 0.238971
vt 0.301445 0.229914
vt 0.307185 0.220236
vt 0.082598 0.715574
vt 0.080941 0.719302
vt 0.343784 0.229936
vt 0.328125 0.238973
vt 0.322613 0.229152
vt 0.092770 0.715574
vt 0.091109 0.719303
vt 0.349301 0.202304
vt 0.349302 0.220375
vt 0.338028 0.220238
vt 0.102940 0.715574
vt 0.101280 0.719303
vt 0.336009 0.170927
vt 0.344220 0.192614
vt 0.338028 0.202437
vt 0.322612 0.193527
vt 0.066323 0.803382
vt 0.064665 0.807111
vt 0.336024 0.170927
vt 0.344232 0.192630
vt 0.338052 0.202442
vt 0.072426 0.807111
vt 0.070751 0.803412
vt 0.076493 0.803382
vt 0.074827 0.807111
vt 0.338054 0.220236
vt 0.082598 0.807111
vt 0.080923 0.803412
vt 0.086663 0.803382
vt 0.085002 0.807111
vt 0.322626 0.229152
vt 0.092770 0.807111
vt 0.091092 0.803412
vt 0.096836 0.803382
vt 0.095176 0.807111
vt 0.307211 0.220238
vt 0.102940 0.807111
vt 0.101263 0.803412
vt 0.105356 0.807111
vt 0.322627 0.193527
vt 0.307211 0.202437
vt 0.302124 0.323607
vt 0.305216 0.584101
vt 0.377347 0.459732
vt 0.377349 0.426672
vt 0.419209 0.988452
vt 0.077926 0.705929
vt 0.078400 0.508989
vt 0.104564 0.508992
vt 0.340855 0.310419
vt 0.364097 0.588729
vt 0.037683 0.310420
vt 0.151248 0.345806
vt 0.329325 0.585981
vt 0.257151 0.819966
vt 0.263230 0.321312
vt 0.162305 0.347732
vt 0.321378 0.585981
vt 0.266838 0.819966
vt 0.266838 0.326209
vt 0.170817 0.355438
vt 0.315736 0.585981
vt 0.270475 0.811053
vt 0.280465 0.326209
vt 0.014330 0.863010
vt 0.104589 0.321792
vt 0.077951 0.507709
vt 0.077976 0.322234
vt 0.364097 0.590678
vt 0.364097 0.855977
vt 0.341389 0.825743
vt 0.197226 0.756679
vt 0.323145 0.822920
vt 0.211413 0.756678
vt 0.317506 0.814495
vt 0.221424 0.750025
vt 0.245931 0.747795
vt 0.596193 0.782376
vt 0.270475 0.587286
vt 0.266838 0.587287
vt 0.257151 0.587286
vt 0.301351 0.585927
vt 0.280465 0.586532
vt 0.289151 0.586532
vt 0.442273 0.806325
vt 0.445426 0.988452
vt 0.818131 0.967537
vt 0.839060 0.926900
vt 0.839060 0.967537
vt 0.442273 0.828439
vt 0.441119 0.946045
vt 0.421336 0.946045
vt 0.009643 0.876162
vt 0.840584 0.934343
vt 0.818131 0.828439
vt 0.066342 0.719274
vt 0.058375 0.803474
vt 0.076510 0.719273
vt 0.086681 0.719273
vt 0.096854 0.719273
vt 0.109229 0.719211
vt 0.310057 0.170926
vt 0.310073 0.170925
vt 0.349302 0.220373
vt 0.343795 0.229906
vt 0.328141 0.238974
vt 0.317113 0.238974
vt 0.301455 0.229930
vt 0.295937 0.220372
vt 0.066342 0.719274
vt 0.058375 0.803474
vt 0.076510 0.719273
vt 0.086681 0.719273
vt 0.096854 0.719273
vt 0.109229 0.719211
vt 0.310057 0.170926
vt 0.310073 0.170925
vt 0.349302 0.220373
vt 0.343795 0.229906
vt 0.328141 0.238974
vt 0.317113 0.238974
vt 0.301455 0.229930
vt 0.295937 0.220372
vt 0.066341 0.719274
vt 0.058375 0.803474
vt 0.076511 0.719274
vt 0.086680 0.719274
vt 0.096853 0.719274
vt 0.109229 0.719211
vt 0.310059 0.170928
vt 0.310070 0.170930
vt 0.349300 0.220378
vt 0.343793 0.229917
vt 0.328141 0.238972
vt 0.317115 0.238970
vt 0.301453 0.229937
vt 0.295936 0.220376
vt 0.066341 0.719273
vt 0.058375 0.803474
vt 0.076511 0.719273
vt 0.086681 0.719274
vt 0.096853 0.719273
vt 0.109229 0.719211
vt 0.310058 0.170927
vt 0.310073 0.170928
vt 0.349303 0.220375
vt 0.343794 0.229914
vt 0.328142 0.238971
vt 0.317114 0.238973
vt 0.301454 0.229936
vt 0.295936 0.220375
vt 0.349302 0.202304
vt 0.295937 0.202302
vt 0.301449 0.192684
vt 0.349302 0.202304
vt 0.295937 0.202302
vt 0.301449 0.192684
vt 0.349303 0.202306
vt 0.295937 0.202305
vt 0.301449 0.192691
vt 0.349302 0.202302
vt 0.295938 0.202304
vt 0.301450 0.192690
vt 0.010053 0.310420
vt 0.078374 0.707663
vt 0.008761 0.312894
vt 0.360653 0.305233
vt 0.359316 0.310420
vt 0.024655 0.864226
vt 0.694313 0.459756
vt 0.058375 0.715574
vt 0.058375 0.719184
vt 0.068079 0.715574
vt 0.064666 0.715574
vt 0.078240 0.715574
vt 0.074825 0.715574
vt 0.088416 0.715574
vt 0.085003 0.715574
vt 0.098586 0.715574
vt 0.095176 0.715574
vt 0.105323 0.715574
vt 0.109229 0.715574
vt 0.062288 0.807111
vt 0.058375 0.807111
vt 0.068079 0.807111
vt 0.078240 0.807111
vt 0.088416 0.807111
vt 0.098586 0.807111
vt 0.109229 0.807111
vt 0.109229 0.803501
vt 0.058375 0.715574
vt 0.058375 0.719184
vt 0.068079 0.715574
vt 0.064666 0.715574
vt 0.078240 0.715574
vt 0.074825 0.715574
vt 0.088416 0.715574
vt 0.085003 0.715574
vt 0.098586 0.715574
vt 0.095176 0.715574
vt 0.105323 0.715574
vt 0.109229 0.715574
vt 0.062288 0.807111
vt 0.058375 0.807111
vt 0.068079 0.807111
vt 0.078240 0.807111
vt 0.088416 0.807111
vt 0.098586 0.807111
vt 0.109229 0.807111
vt 0.109229 0.803501
vt 0.058375 0.715574
vt 0.058375 0.719184
vt 0.068079 0.715574
vt 0.064665 0.715574
vt 0.078242 0.715574
vt 0.074828 0.715574
vt 0.088415 0.715574
vt 0.085001 0.715574
vt 0.098586 0.715574
vt 0.095176 0.715574
vt 0.105323 0.715574
vt 0.109229 0.715574
vt 0.062286 0.807111
vt 0.058375 0.807111
vt 0.068079 0.807111
vt 0.078242 0.807111
vt 0.088415 0.807111
vt 0.098586 0.807111
vt 0.109229 0.807111
vt 0.109229 0.803501
vt 0.058375 0.715574
vt 0.058375 0.719184
vt 0.068079 0.715574
vt 0.064665 0.715574
vt 0.078240 0.715574
vt 0.074827 0.715574
vt 0.088416 0.715574
vt 0.085002 0.715574
vt 0.098586 0.715574
vt 0.095176 0.715574
vt 0.105323 0.715574
vt 0.109229 0.715574
vt 0.062287 0.807111
vt 0.058375 0.807111
vt 0.068079 0.807111
vt 0.078240 0.807111
vt 0.088416 0.807111
vt 0.098586 0.807111
vt 0.109229 0.807111
vt 0.109229 0.803501
vt 0.367620 0.857637
vt 0.365348 0.850887
vt 0.375760 0.459732
vt 0.024655 0.857637
vt 0.078424 0.321788
vt 0.025054 0.857637
vt 0.365348 0.590678
vt 0.365348 0.588729
vt 0.014330 0.592908
vt 0.014330 0.594926
vt 0.365348 0.310419
vt 0.104981 0.707221
vt 0.014330 0.314116
vt 0.014330 0.310420
vt 0.714303 0.504532
vt 0.419209 0.839361
vt 0.419209 0.946045
vt 0.419209 0.947657
vt 0.417167 0.837615
vt 0.442273 0.804423
vt 0.441119 0.837615
vt 0.814244 0.804423
vt 0.839060 0.817028
vt 0.813244 0.817028
vt 0.405288 0.989517
vt 0.405287 0.876162
vt 0.840584 0.926900
vt 0.840584 0.967537
vt 0.039352 0.594926
vt 0.039352 0.592908
vt 0.046198 0.830875
vt 0.039352 0.834939
vt 0.339743 0.588729
vt 0.339743 0.590678
vt 0.339743 0.824334
vt 0.342599 0.830875
vt 0.855944 0.561826
vt 0.187012 0.752939
vt 0.339743 0.309773
vt 0.009643 0.874139
vt 0.405287 0.874139
vt 0.302124 0.585981
vt 0.855944 0.787538
vt 0.280465 0.585382
vt 0.280465 0.583159
vt 0.596192 0.522981
vt 0.381373 0.522981
vt 0.381373 0.782376
vt 0.299751 0.587639
vt 0.280465 0.326210
vt 0.280465 0.324745
vt 0.270475 0.324745
vt 0.266838 0.324745
vt 0.266838 0.319698
vt 0.263230 0.319698
vt 0.257151 0.319698
vt 0.039352 0.316143
vt 0.243656 0.356252
vt 0.245931 0.356252
vt 0.234987 0.356252
vt 0.221424 0.356252
vt 0.219252 0.356252
vt 0.208155 0.348587
vt 0.206054 0.348587
vt 0.197226 0.348587
vt 0.315736 0.813250
vt 0.219252 0.750024
vt 0.321378 0.820539
vt 0.206054 0.756679
vt 0.329325 0.822920
vt 0.301350 0.813250
vt 0.299751 0.813250
vt 0.234987 0.750024
vt 0.187012 0.355438
vt 0.184719 0.353047
vt 0.170817 0.353047
vt 0.175323 0.351363
vt 0.169861 0.345918
vt 0.160209 0.343450
vt 0.336058 0.311551
vt 0.334756 0.311552
vt 0.151248 0.343450
vt 0.035029 0.311552
vn 0.000000 0.000000 1.000000
vn 0.000000 0.000000 1.000000
vn 0.000000 0.000000 1.000000
vn 0.000000 0.000000 1.000000
vn 0.000000 1.000000 0.000000
vn 0.000000 1.000000 0.000000
vn 0.000000 1.000000 0.000000
vn 0.000000 1.000000 0.000000
vn 0.000000 -1.000000 0.000000
vn 0.000000 -1.000000 0.000000
vn 0.000000 -1.000000 0.000000
vn 0.000000 -1.000000 0.000000
vn 0.000000 0.000000 1.000000
vn 0.000000 0.000000 1.000000
vn 0.000000 0.000000 1.000000
vn 0.000000 0.000000 1.000000
vn 0.000000 1.000000 0.000000
vn 0.000000 1.000000 0.000000
vn 0.000000 1.000000 0.000000
vn 0.000000 1.000000 0.000000
vn 0.000000 -1.000000 0.000000
vn 0.000000 -1.000000 0.000000
vn 0.000000 -1.000000 0.000000
vn 0.000000 -1.000000 0.000000
vn 0.000000 0.000000 1.000000
vn 0.000000 0.000000 1.000000
vn 0.000000 0.000000 1.000000
vn 0.000000 0.000000 1.000000
vn 0.999942 0.000000 -0.010781
vn 0.999942 0.000000 -0.010781
vn 0.999942 0.000000 -0.010781
vn 0.999942 0.000000 -0.010781
vn -1.000000 0.000000 0.000000
vn -1.000000 0.000000 0.000000
vn -1.000000 0.000000 0.000000
vn -1.000000 0.000000 0.000000
vn 0.000000 0.000000 1.000000
vn 0.000000 0.000000 1.000000
vn 0.000000 0.000000 1.000000
vn 0.000000 0.000000 1.000000
vn 0.000000 1.000000 0.000000
vn 0.000000 1.000000 0.000000
vn 0.000000 1.000000 0.000000
vn 0.000000 1.000000 0.000000
vn 0.000000 -1.000000 0.000000
vn 0.000000 -1.000000 0.000000
vn 0.000000 -1.000000 0.000000
vn 0.000000 -1.000000 0.000000
vn 0.000000 0.000000 1.000000
vn 0.000000 0.000000 1.000000
vn 0.000000 0.000000 1.000000
vn 0.000000 0.000000 1.000000
vn 0.000000 -1.000000 0.000000
vn 0.000000 -1.000000 0.000000
vn 0.000000 -1.000000 0.000000
vn 0.000000 -1.000000 0.000000
vn 0.000000 1.000000 0.000000
vn 0.000000 1.000000 0.000000
vn 0.000000 1.000000 0.000000
vn 0.000000 1.000000 0.000000
vn 0.000000 0.000000 1.000000
vn 0.000000 0.000000 1.000000
vn 0.000000 0.000000 1.000000
vn 0.000000 0.000000 1.000000
vn 1.000000 0.000000 0.000000
vn 1.000000 0.000000 0.000000
vn 1.000000 0.000000 0.000000
vn 1.000000 0.000000 0.000000
vn -1.000000 0.000000 0.000000
vn -1.000000 0.000000 0.000000
vn -1.000000 0.000000 0.000000
vn -1.000000 0.000000 0.000000
vn 0.000000 -0.707102 0.707111
vn 0.000000 -0.707102 0.707111
vn 0.000000 -0.707102 0.707111
vn 0.000000 -0.707102 0.707111
vn 0.000000 0.707105 0.707109
vn 0.000000 0.707105 0.707109
vn 0.000000 0.707105 0.707109
vn 0.000000 0.707105 0.707109
vn 0.000000 -0.707105 0.707109
vn 0.000000 -0.707105 0.707109
vn 0.000000 -0.707105 0.707109
vn 0.000000 -0.707105 0.707109
vn 0.000000 0.707105 0.707109
vn 0.000000 0.707105 0.707109
vn 0.000000 0.707105 0.707109
vn 0.000000 0.707105 0.707109
vn -0.706939 0.000000 0.707275
vn -0.706939 0.000000 0.707275
vn -0.706939 0.000000 0.707275
vn -0.706939 0.000000 0.707275
vn 0.646456 0.000000 0.762952
vn 0.646455 0.000000 0.762952
vn 0.646455 0.000000 0.762952
vn 0.646455 0.000000 0.762952
vn 0.000000 -0.707103 0.707110
vn 0.000000 -0.707103 0.707110
vn 0.000000 -0.707103 0.707110
vn 0.000000 -0.707103 0.707110
vn 0.000000 -0.707104 0.707110
vn 0.000000 -0.707104 0.707110
vn 0.000000 -0.707104 0.707110
vn 0.000000 -0.707104 0.707110
vn 0.000000 -0.707104 0.707109
vn 0.000000 -0.707104 0.707109
vn 0.000000 -0.707104 0.707109
vn 0.000000 -0.707104 0.707109
vn 0.000000 0.707104 0.707109
vn 0.000000 0.707104 0.707109
vn 0.000000 0.707104 0.707109
vn 0.000000 0.707104 0.707109
vn -0.669897 0.737940 0.081749
vn -0.671620 0.736745 0.078315
vn -0.707685 0.706528 0.000323
vn -0.707685 0.706528 0.000323
vn 0.000000 0.806047 -0.591852
vn 0.000000 0.806047 -0.591852
vn 0.000000 0.806047 -0.591852
vn 0.000000 0.806047 -0.591852
vn 0.000001 0.000000 1.000000
vn 0.000002 0.000010 1.000000
vn 0.000002 0.000010 1.000000
vn 0.000001 0.000000 1.000000
vn -0.707156 0.000115 0.707058
vn -0.707156 0.000115 0.707058
vn -0.707156 0.000110 0.707058
vn -0.707156 0.000109 0.707058
vn -1.000000 0.000003 0.000000
vn -1.000000 0.000000 0.000000
vn -1.000000 0.000000 0.000000
vn -1.000000 0.000004 0.000000
vn -1.000000 0.000000 0.000000
vn -1.000000 -0.000003 0.000000
vn -1.000000 0.000000 0.000000
vn 0.671758 0.736606 0.078442
vn 0.670041 0.737794 0.081880
vn 0.707685 0.706528 0.000323
vn 0.707685 0.706528 0.000323
vn 1.000000 0.000000 0.000000
vn 1.000000 -0.000006 0.000000
vn 1.000000 -0.000006 0.000000
vn 1.000000 0.000000 0.000000
vn 1.000000 0.000000 0.000000
vn 1.000000 0.000000 0.000000
vn 1.000000 0.000000 0.000000
vn 0.714678 0.000047 0.699454
vn 0.714678 0.000047 0.699454
vn 0.714622 0.000043 0.699511
vn 0.714636 0.000044 0.699496
vn -0.000003 0.000028 1.000000
vn -0.000001 0.000000 1.000000
vn -0.000001 0.000000 1.000000
vn -0.000003 0.000028 1.000000
vn 0.000001 -0.000000 1.000000
vn 0.000001 -0.000000 1.000000
vn 0.000001 -0.000000 1.000000
vn 0.000001 -0.000000 1.000000
vn -0.700692 -0.000004 0.713464
vn -0.700704 -0.000006 0.713452
vn -0.699457 0.002108 0.714672
vn -0.697284 0.005915 0.716771
vn -1.000000 -0.000000 0.000000
vn -1.000000 -0.000001 0.000000
vn -1.000000 -0.000001 0.000000
vn -1.000000 -0.000000 0.000000
vn -0.000001 -0.000000 1.000000
vn -0.000001 -0.000000 1.000000
vn -0.000001 -0.000000 1.000000
vn -0.000001 -0.000000 1.000000
vn 1.000000 -0.000000 0.000000
vn 1.000000 -0.000000 0.000000
vn 1.000000 -0.000000 0.000000
vn 1.000000 -0.000000 0.000000
vn 0.700816 -0.000005 0.713342
vn 0.700805 -0.000004 0.713353
vn 0.697545 0.005625 0.716519
vn 0.699639 0.001974 0.714493
vn -0.000000 -0.000001 1.000000
vn 0.000001 -0.000000 1.000000
vn 0.000001 -0.000000 1.000000
vn -0.000000 -0.000001 1.000000
vn -0.000050 0.686247 0.727368
vn -0.000050 0.686247 0.727368
vn -0.000050 0.686247 0.727368
vn -0.000050 0.686247 0.727368
vn -0.707032 0.707182 -0.000535
vn -0.707032 0.707182 -0.000535
vn -0.707032 0.707182 -0.000535
vn -0.707032 0.707182 -0.000535
vn 0.710546 0.703650 -0.000731
vn 0.710546 0.703650 -0.000731
vn 0.710546 0.703650 -0.000731
vn 0.710546 0.703650 -0.000731
vn -0.000001 -0.000000 1.000000
vn -0.000000 -0.000001 1.000000
vn -0.000000 -0.000001 1.000000
vn -0.000001 -0.000000 1.000000
vn -0.000000 0.707021 -0.707193
vn -0.000000 0.707021 -0.707193
vn -0.000000 0.707021 -0.707193
vn -0.000000 0.707021 -0.707193
vn 0.668169 0.743987 -0.005783
vn 0.694425 0.719555 -0.003807
vn 0.707225 0.706983 -0.002816
vn 0.707225 0.706983 -0.002816
vn 0.707543 -0.000004 0.706670
vn 0.707543 -0.000004 0.706670
vn 0.707541 0.000001 0.706673
vn 0.707540 0.000002 0.706673
vn -0.707654 -0.000002 0.706559
vn -0.707654 -0.000002 0.706559
vn -0.707650 0.000002 0.706563
vn -0.707651 0.000001 0.706562
vn -0.690789 0.723037 -0.005319
vn -0.664637 0.747130 -0.007442
vn -0.703568 0.710615 -0.004251
vn -0.703568 0.710615 -0.004251
vn -0.703818 -0.000009 0.710381
vn -0.703818 -0.000009 0.710381
vn -0.703847 -0.000003 0.710352
vn -0.703840 -0.000005 0.710359
vn -0.002102 -0.693849 0.720118
vn -0.004558 -0.692626 0.721283
vn 0.004547 -0.692658 0.721252
vn 0.002141 -0.693857 0.720109
vn -0.711028 -0.703158 -0.002904
vn -0.711028 -0.703158 -0.002904
vn -0.711028 -0.703158 -0.002904
vn -0.711028 -0.703158 -0.002904
vn -1.000000 0.000000 0.000000
vn -1.000000 -0.000001 0.000000
vn -1.000000 -0.000001 0.000000
vn -1.000000 0.000000 0.000000
vn 0.703819 -0.000009 0.710380
vn 0.703819 -0.000009 0.710380
vn 0.703840 -0.000004 0.710359
vn 0.703847 -0.000002 0.710352
vn 0.709344 -0.704863 -0.000655
vn 0.709344 -0.704863 -0.000655
vn 0.709344 -0.704863 -0.000655
vn 0.709344 -0.704863 -0.000655
vn 1.000000 -0.000000 0.000000
vn 1.000000 -0.000000 0.000000
vn 1.000000 -0.000000 0.000000
vn 1.000000 -0.000000 0.000000
vn 0.000000 0.693305 0.720645
vn 0.000000 0.693305 0.720645
vn -0.004720 0.690674 0.723151
vn -0.002185 0.692090 0.721808
vn 0.000000 0.000000 1.000000
vn 0.000000 0.000000 1.000000
vn 0.000000 0.000000 1.000000
vn 0.000000 0.000000 1.000000
vn 0.692557 0.005502 0.721342
vn 0.694550 0.001957 0.719442
vn 0.695691 0.000027 0.718341
vn 0.695744 0.000035 0.718290
vn -0.694620 0.001963 0.719375
vn -0.692589 0.005564 0.721312
vn -0.695859 -0.000028 0.718179
vn -0.695804 -0.000035 0.718231
vn 0.000000 0.000000 1.000000
vn 0.000000 0.000000 1.000000
vn 0.000000 0.000000 1.000000
vn 0.000000 0.000000 1.000000
vn -0.697359 -0.007645 0.716681
vn -0.701139 -0.000790 0.713024
vn -0.701634 0.000011 0.712538
vn -0.701607 0.000005 0.712564
vn 0.000057 -0.686710 0.726931
vn 0.000057 -0.686710 0.726931
vn 0.000057 -0.686710 0.726931
vn 0.000057 -0.686710 0.726931
vn -0.000000 0.000000 1.000000
vn 0.000000 0.000000 1.000000
vn 0.000000 0.000000 1.000000
vn -0.000000 0.000000 1.000000
vn 0.000000 0.000000 1.000000
vn 0.000000 0.000000 1.000000
vn 0.000000 0.000000 1.000000
vn 0.000000 0.000000 1.000000
vn 0.701101 -0.000848 0.713061
vn 0.697073 -0.008060 0.716955
vn 0.701605 0.000006 0.712566
vn 0.701630 0.000014 0.712542
vn 0.000000 0.000000 1.000000
vn -0.000000 0.000000 1.000000
vn -0.000000 0.000000 1.000000
vn 0.000000 0.000000 1.000000
vn -0.000000 0.000000 1.000000
vn 0.000000 0.000000 1.000000
vn 0.000000 0.000000 1.000000
vn -0.000000 0.000000 1.000000
vn 0.002186 0.697804 0.716285
vn 0.004813 0.696479 0.717561
vn -0.004847 0.696461 0.717578
vn -0.002207 0.697794 0.716295
vn 0.705528 0.708681 0.001329
vn 0.705528 0.708681 0.001329
vn 0.705528 0.708681 0.001329
vn 0.705528 0.708681 0.001329
vn 0.703842 0.000013 0.710356
vn 0.703842 0.000013 0.710356
vn 0.703862 0.000022 0.710336
vn 0.703876 0.000028 0.710322
vn -0.704006 -0.000018 0.710194
vn -0.704006 -0.000018 0.710194
vn -0.704040 -0.000006 0.710160
vn -0.704026 -0.000011 0.710174
vn -0.707393 0.706820 0.000873
vn -0.707393 0.706820 0.000873
vn -0.707393 0.706820 0.000873
vn -0.707393 0.706820 0.000873
vn -0.710770 -0.000060 0.703425
vn -0.710770 -0.000060 0.703425
vn -0.710739 -0.000045 0.703456
vn -0.710754 -0.000052 0.703441
vn -0.002174 -0.683714 0.729747
vn -0.003936 -0.682833 0.730564
vn 0.003879 -0.682864 0.730535
vn 0.002214 -0.683706 0.729755
vn -0.709558 -0.704647 0.000660
vn -0.709558 -0.704647 0.000660
vn -0.709558 -0.704647 0.000660
vn -0.709558 -0.704647 0.000660
vn -1.000000 -0.000000 0.000000
vn -1.000000 0.000001 0.000000
vn -1.000000 0.000001 0.000000
vn -1.000000 0.000000 0.000000
vn 0.710770 -0.000060 0.703425
vn 0.710770 -0.000060 0.703425
vn 0.710752 -0.000049 0.703442
vn 0.710736 -0.000040 0.703459
vn 0.712041 -0.702137 0.001364
vn 0.712041 -0.702137 0.001364
vn 0.712041 -0.702137 0.001364
vn 0.712041 -0.702137 0.001364
vn 1.000000 -0.000001 0.000000
vn 1.000000 -0.000001 0.000000
vn 1.000000 -0.000001 0.000000
vn 1.000000 -0.000001 0.000000
vn 0.000000 0.707103 0.707110
vn 0.000000 0.707103 0.707110
vn 0.000000 0.707103 0.707110
vn 0.000000 0.707103 0.707110
vn 0.711866 0.000016 0.702315
vn 0.711866 0.000016 0.702315
vn 0.711866 0.000016 0.702315
vn 0.711866 0.000016 0.702315
vn -0.707834 0.000117 0.706378
vn -0.707834 0.000117 0.706378
vn -0.707834 0.000117 0.706378
vn -0.707834 0.000117 0.706378
vn 0.707289 0.706925 0.000000
vn 0.707289 0.706925 0.000000
vn 0.707289 0.706925 0.000000
vn 0.707289 0.706925 0.000000
vn 1.000000 0.000000 0.000000
vn 1.000000 0.000000 0.000000
vn 1.000000 0.000000 0.000000
vn 0.707289 -0.706925 0.000000
vn 0.707289 -0.706925 0.000000
vn 0.707289 -0.706925 0.000000
vn 0.707289 -0.706925 0.000000
vn -0.706942 0.707271 0.000000
vn -0.706942 0.707271 0.000000
vn -0.706942 0.707271 0.000000
vn -0.706942 0.707271 0.000000
vn -1.000000 0.000000 0.000000
vn -1.000000 0.000000 0.000000
vn -1.000000 0.000000 0.000000
vn -0.706942 -0.707271 0.000000
vn -0.706942 -0.707271 0.000000
vn -0.706942 -0.707271 0.000000
vn -0.706942 -0.707271 0.000000
vn 0.707269 0.000000 0.706944
vn 0.707269 0.000000 0.706944
vn 0.707269 0.000000 0.706944
vn 0.707269 0.000000 0.706944
vn 0.000000 0.707103 0.707110
vn 0.000000 0.707103 0.707110
vn 0.000000 0.707103 0.707110
vn 0.000000 0.707103 0.707110
vn -0.706940 0.000000 0.707274
vn -0.706940 0.000000 0.707274
vn -0.706940 0.000000 0.707274
vn -0.706940 0.000000 0.707274
vn -0.707438 -0.706767 0.003415
vn -0.707438 -0.706767 0.003415
vn -0.707447 -0.706758 0.003445
vn -0.707447 -0.706758 0.003445
vn -0.706965 -0.707249 0.000078
vn -0.706965 -0.707249 0.000078
vn -0.706967 -0.707247 0.000000
vn -0.706967 -0.707247 0.000000
vn -0.000000 -0.999988 0.004848
vn -0.000000 -1.000000 0.000110
vn -0.000000 -1.000000 0.000110
vn -0.000000 -0.999988 0.004848
vn 0.707470 -0.706735 0.003415
vn 0.707470 -0.706735 0.003415
vn 0.707479 -0.706726 0.003445
vn 0.707479 -0.706726 0.003445
vn 0.706968 -0.707246 0.000078
vn 0.706967 -0.707246 0.000078
vn 0.706967 -0.707247 0.000000
vn 0.706967 -0.707247 0.000000
vn -0.707434 0.000067 0.706780
vn -0.707434 0.000067 0.706780
vn -0.707434 0.000067 0.706780
vn -0.707434 0.000067 0.706780
vn -0.000000 0.707066 0.707148
vn -0.000000 0.707066 0.707148
vn -0.000000 0.707066 0.707148
vn -0.000000 0.707066 0.707148
vn 0.706942 0.000000 0.707271
vn 0.706942 0.000000 0.707271
vn 0.706942 0.000000 0.707271
vn 0.706942 0.000000 0.707271
vn 0.000003 -0.704894 0.709313
vn 0.000003 -0.704894 0.709313
vn 0.000003 -0.704894 0.709313
vn 0.000003 -0.704894 0.709313
vn -0.707268 0.000000 0.706946
vn -0.707268 0.000000 0.706946
vn -0.707268 0.000000 0.706946
vn -0.707268 0.000000 0.706946
vn 0.707268 0.000000 0.706946
vn 0.707268 0.000000 0.706946
vn 0.707268 0.000000 0.706946
vn 0.707268 0.000000 0.706946
vn 0.000000 -1.000000 0.000004
vn 0.000000 -1.000000 0.000002
vn 0.000000 -1.000000 -0.000001
vn 0.000000 -1.000000 -0.000000
vn -0.229742 -0.690482 0.685896
vn -0.249686 -0.712316 0.655944
vn -0.123292 -0.750099 0.649731
vn -0.075125 -0.757109 0.648955
vn 0.000000 -1.000000 0.000002
vn 0.000000 -1.000000 0.000005
vn 0.000000 -1.000000 -0.000002
vn 0.232055 -0.757678 0.609979
vn 0.277585 -0.751033 0.599080
vn 0.508916 -0.751669 0.419522
vn 0.532299 -0.758532 0.375881
vn -0.219096 -0.000003 0.975703
vn 0.434432 0.000000 0.900705
vn 0.434624 0.000000 0.900612
vn -0.218382 -0.000003 0.975863
vn 0.000000 -1.000000 0.000000
vn 0.000000 -1.000000 0.000000
vn 0.000000 -1.000000 -0.000001
vn 0.644008 -0.757891 0.104182
vn 0.657408 -0.751210 0.059151
vn 0.617512 -0.751616 -0.231844
vn 0.591579 -0.758415 -0.273570
vn 0.925271 -0.000011 0.379306
vn 0.925271 -0.000011 0.379306
vn 0.925271 -0.000011 0.379306
vn 0.925271 -0.000011 0.379306
vn 0.000000 -1.000000 0.000002
vn 0.000000 -1.000000 0.000005
vn 0.000000 -1.000000 -0.000002
vn 0.411948 -0.757758 -0.506065
vn 0.379559 -0.751058 -0.540229
vn 0.108175 -0.751629 -0.650655
vn 0.059071 -0.758435 -0.649067
vn 0.941612 -0.000004 -0.336699
vn 0.790902 -0.000009 -0.611943
vn 0.790902 -0.000009 -0.611943
vn 0.941539 -0.000004 -0.336905
vn 0.000000 -1.000000 -0.000001
vn 0.000000 -1.000000 -0.000005
vn 0.000000 -1.000000 -0.000002
vn -0.248898 -0.752309 -0.609985
vn -0.292763 -0.744413 -0.600116
vn -0.417497 -0.701200 -0.577940
vn -0.406514 -0.673395 -0.617484
vn -0.134493 0.000003 -0.990915
vn -0.134493 0.000003 -0.990915
vn -0.134493 0.000003 -0.990915
vn -0.134493 0.000003 -0.990915
vn 0.000000 -1.000000 0.000000
vn 0.000000 -1.000000 0.000001
vn -0.247858 0.701107 0.668593
vn -0.226726 0.673247 0.703800
vn -0.077060 0.752141 0.654481
vn -0.121798 0.744277 0.656672
vn 0.000000 1.000000 0.000006
vn 0.000000 1.000000 0.000012
vn 0.000000 1.000000 0.000002
vn 0.000000 1.000000 0.000002
vn 0.000000 1.000000 -0.000005
vn 0.000000 1.000000 -0.000004
vn 0.000000 1.000000 -0.000001
vn 0.277302 0.751582 0.598522
vn 0.229688 0.758341 0.610051
vn 0.531596 0.757931 0.378083
vn 0.509309 0.751172 0.419935
vn 0.000000 1.000000 0.000002
vn 0.000000 1.000000 0.000000
vn 0.000000 1.000000 -0.000001
vn 0.656748 0.751794 0.059058
vn 0.642856 0.758593 0.106174
vn 0.593147 0.757816 -0.271830
vn 0.618058 0.751118 -0.232003
vn 0.000000 1.000000 -0.000009
vn 0.000000 1.000000 -0.000006
vn 0.000000 1.000000 -0.000000
vn 0.379150 0.751680 -0.539649
vn 0.413137 0.758505 -0.503972
vn 0.061361 0.757768 -0.649633
vn 0.108237 0.751096 -0.651260
vn 0.000000 1.000000 0.000009
vn 0.000000 1.000000 0.000007
vn 0.000000 1.000000 0.000001
vn -0.292353 0.750179 -0.593095
vn -0.245571 0.757221 -0.605237
vn -0.404682 0.690614 -0.599404
vn -0.415909 0.712348 -0.565314
vn 0.000000 1.000000 0.000001
vn 0.000000 1.000000 0.000000
vn 0.000000 -1.000000 -0.000002
vn 0.000000 -1.000000 -0.000002
vn 0.000000 -1.000000 0.000003
vn 0.000000 -1.000000 0.000002
vn -0.229743 -0.690485 0.685893
vn -0.249687 -0.712321 0.655939
vn -0.123292 -0.750104 0.649726
vn -0.075126 -0.757113 0.648950
vn 0.000000 -1.000000 0.000002
vn 0.000000 -1.000000 0.000004
vn 0.000000 -1.000000 0.000002
vn 0.232056 -0.757681 0.609975
vn 0.277585 -0.751036 0.599076
vn 0.508916 -0.751668 0.419523
vn 0.532299 -0.758531 0.375884
vn -0.219096 -0.000003 0.975703
vn 0.434432 0.000000 0.900705
vn 0.434620 0.000000 0.900614
vn -0.218388 -0.000003 0.975862
vn 0.000000 -1.000000 0.000000
vn 0.000000 -1.000000 0.000000
vn 0.000000 -1.000000 0.000002
vn 0.644008 -0.757891 0.104189
vn 0.657408 -0.751210 0.059157
vn 0.617513 -0.751617 -0.231840
vn 0.591580 -0.758416 -0.273565
vn 0.925271 -0.000011 0.379306
vn 0.925271 -0.000011 0.379306
vn 0.925271 -0.000011 0.379306
vn 0.925271 -0.000011 0.379306
vn 0.000000 -1.000000 -0.000002
vn 0.000000 -1.000000 0.000000
vn 0.000000 -1.000000 0.000002
vn 0.411949 -0.757760 -0.506062
vn 0.379559 -0.751059 -0.540226
vn 0.108175 -0.751629 -0.650655
vn 0.059071 -0.758435 -0.649067
vn 0.941612 -0.000004 -0.336699
vn 0.790902 -0.000009 -0.611943
vn 0.790902 -0.000009 -0.611943
vn 0.941540 -0.000004 -0.336901
vn 0.000000 -1.000000 0.000001
vn 0.000000 -1.000000 0.000001
vn 0.000000 -1.000000 0.000005
vn -0.248900 -0.752311 -0.609981
vn -0.292764 -0.744416 -0.600112
vn -0.417499 -0.701203 -0.577935
vn -0.406513 -0.673394 -0.617485
vn -0.134492 0.000003 -0.990915
vn -0.134492 0.000003 -0.990915
vn -0.134492 0.000003 -0.990915
vn -0.134492 0.000003 -0.990915
vn 0.000000 -1.000000 0.000006
vn 0.000000 -1.000000 0.000011
vn -0.247904 0.701062 0.668622
vn -0.226765 0.673191 0.703841
vn -0.077047 0.752110 0.654518
vn -0.121803 0.744245 0.656706
vn 0.000000 1.000000 -0.000007
vn 0.000000 1.000000 -0.000007
vn 0.000000 1.000000 -0.000001
vn 0.000000 1.000000 0.000000
vn 0.000000 1.000000 -0.000008
vn 0.000000 1.000000 -0.000004
vn 0.000000 1.000000 0.000001
vn 0.277320 0.751534 0.598573
vn 0.229723 0.758293 0.610097
vn 0.531632 0.757900 0.378094
vn 0.509333 0.751140 0.419962
vn 0.000000 1.000000 -0.000003
vn 0.000000 1.000000 -0.000005
vn 0.000000 1.000000 0.000002
vn 0.656800 0.751748 0.059067
vn 0.642912 0.758547 0.106165
vn 0.593174 0.757786 -0.271854
vn 0.618092 0.751088 -0.232011
vn 0.000000 1.000000 0.000005
vn 0.000000 1.000000 0.000005
vn 0.000000 1.000000 0.000002
vn 0.379186 0.751637 -0.539685
vn 0.413159 0.758462 -0.504020
vn 0.061350 0.757738 -0.649669
vn 0.108246 0.751065 -0.651294
vn 0.000000 1.000000 -0.000003
vn 0.000000 1.000000 -0.000005
vn 0.000000 1.000000 0.000002
vn -0.292377 0.750129 -0.593147
vn -0.245611 0.757171 -0.605283
vn -0.404682 0.690587 -0.599435
vn -0.415908 0.712305 -0.565369
vn 0.000000 1.000000 0.000002
vn 0.000000 1.000000 -0.000002
vn 0.000000 -1.000000 -0.000001
vn 0.000000 -1.000000 0.000000
vn 0.000000 -1.000000 0.000004
vn 0.000000 -1.000000 0.000002
vn 0.552840 -0.690620 -0.466275
vn 0.554283 -0.712425 -0.430373
vn 0.443031 -0.750197 -0.490845
vn 0.401619 -0.757179 -0.515152
vn 0.000000 -1.000000 0.000005
vn 0.000000 -1.000000 0.000001
vn 0.000000 -1.000000 0.000004
vn 0.118890 -0.757698 -0.641685
vn 0.074176 -0.751011 -0.656109
vn -0.216800 -0.751612 -0.622959
vn -0.259384 -0.758458 -0.597881
vn 0.694531 -0.000000 -0.719463
vn 0.097037 0.000000 -0.995281
vn 0.096825 0.000000 -0.995302
vn 0.694003 -0.000000 -0.719973
vn 0.000000 -1.000000 0.000009
vn 0.000000 -1.000000 0.000012
vn 0.000000 -1.000000 0.000003
vn -0.496158 -0.757735 -0.423870
vn -0.530969 -0.751041 -0.392440
vn -0.648066 -0.751525 -0.123372
vn -0.647620 -0.758352 -0.074099
vn -0.593209 -0.000005 -0.805048
vn -0.593209 -0.000005 -0.805048
vn -0.593209 -0.000005 -0.805048
vn -0.593209 -0.000005 -0.805048
vn 0.000000 -1.000000 -0.000002
vn 0.000000 -1.000000 0.000000
vn 0.000000 -1.000000 0.000003
vn -0.615039 -0.757757 0.218014
vn -0.605111 -0.751066 0.264085
vn -0.430656 -0.751649 0.499559
vn -0.387884 -0.758453 0.523731
vn -0.993784 -0.000014 0.111324
vn -0.993784 -0.000014 0.111324
vn -0.993784 -0.000014 0.111324
vn -0.993784 -0.000014 0.111324
vn 0.000000 -1.000000 0.000008
vn 0.000000 -1.000000 0.000005
vn 0.000000 -1.000000 0.000006
vn -0.104546 -0.752271 0.650506
vn -0.061998 -0.744371 0.664882
vn 0.056096 -0.701121 0.710833
vn 0.026200 -0.673329 0.738878
vn -0.664731 0.000004 0.747083
vn -0.056184 0.000000 0.998420
vn -0.055453 0.000000 0.998461
vn -0.664569 0.000004 0.747227
vn 0.000000 -1.000000 0.000006
vn 0.000000 -1.000000 0.000013
vn 0.559320 0.701206 -0.442121
vn 0.559579 0.673311 -0.483242
vn 0.406120 0.752209 -0.518892
vn 0.445435 0.744363 -0.497506
vn 0.000000 1.000000 0.000006
vn 0.000000 1.000000 0.000013
vn 0.000000 1.000000 0.000002
vn 0.000000 1.000000 0.000003
vn 0.000000 1.000000 -0.000001
vn 0.000000 1.000000 -0.000006
vn 0.000000 1.000000 -0.000001
vn 0.074116 0.751495 -0.655563
vn 0.120906 0.758299 -0.640597
vn -0.257656 0.757790 -0.599472
vn -0.216988 0.751043 -0.623579
vn 0.000000 1.000000 -0.000002
vn 0.000000 1.000000 0.000003
vn 0.000000 1.000000 0.000000
vn -0.530265 0.751737 -0.392060
vn -0.494051 0.758501 -0.424959
vn -0.647965 0.757845 -0.076239
vn -0.648495 0.751155 -0.123367
vn 0.000000 1.000000 0.000003
vn 0.000000 1.000000 0.000000
vn 0.000000 1.000000 -0.000000
vn -0.604537 0.751589 0.263912
vn -0.615013 0.758417 0.215786
vn -0.390124 0.757745 0.523093
vn -0.431123 0.751043 0.500067
vn 0.000000 1.000000 -0.000002
vn 0.000000 1.000000 -0.000002
vn 0.000000 1.000000 0.000001
vn -0.058654 0.750195 0.658611
vn -0.104826 0.757222 0.644691
vn 0.033995 0.690575 0.722462
vn 0.061324 0.712354 0.699136
vn 0.000000 1.000000 0.000006
vn 0.000000 1.000000 0.000003
vn 0.000000 -1.000000 0.000001
vn 0.000000 -1.000000 0.000000
vn 0.000000 -1.000000 0.000000
vn 0.000000 -1.000000 0.000002
vn 0.552686 -0.690731 -0.466292
vn 0.554162 -0.712572 -0.430285
vn 0.442954 -0.750275 -0.490795
vn 0.401540 -0.757231 -0.515139
vn 0.000000 -1.000000 -0.000002
vn 0.000000 -1.000000 -0.000001
vn 0.000000 -1.000000 0.000002
vn 0.118913 -0.757662 -0.641723
vn 0.074334 -0.751002 -0.656102
vn -0.216729 -0.751633 -0.622958
vn -0.259327 -0.758486 -0.597871
vn 0.694365 0.000000 -0.719623
vn 0.097123 0.000001 -0.995273
vn 0.096907 0.000001 -0.995294
vn 0.693832 0.000000 -0.720137
vn 0.000000 -1.000000 0.000000
vn 0.000000 -1.000000 0.000000
vn 0.000000 -1.000000 0.000002
vn -0.496049 -0.757849 -0.423792
vn -0.530771 -0.751196 -0.392411
vn -0.647974 -0.751627 -0.123232
vn -0.647546 -0.758421 -0.074038
vn -0.593072 0.000002 -0.805150
vn -0.593072 0.000002 -0.805150
vn -0.593072 0.000002 -0.805150
vn -0.593072 0.000002 -0.805150
vn 0.000000 -1.000000 0.000002
vn 0.000000 -1.000000 0.000000
vn 0.000000 -1.000000 0.000002
vn -0.615039 -0.757766 0.217986
vn -0.605111 -0.751073 0.264064
vn -0.430566 -0.751682 0.499587
vn -0.387781 -0.758481 0.523768
vn -0.993784 0.000029 0.111324
vn -0.910311 0.000036 0.413925
vn -0.910217 0.000036 0.414131
vn -0.993784 0.000029 0.111324
vn 0.000000 -1.000000 0.000001
vn 0.000000 -1.000000 0.000004
vn 0.000000 -1.000000 0.000001
vn -0.104530 -0.752269 0.650511
vn -0.061981 -0.744365 0.664890
vn 0.056099 -0.701110 0.710843
vn 0.026212 -0.673319 0.738888
vn -0.400227 0.000008 0.916416
vn -0.056186 0.000003 0.998420
vn -0.055448 0.000003 0.998462
vn -0.400226 0.000008 0.916416
vn 0.000000 -1.000000 -0.000003
vn 0.000000 -1.000000 -0.000007
vn 0.559231 0.701221 -0.442211
vn 0.559492 0.673345 -0.483295
vn 0.406070 0.752191 -0.518957
vn 0.445360 0.744352 -0.497589
vn 0.000000 1.000000 0.000000
vn 0.000000 1.000000 0.000000
vn 0.000000 1.000000 0.000001
vn 0.000000 1.000000 0.000001
vn 0.000000 1.000000 0.000005
vn 0.000000 1.000000 0.000006
vn 0.000000 1.000000 -0.000000
vn 0.074256 0.751535 -0.655501
vn 0.120927 0.758308 -0.640583
vn -0.257605 0.757835 -0.599438
vn -0.216938 0.751091 -0.623539
vn 0.000000 1.000000 -0.000008
vn 0.000000 1.000000 -0.000006
vn 0.000000 1.000000 -0.000001
vn -0.530313 0.751707 -0.392052
vn -0.494058 0.758492 -0.424967
vn -0.648227 0.757622 -0.076228
vn -0.648745 0.750953 -0.123288
vn 0.000000 1.000000 0.000003
vn 0.000000 1.000000 0.000000
vn 0.000000 1.000000 -0.000001
vn -0.604783 0.751358 0.264005
vn -0.615273 0.758183 0.215864
vn -0.390113 0.757663 0.523220
vn -0.431239 0.750918 0.500155
vn 0.000000 1.000000 -0.000007
vn 0.000000 1.000000 -0.000007
vn 0.000000 1.000000 -0.000000
vn -0.058653 0.750224 0.658577
vn -0.104854 0.757244 0.644660
vn 0.034036 0.690616 0.722421
vn 0.061379 0.712404 0.699081
vn 0.000000 1.000000 0.000003
vn 0.000000 1.000000 0.000002
vn -0.000000 0.000000 1.000000
vn -0.000000 0.000000 1.000000
vn -0.000000 0.000000 1.000000
vn -0.000000 0.000000 1.000000
vn -0.000000 1.000000 -0.000032
vn -0.000000 1.000000 -0.000032
vn -0.000000 1.000000 -0.000032
vn -0.000000 1.000000 -0.000032
vn 0.000000 -1.000000 0.000000
vn 0.000000 -1.000000 0.000000
vn 0.000000 0.000030 -1.000000
vn 0.000000 0.000030 -1.000000
vn 0.000000 0.000030 -1.000000
vn 0.000000 0.000030 -1.000000
vn 0.000000 1.000000 0.000000
vn 0.000000 1.000000 0.000000
vn 0.000000 1.000000 0.000000
vn 0.000000 1.000000 0.000000
vn -1.000000 0.000000 0.000000
vn -1.000000 0.000000 0.000000
vn 0.000000 -1.000000 -0.000003
vn 0.000000 -1.000000 -0.000003
vn 0.000000 -1.000000 -0.000003
vn 0.000000 -1.000000 -0.000003
vn 1.000000 0.000000 0.000000
vn 1.000000 0.000000 0.000000
vn 0.000000 1.000000 0.000000
vn 0.000000 1.000000 0.000000
vn 0.000000 1.000000 0.000000
vn 0.000000 1.000000 0.000000
vn -1.000000 -0.000001 0.000000
vn -1.000000 -0.000001 0.000000
vn 0.000000 -1.000000 0.000002
vn 0.000000 -1.000000 0.000002
vn 0.000000 -1.000000 0.000002
vn 0.000000 -1.000000 0.000002
vn 1.000000 -0.000000 0.000000
vn 1.000000 -0.000000 0.000000
vn -1.000000 -0.000001 0.000000
vn -1.000000 -0.000001 0.000000
vn 1.000000 0.000000 0.000000
vn 1.000000 0.000000 0.000000
vn -1.000000 -0.000001 0.000000
vn -1.000000 -0.000001 0.000000
vn -1.000000 0.000000 0.000000
vn -1.000000 0.000000 0.000000
vn 0.000000 0.000000 1.000000
vn 0.000000 0.000000 1.000000
vn 0.000000 0.000000 1.000000
vn 0.000000 0.000000 1.000000
vn 1.000000 0.000000 0.000000
vn 1.000000 0.000000 0.000000
vn 1.000000 0.000000 0.000000
vn 1.000000 0.000000 0.000000
vn 1.000000 0.000000 0.000000
vn 1.000000 0.000000 0.000000
vn 0.000000 1.000000 0.000000
vn 0.000000 1.000000 0.000000
vn 0.000000 1.000000 0.000000
vn 0.000000 1.000000 0.000000
vn -1.000000 0.000000 0.000000
vn -1.000000 0.000000 0.000000
vn -0.000000 0.000000 1.000000
vn -0.000000 0.000000 1.000000
vn -0.000000 0.000000 1.000000
vn -0.000000 0.000000 1.000000
vn -1.000000 -0.000003 0.000000
vn 1.000000 0.000000 0.000000
vn -0.000000 1.000000 0.000010
vn -0.000000 1.000000 0.000010
vn -0.000000 1.000000 0.000010
vn -0.000000 1.000000 0.000010
vn -1.000000 0.000000 0.000000
vn -1.000000 0.000000 0.000000
vn -0.000000 -0.999988 0.004891
vn -0.000000 -0.999988 0.004891
vn 1.000000 -0.000006 0.000000
vn 1.000000 -0.000006 0.000000
vn -0.378278 -0.000005 0.925692
vn -0.378278 -0.000005 0.925692
vn 0.611302 -0.000001 0.791397
vn 0.611302 -0.000001 0.791397
vn 0.990908 0.000000 -0.134544
vn 0.990908 0.000000 -0.134544
vn 0.379007 -0.000009 -0.925394
vn 0.379007 -0.000009 -0.925394
vn 0.379007 -0.000009 -0.925394
vn 0.379007 -0.000009 -0.925394
vn -0.611906 0.000006 -0.790930
vn -0.611906 0.000006 -0.790930
vn -0.611906 0.000006 -0.790930
vn -0.611906 0.000006 -0.790930
vn -0.378278 -0.000005 0.925692
vn -0.378278 -0.000005 0.925692
vn 0.611302 -0.000001 0.791397
vn 0.611302 -0.000001 0.791397
vn 0.990908 0.000000 -0.134544
vn 0.990908 0.000000 -0.134544
vn 0.379007 -0.000009 -0.925394
vn 0.379007 -0.000009 -0.925394
vn 0.379007 -0.000009 -0.925394
vn 0.379007 -0.000009 -0.925394
vn -0.611906 0.000006 -0.790930
vn -0.611906 0.000006 -0.790931
vn -0.611906 0.000006 -0.790931
vn -0.611906 0.000006 -0.790931
vn 0.804485 0.000000 -0.593973
vn 0.804485 0.000000 -0.593973
vn -0.110935 0.000000 -0.993828
vn -0.110935 0.000000 -0.993828
vn -0.916308 -0.000030 -0.400475
vn -0.916308 -0.000030 -0.400475
vn -0.916308 -0.000030 -0.400475
vn -0.916308 -0.000030 -0.400475
vn -0.804821 0.000006 0.593517
vn -0.804821 0.000006 0.593517
vn 0.111539 0.000000 0.993760
vn 0.111539 0.000000 0.993760
vn 0.804436 0.000000 -0.594040
vn 0.804436 0.000000 -0.594040
vn -0.110829 0.000001 -0.993840
vn -0.110829 0.000001 -0.993840
vn -0.916435 0.000012 -0.400184
vn -0.916435 0.000012 -0.400184
vn -0.916435 0.000012 -0.400184
vn -0.916435 0.000012 -0.400184
vn -0.804870 0.000039 0.593452
vn -0.804870 0.000039 0.593452
vn 0.111538 0.000001 0.993760
vn 0.111538 0.000001 0.993760
vn -0.158570 0.726161 0.668988
vn -0.158570 0.726161 0.668988
vn -0.158570 0.726161 0.668988
vn -0.158570 0.726161 0.668988
vn 0.162141 0.725926 0.668387
vn 0.162141 0.725926 0.668387
vn 0.162141 0.725926 0.668387
vn 0.162141 0.725926 0.668387
vn -0.402063 0.375677 0.834992
vn -0.402063 0.375677 0.834992
vn 0.413127 0.363821 0.834842
vn 0.413127 0.363821 0.834842
vn 0.473146 0.880787 -0.018626
vn 0.473146 0.880787 -0.018626
vn -0.472126 0.881278 -0.021125
vn -0.472126 0.881278 -0.021125
vn -0.399986 -0.409591 0.819907
vn -0.399986 -0.409591 0.819906
vn 0.397740 -0.411499 0.820044
vn 0.397740 -0.411499 0.820044
vn 0.407449 0.370661 0.834623
vn 0.407449 0.370661 0.834623
vn -0.531552 -0.247147 0.810167
vn -0.531552 -0.247147 0.810167
vn 0.520704 -0.257487 0.813983
vn 0.520704 -0.257487 0.813983
vn 0.401837 0.407831 0.819878
vn 0.401837 0.407831 0.819878
vn -0.399719 0.409799 0.819933
vn -0.399719 0.409799 0.819933
vn -0.354889 -0.441934 0.823862
vn -0.354889 -0.441934 0.823862
vn 0.351991 -0.442185 0.824969
vn 0.351991 -0.442185 0.824969
vn 0.577198 0.577386 0.577466
vn 0.577198 0.577386 0.577466
vn 0.577198 0.577386 0.577466
vn -0.577503 0.577306 0.577242
vn -0.577503 0.577306 0.577242
vn -0.577503 0.577306 0.577242
vn -0.068671 -0.365410 0.928310
vn -0.068671 -0.365410 0.928310
vn -0.068671 -0.365410 0.928310
vn -0.068671 -0.365410 0.928310
vn -0.068671 -0.365410 0.928310
vn 0.100468 -0.344849 0.933266
vn 0.100468 -0.344849 0.933266
vn 0.100468 -0.344849 0.933266
vn 0.100468 -0.344849 0.933266
vn 0.100468 -0.344849 0.933266
vn 0.577504 -0.577307 0.577240
vn 0.577504 -0.577307 0.577240
vn 0.577504 -0.577307 0.577240
vn 0.577508 0.577312 0.577231
vn 0.577508 0.577312 0.577231
vn 0.577508 0.577312 0.577231
vn -0.577196 -0.577385 0.577470
vn -0.577196 -0.577385 0.577470
vn -0.577196 -0.577385 0.577470
vn -0.577198 0.577386 0.577466
vn -0.577198 0.577386 0.577466
vn -0.577198 0.577386 0.577466
vn -0.577222 0.577334 0.577495
vn -0.577222 0.577334 0.577495
vn -0.577222 0.577334 0.577495
vn 0.577179 0.577420 0.577452
vn 0.577179 0.577420 0.577452
vn 0.577179 0.577420 0.577452
vn -0.578275 -0.575433 0.578339
vn -0.578275 -0.575433 0.578339
vn -0.578275 -0.575433 0.578339
vn 0.577219 -0.574508 0.580309
vn 0.577219 -0.574508 0.580309
vn 0.577219 -0.574508 0.580309
vn -0.184226 -0.637891 0.747767
vn -0.378792 -0.606306 -0.699221
vn -0.178393 0.606291 0.774976
vn -0.377228 0.638053 -0.671258
vn -0.184226 -0.637891 0.747767
vn -0.378785 -0.606296 -0.699233
vn -0.178409 0.606200 0.775043
vn -0.377231 0.638058 -0.671251
vn 0.546174 -0.638053 -0.542754
vn -0.039886 -0.606270 0.794258
vn 0.555290 0.606193 -0.569371
vn -0.026854 0.637895 0.769655
vn 0.545935 -0.638096 -0.542944
vn -0.039854 -0.606263 0.794265
vn 0.555219 0.606296 -0.569330
vn -0.026805 0.637949 0.769612
s off
g window_frame_big
usemtl initialShadingGroup
f 192/259/457 189/215/458 194/260/459 195/216/460
f 196/261/461 193/217/462 172/218/463 170/219/464
f 171/212/465 190/258/466 191/213/467 169/214/468
f 200/263/469 197/223/470 202/264/471 203/224/472
f 204/265/473 201/225/474 176/226/475 174/227/476
f 175/220/477 198/262/478 199/221/479 173/222/480
f 208/267/481 205/231/482 210/268/483 211/232/484
f 212/269/485 209/233/486 180/234/487 178/235/488
f 179/228/489 206/266/490 207/229/491 177/230/492
f 216/271/493 213/242/494 222/274/495 223/243/496
s 1
f 220/273/497 217/239/498 184/240/499 182/241/500
s off
f 183/236/501 214/270/502 215/237/503 181/238/504
f 228/277/505 225/246/506 230/278/507 231/247/508
f 224/275/509 221/244/510 226/276/511 227/245/512
s 1
f 218/272/513 219/248/514 232/279/515 229/249/516
s off
f 404/403/517 401/253/518 406/404/519 407/254/520
f 408/405/521 405/255/522 188/256/523 186/257/524
f 187/250/525 402/402/526 403/251/527 185/252/528
f 190/258/529 189/215/530 192/259/531 191/213/532
f 194/260/533 193/217/534 196/261/535 195/216/536
f 198/262/537 197/223/538 200/263/539 199/221/540
f 202/264/541 201/225/542 204/265/543 203/224/544
f 206/266/545 205/231/546 208/267/547 207/229/548
f 210/268/549 209/233/550 212/269/551 211/232/552
f 214/270/553 213/242/554 216/271/555 215/237/556
s 1
f 218/272/513 217/239/498 220/273/497 219/248/514
s off
f 222/274/557 221/244/558 224/275/559 223/243/560
f 226/276/561 225/246/562 228/277/563 227/245/564
f 230/278/565 229/249/566 232/279/567 231/247/568
s 2
f 233/280/569 238/659/570 391/393/571 390/658/572
s off
f 234/283/573 233/281/574 244/282/575 243/618/576
s 3
f 235/284/577 234/283/578 272/312/579 271/620/580
s 4
f 236/832/581 235/284/582 248/296/583 247/827/584
s 5
f 237/733/585 236/285/586 266/286/587 265/287/588
f 238/659/589 237/288/585 378/387/590 377/660/591
s 6
f 239/291/592 244/289/593 393/396/594 392/663/595
s 7
f 240/290/596 239/291/597 384/390/598 383/656/599
f 241/294/600 240/830/596 268/293/601 267/615/602
s 8
f 242/295/603 241/829/604 250/826/605 249/619/606
s 3
f 243/618/607 242/295/608 274/317/609 273/313/610
f 245/297/611 248/296/612 289/316/613 292/326/614
s 4
f 246/828/615 245/297/616 253/304/617 256/633/618
s 5
f 247/616/619 246/298/620 362/299/621 361/617/622
s 3
f 249/619/623 252/637/624 283/320/625 282/318/626
s 7
f 251/302/627 250/300/628 364/301/629 363/635/630
s 8
f 252/637/631 251/825/632 259/820/633 262/638/634
s 3
f 254/305/635 253/304/636 288/325/637 287/322/638
s off
f 255/824/639 254/305/640 261/311/641 260/819/642
f 256/738/643 255/306/644 258/307/645 257/308/646
f 260/612/647 259/821/648 264/310/649 263/613/650
s 3
f 262/638/651 261/311/652 278/321/653 277/639/654
s off
f 269/901/655 272/312/656 273/313/657 276/899/658
s 12
f 270/315/659 269/874/660 296/873/661 295/624/662
s 13
f 271/620/663 270/875/664 290/848/665 289/316/666
s 14
f 275/857/667 274/317/668 282/318/669 281/851/670
s 15
f 276/621/671 275/900/672 298/897/673 297/330/674
s 14
f 277/639/675 280/853/676 284/852/677 283/320/678
s 16
f 279/854/679 278/321/680 287/322/681 286/849/682
s off
f 280/640/683 279/323/684 302/338/685 301/887/686
s 17
f 281/622/687 284/324/688 307/337/689 306/335/690
s 13
f 285/850/691 288/325/692 292/326/693 291/847/694
s off
f 286/623/695 285/327/696 312/342/697 311/339/698
s 18
f 291/649/699 290/328/700 313/333/701 316/343/702
s 19
f 293/331/703 296/329/704 297/330/705 300/625/706
s 20
f 294/332/707 293/872/708 320/871/709 319/628/710
s 21
f 295/624/711 294/332/712 314/345/713 313/333/714
s 19
f 299/336/715 298/334/716 306/335/717 305/626/718
s 20
f 300/625/719 299/896/720 322/895/721 321/347/722
s 19
f 301/641/723 304/886/724 308/341/725 307/337/726
s off
f 303/340/727 302/338/728 311/882/729 310/881/730
s 20
f 304/642/731 303/340/732 326/355/733 325/885/734
f 305/626/735 308/341/736 331/354/737 330/352/738
s 21
f 309/344/739 312/342/740 316/343/741 315/648/742
s 20
f 310/627/743 309/344/744 336/359/745 335/356/746
f 315/648/747 314/345/748 337/350/749 340/360/750
s 27
f 317/348/751 320/346/752 321/347/753 324/629/754
s off
f 318/349/755 317/870/756 343/869/757 342/632/758
s 28
f 319/628/759 318/349/760 338/362/761 337/350/762
s 29
f 323/353/763 322/351/764 330/352/765 329/630/766
s off
f 324/629/767 323/894/768 345/893/769 344/364/770
s 29
f 325/643/771 328/884/772 332/358/773 331/354/774
s 30
f 327/357/775 326/355/776 335/880/777 334/879/778
s off
f 328/644/779 327/357/780 348/371/781 347/891/782
s 31
f 329/630/783 332/358/784 352/370/785 351/368/786
s 28
f 333/361/787 336/359/788 340/360/789 339/647/790
s off
f 334/631/791 333/361/792 355/376/793 354/372/794
s 32
f 339/647/795 338/362/796 358/366/797 357/377/798
s off
f 341/856/799 343/363/800 344/364/801 346/892/802
f 342/632/803 341/868/804 359/862/805 358/366/806
f 346/610/807 345/367/808 351/368/809 350/860/810
f 347/891/811 348/371/812 370/382/813 369/381/814
s 33
f 347/369/815 353/373/816 352/370/817
s off
f 349/374/818 353/373/819 366/380/820 365/650/821
f 354/372/822 355/376/823 376/386/824 375/383/825
s 34
f 355/376/826 357/377/827 356/651/828
s off
f 356/651/829 360/378/830 372/379/831 371/652/832
f 367/867/833 366/380/834 369/889/835 368/890/836
f 368/645/837 370/382/838 375/876/839 374/877/840
f 371/652/841 373/384/842 374/385/843 376/386/844
s 35
f 377/660/845 380/835/846 397/834/847 396/394/848
f 379/836/849 378/387/850 386/388/851 385/614/852
s 36
f 380/661/853 379/858/854 382/859/855 381/844/856
s 37
f 381/662/857 384/390/858 400/398/859 399/400/860
f 383/656/861 382/845/862 388/846/863 387/657/864
s off
f 389/839/865 391/393/866 396/394/867 395/837/868
f 390/658/869 389/395/870 394/397/871 393/396/872
f 392/663/873 394/842/874 398/841/875 400/398/876
f 395/653/877 397/838/878 399/840/879 398/401/880
f 402/402/881 401/253/882 404/403/883 403/251/884
f 406/404/885 405/255/886 408/405/887 407/254/888
s 38
f 410/406/889 409/670/890 457/431/891 456/410/892
s 39
f 411/740/893 410/407/894 415/742/895 414/664/896
s 38
f 412/408/897 415/409/898 456/410/892 455/415/899
s 39
f 413/412/900 412/411/901 419/744/902 418/666/903
s 40
f 414/664/904 413/412/905 436/438/906 435/432/907
s 38
f 416/413/908 419/414/909 455/415/899 454/420/910
s 39
f 417/417/911 416/416/912 423/746/913 422/667/914
s off
f 418/666/915 417/417/916 440/443/917 439/439/918
s 38
f 420/418/919 423/419/920 454/420/910 453/425/921
s 39
f 421/422/922 420/421/923 427/748/924 426/668/925
s 41
f 422/667/926 421/422/927 444/448/928 443/444/929
s 38
f 424/423/930 427/424/931 453/425/921 458/430/932
s 39
f 425/427/933 424/426/934 429/749/935 428/669/936
s off
f 426/668/937 425/427/938 448/453/939 447/449/940
s 38
f 430/428/941 429/429/942 458/430/932 457/431/891
s 42
f 432/751/943 431/665/944 435/432/945 434/433/946
s 43
f 433/434/947 432/435/948 461/436/949 460/455/950
f 434/720/951 437/672/952 462/441/953 461/436/949
s 42
f 437/437/954 436/438/955 439/439/956 438/440/957
s 43
f 438/673/958 441/674/959 463/446/960 462/441/953
s 42
f 441/442/961 440/443/962 443/444/963 442/445/964
s 43
f 442/675/965 445/676/966 464/451/967 463/446/960
s 42
f 445/447/968 444/448/969 447/449/970 446/450/971
s 43
f 446/677/972 449/721/973 459/456/974 464/451/967
s 42
f 449/452/975 448/453/976 452/758/977 451/454/978
s 43
f 451/722/979 450/671/980 460/455/950 459/456/974
s 48
f 466/457/981 465/684/982 513/482/983 512/461/984
s 49
f 467/760/985 466/458/986 471/762/987 470/678/988
s 48
f 468/459/989 471/460/990 512/461/984 511/466/991
s 49
f 469/463/992 468/462/993 475/764/994 474/680/995
s 50
f 470/678/996 469/463/997 492/489/998 491/483/999
s 48
f 472/464/1000 475/465/1001 511/466/991 510/471/1002
s 49
f 473/468/1003 472/467/1004 479/766/1005 478/681/1006
s off
f 474/680/1007 473/468/1008 496/494/1009 495/490/1010
s 48
f 476/469/1011 479/470/1012 510/471/1002 509/476/1013
s 49
f 477/473/1014 476/472/1015 483/768/1016 482/682/1017
s 51
f 478/681/1018 477/473/1019 500/499/1020 499/495/1021
s 48
f 480/474/1022 483/475/1023 509/476/1013 514/481/1024
s 49
f 481/478/1025 480/477/1026 485/769/1027 484/683/1028
s off
f 482/682/1029 481/478/1030 504/504/1031 503/500/1032
s 48
f 486/479/1033 485/480/1034 514/481/1024 513/482/983
s 52
f 488/771/1035 487/679/1036 491/483/1037 490/484/1038
s 53
f 489/485/1039 488/486/1040 517/487/1041 516/506/1042
f 490/723/1043 493/686/1044 518/492/1045 517/487/1041
s 52
f 493/488/1046 492/489/1047 495/490/1048 494/491/1049
s 53
f 494/687/1050 497/688/1051 519/497/1052 518/492/1045
s 52
f 497/493/1053 496/494/1054 499/495/1055 498/496/1056
s 53
f 498/689/1057 501/690/1058 520/502/1059 519/497/1052
s 52
f 501/498/1060 500/499/1061 503/500/1062 502/501/1063
s 53
f 502/691/1064 505/724/1065 515/507/1066 520/502/1059
s 52
f 505/503/1067 504/504/1068 508/778/1069 507/505/1070
s 53
f 507/725/1071 506/685/1072 516/506/1042 515/507/1066
s 58
f 522/508/1073 521/698/1074 569/533/1075 568/512/1076
s 59
f 523/780/1077 522/509/1078 527/782/1079 526/692/1080
s 58
f 524/510/1081 527/511/1082 568/512/1076 567/517/1083
s 59
f 525/514/1084 524/513/1085 531/784/1086 530/694/1087
s 60
f 526/692/1088 525/514/1089 548/540/1090 547/534/1091
s 58
f 528/515/1092 531/516/1093 567/517/1083 566/522/1094
s 59
f 529/519/1095 528/518/1096 535/786/1097 534/695/1098
s off
f 530/694/1099 529/519/1100 552/545/1101 551/541/1102
s 58
f 532/520/1103 535/521/1104 566/522/1094 565/527/1105
s 59
f 533/524/1106 532/523/1107 539/788/1108 538/696/1109
s off
f 534/695/1110 533/524/1111 556/550/1112 555/546/1113
s 58
f 536/525/1114 539/526/1115 565/527/1105 570/532/1116
s 59
f 537/529/1117 536/528/1118 541/789/1119 540/697/1120
s 61
f 538/696/1121 537/529/1122 560/555/1123 559/551/1124
s 58
f 542/530/1125 541/531/1126 570/532/1116 569/533/1075
s 62
f 544/791/1127 543/693/1128 547/534/1129 546/535/1130
s 63
f 545/536/1131 544/537/1132 573/538/1133 572/557/1134
f 546/726/1135 549/700/1136 574/543/1137 573/538/1133
s 62
f 549/539/1138 548/540/1139 551/541/1140 550/542/1141
s 63
f 550/701/1142 553/702/1143 575/548/1144 574/543/1137
s 62
f 553/544/1145 552/545/1146 555/546/1147 554/547/1148
s 63
f 554/703/1149 557/704/1150 576/553/1151 575/548/1144
s 62
f 557/549/1152 556/550/1153 559/551/1154 558/552/1155
s 63
f 558/705/1156 561/727/1157 571/558/1158 576/553/1151
s 62
f 561/554/1159 560/555/1160 564/798/1161 563/556/1162
s 63
f 563/728/1163 562/699/1164 572/557/1134 571/558/1158
s 68
f 578/559/1165 577/712/1166 625/584/1167 624/563/1168
s 69
f 579/800/1169 578/560/1170 583/802/1171 582/706/1172
s 68
f 580/561/1173 583/562/1174 624/563/1168 623/568/1175
s 69
f 581/565/1176 580/564/1177 587/804/1178 586/708/1179
s 70
f 582/706/1180 581/565/1181 604/591/1182 603/585/1183
s 68
f 584/566/1184 587/567/1185 623/568/1175 622/573/1186
s 69
f 585/570/1187 584/569/1188 591/806/1189 590/709/1190
s off
f 586/708/1191 585/570/1192 608/596/1193 607/592/1194
s 68
f 588/571/1195 591/572/1196 622/573/1186 621/578/1197
s 69
f 589/575/1198 588/574/1199 595/808/1200 594/710/1201
s 71
f 590/709/1202 589/575/1203 612/601/1204 611/597/1205
s 68
f 592/576/1206 595/577/1207 621/578/1197 626/583/1208
s 69
f 593/580/1209 592/579/1210 597/809/1211 596/711/1212
s 72
f 594/710/1213 593/580/1214 616/606/1215 615/602/1216
s 68
f 598/581/1217 597/582/1218 626/583/1208 625/584/1167
s 73
f 600/811/1219 599/707/1220 603/585/1221 602/586/1222
s 74
f 601/587/1223 600/588/1224 629/589/1225 628/608/1226
f 602/729/1227 605/714/1228 630/594/1229 629/589/1225
s 73
f 605/590/1230 604/591/1231 607/592/1232 606/593/1233
s 74
f 606/715/1234 609/716/1235 631/599/1236 630/594/1229
s 73
f 609/595/1237 608/596/1238 611/597/1239 610/598/1240
s 74
f 610/717/1241 613/718/1242 632/604/1243 631/599/1236
s 73
f 613/600/1244 612/601/1245 615/602/1246 614/603/1247
s 74
f 614/719/1248 617/730/1249 627/609/1250 632/604/1243
s 73
f 617/605/1251 616/606/1252 620/818/1253 619/607/1254
s 74
f 619/731/1255 618/713/1256 628/608/1226 627/609/1250
s off
f 359/375/1257 341/365/1258 346/855/1259 350/861/1260
f 258/307/1261 255/306/1262 260/612/1263 263/613/1264
s 36
f 382/391/855 379/389/854 385/833/1265 388/392/1266
s 7
f 241/294/600 267/615/602 364/301/629 250/300/628
s 5
f 266/286/587 236/285/586 247/616/619 361/617/622
s off
f 272/312/1267 234/283/1268 243/618/1269 273/313/1270
s 3
f 242/295/608 249/619/623 282/318/626 274/317/609
f 254/305/635 287/322/638 278/321/653 261/311/652
f 289/316/613 248/296/612 235/284/577 271/620/580
s off
f 296/329/1271 269/314/1272 276/621/1273 297/330/1274
s 17
f 275/319/1275 281/622/687 306/335/690 298/334/1276
s off
f 286/883/1277 311/882/1278 302/338/1279 279/323/1280
s 18
f 313/333/701 290/328/700 270/315/1281 295/624/1282
s 20
f 320/346/709 293/331/708 300/625/719 321/347/722
f 299/336/720 305/626/735 330/352/738 322/351/721
f 310/881/743 335/880/746 326/355/733 303/340/732
f 337/350/749 314/345/748 294/332/707 319/628/710
s off
f 343/363/1283 317/348/1284 324/629/1285 344/364/1286
s 31
f 323/353/1287 329/630/783 351/368/786 345/367/1288
s off
f 334/879/1289 354/878/1290 348/371/1291 327/357/1292
s 32
f 358/366/797 338/362/796 318/349/1293 342/632/1294
s 5
f 362/299/621 246/298/620 256/823/1295 257/634/1296
s 7
f 251/302/627 363/635/630 264/636/1297 259/303/1298
s 3
f 283/320/625 252/637/624 262/638/651 277/639/654
s 17
f 307/337/689 284/324/688 280/888/1299 301/641/1300
s 20
f 331/354/737 308/341/736 304/886/731 325/643/734
s 31
f 352/370/785 332/358/784 328/884/1301 347/369/1302
s off
f 368/866/1303 374/865/1304 373/864/1305 367/646/1306
s 32
f 333/361/1307 339/647/795 357/377/798 355/376/1308
s 20
f 309/344/744 315/648/747 340/360/750 336/359/745
s 18
f 285/327/1309 291/649/699 316/343/702 312/342/1310
s 3
f 253/304/636 245/297/611 292/326/614 288/325/637
s 33
f 353/373/816 347/369/815 369/889/1311 366/380/1312
s off
f 370/382/1313 348/371/1314 354/878/1315 375/876/1316
s 34
f 355/376/826 356/651/828 371/652/1317 376/386/1318
s off
f 394/397/1319 389/395/1320 395/653/1321 398/401/1322
s 5
f 237/288/585 265/654/588 386/388/1323 378/387/590
s 7
f 268/655/601 240/290/596 383/656/599 387/657/1324
s off
f 244/289/1325 233/280/1326 390/658/1327 393/396/1328
s 5
f 238/659/589 377/660/591 396/394/1329 391/393/1330
s 36
f 380/661/853 381/844/856 399/843/1331 397/399/1332
s 7
f 384/390/598 239/291/597 392/663/1333 400/398/1334
s 40
f 411/740/1335 414/664/904 435/432/907 431/665/1336
f 413/412/905 418/666/1337 439/439/1338 436/438/906
s 41
f 417/417/1339 422/667/926 443/444/929 440/443/1340
s off
f 421/422/1341 426/668/1342 447/449/1343 444/448/1344
f 425/427/1345 428/669/1346 452/758/1347 448/453/1348
s 38
f 457/431/891 409/670/890 430/428/941
f 419/414/909 412/408/897 455/415/899
f 423/419/920 416/413/908 454/420/910
f 427/424/931 420/418/919 453/425/921
s 43
f 460/455/950 450/671/980 433/434/947
f 437/672/952 438/673/958 462/441/953
f 441/674/959 442/675/965 463/446/960
f 445/676/966 446/677/972 464/451/967
s 50
f 467/760/1349 470/678/996 491/483/999 487/679/1350
f 469/463/997 474/680/1351 495/490/1352 492/489/998
s 51
f 473/468/1353 478/681/1018 499/495/1021 496/494/1354
s off
f 477/473/1355 482/682/1356 503/500/1357 500/499/1358
f 481/478/1359 484/683/1360 508/778/1361 504/504/1362
s 48
f 513/482/983 465/684/982 486/479/1033
f 475/465/1001 468/459/989 511/466/991
f 479/470/1012 472/464/1000 510/471/1002
f 483/475/1023 476/469/1011 509/476/1013
s 53
f 516/506/1042 506/685/1072 489/485/1039
f 493/686/1044 494/687/1050 518/492/1045
f 497/688/1051 498/689/1057 519/497/1052
f 501/690/1058 502/691/1064 520/502/1059
s 60
f 523/780/1363 526/692/1088 547/534/1091 543/693/1364
f 525/514/1089 530/694/1365 551/541/1366 548/540/1090
s off
f 529/519/1367 534/695/1368 555/546/1369 552/545/1370
s 61
f 533/524/1371 538/696/1121 559/551/1124 556/550/1372
f 537/529/1122 540/697/1373 564/798/1374 560/555/1123
s 58
f 569/533/1075 521/698/1074 542/530/1125
f 531/516/1093 524/510/1081 567/517/1083
f 535/521/1104 528/515/1092 566/522/1094
f 539/526/1115 532/520/1103 565/527/1105
s 63
f 572/557/1134 562/699/1164 545/536/1131
f 549/700/1136 550/701/1142 574/543/1137
f 553/702/1143 554/703/1149 575/548/1144
f 557/704/1150 558/705/1156 576/553/1151
s 70
f 579/800/1375 582/706/1180 603/585/1183 599/707/1376
f 581/565/1181 586/708/1377 607/592/1378 604/591/1182
s off
f 585/570/1379 590/709/1380 611/597/1381 608/596/1382
s 71
f 589/575/1203 594/710/1383 615/602/1384 612/601/1204
s 72
f 593/580/1214 596/711/1385 620/818/1386 616/606/1215
s 68
f 625/584/1167 577/712/1166 598/581/1217
f 587/567/1185 580/561/1173 623/568/1175
f 591/572/1196 584/566/1184 622/573/1186
f 595/577/1207 588/571/1195 621/578/1197
s 74
f 628/608/1226 618/713/1256 601/587/1223
f 605/714/1228 606/715/1234 630/594/1229
f 609/716/1235 610/717/1241 631/599/1236
f 613/718/1242 614/719/1248 632/604/1243
s 38
f 415/409/898 410/406/889 456/410/892
f 458/430/932 429/429/942 424/423/930
s 43
f 461/436/949 432/435/948 434/720/951
f 449/721/973 451/722/979 459/456/974
s 48
f 471/460/990 466/457/981 512/461/984
f 514/481/1024 485/480/1034 480/474/1022
s 53
f 517/487/1041 488/486/1040 490/723/1043
f 505/724/1065 507/725/1071 515/507/1066
s 58
f 527/511/1082 522/508/1073 568/512/1076
f 570/532/1116 541/531/1126 536/525/1114
s 63
f 573/538/1133 544/537/1132 546/726/1135
f 561/727/1157 563/728/1163 571/558/1158
s 68
f 583/562/1174 578/559/1165 624/563/1168
f 626/583/1208 597/582/1218 592/576/1206
s 74
f 629/589/1225 600/588/1224 602/729/1227
f 617/730/1249 619/731/1255 627/609/1250
s 2
f 233/732/569 234/283/1387 235/284/1388 236/832/1389 237/831/1390 238/734/570
s 6
f 239/735/592 240/292/1391 241/829/1392 242/295/1393 243/618/1394 244/736/593
s 4
f 245/297/616 246/828/615 247/827/584 248/296/583
s 8
f 249/619/606 250/826/605 251/825/632 252/637/631
s 4
f 253/737/617 254/305/1395 255/824/1396 256/822/618
s 8
f 259/309/633 260/819/1397 261/311/1398 262/638/634
s 12
f 269/901/660 270/875/659 271/620/1399 272/312/1400
s 15
f 273/313/1401 274/317/1402 275/898/672 276/899/671
s 16
f 277/639/1403 278/321/680 279/854/679 280/853/1404
s 14
f 281/851/670 282/318/669 283/320/678 284/852/677
s 16
f 285/850/1405 286/849/682 287/322/681 288/325/1406
s 13
f 289/316/666 290/848/665 291/847/694 292/326/693
s 21
f 293/872/1407 294/332/712 295/624/711 296/873/1408
s 19
f 297/330/705 298/897/716 299/896/715 300/625/706
f 301/887/723 302/338/1409 303/340/1410 304/642/724
f 305/626/718 306/335/717 307/337/726 308/341/725
s 21
f 309/344/739 310/627/1411 311/339/1412 312/342/740
f 313/333/714 314/345/713 315/648/742 316/343/741
s 27
f 317/870/751 318/349/1413 319/628/1414 320/871/752
f 321/347/753 322/895/1415 323/894/1416 324/629/754
s 30
f 325/885/1417 326/355/776 327/357/775 328/644/1418
s 29
f 329/630/766 330/352/765 331/354/774 332/358/773
s 30
f 333/361/1419 334/631/778 335/356/777 336/359/1420
s 28
f 337/350/762 338/362/761 339/647/790 340/360/789
s off
f 341/868/1421 342/632/1422 343/869/1423
f 344/364/1424 345/893/1425 346/892/1426
f 349/374/1427 350/611/1428 351/368/1429 352/370/1430 353/373/1431
f 356/651/1432 357/377/1433 358/366/1434 359/863/1435 360/378/1436
f 365/650/1437 366/380/1438 367/867/1439
f 368/645/1440 369/381/1441 370/382/1442
f 371/652/1443 372/379/1444 373/384/1445
f 374/385/1446 375/383/1447 376/386/1448
s 35
f 377/660/845 378/387/850 379/836/849 380/835/846
s 37
f 381/662/857 382/845/862 383/656/861 384/390/858
s off
f 389/839/1449 390/658/1450 391/393/1451
f 392/663/1452 393/396/1453 394/842/1454
f 395/837/1455 396/394/1456 397/834/1457
f 398/841/1458 399/400/1459 400/398/1460
s 39
f 409/739/1461 410/407/894 411/740/893
f 412/741/901 413/412/900 414/664/896 415/742/895
f 416/743/912 417/417/911 418/666/903 419/744/902
f 420/745/923 421/422/922 422/667/914 423/746/913
f 424/747/934 425/427/933 426/668/925 427/748/924
f 428/669/936 429/749/935 430/750/1462
s 42
f 431/665/944 432/751/943 433/752/1463
f 434/433/946 435/432/945 436/438/955 437/753/954
f 438/440/957 439/439/956 440/443/962 441/754/961
f 442/445/964 443/444/963 444/448/969 445/755/968
f 446/450/971 447/449/970 448/453/976 449/756/975
f 450/757/1464 451/454/978 452/758/977
s 38
f 453/425/921 454/420/910 455/415/899 456/410/892 457/431/891 458/430/932
s 43
f 459/456/974 460/455/950 461/436/949 462/441/953 463/446/960 464/451/967
s 49
f 465/759/1465 466/458/986 467/760/985
f 468/761/993 469/463/992 470/678/988 471/762/987
f 472/763/1004 473/468/1003 474/680/995 475/764/994
f 476/765/1015 477/473/1014 478/681/1006 479/766/1005
f 480/767/1026 481/478/1025 482/682/1017 483/768/1016
f 484/683/1028 485/769/1027 486/770/1466
s 52
f 487/679/1036 488/771/1035 489/772/1467
f 490/484/1038 491/483/1037 492/489/1047 493/773/1046
f 494/491/1049 495/490/1048 496/494/1054 497/774/1053
f 498/496/1056 499/495/1055 500/499/1061 501/775/1060
f 502/501/1063 503/500/1062 504/504/1068 505/776/1067
f 506/777/1468 507/505/1070 508/778/1069
s 48
f 509/476/1013 510/471/1002 511/466/991 512/461/984 513/482/983 514/481/1024
s 53
f 515/507/1066 516/506/1042 517/487/1041 518/492/1045 519/497/1052 520/502/1059
s 59
f 521/779/1469 522/509/1078 523/780/1077
f 524/781/1085 525/514/1084 526/692/1080 527/782/1079
f 528/783/1096 529/519/1095 530/694/1087 531/784/1086
f 532/785/1107 533/524/1106 534/695/1098 535/786/1097
f 536/787/1118 537/529/1117 538/696/1109 539/788/1108
f 540/697/1120 541/789/1119 542/790/1470
s 62
f 543/693/1128 544/791/1127 545/792/1471
f 546/535/1130 547/534/1129 548/540/1139 549/793/1138
f 550/542/1141 551/541/1140 552/545/1146 553/794/1145
f 554/547/1148 555/546/1147 556/550/1153 557/795/1152
f 558/552/1155 559/551/1154 560/555/1160 561/796/1159
f 562/797/1472 563/556/1162 564/798/1161
s 58
f 565/527/1105 566/522/1094 567/517/1083 568/512/1076 569/533/1075 570/532/1116
s 63
f 571/558/1158 572/557/1134 573/538/1133 574/543/1137 575/548/1144 576/553/1151
s 69
f 577/799/1473 578/560/1170 579/800/1169
f 580/801/1177 581/565/1176 582/706/1172 583/802/1171
f 584/803/1188 585/570/1187 586/708/1179 587/804/1178
f 588/805/1199 589/575/1198 590/709/1190 591/806/1189
f 592/807/1210 593/580/1209 594/710/1201 595/808/1200
f 596/711/1212 597/809/1211 598/810/1474
s 73
f 599/707/1220 600/811/1219 601/812/1475
f 602/586/1222 603/585/1221 604/591/1231 605/813/1230
f 606/593/1233 607/592/1232 608/596/1238 609/814/1237
f 610/598/1240 611/597/1239 612/601/1245 613/815/1244
f 614/603/1247 615/602/1246 616/606/1252 617/816/1251
f 618/817/1476 619/607/1254 620/818/1253
s 68
f 621/578/1197 622/573/1186 623/568/1175 624/563/1168 625/584/1167 626/583/1208
s 74
f 627/609/1250 628/608/1226 629/589/1225 630/594/1229 631/599/1236 632/604/1243
g default
v 1441.429932 -221.087158 19.223289
v 1441.429932 -220.424850 19.885096
v 1440.768066 -220.424850 19.223289
v 1463.551147 -220.424850 19.885096
v 1463.551147 -221.087158 19.223289
v 1464.487061 -221.087158 19.223289
v 1464.487061 -220.424850 19.885096
v 1441.429932 202.045776 19.885096
v 1441.429932 202.707779 19.223289
v 1440.768066 202.045776 19.223289
v 1464.487061 202.045776 19.885096
v 1464.487061 202.707779 19.223289
v 1463.551147 202.707779 19.223289
v 1463.551147 202.045776 19.885096
v 1440.768066 202.045776 7.684198
v 1441.429932 202.707779 7.684198
v 1441.429932 202.045776 7.022388
v 1463.551147 202.207321 6.785061
v 1463.551147 202.707779 7.576093
v 1464.487061 202.707779 7.576093
v 1464.487061 202.207321 6.785061
v 1441.429932 -220.424850 7.022388
v 1441.429932 -221.087158 7.684198
v 1440.768066 -220.424850 7.684198
v 1464.487061 -220.555069 6.820960
v 1464.487061 -221.087158 7.591105
v 1463.551147 -221.087158 7.591105
v 1463.551147 -220.555069 6.820960
v 1441.429932 -199.609253 19.885096
v 1440.768066 -199.609253 19.223289
v 1440.768066 -200.545074 19.223289
v 1441.429932 -200.545074 19.885096
v 1570.993774 -221.087158 19.223289
v 1571.655640 -220.424850 19.223289
v 1570.993774 -220.424850 19.885096
v 1570.993774 -200.545074 19.885096
v 1571.655640 -200.545074 19.223289
v 1571.655640 -199.609253 19.223289
v 1570.993774 -199.609253 19.885096
v 1571.655640 202.045776 19.223289
v 1570.993774 202.707779 19.223289
v 1570.993774 202.045776 19.885096
v 1570.993774 202.707779 7.684198
v 1571.655640 202.045776 7.684198
v 1570.993774 202.045776 7.022388
v 1441.312012 185.467758 6.836143
v 1440.768066 185.467758 7.597597
v 1440.768066 186.403580 7.597597
v 1441.312012 186.403580 6.836143
v 1571.111572 186.403580 6.836143
v 1571.655640 186.403580 7.597597
v 1571.655640 185.467758 7.597597
v 1571.111572 185.467758 6.836143
v 1571.655640 -220.424850 7.684198
v 1570.993774 -221.087158 7.684198
v 1570.993774 -220.424850 7.022388
v 1547.920898 -220.402039 19.885096
v 1548.405273 -221.087158 19.260103
v 1548.889648 -220.402039 19.885096
v 1548.872559 202.045776 19.885096
v 1548.872559 202.707779 19.223289
v 1547.937500 202.707779 19.223289
v 1547.937500 202.045776 19.885096
v 1547.937500 202.207321 6.785061
v 1547.937500 202.707779 7.576093
v 1548.872559 202.707779 7.576093
v 1548.872559 202.207321 6.785061
v 1548.883545 -220.543655 6.816577
v 1548.405273 -221.087158 7.572147
v 1547.927124 -220.543655 6.816577
v 1463.562134 186.372238 -0.571200
v 1464.491821 186.363403 -0.731965
v 1464.497803 185.455887 -0.934829
v 1463.565796 185.457123 -0.779862
v 1548.857910 -200.524353 -0.610673
v 1547.931885 -200.520111 -0.767085
v 1547.928955 -199.601349 -0.934829
v 1548.854858 -199.602112 -0.781041
v 1549.035645 184.855667 20.669514
v 1549.348999 185.528000 19.885096
v 1548.917603 186.448288 19.885096
v 1547.910034 186.528763 19.885096
v 1547.895386 185.725143 20.379408
v 1464.528320 185.725143 20.379408
v 1464.491821 186.502441 19.885096
v 1463.479248 186.475388 19.885096
v 1462.985840 185.489670 19.885096
v 1463.388062 184.855667 20.669514
v 1441.429932 -27.044243 19.885096
v 1440.768066 -27.044243 19.223289
v 1440.768066 -27.980047 19.223289
v 1441.429932 -27.980047 19.885096
v 1441.312012 -199.609253 6.836143
v 1441.312012 -200.545074 6.836143
v 1440.768066 -200.545074 7.597597
v 1440.768066 -199.609253 7.597597
v 1464.492310 -199.602554 -0.934829
v 1464.494751 -200.522247 -0.766324
v 1463.568237 -200.522842 -0.611586
v 1463.568726 -199.602554 -0.781212
v 1548.847656 -27.980047 -0.783304
v 1547.931274 -27.986288 -0.934829
v 1547.937500 -27.044243 -0.934829
v 1548.847656 -27.044243 -0.783304
v 1571.655640 -199.609253 7.597597
v 1571.655640 -200.545074 7.597597
v 1571.111572 -200.545074 6.836143
v 1571.111572 -199.609253 6.836143
v 1570.993774 -27.980047 19.885096
v 1571.655640 -27.980047 19.223289
v 1571.655640 -27.044243 19.223289
v 1570.993774 -27.044243 19.885096
v 1547.895386 -199.866638 20.379383
v 1547.931885 -200.643631 19.885096
v 1548.944946 -200.616562 19.885096
v 1549.437866 -199.630844 19.885096
v 1549.035645 -198.996994 20.669514
v 1463.388062 -198.996994 20.669514
v 1463.074585 -199.669479 19.885096
v 1463.506104 -200.589462 19.885096
v 1464.512451 -200.670258 19.885096
v 1464.528320 -199.866638 20.379383
v 1441.312012 -5.919846 6.836143
v 1440.768066 -5.919846 7.597597
v 1440.768066 -4.984039 7.597597
v 1441.312012 -4.984039 6.836143
v 1441.429932 185.467758 19.885096
v 1441.429932 186.403580 19.885096
v 1440.768066 186.403580 19.223289
v 1440.768066 185.467758 19.223289
v 1463.380127 -4.798460 20.679178
v 1463.078247 -5.045646 19.885096
v 1463.495117 -5.975216 19.885096
v 1464.490601 -6.109990 19.885096
v 1464.333618 -5.431559 20.544039
v 1548.090088 -5.431559 20.544039
v 1547.951904 -6.083216 19.885096
v 1548.950439 -5.997120 19.885096
v 1549.431152 -5.008834 19.885096
v 1549.043579 -4.798460 20.679178
v 1571.655640 185.467758 19.223289
v 1571.655640 186.403580 19.223289
v 1570.993774 186.403580 19.885096
v 1570.993774 185.467758 19.885096
v 1571.111572 -4.984039 6.836143
v 1571.655640 -4.984039 7.597597
v 1571.655640 -5.919846 7.597597
v 1571.111572 -5.919846 6.836143
v 1547.931274 185.461380 -0.934829
v 1547.926514 186.369186 -0.729227
v 1548.857910 186.367371 -0.575231
v 1548.853638 185.461380 -0.781212
v 1463.576172 -4.984039 -0.783304
v 1464.492310 -4.977651 -0.934829
v 1464.487061 -5.919846 -0.934829
v 1463.576172 -5.919846 -0.783304
v 1441.429932 -4.984039 19.885096
v 1440.768066 -4.984039 19.223289
v 1440.768066 -5.919846 19.223289
v 1441.429932 -5.919846 19.885096
v 1441.312012 -27.044243 6.836143
v 1441.312012 -27.980047 6.836143
v 1440.768066 -27.980047 7.597597
v 1440.768066 -27.044243 7.597597
v 1464.492310 -27.037704 -0.934829
v 1464.487061 -27.980047 -0.934829
v 1463.568726 -27.986288 -0.781212
v 1463.568726 -27.037704 -0.781212
v 1547.937500 -4.984039 -0.934829
v 1548.853638 -4.977651 -0.781212
v 1548.847656 -5.919846 -0.783304
v 1547.937500 -5.919846 -0.934829
v 1571.655640 -27.044243 7.597597
v 1571.655640 -27.980047 7.597597
v 1571.111572 -27.980047 6.836143
v 1571.111572 -27.044243 6.836143
v 1571.655640 -4.984039 19.223289
v 1570.993774 -4.984039 19.885096
v 1570.993774 -5.919846 19.885096
v 1571.655640 -5.919846 19.223289
v 1549.043579 -28.167150 20.679207
v 1549.345459 -27.917988 19.885096
v 1548.928589 -26.988876 19.885096
v 1547.933105 -26.854712 19.885096
v 1548.090088 -27.533598 20.543964
v 1464.333618 -27.533598 20.543964
v 1464.471802 -26.881180 19.885096
v 1463.473267 -26.967274 19.885096
v 1462.992554 -27.955105 19.885096
v 1463.380127 -28.167150 20.679207
v 1545.869263 -31.800245 20.693291
v 1545.041138 -32.739704 20.663305
v 1545.628174 -33.572681 20.827723
v 1546.545166 -32.438972 20.663120
v 1465.878540 -32.438972 20.663120
v 1466.791260 -33.557472 20.817387
v 1467.383789 -32.740005 20.664038
v 1466.554443 -31.800245 20.693291
v 1466.731445 -195.298172 20.400858
v 1467.329590 -194.322510 20.476048
v 1466.793701 -193.319778 20.821945
v 1465.913818 -194.859177 20.617815
v 1546.510010 -194.859177 20.617815
v 1545.643433 -193.375610 20.785709
v 1545.115967 -194.333771 20.460779
v 1545.692261 -195.298172 20.400858
v 1465.913818 180.469299 20.617006
v 1466.780273 178.949524 20.784309
v 1467.299927 179.938721 20.445246
v 1466.735107 180.904343 20.396845
v 1545.688599 180.904343 20.396845
v 1545.101318 179.926559 20.460514
v 1545.630005 178.890656 20.821304
v 1546.510010 180.469299 20.617006
v 1466.770386 -0.646352 20.332026
v 1467.316895 0.335089 20.436361
v 1466.794312 1.395020 20.824457
v 1465.925293 -0.284928 20.601210
v 1546.498413 -0.284928 20.601210
v 1545.644043 1.326264 20.781128
v 1545.131836 0.321703 20.419481
v 1545.653320 -0.646352 20.332026
v 1544.291992 -36.102036 24.674835
v 1543.626465 -35.489624 24.787945
v 1543.539429 -36.343136 25.224613
v 1468.884277 -36.343136 25.224613
v 1468.805786 -35.484451 24.780396
v 1468.130493 -36.102036 24.674835
v 1468.875732 -190.189728 25.224613
v 1468.132324 -190.444519 24.677147
v 1468.807617 -191.060135 24.804457
v 1543.542480 -190.184708 25.224613
v 1543.616089 -191.060135 24.804457
v 1544.291382 -190.444519 24.677147
v 1468.903076 175.643021 25.224613
v 1468.811768 176.496078 24.810997
v 1468.133545 175.880920 24.681198
v 1544.290161 175.880920 24.681198
v 1543.617920 176.492279 24.815884
v 1543.520508 175.643021 25.224613
v 1468.905518 4.639007 25.224613
v 1468.133545 4.399883 24.681198
v 1468.811768 3.784885 24.810997
v 1543.520508 4.637790 25.224613
v 1543.612427 3.784885 24.810997
v 1544.290161 4.399883 24.681198
v 1549.919189 -28.176279 21.768730
v 1549.158569 -27.576946 21.871990
v 1549.306396 -28.314854 22.529306
v 1549.520630 -29.574511 22.529306
v 1462.903076 -29.574511 22.529306
v 1463.091675 -28.299795 22.529306
v 1463.338135 -27.575731 21.836948
v 1462.504517 -28.176279 21.768730
v 1464.781982 -31.695896 22.112265
v 1465.505493 -31.100368 22.038078
v 1464.629272 -30.296444 22.529306
v 1463.933228 -30.940498 22.529306
v 1548.490356 -30.940498 22.529306
v 1547.792480 -30.290359 22.529306
v 1546.918823 -31.100368 22.037825
v 1547.641724 -31.695896 22.112265
v 1464.092041 -198.312317 22.529306
v 1462.956177 -197.818115 22.529306
v 1462.486328 -198.562714 21.790304
v 1463.312012 -199.179672 21.991772
v 1465.343628 -197.107880 22.160542
v 1464.787476 -196.364349 22.105696
v 1463.948486 -197.248138 22.529306
v 1464.597534 -197.980713 22.529306
v 1549.544800 -197.900085 22.529306
v 1548.376709 -198.325409 22.529306
v 1549.111694 -199.179672 21.991772
v 1549.936157 -198.562714 21.790304
v 1547.634399 -196.357666 22.103123
v 1547.080078 -197.107880 22.160542
v 1547.826050 -197.980713 22.529306
v 1548.475220 -197.248138 22.529306
v 1462.880005 183.635864 22.529306
v 1463.764648 184.184525 22.529306
v 1463.312012 185.038483 21.991743
v 1462.486328 184.421814 21.790852
v 1549.937378 184.421814 21.790852
v 1549.206543 185.023300 22.027485
v 1548.621216 184.171738 22.529306
v 1549.543579 183.635864 22.529306
v 1464.789307 181.960938 22.103008
v 1465.344238 182.709030 22.159538
v 1464.616577 183.581543 22.529306
v 1463.948486 182.876343 22.529306
v 1548.475220 182.876343 22.529306
v 1547.808350 183.577896 22.529306
v 1547.079468 182.709030 22.159538
v 1547.634399 181.960938 22.103008
v 1463.632690 -4.651518 22.529306
v 1462.960938 -3.937798 22.529306
v 1462.505127 -4.790550 21.767624
v 1463.338135 -5.391402 21.836967
v 1465.294312 -2.930650 22.199209
v 1464.785034 -2.081397 22.108101
v 1463.949707 -3.152889 22.529306
v 1464.636597 -3.824322 22.529306
v 1549.523682 -4.019637 22.529306
v 1548.828735 -4.667642 22.529306
v 1549.085571 -5.391402 21.836967
v 1549.918457 -4.790550 21.767624
v 1547.636841 -2.073791 22.105633
v 1547.129395 -2.930650 22.199209
v 1547.786987 -3.824322 22.529306
v 1548.474731 -3.152889 22.529306
vt 0.598529 0.007780
vt 0.598529 0.007361
vt 0.725018 0.007361
vt 0.737668 0.007361
vt 0.725018 0.007780
vt 0.738525 0.532324
vt 0.737668 0.532324
vt 0.738525 0.007361
vt 0.725018 0.139839
vt 0.725018 0.147152
vt 0.724640 0.266422
vt 0.737668 0.139839
vt 0.738526 0.139840
vt 0.738525 0.147152
vt 0.591689 0.139839
vt 0.725018 0.266422
vt 0.737668 0.267540
vt 0.738525 0.267540
vt 0.724640 0.404876
vt 0.725018 0.406211
vt 0.737668 0.412092
vt 0.737668 0.405877
vt 0.738525 0.405877
vt 0.725018 0.020360
vt 0.737642 0.020331
vt 0.725018 0.020802
vt 0.717799 0.020802
vt 0.597634 0.020360
vt 0.857212 0.539165
vt 0.844573 0.539165
vt 0.844296 0.532705
vt 0.857212 0.532324
vt 0.857591 0.413054
vt 0.864432 0.007780
vt 0.864432 0.020360
vt 0.864432 0.020802
vt 0.864432 0.139839
vt 0.857591 0.147152
vt 0.857212 0.147152
vt 0.857591 0.274555
vt 0.724951 0.285347
vt 0.724951 0.284895
vt 0.737674 0.284682
vt 0.591689 0.127538
vt 0.597634 0.128228
vt 0.717799 0.128680
vt 0.984597 0.128228
vt 0.984597 0.128680
vt 0.864432 0.128680
vt 0.857561 0.285339
vt 0.990542 0.007780
vt 0.984597 0.020360
vt 0.857212 0.413054
vt 0.844296 0.411896
vt 0.844573 0.007794
vt 0.844604 0.020314
vt 0.843706 0.139839
vt 0.844563 0.147152
vt 0.844563 0.267540
vt 0.843706 0.267540
vt 0.844563 0.273620
vt 0.844555 0.284688
vt 0.843693 0.405870
vt 0.738531 0.284923
vt 0.843692 0.284919
vt 0.738539 0.285350
vt 0.857280 0.392773
vt 0.857280 0.393215
vt 0.843699 0.393199
vt 0.738535 0.393200
vt 0.843696 0.392770
vt 0.844296 0.128157
vt 0.844835 0.128243
vt 0.857212 0.128680
vt 0.843672 0.128769
vt 0.738531 0.128750
vt 0.737627 0.128731
vt 0.725018 0.128680
vt 0.737345 0.128233
vt 0.725018 0.074355
vt 0.725018 0.074615
vt 0.717799 0.074615
vt 0.591689 0.020800
vt 0.597634 0.020802
vt 0.597634 0.074355
vt 0.591689 0.073588
vt 0.724951 0.392773
vt 0.737678 0.393457
vt 0.737678 0.392771
vt 0.857280 0.338959
vt 0.843698 0.339221
vt 0.738526 0.339219
vt 0.843706 0.338959
vt 0.990542 0.021568
vt 0.990542 0.074357
vt 0.864432 0.074355
vt 0.984597 0.074355
vt 0.864432 0.074615
vt 0.843207 0.020656
vt 0.738558 0.020280
vt 0.844886 0.020795
vt 0.844833 0.074374
vt 0.739079 0.020656
vt 0.737935 0.020889
vt 0.737349 0.074363
vt 0.724951 0.333803
vt 0.724951 0.333570
vt 0.737682 0.333570
vt 0.591689 0.079696
vt 0.591689 0.074614
vt 0.597634 0.074615
vt 0.597634 0.079771
vt 0.717799 0.079771
vt 0.717799 0.128228
vt 0.717799 0.080004
vt 0.737398 0.079988
vt 0.725018 0.080004
vt 0.725018 0.079771
vt 0.737636 0.079758
vt 0.737623 0.074634
vt 0.738530 0.079725
vt 0.844296 0.080046
vt 0.843724 0.079731
vt 0.844595 0.074629
vt 0.844608 0.079752
vt 0.857212 0.079771
vt 0.857212 0.128228
vt 0.857212 0.080004
vt 0.844549 0.333803
vt 0.984597 0.080004
vt 0.864432 0.080004
vt 0.864432 0.079771
vt 0.990542 0.079773
vt 0.984597 0.079771
vt 0.984597 0.074615
vt 0.990542 0.074690
vt 0.844552 0.285348
vt 0.844552 0.333569
vt 0.738533 0.333569
vt 0.843706 0.333570
vt 0.843706 0.333803
vt 0.738525 0.333803
vt 0.738533 0.338958
vt 0.724951 0.338959
vt 0.737678 0.338958
vt 0.737678 0.339221
vt 0.843701 0.074661
vt 0.738506 0.074655
vt 0.737935 0.074303
vt 0.843406 0.074501
vt 0.843433 0.074501
vt 0.844296 0.074250
vt 0.738870 0.074501
vt 0.737935 0.074294
vt 0.737935 0.074252
vt 0.737935 0.020870
vt 0.738768 0.020656
vt 0.738814 0.020656
vt 0.843421 0.020656
vt 0.844296 0.020892
vt 0.737935 0.128169
vt 0.737935 0.128152
vt 0.738829 0.128346
vt 0.843419 0.128346
vt 0.844296 0.128134
vt 0.737935 0.080065
vt 0.738752 0.079885
vt 0.738814 0.079885
vt 0.843438 0.079885
vt 0.844296 0.080079
vt 0.844296 0.020891
vt 0.843457 0.074501
vt 0.738830 0.074501
vt 0.737935 0.074262
vt 0.737935 0.020891
vt 0.738780 0.020656
vt 0.843410 0.020656
vt 0.843511 0.020850
vt 0.737935 0.128153
vt 0.737935 0.080087
vt 0.738751 0.128198
vt 0.843459 0.128346
vt 0.843480 0.128198
vt 0.844296 0.080078
vt 0.738782 0.079885
vt 0.843408 0.079885
vt 0.843480 0.080034
vt 0.844296 0.020875
vt 0.843232 0.074501
vt 0.739001 0.074501
vt 0.843509 0.074501
vt 0.737935 0.074312
vt 0.737935 0.020875
vt 0.737935 0.074280
vt 0.737935 0.074260
vt 0.737935 0.020878
vt 0.738828 0.074501
vt 0.843446 0.074501
vt 0.843571 0.074501
vt 0.844296 0.074291
vt 0.844296 0.020879
vt 0.739179 0.020656
vt 0.843112 0.020656
vt 0.739227 0.020656
vt 0.737935 0.020828
vt 0.739134 0.020656
vt 0.843495 0.020656
vt 0.844296 0.020814
vt 0.844296 0.020828
vt 0.843023 0.020656
vt 0.737935 0.128168
vt 0.737935 0.080039
vt 0.737935 0.128213
vt 0.739129 0.128346
vt 0.843135 0.128346
vt 0.844296 0.080039
vt 0.843149 0.128346
vt 0.737935 0.128201
vt 0.737935 0.080077
vt 0.738736 0.128346
vt 0.843534 0.128346
vt 0.843238 0.128346
vt 0.844296 0.128161
vt 0.844296 0.080078
vt 0.739055 0.079885
vt 0.843229 0.079885
vt 0.738932 0.079885
vt 0.737935 0.080039
vt 0.738882 0.079885
vt 0.843522 0.079885
vt 0.844296 0.080027
vt 0.844296 0.080036
vt 0.843290 0.079885
vt 0.843699 0.020297
vt 0.738525 0.007780
vt 0.843685 0.007794
vt 0.737668 0.147152
vt 0.724951 0.393215
vt 0.738525 0.412092
vt 0.983701 0.007780
vt 0.717799 0.007780
vt 0.717799 0.020360
vt 0.857212 0.020360
vt 0.857212 0.007780
vt 0.857212 0.266422
vt 0.844569 0.405870
vt 0.844555 0.393459
vt 0.857212 0.406211
vt 0.843706 0.147152
vt 0.737668 0.007780
vt 0.725018 0.413054
vt 0.725018 0.532324
vt 0.597634 0.128680
vt 0.717799 0.139839
vt 0.598529 0.139839
vt 0.725018 0.273265
vt 0.737668 0.273620
vt 0.738526 0.273620
vt 0.843706 0.273620
vt 0.857280 0.284895
vt 0.857212 0.273265
vt 0.983701 0.139839
vt 0.844563 0.139839
vt 0.844589 0.128712
vt 0.857212 0.139839
vt 0.717799 0.074355
vt 0.737395 0.020783
vt 0.843507 0.074305
vt 0.738724 0.074305
vt 0.738711 0.020848
vt 0.857212 0.074355
vt 0.857212 0.020802
vt 0.984597 0.020802
vt 0.844553 0.392770
vt 0.844549 0.339219
vt 0.857280 0.339219
vt 0.738533 0.392771
vt 0.724951 0.339219
vt 0.597634 0.080004
vt 0.737676 0.285350
vt 0.843698 0.285348
vt 0.857280 0.333570
vt 0.857280 0.285347
vt 0.864432 0.128228
vt 0.844882 0.079998
vt 0.738753 0.080034
vt 0.725018 0.128228
vt 0.857212 0.074615
vt 0.844549 0.338959
vt 0.857280 0.333803
vt 0.737682 0.333803
vt 0.738753 0.074501
vt 0.738696 0.074501
vt 0.737935 0.020827
vt 0.842952 0.020656
vt 0.844296 0.074280
vt 0.844296 0.074260
vt 0.739066 0.128346
vt 0.737935 0.080039
vt 0.843259 0.079885
vt 0.844296 0.128213
vt 0.844296 0.128201
vt 0.738840 0.074501
vt 0.737935 0.020902
vt 0.843398 0.020656
vt 0.844296 0.074262
vt 0.738823 0.128346
vt 0.737935 0.080098
vt 0.843400 0.079885
vt 0.844296 0.128144
vt 0.843231 0.074501
vt 0.738949 0.074501
vt 0.737935 0.074291
vt 0.738697 0.020656
vt 0.844296 0.020889
vt 0.844296 0.074303
vt 0.844296 0.074312
vt 0.844296 0.074294
vt 0.844296 0.020870
vt 0.843152 0.128346
vt 0.739024 0.128346
vt 0.739119 0.128346
vt 0.738811 0.128346
vt 0.843461 0.128346
vt 0.737935 0.128157
vt 0.737935 0.080046
vt 0.737935 0.128161
vt 0.739000 0.079885
vt 0.843282 0.079885
vt 0.738672 0.079885
vt 0.844296 0.128168
vt 0.844296 0.128169
vt 0.844296 0.080065
vt 0.717798 0.007361
vt 0.737935 0.007361
vt 0.724640 0.147152
vt 0.857591 0.532324
vt 0.857591 0.266422
vt 0.591689 0.128346
vt 0.591689 0.128675
vt 0.857591 0.284916
vt 0.857591 0.285228
vt 0.844295 0.007361
vt 0.724640 0.393196
vt 0.724640 0.392919
vt 0.990542 0.020364
vt 0.990542 0.020656
vt 0.591689 0.079885
vt 0.591689 0.080002
vt 0.857591 0.333578
vt 0.857591 0.333689
vt 0.591689 0.074501
vt 0.990542 0.074501
vn -0.707371 -0.706842 0.000000
vn -0.707371 -0.706842 0.000000
vn -0.707371 -0.706842 0.000000
vn -0.707371 -0.706842 0.000000
vn 0.000000 -0.706843 0.707371
vn 0.000000 -0.706843 0.707371
vn 0.000000 -0.706843 0.707371
vn 0.000000 -0.706843 0.707371
vn -0.707075 0.000000 0.707138
vn -0.707075 0.000000 0.707138
vn -0.707075 0.000000 0.707138
vn -0.707075 0.000000 0.707138
vn 0.000000 0.000000 1.000000
vn 0.000000 0.000000 1.000000
vn 0.000000 0.000000 1.000000
vn 0.000000 0.000000 1.000000
vn 0.000000 -1.000000 0.000000
vn 0.000000 -1.000000 0.000000
vn 0.000000 -1.000000 0.000000
vn 0.000000 -1.000000 0.000000
vn -0.000064 -0.690852 0.722996
vn -0.000064 -0.690852 0.722996
vn 0.000000 -0.690613 0.723225
vn -0.000065 -0.690620 0.723218
vn -0.707074 0.000000 0.707139
vn -0.707074 0.000000 0.707139
vn -0.707074 0.000000 0.707139
vn -0.707074 0.000000 0.707139
vn 0.000000 0.706996 0.707217
vn 0.000000 0.706996 0.707217
vn 0.000000 0.706997 0.707217
vn 0.000000 0.706997 0.707217
vn -0.707208 0.707005 0.000000
vn -0.707208 0.707005 0.000000
vn -0.707208 0.707005 0.000000
vn -0.707208 0.707005 0.000000
vn 0.000000 0.000000 1.000000
vn 0.000000 0.000000 1.000000
vn -0.000000 0.000000 1.000000
vn 0.000000 0.000000 1.000000
vn 0.000000 0.707003 0.707210
vn 0.000000 0.707003 0.707210
vn 0.000000 0.707004 0.707210
vn 0.000000 0.707004 0.707210
vn 0.000000 1.000000 0.000000
vn 0.000000 1.000000 0.000000
vn 0.000000 1.000000 0.000000
vn 0.000000 1.000000 0.000000
vn -0.762959 0.008518 -0.646390
vn -0.762959 0.008518 -0.646390
vn -0.765983 0.008036 -0.642810
vn -0.765966 0.008039 -0.642831
vn -0.007729 0.780800 -0.624733
vn -0.007729 0.780800 -0.624733
vn -0.007416 0.783607 -0.621213
vn -0.007414 0.783623 -0.621193
vn -0.162163 0.238893 -0.957410
vn -0.000839 0.428605 -0.903492
vn -0.000851 0.418593 -0.908174
vn -0.171434 0.232088 -0.957468
vn 0.000000 0.845073 -0.534651
vn 0.000000 0.845073 -0.534651
vn 0.000000 0.845073 -0.534651
vn 0.000000 0.845073 -0.534651
vn -0.762970 -0.006700 -0.646399
vn -0.762970 -0.006700 -0.646399
vn -0.765366 -0.006400 -0.643563
vn -0.765378 -0.006398 -0.643550
vn -0.006524 -0.767911 -0.640524
vn -0.006524 -0.767911 -0.640524
vn -0.006259 -0.770275 -0.637681
vn -0.006260 -0.770265 -0.637694
vn -0.000857 -0.354152 -0.935187
vn -0.163712 -0.192307 -0.967583
vn -0.171008 -0.188038 -0.967160
vn -0.000867 -0.347084 -0.937834
vn -0.000024 -0.817380 -0.576099
vn -0.000024 -0.817380 -0.576099
vn -0.000025 -0.817303 -0.576209
vn 0.001374 -0.806366 -0.591416
vn 0.000000 0.000000 1.000000
vn 0.000000 0.000000 1.000000
vn 0.000000 0.000000 1.000000
vn -0.707075 0.000000 0.707139
vn -0.707075 0.000000 0.707139
vn -0.707075 0.000000 0.707139
vn -0.707075 0.000000 0.707139
vn -1.000000 -0.000003 0.000000
vn -1.000000 0.000000 0.000000
vn -1.000000 0.000000 0.000000
vn -1.000000 -0.000003 0.000000
vn 0.000243 -0.690710 0.723132
vn 0.000243 -0.690710 0.723132
vn 0.000240 -0.690523 0.723311
vn 0.707281 -0.706933 0.000000
vn 0.707281 -0.706933 0.000000
vn 0.707281 -0.706933 0.000000
vn 0.707281 -0.706933 0.000000
vn 0.707075 0.000000 0.707138
vn 0.707075 0.000000 0.707138
vn 0.707075 0.000000 0.707138
vn 0.707075 0.000000 0.707138
vn -0.000000 0.000000 1.000000
vn -0.000000 0.000000 1.000000
vn -0.000000 0.000000 1.000000
vn -0.000000 0.000000 1.000000
vn 1.000000 0.000000 0.000000
vn 1.000000 0.000000 0.000000
vn 1.000000 0.000000 0.000000
vn 1.000000 0.000000 0.000000
vn 0.707075 0.000000 0.707139
vn 0.707075 0.000000 0.707139
vn 0.707075 0.000000 0.707139
vn 0.707075 0.000000 0.707139
vn 0.707074 0.000000 0.707139
vn 0.707074 0.000000 0.707139
vn 0.707074 0.000000 0.707139
vn 0.707074 0.000000 0.707139
vn 0.707118 0.707096 0.000000
vn 0.707118 0.707096 0.000000
vn 0.707118 0.707096 0.000000
vn 0.707118 0.707096 0.000000
vn 0.000000 0.706995 0.707219
vn 0.000000 0.706995 0.707219
vn 0.000000 0.706996 0.707217
vn 0.000000 0.706996 0.707217
vn 0.007729 0.780799 -0.624735
vn 0.007729 0.780799 -0.624735
vn 0.007414 0.783618 -0.621199
vn 0.007416 0.783602 -0.621219
vn 0.762927 0.008509 -0.646429
vn 0.762927 0.008509 -0.646429
vn 0.765932 0.008030 -0.642872
vn 0.765950 0.008027 -0.642851
vn -0.323775 0.000512 -0.946134
vn -0.174676 0.223490 -0.958927
vn -0.317808 0.000511 -0.948155
vn -0.813709 0.000000 -0.581273
vn -0.813709 0.000000 -0.581273
vn -0.813709 0.000000 -0.581273
vn -0.813709 0.000000 -0.581273
vn -1.000000 0.000004 0.000000
vn -1.000000 0.000000 0.000000
vn -1.000000 0.000000 0.000000
vn -1.000000 0.000004 0.000000
vn 0.174679 0.223534 -0.958916
vn 0.323775 0.000506 -0.946134
vn 0.317874 0.000505 -0.948133
vn 0.171427 0.232064 -0.957475
vn 1.000000 0.000000 0.000000
vn 1.000000 0.000000 0.000000
vn 1.000000 0.000000 0.000000
vn 1.000000 0.000000 0.000000
vn 0.813647 0.000000 -0.581359
vn 0.813647 0.000000 -0.581359
vn 0.813647 0.000000 -0.581359
vn 0.813647 0.000000 -0.581359
vn 0.762938 -0.006692 -0.646437
vn 0.762938 -0.006692 -0.646437
vn 0.765344 -0.006390 -0.643590
vn 0.765333 -0.006392 -0.643603
vn 0.006626 -0.762762 -0.646646
vn 0.006626 -0.762762 -0.646646
vn 0.006551 -0.763344 -0.645958
vn 0.000000 0.000000 1.000000
vn 0.000000 0.000000 1.000000
vn 0.000000 0.000000 1.000000
vn 0.000000 0.000000 1.000000
vn -0.000000 0.000000 1.000000
vn -0.000000 0.000000 1.000000
vn 0.000000 0.000000 1.000000
vn 0.000000 1.000000 0.000000
vn 0.000000 1.000000 0.000000
vn 0.000000 1.000000 0.000000
vn 0.000000 1.000000 0.000000
vn 0.000830 0.428606 -0.903491
vn 0.162169 0.238952 -0.957394
vn 0.000845 0.418532 -0.908202
vn 0.163732 -0.192276 -0.967586
vn 0.000857 -0.354152 -0.935188
vn 0.000867 -0.347104 -0.937826
vn 0.171028 -0.188023 -0.967159
vn -0.001818 0.001071 -0.999998
vn 0.001821 0.001064 -0.999998
vn -0.001824 0.000000 -0.999998
vn -0.317846 0.000000 -0.948142
vn 0.317827 -0.000466 -0.948149
vn 0.323782 -0.000464 -0.946132
vn 0.174525 -0.180760 -0.967919
vn 0.001810 -0.000976 -0.999998
vn -0.001821 -0.000973 -0.999998
vn 0.001817 -0.000000 -0.999998
vn 0.317865 0.000000 -0.948136
vn 0.611866 0.771964 -0.172313
vn 0.611866 0.771964 -0.172313
vn 0.611866 0.771964 -0.172313
vn 0.611866 0.771964 -0.172313
vn 0.913922 0.000226 0.405890
vn 0.913922 0.000226 0.405890
vn 0.913922 0.000226 0.405890
vn 0.913922 0.000226 0.405890
vn 0.000000 0.000000 1.000000
vn 0.000000 0.000000 1.000000
vn 0.000000 0.000000 1.000000
vn 0.008451 0.528673 0.848783
vn 0.005949 0.529129 0.848520
vn -0.006581 0.528863 0.848682
vn -0.008524 0.528454 0.848919
vn -0.600990 0.786306 -0.143295
vn -0.600990 0.786306 -0.143295
vn -0.600990 0.786306 -0.143295
vn -0.600990 0.786306 -0.143295
vn 0.000000 0.000000 1.000000
vn -0.000000 0.000000 1.000000
vn 0.000000 0.000000 1.000000
vn -0.913282 -0.000193 0.407327
vn -0.913282 -0.000193 0.407327
vn -0.913282 -0.000193 0.407327
vn -0.913282 -0.000193 0.407327
vn 0.000000 0.000000 1.000000
vn 0.000000 0.000000 1.000000
vn 0.000000 0.000000 1.000000
vn 0.000000 0.000000 1.000000
vn -0.707075 0.000000 0.707138
vn -0.707075 0.000000 0.707138
vn -0.707075 0.000000 0.707138
vn -0.707075 0.000000 0.707138
vn -1.000000 0.000000 0.000000
vn -1.000000 0.000000 0.000000
vn -1.000000 0.000000 0.000000
vn -1.000000 0.000000 0.000000
vn -0.813709 0.000000 -0.581273
vn -0.813709 0.000000 -0.581273
vn -0.813709 0.000000 -0.581273
vn -0.813709 0.000000 -0.581273
vn -0.174431 -0.180870 -0.967915
vn -0.323792 -0.000465 -0.946128
vn -0.317870 -0.000468 -0.948134
vn -0.317864 -0.000000 -0.948136
vn -0.001814 0.000000 -0.999998
vn 0.317929 -0.000001 -0.948115
vn 0.323796 0.000000 -0.946127
vn 0.323800 0.000001 -0.946126
vn 0.001797 -0.000000 -0.999998
vn -0.001808 -0.000000 -0.999998
vn 0.001797 0.000000 -0.999998
vn 0.317929 0.000001 -0.948114
vn 0.813647 0.000000 -0.581359
vn 0.813647 0.000000 -0.581359
vn 0.813647 0.000000 -0.581359
vn 0.813647 0.000000 -0.581359
vn -0.000000 0.000000 1.000000
vn 0.000000 0.000000 1.000000
vn 0.000000 0.000000 1.000000
vn -0.000000 0.000000 1.000000
vn 1.000000 0.000000 0.000000
vn 1.000000 0.000000 0.000000
vn 1.000000 0.000000 0.000000
vn 1.000000 0.000000 0.000000
vn 0.707075 0.000000 0.707138
vn 0.707075 0.000000 0.707138
vn 0.707075 0.000000 0.707138
vn 0.707075 0.000000 0.707138
vn 0.601315 -0.786075 -0.143204
vn 0.601315 -0.786075 -0.143204
vn 0.601315 -0.786075 -0.143204
vn 0.601315 -0.786075 -0.143204
vn 0.006583 -0.528903 0.848657
vn 0.008527 -0.528494 0.848895
vn -0.008440 -0.528713 0.848759
vn -0.005958 -0.529166 0.848497
vn 0.913286 0.000214 0.407318
vn 0.913286 0.000214 0.407318
vn 0.913286 0.000214 0.407318
vn 0.913286 0.000214 0.407318
vn -0.601064 -0.786266 -0.143209
vn -0.601064 -0.786266 -0.143209
vn -0.601064 -0.786266 -0.143209
vn -0.601064 -0.786266 -0.143209
vn -0.913896 -0.000252 0.405948
vn -0.913896 -0.000252 0.405948
vn -0.913896 -0.000252 0.405948
vn -0.913896 -0.000252 0.405948
vn -0.323801 0.000008 -0.946125
vn -0.323795 0.000000 -0.946127
vn -0.317884 0.000006 -0.948129
vn -0.813708 0.000000 -0.581273
vn -0.813708 0.000000 -0.581273
vn -0.813709 0.000000 -0.581273
vn -0.813709 0.000000 -0.581273
vn -1.000000 0.000000 0.000000
vn -1.000000 0.000000 0.000000
vn -1.000000 0.000000 0.000000
vn -1.000000 0.000000 0.000000
vn -0.707075 0.000000 0.707139
vn -0.707075 0.000000 0.707139
vn -0.707075 0.000000 0.707139
vn -0.707075 0.000000 0.707139
vn -0.530442 -0.746572 -0.401574
vn -0.530442 -0.746572 -0.401574
vn -0.530442 -0.746572 -0.401574
vn -0.530442 -0.746572 -0.401574
vn -0.000000 0.000000 1.000000
vn 0.000000 0.000000 1.000000
vn 0.000000 0.000000 1.000000
vn -0.000000 0.000000 1.000000
vn -0.000000 0.000000 1.000000
vn -0.000000 0.000000 1.000000
vn -0.011383 -0.702111 0.711976
vn -0.005465 -0.703013 0.711156
vn 0.006013 -0.702813 0.711350
vn 0.011457 -0.701841 0.712241
vn 0.530518 -0.746502 -0.401605
vn 0.530518 -0.746502 -0.401605
vn 0.530518 -0.746502 -0.401604
vn 0.530518 -0.746502 -0.401604
vn 0.000000 0.000000 1.000000
vn -0.000000 0.000000 1.000000
vn -0.000000 0.000000 1.000000
vn 0.000000 0.000000 1.000000
vn 0.000000 0.000000 1.000000
vn 0.000000 0.000000 1.000000
vn 0.707075 0.000000 0.707139
vn 0.707075 0.000000 0.707139
vn 0.707075 0.000000 0.707139
vn 0.707075 0.000000 0.707139
vn 0.323794 0.000000 -0.946128
vn 0.323796 0.000000 -0.946127
vn 0.317870 0.000000 -0.948134
vn 1.000000 0.000000 0.000000
vn 1.000000 0.000000 0.000000
vn 1.000000 0.000000 0.000000
vn 1.000000 0.000000 0.000000
vn 0.813647 0.000000 -0.581359
vn 0.813647 0.000000 -0.581359
vn 0.813647 0.000000 -0.581359
vn 0.813647 0.000000 -0.581359
vn 0.001813 0.000000 -0.999998
vn -0.001809 -0.000000 -0.999998
vn -0.317890 0.000007 -0.948128
vn -0.323810 0.000000 -0.946122
vn -0.323802 0.000008 -0.946125
vn 0.536214 0.734874 -0.415252
vn 0.536214 0.734874 -0.415252
vn 0.536214 0.734874 -0.415252
vn 0.536214 0.734874 -0.415252
vn 0.011374 0.701743 0.712339
vn 0.005463 0.702647 0.711518
vn -0.006008 0.702447 0.711711
vn -0.011450 0.701475 0.712602
vn -0.530746 0.746799 -0.400749
vn -0.530746 0.746799 -0.400749
vn -0.530746 0.746799 -0.400749
vn -0.530746 0.746799 -0.400749
vn -0.503422 -0.546780 0.669028
vn -0.503422 -0.546780 0.669028
vn -0.639108 -0.002547 0.769113
vn -0.011090 -0.519696 0.854279
vn -0.000206 -0.030020 0.999549
vn -0.000472 -0.028136 0.999604
vn 0.000430 -0.028325 0.999599
vn 0.000191 -0.030115 0.999546
vn 0.609057 0.548188 0.573183
vn 0.609057 0.548188 0.573184
vn 0.005980 0.793181 0.608957
vn 0.594189 0.020513 0.804064
vn 0.179160 0.001347 0.983819
vn 0.182314 0.000083 0.983240
vn 0.181916 -0.001008 0.983314
vn 0.173853 -0.005541 0.984756
vn 0.503334 -0.546971 0.668937
vn 0.503334 -0.546971 0.668937
vn 0.011088 -0.519721 0.854264
vn 0.639011 -0.002546 0.769193
vn -0.195069 0.000188 0.980789
vn -0.191839 0.001329 0.981426
vn -0.186025 -0.006069 0.982526
vn -0.194695 -0.000932 0.980863
vn -0.603428 0.552207 0.575275
vn -0.603428 0.552207 0.575275
vn -0.595072 0.020713 0.803405
vn -0.005957 0.793006 0.609184
vn 0.455757 0.422130 0.783640
vn 0.455757 0.422130 0.783640
vn 0.609710 0.003583 0.792616
vn 0.004942 0.566990 0.823710
vn 0.003319 -0.072089 0.997393
vn 0.005180 -0.073598 0.997275
vn -0.004907 -0.073017 0.997319
vn -0.003135 -0.071762 0.997417
vn -0.597854 -0.528888 0.602369
vn -0.597854 -0.528888 0.602369
vn -0.005926 -0.761483 0.648158
vn -0.594725 -0.021086 0.803653
vn -0.456582 0.421714 0.783384
vn -0.456582 0.421715 0.783384
vn -0.004942 0.566983 0.823715
vn -0.609930 0.003579 0.792447
vn 0.594061 -0.530102 0.605048
vn 0.594061 -0.530102 0.605048
vn 0.593486 -0.020963 0.804571
vn 0.005839 -0.761648 0.647965
vn 0.456663 -0.422860 0.782719
vn 0.456663 -0.422860 0.782719
vn 0.004948 -0.569095 0.822257
vn 0.614194 -0.003169 0.789149
vn -0.218250 0.000702 0.975893
vn -0.209606 0.005012 0.977773
vn -0.207900 -0.006542 0.978128
vn -0.218216 -0.000707 0.975900
vn -0.590726 0.521507 0.615689
vn -0.590726 0.521507 0.615689
vn -0.579516 0.018181 0.814758
vn -0.005869 0.750947 0.660337
vn 0.005218 0.061383 0.998101
vn 0.003422 0.060094 0.998187
vn -0.003616 0.060439 0.998165
vn -0.005517 0.061986 0.998062
vn -0.456632 -0.422933 0.782697
vn -0.456632 -0.422933 0.782697
vn -0.614214 -0.003169 0.789133
vn -0.004948 -0.569019 0.822310
vn 0.596629 0.518972 0.612129
vn 0.596629 0.518972 0.612129
vn 0.005965 0.751015 0.660258
vn 0.580280 0.018275 0.814212
vn 0.205930 0.005494 0.978551
vn 0.214988 0.000556 0.976617
vn 0.214955 -0.000850 0.976624
vn 0.205293 -0.005922 0.978683
vn 0.003157 0.631690 0.775215
vn 0.447551 0.381689 0.808710
vn 0.602073 0.003438 0.798433
vn 0.004281 0.524678 0.851290
vn 0.004390 -0.100631 0.994914
vn 0.006369 -0.101886 0.994776
vn -0.005971 -0.101247 0.994843
vn -0.004147 -0.100244 0.994954
vn -0.594360 -0.520671 0.612893
vn -0.594360 -0.520671 0.612893
vn -0.005965 -0.751065 0.660201
vn -0.579694 -0.018433 0.814626
vn -0.448437 0.381280 0.808412
vn -0.003165 0.631689 0.775216
vn -0.004280 0.524671 0.851294
vn -0.602204 0.003434 0.798335
vn 0.590206 -0.521841 0.615905
vn 0.590206 -0.521840 0.615905
vn 0.580043 -0.018250 0.814382
vn 0.005848 -0.751082 0.660183
vn 0.008407 0.002986 0.999960
vn 0.008498 -0.002822 0.999960
vn -0.008407 0.002970 0.999960
vn -0.008482 -0.002814 0.999960
vn -0.008307 0.002518 0.999962
vn -0.008310 -0.002536 0.999962
vn 0.008306 0.002528 0.999962
vn 0.008307 -0.002534 0.999962
vn 0.882210 0.007946 0.470790
vn 0.884542 0.000724 0.466460
vn 0.884729 0.000137 0.466107
vn 0.884729 0.000137 0.466107
vn -0.000085 0.678327 0.734760
vn -0.000085 0.678327 0.734760
vn -0.000085 0.678327 0.734760
vn -0.000085 0.678327 0.734760
vn -0.000000 0.000000 1.000000
vn 0.000000 0.000000 1.000000
vn -0.001171 -0.077776 0.996970
vn -0.110232 -0.000753 0.993906
vn -0.865237 0.000555 0.501363
vn -0.863423 0.008184 0.504415
vn -0.865380 -0.000057 0.501117
vn -0.865380 -0.000057 0.501117
vn 0.000000 0.000000 1.000000
vn 0.000001 0.000000 1.000000
vn 0.113133 -0.000771 0.993580
vn 0.001176 -0.077383 0.997001
vn 0.120545 0.000909 0.992708
vn -0.116173 0.000881 0.993229
vn -0.002921 -0.528962 0.848641
vn -0.009312 -0.527385 0.849576
vn 0.008377 -0.528522 0.848878
vn 0.002623 -0.529307 0.848426
vn 0.000001 0.000000 1.000000
vn 0.000000 0.000000 1.000000
vn 0.002697 0.194627 0.980874
vn -0.002695 0.193754 0.981047
vn 0.000000 0.000000 1.000000
vn -0.000000 0.000000 1.000000
vn -0.870164 -0.000262 0.492763
vn -0.870164 -0.000262 0.492763
vn -0.870164 -0.000262 0.492763
vn -0.870164 -0.000262 0.492763
vn -0.000000 0.000000 1.000000
vn -0.000001 0.000000 1.000000
vn 0.114425 -0.000785 0.993432
vn 0.001942 -0.142983 0.989723
vn -0.007078 0.519558 0.854406
vn -0.004405 0.519886 0.854225
vn 0.003637 0.519632 0.854383
vn 0.007902 0.518737 0.854897
vn 0.885155 -0.000120 0.465297
vn 0.885155 -0.000120 0.465297
vn 0.885155 -0.000120 0.465297
vn 0.885155 -0.000120 0.465297
vn -0.000001 0.000000 1.000000
vn 0.000000 0.000000 1.000000
vn -0.001958 -0.143288 0.989679
vn -0.112214 -0.000767 0.993684
vn 0.103242 0.000792 0.994656
vn -0.100296 0.000773 0.994957
vn -0.005999 -0.685575 0.727977
vn -0.006506 -0.685432 0.728108
vn 0.005812 -0.686008 0.727571
vn 0.005596 -0.686054 0.727530
vn -0.000001 0.000000 1.000000
vn 0.000000 0.000000 1.000000
vn 0.001392 0.107375 0.994218
vn -0.001395 0.107104 0.994247
vn -0.000000 0.000000 1.000000
vn -0.000001 0.000000 1.000000
vn 0.000000 1.000000 0.000000
vn 0.000000 1.000000 0.000000
vn -0.167358 -0.185267 -0.968332
vn 0.000000 -1.000000 0.000000
vn 0.000000 -1.000000 0.000000
vn 0.000000 -1.000000 0.000000
vn 0.000000 -1.000000 0.000000
vn 1.000000 0.000000 0.000000
vn 1.000000 0.000000 0.000000
vn -1.000000 -0.000004 0.000000
vn -1.000000 -0.000004 0.000000
vn 0.000000 0.000000 1.000000
vn 0.000000 1.000000 0.000000
vn 0.000000 1.000000 0.000000
vn 0.167444 -0.185165 -0.968337
vn 0.000000 0.000000 1.000000
vn 0.000000 -1.000000 0.000000
vn 0.000000 -1.000000 0.000000
vn -1.000000 0.000005 0.000000
vn -1.000000 0.000005 0.000000
vn -0.165878 0.230328 -0.958871
vn 0.165923 0.230387 -0.958849
vn 1.000000 0.000000 0.000000
vn 1.000000 0.000000 0.000000
vn 0.000000 0.000000 1.000000
vn -0.000000 0.000000 1.000000
vn 0.000002 0.832033 0.554726
vn 0.000002 0.832033 0.554726
vn -0.944679 -0.000005 0.327996
vn -0.944679 -0.000005 0.327996
vn -0.944679 -0.000005 0.327996
vn -0.944679 -0.000005 0.327996
vn 0.000001 -0.798585 0.601882
vn 0.000001 -0.798585 0.601882
vn 0.944627 0.000003 0.328146
vn 0.944627 0.000003 0.328146
vn 0.944627 0.000003 0.328146
vn 0.944627 0.000003 0.328146
vn 0.000000 0.785238 0.619194
vn 0.000000 0.785238 0.619194
vn -0.944663 0.000000 0.328041
vn -0.944663 0.000000 0.328041
vn -0.944663 0.000000 0.328041
vn -0.944663 0.000000 0.328041
vn -0.000000 -0.785216 0.619222
vn -0.000000 -0.785216 0.619222
vn 0.944700 0.000000 0.327935
vn 0.944700 0.000000 0.327935
vn 0.944700 0.000000 0.327935
vn 0.944700 0.000000 0.327935
vn 0.000000 0.999469 0.032599
vn 0.000000 0.999469 0.032599
vn 0.000000 0.999469 0.032599
vn 0.000000 0.999469 0.032599
vn 0.000001 -0.887040 0.461692
vn 0.000001 -0.887040 0.461692
vn 0.000001 -0.887040 0.461692
vn 0.000001 -0.887040 0.461692
vn -0.779302 0.000002 -0.626648
vn -0.779302 0.000002 -0.626648
vn -0.779302 0.000002 -0.626648
vn -0.779302 0.000002 -0.626648
vn 0.797369 0.000003 0.603492
vn 0.797369 0.000003 0.603492
vn 0.000000 -0.919982 0.391960
vn 0.000000 -0.919982 0.391960
vn 0.000000 -0.919982 0.391960
vn 0.000000 -0.919982 0.391960
vn 0.000000 0.697129 0.716946
vn 0.000000 0.697129 0.716946
vn 0.779513 -0.000002 -0.626386
vn 0.779513 -0.000002 -0.626386
vn 0.779513 -0.000002 -0.626386
vn 0.779513 -0.000002 -0.626386
vn -0.797369 0.000003 0.603492
vn -0.797369 0.000003 0.603492
vn -0.000000 0.920041 0.391823
vn -0.000000 0.920041 0.391823
vn -0.000000 0.920040 0.391823
vn -0.000000 0.920041 0.391823
vn 0.000000 -0.698734 0.715382
vn 0.000000 -0.698734 0.715382
vn -0.779334 0.000000 -0.626608
vn -0.779334 0.000000 -0.626608
vn -0.779334 0.000000 -0.626608
vn -0.779334 0.000000 -0.626608
vn 0.797422 -0.000003 0.603422
vn 0.797422 -0.000003 0.603422
vn 0.000000 -0.999518 0.031044
vn 0.000000 -0.999518 0.031044
vn 0.000000 -0.999518 0.031044
vn 0.000000 -0.999518 0.031044
vn 0.779355 -0.000001 -0.626583
vn 0.779355 -0.000001 -0.626583
vn 0.779355 -0.000001 -0.626582
vn 0.779355 -0.000001 -0.626583
vn -0.797433 -0.000001 0.603407
vn -0.797433 -0.000001 0.603407
vn -0.577412 -0.577138 0.577500
vn -0.577412 -0.577138 0.577500
vn -0.577412 -0.577138 0.577500
vn -0.577342 0.577334 0.577375
vn -0.577342 0.577334 0.577375
vn -0.577342 0.577334 0.577375
vn -0.577399 0.577225 -0.577427
vn -0.577399 0.577225 -0.577427
vn -0.577399 0.577225 -0.577427
vn -0.577469 -0.577029 -0.577552
vn -0.577469 -0.577029 -0.577552
vn -0.577469 -0.577029 -0.577552
vn 0.577466 -0.577031 0.577554
vn 0.577466 -0.577031 0.577554
vn 0.577466 -0.577031 0.577554
vn 0.577395 0.577227 0.577428
vn 0.577396 0.577227 0.577428
vn 0.577396 0.577227 0.577428
vn 0.577399 0.577225 -0.577427
vn 0.577399 0.577225 -0.577427
vn 0.577399 0.577225 -0.577427
vn 0.577469 -0.577029 -0.577552
vn 0.577469 -0.577029 -0.577552
vn 0.577469 -0.577029 -0.577552
vn 0.267480 0.462328 0.845404
vn 0.267480 0.462328 0.845404
vn 0.267480 0.462328 0.845404
vn -0.260141 0.457257 0.850437
vn -0.260141 0.457257 0.850437
vn -0.260141 0.457257 0.850437
vn 0.260178 -0.457287 0.850410
vn 0.260178 -0.457287 0.850410
vn 0.260178 -0.457287 0.850410
vn -0.267577 -0.462283 0.845398
vn -0.267577 -0.462283 0.845398
vn -0.267577 -0.462283 0.845398
vn -0.396567 -0.585551 0.707011
vn -0.396567 -0.585551 0.707011
vn -0.396567 -0.585551 0.707011
vn 0.384564 -0.580328 0.717865
vn 0.384564 -0.580328 0.717865
vn 0.384564 -0.580328 0.717865
vn 0.396122 0.585230 0.707526
vn 0.396122 0.585230 0.707526
vn 0.396122 0.585230 0.707526
vn -0.384260 0.580039 0.718261
vn -0.384260 0.580039 0.718261
vn -0.384260 0.580039 0.718261
vn 0.703329 0.333993 0.627517
vn 0.703329 0.333993 0.627517
vn -0.707831 0.363757 0.605521
vn -0.707831 0.363757 0.605521
vn -0.324703 -0.419559 0.847667
vn -0.324703 -0.419559 0.847667
vn 0.323022 -0.457427 0.828503
vn 0.323022 -0.457427 0.828503
vn -0.389727 0.431839 0.813405
vn -0.389727 0.431839 0.813405
vn 0.391086 0.395591 0.830999
vn 0.391086 0.395591 0.830999
vn -0.451045 -0.476453 0.754686
vn -0.451045 -0.476453 0.754686
vn 0.452252 -0.512746 0.729767
vn 0.452252 -0.512746 0.729767
s off
g pCube10 window_bigbog
usemtl initialShadingGroup
f 633/1235/1477 635/1142/1478 656/902/1479 655/903/1480
s 1
f 634/906/1481 633/904/1482 637/905/1483 636/1151/1484
s 2
f 635/1142/1485 634/906/1486 664/925/1487 663/1143/1488
s 3
f 636/1151/1489 639/1136/1490 753/1001/1491 752/926/1492
s 4
f 638/907/1493 637/908/1494 659/922/1495 658/1140/1496
s 1
f 639/1136/1497 638/909/1498 690/1244/1499 689/1137/1500
s 2
f 640/910/1501 642/1155/1502 761/947/1503 760/979/1504
s 6
f 641/911/1505 640/910/1506 646/913/1507 645/1138/1508
s off
f 642/1237/1509 641/911/1510 648/917/1511 647/912/1512
s 3
f 643/914/1513 646/913/1514 718/978/1515 717/977/1516
s 6
f 644/915/1517 643/914/1518 695/958/1519 694/1150/1520
s 8
f 645/1138/1521 644/915/1522 652/919/1523 651/918/1524
s 9
f 647/1156/1525 649/916/1526 681/1241/1527 680/1154/1528
s 10
f 649/1157/1529 648/917/1530 651/918/1531 650/1158/1532
s 11
f 650/1158/1533 653/1159/1534 704/965/1535 703/944/1536
s 10
f 653/1159/1537 652/919/1538 697/961/1539 696/1160/1540
s 9
f 654/921/1541 656/920/1542 727/1245/1543 726/1139/1544
s 13
f 655/1152/1545 654/921/1546 660/923/1547 659/922/1548
s 11
f 657/924/1549 660/923/1550 731/989/1551 730/971/1552
s 13
f 658/1140/1553 657/924/1554 702/964/1555 701/955/1556
s 3
f 661/927/1557 664/925/1558 752/926/1492 751/1168/1559
s 2
f 662/928/1560 661/927/1561 724/981/1562 723/1167/1563
s 15
f 663/1143/1564 662/928/1565 728/985/1566 727/929/1567
s 1
f 665/933/1568 667/930/1569 691/931/1570 690/932/1499
s off
f 666/1238/1571 665/933/1572 687/954/1573 686/934/1574
s 16
f 667/1145/1575 666/935/1576 669/936/1577 668/1144/1578
s 3
f 668/1144/1579 671/1173/1580 748/1002/1581 747/957/1582
s 18
f 670/937/1583 669/936/1584 738/953/1585 737/1174/1586
s 16
f 671/1173/1587 670/937/1588 742/997/1589 741/1172/1590
f 672/938/1591 674/1166/1592 775/975/1593 774/950/1594
s off
f 673/940/1595 672/939/1596 676/1239/1597 675/1146/1598
s 6
f 674/1166/1599 673/940/1600 693/959/1601 692/1164/1602
s 10
f 675/1146/1603 677/1162/1604 699/962/1605 698/960/1606
s 20
f 677/1162/1607 676/941/1608 683/1242/1609 682/1161/1610
s 11
f 678/942/1611 681/943/1612 703/944/1536 706/1181/1613
s 9
f 679/946/1614 678/945/1615 758/1250/1616 757/1180/1617
s 15
f 680/1154/1618 679/946/1619 762/1015/1620 761/947/1621
s 11
f 682/1161/1622 685/1184/1623 784/1038/1624 783/963/1625
s 18
f 684/948/1626 683/949/1627 774/950/1628 773/1185/1629
s 20
f 685/1184/1630 684/951/1631 778/1251/1632 777/1183/1633
f 686/1141/1634 688/952/1635 739/1247/1636 738/953/1637
s 13
f 688/1149/1638 687/954/1639 701/955/1556 700/1147/1640
s 3
f 689/1137/1641 691/956/1642 747/957/1582 746/1135/1643
f 692/1164/1644 695/958/1645 714/976/1646 713/1165/1647
s 8
f 694/1150/1648 693/959/1649 698/960/1650 697/961/1651
s 11
f 696/1160/1652 699/962/1653 783/963/1625 782/966/1654
f 700/1147/1655 702/964/1656 708/970/1657 707/1148/1658
f 705/967/1659 704/965/1535 782/966/1654 781/1182/1660
f 706/1181/1613 705/967/1659 786/1040/1661 785/1009/1662
f 707/1148/1658 710/1175/1663 740/968/1664 739/969/1665
f 709/972/1666 708/970/1657 730/971/1552 729/1178/1667
f 710/1175/1663 709/972/1666 734/992/1668 733/1176/1669
s off
f 711/973/1670 715/1221/1671 916/1116/1672 915/1232/1673
f 712/974/1674 711/973/1675 772/1023/1676 771/1186/1677
s 3
f 713/1165/1647 712/974/1678 776/1028/1679 775/975/1680
s 27
f 715/1221/1681 714/976/1682 717/977/1683 716/1222/1684
s off
f 716/1222/1685 720/1226/1686 914/1112/1687 913/1223/1688
s 3
f 719/980/1689 718/978/1515 760/979/1690 759/1188/1691
s off
f 720/1226/1692 719/980/1693 764/1017/1694 763/1227/1695
s 3
f 721/982/1696 724/981/1697 821/1006/1698 820/1021/1699
s 2
f 722/983/1700 721/982/1701 792/1019/1702 791/1014/1703
s 15
f 723/1167/1704 722/983/1705 796/1012/1706 795/986/1707
s 9
f 725/984/1708 728/985/1709 795/986/1710 794/987/1711
s 11
f 726/1139/1712 725/988/1713 732/990/1714 731/989/1551
f 729/1178/1667 732/990/1714 799/1047/1715 798/993/1716
f 733/1176/1669 736/1190/1717 808/991/1718 807/1177/1719
f 735/994/1720 734/992/1668 798/993/1716 797/1044/1721
f 736/1190/1717 735/994/1720 804/1042/1722 803/1030/1723
s 20
f 737/1174/1724 740/995/1725 807/996/1726 806/998/1727
s 3
f 741/1172/1728 744/1189/1729 815/1025/1730 814/1003/1731
s 18
f 743/999/1732 742/997/1733 806/998/1734 805/1036/1735
s 16
f 744/1189/1736 743/999/1737 812/1033/1738 811/1027/1739
s off
f 745/1000/1740 749/1216/1741 906/1089/1742 905/1104/1743
s 31
f 746/1135/1744 745/1000/1745 754/1004/1746 753/1001/1747
s off
f 749/1216/1748 748/1002/1749 814/1003/1750 813/1217/1751
f 750/1005/1752 754/1004/1753 898/1103/1754 897/1094/1755
f 751/1168/1756 750/1005/1757 822/1050/1758 821/1006/1759
s 11
f 755/1007/1760 758/1008/1761 785/1009/1662 788/1192/1762
s 9
f 756/1013/1763 755/1010/1764 793/1011/1765 796/1012/1766
s 15
f 757/1180/1767 756/1013/1768 791/1014/1769 790/1016/1770
s 2
f 759/1188/1771 762/1015/1772 790/1016/1773 789/1018/1774
s off
f 763/1227/1775 767/1229/1776 930/1126/1777 929/1113/1778
s 3
f 765/1020/1779 764/1017/1780 789/1018/1781 792/1019/1782
f 766/1022/1783 765/1020/1779 820/1021/1699 819/1049/1784
s 32
f 767/1229/1785 766/1022/1786 769/1024/1787 768/1230/1788
s off
f 768/1230/1789 772/1023/1790 938/1117/1791 937/1127/1792
s 3
f 770/1026/1793 769/1024/1794 816/1048/1795 815/1025/1730
f 771/1186/1796 770/1026/1793 811/1027/1797 810/1029/1798
s 16
f 773/1185/1799 776/1028/1800 810/1029/1801 809/1032/1802
s 11
f 777/1183/1803 780/1191/1804 803/1030/1723 802/1039/1805
s 18
f 779/1035/1806 778/1031/1807 809/1032/1808 812/1033/1809
s 20
f 780/1034/1810 779/1035/1811 805/1036/1812 808/1037/1813
s 11
f 781/1182/1660 784/1038/1624 802/1039/1805 801/1041/1814
f 787/1043/1815 786/1040/1661 801/1041/1814 804/1042/1722
f 788/1192/1762 787/1043/1815 797/1044/1721 800/1046/1816
f 794/1179/1817 793/1045/1818 800/1046/1816 799/1047/1715
s off
f 813/1217/1819 817/1212/1820 880/1090/1821 879/1218/1822
s 33
f 817/1212/1823 816/1048/1824 819/1049/1825 818/1213/1826
s off
f 818/1213/1827 822/1050/1828 886/1093/1829 885/1091/1830
s 34
f 823/1051/1831 826/1219/1832 894/1101/1833 893/1099/1834
s 35
f 824/1052/1835 823/1051/1836 830/1054/1837 829/1204/1838
s 36
f 825/1053/1839 824/1052/1840 856/1073/1841 855/1207/1842
s 35
f 826/1219/1843 825/1053/1844 836/1061/1845 835/1220/1846
s 34
f 827/1055/1847 830/1054/1848 888/1098/1849 887/1214/1850
s 35
f 828/1056/1851 827/1055/1852 834/1057/1853 833/1205/1854
s 36
f 829/1204/1855 828/1056/1856 860/1075/1857 859/1074/1858
s 34
f 831/1058/1859 834/1057/1860 900/1097/1861 899/1215/1862
s 35
f 832/1059/1863 831/1058/1864 838/1060/1865 837/1206/1866
s 36
f 833/1205/1867 832/1059/1868 863/1077/1869 862/1076/1870
s 34
f 835/1220/1871 838/1060/1872 908/1108/1873 907/1102/1874
s 36
f 837/1206/1875 836/1061/1876 866/1072/1877 865/1078/1878
s 43
f 839/1062/1879 842/1224/1880 920/1121/1881 919/1228/1882
s 44
f 840/1063/1883 839/1062/1884 850/1067/1885 849/1209/1886
s 45
f 841/1064/1887 840/1063/1888 869/1080/1889 868/1208/1890
s 44
f 842/1224/1891 841/1064/1892 844/1065/1893 843/1225/1894
s 43
f 843/1225/1895 846/1233/1896 926/1124/1897 925/1122/1898
s 45
f 845/1066/1899 844/1065/1900 871/1083/1901 870/1211/1902
s 44
f 846/1233/1903 845/1066/1904 852/1071/1905 851/1234/1906
s 43
f 847/1068/1907 850/1067/1908 932/1120/1909 931/1231/1910
s 44
f 848/1069/1911 847/1068/1912 854/1070/1913 853/1210/1914
s 45
f 849/1209/1915 848/1069/1916 875/1086/1917 874/1081/1918
s 43
f 851/1234/1919 854/1070/1920 940/1131/1921 939/1125/1922
s 45
f 853/1210/1923 852/1071/1924 878/1085/1925 877/1087/1926
s 36
f 855/1207/1842 857/1169/1927 864/1079/1928 866/1072/1877
f 857/1169/1927 856/1073/1841 859/1074/1858 858/1170/1929
f 858/1170/1929 860/1075/1857 862/1076/1870 861/1171/1930
f 861/1171/1930 863/1077/1869 865/1078/1878 864/1079/1928
s 45
f 867/1082/1931 869/1080/1889 874/1081/1918 873/1187/1932
f 868/1208/1890 867/1082/1931 872/1084/1933 871/1083/1901
f 870/1211/1902 872/1084/1933 876/1088/1934 878/1085/1925
f 873/1187/1932 875/1086/1917 877/1087/1926 876/1088/1934
s 51
f 879/1218/1935 882/1197/1936 903/1109/1937 906/1089/1938
s off
f 881/1092/1939 880/1090/1940 885/1091/1941 884/1193/1942
s 34
f 882/1197/1943 881/1092/1944 892/1100/1945 891/1198/1946
s 53
f 883/1095/1947 886/1093/1948 897/1094/1949 896/1195/1950
s 34
f 884/1193/1951 883/1095/1952 890/1096/1953 889/1194/1954
f 887/1214/1850 890/1096/1953 901/1106/1955 900/1097/1861
f 889/1194/1954 888/1098/1849 893/1099/1834 892/1100/1945
f 891/1198/1946 894/1101/1833 907/1102/1874 910/1110/1956
s 55
f 895/1105/1957 898/1103/1958 905/1104/1959 904/1196/1960
s 34
f 896/1195/1961 895/1105/1962 902/1107/1963 901/1106/1955
f 899/1215/1862 902/1107/1963 909/1111/1964 908/1108/1873
f 904/1196/1965 903/1109/1966 910/1110/1956 909/1111/1964
s off
f 911/1114/1967 914/1112/1968 929/1113/1969 928/1200/1970
s 43
f 912/1115/1971 911/1114/1972 922/1119/1973 921/1199/1974
s 58
f 913/1223/1975 912/1115/1976 917/1118/1977 916/1116/1978
s off
f 915/1232/1979 918/1202/1980 935/1132/1981 938/1117/1982
s 43
f 918/1202/1983 917/1118/1984 924/1123/1985 923/1203/1986
f 919/1228/1882 922/1119/1973 933/1129/1987 932/1120/1909
f 921/1199/1974 920/1121/1881 925/1122/1898 924/1123/1985
f 923/1203/1986 926/1124/1897 939/1125/1922 942/1133/1988
s 59
f 927/1128/1989 930/1126/1990 937/1127/1991 936/1201/1992
s 43
f 928/1200/1993 927/1128/1994 934/1130/1995 933/1129/1987
f 931/1231/1910 934/1130/1995 941/1134/1996 940/1131/1921
f 936/1201/1997 935/1132/1998 942/1133/1988 941/1134/1996
s 3
f 746/1135/1643 753/1001/1491 639/1136/1490 689/1137/1641
s 8
f 641/911/1999 645/1138/1521 651/918/1524 648/917/2000
s 11
f 726/1139/1712 731/989/1551 660/923/1550 654/921/2001
s 4
f 638/907/1493 658/1140/1496 701/955/2002 687/954/2003 665/933/2004 690/932/2005
s 18
f 666/935/2006 686/1141/2007 738/953/1585 669/936/1584
s 15
f 656/902/2008 635/1142/2009 663/1143/1564 727/929/1567
s 3
f 668/1144/1579 747/957/1582 691/956/1642 667/1145/2010
s 8
f 698/960/1650 693/959/1649 673/940/2011 675/1146/2012
s 11
f 700/1147/1655 707/1148/1658 739/969/1665 688/1149/2013
f 657/924/1549 730/971/1552 708/970/1657 702/964/1656
s 8
f 652/919/1523 644/915/1522 694/1150/1648 697/961/1651
s 3
f 752/926/1492 664/925/1558 634/906/2014 636/1151/1489
s 4
f 655/1152/2015 659/922/1495 637/908/1494 633/1153/2016
s 15
f 680/1154/1618 761/947/1621 642/1155/2017 647/1156/2018
s 11
f 649/1157/2019 650/1158/1533 703/944/1536 681/943/1612
f 782/966/1654 704/965/1535 653/1159/1534 696/1160/1652
f 682/1161/1622 783/963/1625 699/962/1653 677/1162/2020
s 18
f 774/950/1628 683/949/1627 676/1163/2021 672/938/2022
s 3
f 692/1164/1644 713/1165/1647 775/975/1680 674/1166/2023
f 643/914/1513 717/977/1516 714/976/1646 695/958/1645
f 646/913/1514 640/910/2024 760/979/1690 718/978/1515
s 15
f 728/985/1566 662/928/1565 723/1167/1704 795/986/1707
s 3
f 821/1006/1698 724/981/1697 661/927/1557 751/1168/1559
s 36
f 857/1169/1927 858/1170/1929 861/1171/1930 864/1079/1928
s 3
f 741/1172/1728 814/1003/1731 748/1002/1581 671/1173/1580
s 18
f 670/937/1583 737/1174/1586 806/998/1734 742/997/1733
s 11
f 740/968/1664 710/1175/1663 733/1176/1669 807/1177/1719
f 709/972/1666 729/1178/1667 798/993/1716 734/992/1668
f 794/1179/1817 799/1047/1715 732/990/1714 725/988/1713
s 15
f 757/1180/1767 790/1016/1770 762/1015/1620 679/946/1619
s 11
f 678/942/1611 706/1181/1613 785/1009/1662 758/1008/1761
f 801/1041/1814 786/1040/1661 705/967/1659 781/1182/1660
f 777/1183/1803 802/1039/1805 784/1038/1624 685/1184/1623
s 18
f 809/1032/1808 778/1031/1807 684/948/1626 773/1185/1629
s 3
f 776/1028/1679 712/974/1678 771/1186/1796 810/1029/1798
s 45
f 872/1084/1933 867/1082/1931 873/1187/1932 876/1088/1934
s 3
f 719/980/1689 759/1188/1691 789/1018/1781 764/1017/1780
s 15
f 796/1012/1706 722/983/1705 791/1014/1769 756/1013/1768
s 3
f 765/1020/1779 792/1019/1782 721/982/1696 820/1021/1699
f 769/1024/1794 766/1022/1783 819/1049/1784 816/1048/1795
f 811/1027/1797 770/1026/1793 815/1025/1730 744/1189/1729
s 18
f 743/999/1732 805/1036/1735 779/1035/1806 812/1033/1809
s 11
f 808/991/1718 736/1190/1717 803/1030/1723 780/1191/1804
f 735/994/1720 797/1044/1721 787/1043/1815 804/1042/1722
f 755/1007/1760 788/1192/1762 800/1046/1816 793/1045/1818
s 34
f 881/1092/1944 884/1193/1951 889/1194/1954 892/1100/1945
f 883/1095/1952 896/1195/1961 901/1106/1955 890/1096/1953
f 895/1105/1962 904/1196/1965 909/1111/1964 902/1107/1963
f 903/1109/1966 882/1197/1943 891/1198/1946 910/1110/1956
s 43
f 917/1118/1984 912/1115/1971 921/1199/1974 924/1123/1985
f 911/1114/1972 928/1200/1993 933/1129/1987 922/1119/1973
f 927/1128/1994 936/1201/1997 941/1134/1996 934/1130/1995
f 935/1132/1998 918/1202/1983 923/1203/1986 942/1133/1988
s 36
f 824/1052/2025 829/1204/2026 859/1074/1858 856/1073/1841
s off
f 828/1056/2027 833/1205/2028 862/1076/2029 860/1075/2030
s 36
f 832/1059/2031 837/1206/2032 865/1078/1878 863/1077/1869
s off
f 836/1061/2033 825/1053/2034 855/1207/2035 866/1072/2036
s 45
f 844/1065/2037 841/1064/2038 868/1208/1890 871/1083/1901
s off
f 840/1063/2039 849/1209/2040 874/1081/2041 869/1080/2042
s 45
f 848/1069/2043 853/1210/2044 877/1087/1926 875/1086/1917
s off
f 852/1071/2045 845/1066/2046 870/1211/2047 878/1085/2048
f 817/1212/2049 818/1213/2050 885/1091/2051 880/1090/2052
f 830/1054/2053 823/1051/2054 893/1099/2055 888/1098/2056
f 822/1050/2057 750/1005/2058 897/1094/2059 886/1093/2060
s 34
f 834/1057/2061 827/1055/2062 887/1214/1850 900/1097/1861
s off
f 754/1004/2063 745/1000/2064 905/1104/2065 898/1103/2066
s 34
f 838/1060/2067 831/1058/2068 899/1215/1862 908/1108/1873
s off
f 749/1216/2069 813/1217/2070 879/1218/2071 906/1089/2072
s 34
f 826/1219/2073 835/1220/2074 907/1102/1874 894/1101/1833
s off
f 715/1221/2075 716/1222/2076 913/1223/2077 916/1116/2078
s 43
f 842/1224/2079 843/1225/2080 925/1122/1898 920/1121/1881
s off
f 720/1226/2081 763/1227/2082 929/1113/2083 914/1112/2084
s 43
f 850/1067/2085 839/1062/2086 919/1228/1882 932/1120/1909
s off
f 767/1229/2087 768/1230/2088 937/1127/2089 930/1126/2090
s 43
f 854/1070/1920 847/1068/1907 931/1231/1910 940/1131/1921
s off
f 772/1023/2091 711/973/2092 915/1232/2093 938/1117/2094
s 43
f 846/1233/2095 851/1234/2096 939/1125/1922 926/1124/1897
s off
f 633/1235/2097 634/906/2098 635/1142/2099
s 1
f 636/1151/1484 637/1236/1483 638/909/1498 639/1136/1497
s off
f 640/910/2100 641/911/2101 642/1237/2102
s 6
f 643/914/1518 644/915/1517 645/1138/1508 646/913/1507
s off
f 647/912/2103 648/917/2104 649/1157/2105
s 10
f 650/1158/1532 651/918/1531 652/919/1538 653/1159/1537
s off
f 654/921/2106 655/1152/2107 656/920/2108
s 13
f 657/924/1554 658/1140/1553 659/922/1548 660/923/1547
s 2
f 661/927/1561 662/928/1560 663/1143/1488 664/925/1487
s off
f 665/933/2109 666/1238/2110 667/930/2111
s 16
f 668/1144/1578 669/936/1577 670/937/1588 671/1173/1587
s off
f 672/939/2112 673/940/2113 674/1166/2114
f 675/1146/2115 676/1239/2116 677/1162/2117
s 9
f 678/1240/1615 679/946/1614 680/1154/1528 681/1241/1527
s 20
f 682/1161/1610 683/1242/1609 684/1243/1631 685/1184/1630
s off
f 686/934/2118 687/954/2119 688/1149/2120
s 1
f 689/1137/1500 690/1244/1499 691/956/1570
s 6
f 692/1164/1602 693/959/1601 694/1150/1520 695/958/1519
s 10
f 696/1160/1540 697/961/1539 698/960/1606 699/962/1605
s 13
f 700/1147/1640 701/955/1556 702/964/1555
s 11
f 703/944/1536 704/965/1535 705/967/1659 706/1181/1613
f 707/1148/1658 708/970/1657 709/972/1666 710/1175/1663
s 27
f 711/973/2121 712/974/2122 713/1165/2123 714/976/1682 715/1221/1681
f 716/1222/1684 717/977/1683 718/978/2124 719/980/2125 720/1226/2126
s 2
f 721/982/1701 722/983/1700 723/1167/1563 724/981/1562
s 9
f 725/988/1708 726/1139/1544 727/1245/1543 728/1246/1709
s 11
f 729/1178/1667 730/971/1552 731/989/1551 732/990/1714
f 733/1176/1669 734/992/1668 735/994/1720 736/1190/1717
s 20
f 737/1174/1724 738/953/1637 739/1247/1636 740/1248/1725
s 16
f 741/1172/1590 742/997/1589 743/999/1737 744/1189/1736
s 31
f 745/1000/1745 746/1135/1744 747/957/2127 748/1002/2128 749/1216/2129
f 750/1005/2130 751/1168/2131 752/926/2132 753/1001/1747 754/1004/1746
s 9
f 755/1249/1764 756/1013/1763 757/1180/1617 758/1250/1616
s 2
f 759/1188/1771 760/979/1504 761/947/1503 762/1015/1772
s 32
f 763/1227/2133 764/1017/2134 765/1020/2135 766/1022/1786 767/1229/1785
f 768/1230/1788 769/1024/1787 770/1026/2136 771/1186/2137 772/1023/2138
s 16
f 773/1185/1799 774/950/1594 775/975/1593 776/1028/1800
s 20
f 777/1183/1633 778/1251/1632 779/1252/1811 780/1191/1810
s 11
f 781/1182/1660 782/966/1654 783/963/1625 784/1038/1624
f 785/1009/1662 786/1040/1661 787/1043/1815 788/1192/1762
s 2
f 789/1018/1774 790/1016/1773 791/1014/1703 792/1019/1702
s 9
f 793/1253/1765 794/987/1711 795/986/1710 796/1012/1766
s 11
f 797/1044/1721 798/993/1716 799/1047/1715 800/1046/1816
f 801/1041/1814 802/1039/1805 803/1030/1723 804/1042/1722
s 20
f 805/1036/1812 806/998/1727 807/996/1726 808/1254/1813
s 16
f 809/1032/1802 810/1029/1801 811/1027/1739 812/1033/1738
s 33
f 813/1217/2139 814/1003/2140 815/1025/2141 816/1048/1824 817/1212/1823
f 818/1213/1826 819/1049/1825 820/1021/2142 821/1006/2143 822/1050/2144
s 35
f 823/1051/1836 824/1052/1835 825/1053/1844 826/1219/1843
f 827/1055/1852 828/1056/1851 829/1204/1838 830/1054/1837
f 831/1058/1864 832/1059/1863 833/1205/1854 834/1057/1853
f 835/1220/1846 836/1061/1845 837/1206/1866 838/1060/1865
s 44
f 839/1062/1884 840/1063/1883 841/1064/1892 842/1224/1891
f 843/1225/1894 844/1065/1893 845/1066/1904 846/1233/1903
f 847/1068/1912 848/1069/1911 849/1209/1886 850/1067/1885
f 851/1234/1906 852/1071/1905 853/1210/1914 854/1070/1913
s 36
f 855/1207/1842 856/1073/1841 857/1169/1927
f 858/1170/1929 859/1074/1858 860/1075/1857
f 861/1171/1930 862/1076/1870 863/1077/1869
f 864/1079/1928 865/1078/1878 866/1072/1877
s 45
f 867/1082/1931 868/1208/1890 869/1080/1889
f 870/1211/1902 871/1083/1901 872/1084/1933
f 873/1187/1932 874/1081/1918 875/1086/1917
f 876/1088/1934 877/1087/1926 878/1085/1925
s 51
f 879/1218/1935 880/1090/2145 881/1092/2146 882/1197/1936
s 53
f 883/1095/1947 884/1193/2147 885/1091/2148 886/1093/1948
s 34
f 887/1214/1850 888/1098/1849 889/1194/1954 890/1096/1953
f 891/1198/1946 892/1100/1945 893/1099/1834 894/1101/1833
s 55
f 895/1105/1957 896/1195/2149 897/1094/2150 898/1103/1958
s 34
f 899/1215/1862 900/1097/1861 901/1106/1955 902/1107/1963
s 55
f 903/1109/2151 904/1196/1960 905/1104/1959 906/1089/2152
s 34
f 907/1102/1874 908/1108/1873 909/1111/1964 910/1110/1956
s 58
f 911/1114/2153 912/1115/1976 913/1223/1975 914/1112/2154
f 915/1232/2155 916/1116/1978 917/1118/1977 918/1202/2156
s 43
f 919/1228/1882 920/1121/1881 921/1199/1974 922/1119/1973
f 923/1203/1986 924/1123/1985 925/1122/1898 926/1124/1897
s 59
f 927/1128/1989 928/1200/2157 929/1113/2158 930/1126/1990
s 43
f 931/1231/1910 932/1120/1909 933/1129/1987 934/1130/1995
s 59
f 935/1132/2159 936/1201/1992 937/1127/1991 938/1117/2160
s 43
f 939/1125/1922 940/1131/1921 941/1134/1996 942/1133/1988
g default
v 989.782112 -221.087481 19.223289
v 989.782112 -220.425470 19.885096
v 989.120086 -220.425470 19.223289
v 1011.901930 -220.425470 19.885096
v 1011.901930 -221.087481 19.223289
v 1012.837621 -221.087481 19.223289
v 1012.837621 -220.425470 19.885096
v 989.782112 202.045415 19.885096
v 989.782112 202.707245 19.223289
v 989.120086 202.045415 19.223289
v 1012.837621 202.045415 19.885096
v 1012.837621 202.707245 19.223289
v 1011.901930 202.707245 19.223289
v 1011.901930 202.045415 19.885096
v 989.120086 202.045415 7.684199
v 989.782112 202.707245 7.684199
v 989.782112 202.045415 7.022391
v 1011.901930 202.207077 6.785056
v 1011.901930 202.707245 7.576085
v 1012.837621 202.707245 7.576085
v 1012.837621 202.207077 6.785056
v 989.782112 -220.425470 7.022391
v 989.782112 -221.087481 7.684199
v 989.120086 -220.425470 7.684199
v 1012.837621 -220.555610 6.820964
v 1012.837621 -221.087481 7.591103
v 1011.901930 -221.087481 7.591103
v 1011.901930 -220.555610 6.820964
v 989.782112 -199.609503 19.885096
v 989.120086 -199.609503 19.223289
v 989.120086 -200.545336 19.223289
v 989.782112 -200.545336 19.885096
v 1119.345657 -221.087481 19.223289
v 1120.007683 -220.425470 19.223289
v 1119.345657 -220.425470 19.885096
v 1119.345657 -200.545336 19.885096
v 1120.007683 -200.545336 19.223289
v 1120.007683 -199.609503 19.223289
v 1119.345657 -199.609503 19.885096
v 1120.007683 202.045415 19.223289
v 1119.345657 202.707245 19.223289
v 1119.345657 202.045415 19.885096
v 1119.345657 202.707245 7.684199
v 1120.007683 202.045415 7.684199
v 1119.345657 202.045415 7.022391
v 989.663310 185.467495 6.836141
v 989.120086 185.467495 7.597592
v 989.120086 186.403328 7.597592
v 989.663310 186.403328 6.836141
v 1119.463457 186.403328 6.836141
v 1120.007683 186.403328 7.597592
v 1120.007683 185.467495 7.597592
v 1119.463457 185.467495 6.836141
v 1120.007683 -220.425470 7.684199
v 1119.345657 -221.087481 7.684199
v 1119.345657 -220.425470 7.022391
v 1096.272116 -220.402847 19.885096
v 1096.756440 -221.087481 19.260105
v 1097.240764 -220.402847 19.885096
v 1097.223835 202.045415 19.885096
v 1097.223835 202.707245 19.223289
v 1096.289145 202.707245 19.223289
v 1096.289145 202.045415 19.885096
v 1096.289145 202.207077 6.785056
v 1096.289145 202.707245 7.576085
v 1097.223835 202.707245 7.576085
v 1097.223835 202.207077 6.785056
v 1097.234853 -220.544096 6.816582
v 1096.756440 -221.087481 7.572151
v 1096.279128 -220.544096 6.816582
v 1011.912949 186.372009 -0.571211
v 1012.843632 186.362928 -0.731966
v 1012.849642 185.455778 -0.934832
v 1011.916956 185.456771 -0.779868
v 1097.208809 -200.524741 -0.610666
v 1096.283135 -200.520484 -0.767078
v 1096.280130 -199.601618 -0.934835
v 1097.206806 -199.602449 -0.781035
v 1097.387513 184.855188 20.669511
v 1097.700145 185.527700 19.885096
v 1097.268711 186.447802 19.885096
v 1096.261198 186.528420 19.885096
v 1096.246172 185.724734 20.379385
v 1012.879593 185.724734 20.379385
v 1012.842630 186.501967 19.885096
v 1011.830008 186.474864 19.885096
v 1011.337771 185.489104 19.885096
v 1011.739253 184.855188 20.669511
v 989.782112 -27.044800 19.885096
v 989.120086 -27.044800 19.223289
v 989.120086 -27.980435 19.223289
v 989.782112 -27.980435 19.885096
v 989.663310 -199.609503 6.836141
v 989.663310 -200.545336 6.836141
v 989.120086 -200.545336 7.597592
v 989.120086 -199.609503 7.597592
v 1012.843632 -199.603037 -0.934835
v 1012.845635 -200.522308 -0.766335
v 1011.918959 -200.523301 -0.611583
v 1011.919961 -199.603037 -0.781224
v 1097.198792 -27.980435 -0.783307
v 1096.282133 -27.986902 -0.934835
v 1096.289145 -27.044800 -0.934835
v 1097.198792 -27.044800 -0.783307
v 1120.007683 -199.609503 7.597592
v 1120.007683 -200.545336 7.597592
v 1119.463457 -200.545336 6.836141
v 1119.463457 -199.609503 6.836141
v 1119.345657 -27.980435 19.885096
v 1120.007683 -27.980435 19.223289
v 1120.007683 -27.044800 19.223289
v 1119.345657 -27.044800 19.885096
v 1096.246172 -199.866945 20.379385
v 1096.283135 -200.644157 19.885096
v 1097.295657 -200.617075 19.885096
v 1097.788996 -199.631315 19.885096
v 1097.387513 -198.997196 20.669511
v 1011.739253 -198.997196 20.669511
v 1011.426622 -199.669728 19.885096
v 1011.857955 -200.589811 19.885096
v 1012.863566 -200.670631 19.885096
v 1012.879593 -199.866945 20.379385
v 989.663310 -5.920255 6.836141
v 989.120086 -5.920255 7.597592
v 989.120086 -4.984417 7.597592
v 989.663310 -4.984417 6.836141
v 989.782112 185.467495 19.885096
v 989.782112 186.403328 19.885096
v 989.120086 186.403328 19.223289
v 989.120086 185.467495 19.223289
v 1011.732141 -4.798907 20.679177
v 1011.429627 -5.046254 19.885096
v 1011.847037 -5.975625 19.885096
v 1012.842630 -6.110211 19.885096
v 1012.684862 -5.432027 20.544033
v 1096.440903 -5.432027 20.544033
v 1096.303069 -6.083739 19.885096
v 1097.301667 -5.997450 19.885096
v 1097.781984 -5.009273 19.885096
v 1097.395627 -4.798907 20.679177
v 1120.007683 185.467495 19.223289
v 1120.007683 186.403328 19.223289
v 1119.345657 186.403328 19.885096
v 1119.345657 185.467495 19.885096
v 1119.463457 -4.984417 6.836141
v 1120.007683 -4.984417 7.597592
v 1120.007683 -5.920255 7.597592
v 1119.463457 -5.920255 6.836141
v 1096.282133 185.460826 -0.934832
v 1096.277125 186.368766 -0.729221
v 1097.208809 186.367367 -0.575239
v 1097.204802 185.460826 -0.781221
v 1011.926873 -4.984417 -0.783303
v 1012.843632 -4.977951 -0.934832
v 1012.837621 -5.920255 -0.934832
v 1011.926873 -5.920255 -0.783303
v 989.782112 -4.984417 19.885096
v 989.120086 -4.984417 19.223289
v 989.120086 -5.920255 19.223289
v 989.782112 -5.920255 19.885096
v 989.663310 -27.044800 6.836141
v 989.663310 -27.980435 6.836141
v 989.120086 -27.980435 7.597592
v 989.120086 -27.044800 7.597592
v 1012.843632 -27.038131 -0.934835
v 1012.837621 -27.980435 -0.934835
v 1011.919961 -27.986902 -0.781224
v 1011.919961 -27.038131 -0.781224
v 1096.289145 -4.984417 -0.934832
v 1097.204802 -4.977951 -0.781221
v 1097.198792 -5.920255 -0.783303
v 1096.289145 -5.920255 -0.934832
v 1120.007683 -27.044800 7.597592
v 1120.007683 -27.980435 7.597592
v 1119.463457 -27.980435 6.836141
v 1119.463457 -27.044800 6.836141
v 1120.007683 -4.984417 19.223289
v 1119.345657 -4.984417 19.885096
v 1119.345657 -5.920255 19.885096
v 1120.007683 -5.920255 19.223289
v 1097.395627 -28.167563 20.679208
v 1097.697140 -27.918599 19.885096
v 1097.279630 -26.989430 19.885096
v 1096.285138 -26.855246 19.885096
v 1096.440903 -27.534037 20.543969
v 1012.684862 -27.534037 20.543969
v 1012.823698 -26.881720 19.885096
v 1011.825099 -26.967603 19.885096
v 1011.343781 -27.955781 19.885096
v 1011.732141 -28.167563 20.679208
v 1094.220026 -31.800376 20.693355
v 1093.393120 -32.739848 20.663350
v 1093.980319 -33.573028 20.827851
v 1094.896076 -32.439355 20.663292
v 1014.229689 -32.439355 20.663292
v 1015.142441 -33.558276 20.817502
v 1015.735550 -32.740253 20.664071
v 1014.905739 -31.800376 20.693355
v 1015.083441 -195.298704 20.400886
v 1015.681558 -194.322876 20.476069
v 1015.145446 -193.319926 20.822077
v 1014.264648 -194.859593 20.617966
v 1094.861117 -194.859593 20.617966
v 1093.994342 -193.375915 20.785819
v 1093.467146 -194.334370 20.460793
v 1094.042324 -195.298704 20.400886
v 1014.265650 180.469224 20.617160
v 1015.131422 178.949169 20.784415
v 1015.651707 179.938356 20.445261
v 1015.086446 180.904098 20.396875
v 1094.039319 180.904098 20.396875
v 1093.452120 179.926436 20.460534
v 1093.981320 178.890363 20.821433
v 1094.861117 180.469224 20.617160
v 1015.122407 -0.646748 20.332029
v 1015.668736 0.334962 20.436372
v 1015.145446 1.395079 20.824586
v 1014.276669 -0.285224 20.601346
v 1094.849096 -0.285224 20.601346
v 1093.995344 1.325968 20.781235
v 1093.483073 0.321625 20.419485
v 1094.005361 -0.646748 20.332029
v 1092.643245 -36.102276 24.674843
v 1091.978214 -35.489969 24.787941
v 1091.891266 -36.343360 25.224617
v 1017.235501 -36.343360 25.224617
v 1017.156567 -35.484917 24.780395
v 1016.481418 -36.102276 24.674843
v 1017.227487 -190.190098 25.224617
v 1016.483522 -190.445128 24.677154
v 1017.159572 -191.060678 24.804457
v 1091.894271 -190.185050 25.224617
v 1091.968197 -191.060678 24.804457
v 1092.643245 -190.445128 24.677154
v 1017.254433 175.642719 25.224617
v 1017.162577 176.495705 24.810998
v 1016.485525 175.880762 24.681197
v 1092.642243 175.880762 24.681197
v 1091.969198 176.491863 24.815883
v 1091.871332 175.642719 25.224617
v 1017.256436 4.638886 25.224617
v 1016.485525 4.399621 24.681197
v 1017.162577 3.784487 24.810998
v 1091.871332 4.637672 25.224617
v 1091.963188 3.784487 24.810998
v 1092.642243 4.399621 24.681197
v 1098.270314 -28.176451 21.768736
v 1097.510422 -27.577082 21.871988
v 1097.657172 -28.315080 22.529303
v 1097.871937 -29.574454 22.529303
v 1011.253828 -29.574454 22.529303
v 1011.443551 -28.299725 22.529303
v 1011.690270 -27.575871 21.836940
v 1010.856352 -28.176451 21.768736
v 1013.133224 -31.696305 22.112204
v 1013.856154 -31.100767 22.038064
v 1012.982468 -30.296893 22.529303
v 1012.286384 -30.940920 22.529303
v 1096.841284 -30.940920 22.529303
v 1096.143297 -30.291030 22.529303
v 1095.269611 -31.100767 22.037800
v 1095.992541 -31.696305 22.112204
v 1012.443251 -198.312967 22.529303
v 1011.306818 -197.818273 22.529303
v 1010.837420 -198.562727 21.790309
v 1011.663324 -199.180081 21.991772
v 1013.695380 -197.108340 22.160523
v 1013.138233 -196.364697 22.105638
v 1012.300408 -197.248576 22.529303
v 1012.949412 -197.981130 22.529303
v 1097.896879 -197.900695 22.529303
v 1096.727491 -198.325900 22.529303
v 1097.463442 -199.180081 21.991772
v 1098.287343 -198.562727 21.790309
v 1095.985629 -196.358028 22.103066
v 1095.431386 -197.108340 22.160523
v 1096.177355 -197.981130 22.529303
v 1096.825357 -197.248576 22.529303
v 1011.231891 183.635631 22.529303
v 1012.116595 184.184074 22.529303
v 1011.663324 185.038073 21.991770
v 1010.837420 184.421124 21.790853
v 1098.289347 184.421124 21.790853
v 1097.557302 185.022910 22.027506
v 1096.972107 184.171344 22.529303
v 1097.894876 183.635631 22.529303
v 1013.141138 181.960382 22.102948
v 1013.697384 182.708485 22.159519
v 1012.968444 183.581062 22.529303
v 1012.300408 182.875802 22.529303
v 1096.825357 182.875802 22.529303
v 1096.158222 183.577433 22.529303
v 1095.430385 182.708485 22.159519
v 1095.985629 181.960382 22.102948
v 1011.985873 -4.651994 22.529303
v 1011.311827 -3.938445 22.529303
v 1010.856352 -4.791026 21.767626
v 1011.690270 -5.392015 21.836972
v 1013.645495 -2.930870 22.199203
v 1013.136229 -2.081320 22.108042
v 1012.301410 -3.153361 22.529303
v 1012.988478 -3.824674 22.529303
v 1097.874942 -4.020289 22.529303
v 1097.178858 -4.667757 22.529303
v 1097.437498 -5.392015 21.836972
v 1098.270314 -4.791026 21.767626
v 1095.987532 -2.074046 22.105576
v 1095.479268 -2.930870 22.199203
v 1096.138289 -3.824674 22.529303
v 1096.825357 -3.153361 22.529303
vt 0.598529 0.007779
vt 0.598529 0.007360
vt 0.725018 0.007360
vt 0.737667 0.007360
vt 0.725018 0.007779
vt 0.738524 0.532325
vt 0.737667 0.532325
vt 0.738524 0.007360
vt 0.725018 0.139839
vt 0.725018 0.147152
vt 0.724640 0.266422
vt 0.737667 0.139839
vt 0.738524 0.139839
vt 0.738524 0.147152
vt 0.591689 0.139839
vt 0.725018 0.266422
vt 0.737667 0.267540
vt 0.738524 0.267540
vt 0.724640 0.404876
vt 0.725018 0.406211
vt 0.737667 0.412092
vt 0.737667 0.405877
vt 0.738524 0.405877
vt 0.725018 0.020359
vt 0.737642 0.020331
vt 0.725018 0.020802
vt 0.717799 0.020802
vt 0.597634 0.020359
vt 0.857212 0.539165
vt 0.844572 0.539165
vt 0.844295 0.532705
vt 0.857212 0.532325
vt 0.857591 0.413055
vt 0.864432 0.007779
vt 0.864432 0.020359
vt 0.864432 0.020802
vt 0.864432 0.139839
vt 0.857591 0.147152
vt 0.857212 0.147152
vt 0.857591 0.274555
vt 0.724951 0.285347
vt 0.724951 0.284894
vt 0.737673 0.284682
vt 0.591689 0.127537
vt 0.597634 0.128227
vt 0.717799 0.128680
vt 0.984597 0.128227
vt 0.984597 0.128680
vt 0.864432 0.128680
vt 0.857561 0.285339
vt 0.990542 0.007779
vt 0.984597 0.020359
vt 0.857212 0.413054
vt 0.844295 0.411896
vt 0.844572 0.007794
vt 0.844604 0.020314
vt 0.843706 0.139839
vt 0.844563 0.147152
vt 0.844563 0.267540
vt 0.843706 0.267540
vt 0.844563 0.273620
vt 0.844554 0.284688
vt 0.843693 0.405870
vt 0.738531 0.284923
vt 0.843691 0.284919
vt 0.738539 0.285350
vt 0.857280 0.392773
vt 0.857280 0.393215
vt 0.843698 0.393199
vt 0.738534 0.393200
vt 0.843696 0.392770
vt 0.844296 0.128157
vt 0.844835 0.128243
vt 0.857212 0.128680
vt 0.843671 0.128769
vt 0.738529 0.128750
vt 0.737626 0.128731
vt 0.725018 0.128680
vt 0.737344 0.128233
vt 0.725018 0.074355
vt 0.725018 0.074615
vt 0.717799 0.074615
vt 0.591689 0.020799
vt 0.597634 0.020802
vt 0.597634 0.074355
vt 0.591689 0.073588
vt 0.724951 0.392773
vt 0.737677 0.393457
vt 0.737678 0.392771
vt 0.857280 0.338959
vt 0.843697 0.339222
vt 0.738524 0.339220
vt 0.843706 0.338959
vt 0.990542 0.021568
vt 0.990542 0.074357
vt 0.864432 0.074355
vt 0.984597 0.074355
vt 0.864432 0.074615
vt 0.843206 0.020656
vt 0.738558 0.020280
vt 0.844886 0.020795
vt 0.844833 0.074374
vt 0.739079 0.020656
vt 0.737935 0.020888
vt 0.737348 0.074362
vt 0.724951 0.333803
vt 0.724951 0.333571
vt 0.737682 0.333571
vt 0.591689 0.079696
vt 0.591689 0.074613
vt 0.597634 0.074615
vt 0.597634 0.079771
vt 0.717799 0.079771
vt 0.717799 0.128227
vt 0.717799 0.080004
vt 0.737397 0.079988
vt 0.725018 0.080004
vt 0.725018 0.079771
vt 0.737636 0.079758
vt 0.737623 0.074634
vt 0.738530 0.079725
vt 0.844296 0.080046
vt 0.843723 0.079731
vt 0.844594 0.074628
vt 0.844607 0.079752
vt 0.857212 0.079771
vt 0.857212 0.128227
vt 0.857212 0.080004
vt 0.844549 0.333803
vt 0.984597 0.080004
vt 0.864432 0.080004
vt 0.864432 0.079771
vt 0.990542 0.079773
vt 0.984597 0.079771
vt 0.984597 0.074615
vt 0.990542 0.074690
vt 0.844552 0.285348
vt 0.844552 0.333569
vt 0.738533 0.333569
vt 0.843706 0.333571
vt 0.843706 0.333803
vt 0.738524 0.333803
vt 0.738533 0.338958
vt 0.724951 0.338959
vt 0.737678 0.338958
vt 0.737678 0.339222
vt 0.843701 0.074661
vt 0.738506 0.074655
vt 0.737935 0.074303
vt 0.843405 0.074501
vt 0.843433 0.074501
vt 0.844296 0.074249
vt 0.738870 0.074501
vt 0.737935 0.074294
vt 0.737935 0.074252
vt 0.737935 0.020870
vt 0.738768 0.020656
vt 0.738813 0.020656
vt 0.843419 0.020656
vt 0.844296 0.020892
vt 0.737935 0.128169
vt 0.737935 0.128152
vt 0.738829 0.128346
vt 0.843418 0.128346
vt 0.844296 0.128134
vt 0.737935 0.080065
vt 0.738751 0.079885
vt 0.738814 0.079885
vt 0.843438 0.079885
vt 0.844296 0.080078
vt 0.844296 0.020891
vt 0.843457 0.074501
vt 0.738828 0.074501
vt 0.737935 0.074262
vt 0.737935 0.020891
vt 0.738780 0.020656
vt 0.843410 0.020656
vt 0.843511 0.020850
vt 0.737935 0.128153
vt 0.737935 0.080087
vt 0.738751 0.128198
vt 0.843458 0.128346
vt 0.843479 0.128198
vt 0.844296 0.080078
vt 0.738782 0.079885
vt 0.843406 0.079885
vt 0.843479 0.080034
vt 0.844296 0.020875
vt 0.843232 0.074501
vt 0.739001 0.074501
vt 0.843507 0.074501
vt 0.737935 0.074311
vt 0.737935 0.020875
vt 0.737935 0.074280
vt 0.737935 0.074260
vt 0.737935 0.020878
vt 0.738827 0.074501
vt 0.843445 0.074501
vt 0.843570 0.074501
vt 0.844296 0.074291
vt 0.844296 0.020879
vt 0.739178 0.020656
vt 0.843112 0.020656
vt 0.739227 0.020656
vt 0.737935 0.020828
vt 0.739133 0.020656
vt 0.843495 0.020656
vt 0.844296 0.020814
vt 0.844296 0.020828
vt 0.843022 0.020656
vt 0.737935 0.128168
vt 0.737935 0.080039
vt 0.737935 0.128213
vt 0.739128 0.128346
vt 0.843134 0.128346
vt 0.844296 0.080039
vt 0.843148 0.128346
vt 0.737935 0.128201
vt 0.737935 0.080077
vt 0.738736 0.128346
vt 0.843533 0.128346
vt 0.843237 0.128346
vt 0.844296 0.128161
vt 0.844296 0.080078
vt 0.739055 0.079885
vt 0.843229 0.079885
vt 0.738934 0.079885
vt 0.737935 0.080034
vt 0.738882 0.079885
vt 0.843521 0.079885
vt 0.844296 0.080026
vt 0.844296 0.080036
vt 0.843289 0.079885
vt 0.843699 0.020297
vt 0.738524 0.007779
vt 0.843684 0.007794
vt 0.737667 0.147152
vt 0.724951 0.393215
vt 0.738524 0.412092
vt 0.983702 0.007779
vt 0.717799 0.007779
vt 0.717799 0.020359
vt 0.857212 0.020359
vt 0.857212 0.007779
vt 0.857212 0.266422
vt 0.844569 0.405870
vt 0.844554 0.393459
vt 0.857212 0.406211
vt 0.843706 0.147152
vt 0.737667 0.007779
vt 0.725018 0.413054
vt 0.725018 0.532325
vt 0.597634 0.128680
vt 0.717799 0.139839
vt 0.598529 0.139839
vt 0.725018 0.273265
vt 0.737667 0.273620
vt 0.738524 0.273620
vt 0.843706 0.273620
vt 0.857280 0.284895
vt 0.857212 0.273265
vt 0.983702 0.139839
vt 0.844563 0.139839
vt 0.844588 0.128711
vt 0.857212 0.139839
vt 0.717799 0.074355
vt 0.737395 0.020783
vt 0.843507 0.074305
vt 0.738722 0.074305
vt 0.738711 0.020848
vt 0.857212 0.074355
vt 0.857212 0.020802
vt 0.984597 0.020802
vt 0.844553 0.392771
vt 0.844549 0.339220
vt 0.857280 0.339220
vt 0.738533 0.392771
vt 0.724951 0.339220
vt 0.597634 0.080004
vt 0.737676 0.285350
vt 0.843697 0.285348
vt 0.857280 0.333571
vt 0.857280 0.285347
vt 0.864432 0.128227
vt 0.844882 0.079997
vt 0.738752 0.080034
vt 0.725018 0.128227
vt 0.857212 0.074615
vt 0.844549 0.338959
vt 0.857280 0.333803
vt 0.737682 0.333803
vt 0.738753 0.074501
vt 0.738697 0.074501
vt 0.737935 0.020826
vt 0.842951 0.020656
vt 0.844296 0.074279
vt 0.844296 0.074260
vt 0.739066 0.128346
vt 0.737935 0.080036
vt 0.843259 0.079885
vt 0.844296 0.128213
vt 0.844296 0.128201
vt 0.738840 0.074501
vt 0.737935 0.020901
vt 0.843398 0.020656
vt 0.844296 0.074262
vt 0.738823 0.128346
vt 0.737935 0.080098
vt 0.843400 0.079885
vt 0.844296 0.128144
vt 0.843229 0.074501
vt 0.738949 0.074501
vt 0.737935 0.074291
vt 0.738696 0.020656
vt 0.844296 0.020888
vt 0.844296 0.074303
vt 0.844296 0.074311
vt 0.844296 0.074294
vt 0.844296 0.020870
vt 0.843151 0.128346
vt 0.739024 0.128346
vt 0.739118 0.128346
vt 0.738811 0.128346
vt 0.843460 0.128346
vt 0.737935 0.128157
vt 0.737935 0.080046
vt 0.737935 0.128161
vt 0.739000 0.079885
vt 0.843280 0.079885
vt 0.738671 0.079885
vt 0.844296 0.128168
vt 0.844296 0.128169
vt 0.844296 0.080065
vt 0.717798 0.007360
vt 0.737935 0.007360
vt 0.724640 0.147152
vt 0.857591 0.532325
vt 0.857591 0.266422
vt 0.591689 0.128346
vt 0.591689 0.128675
vt 0.857591 0.284915
vt 0.857591 0.285228
vt 0.844294 0.007360
vt 0.724640 0.393196
vt 0.724640 0.392919
vt 0.990542 0.020364
vt 0.990542 0.020656
vt 0.591689 0.079885
vt 0.591689 0.080002
vt 0.857591 0.333578
vt 0.857591 0.333689
vt 0.591689 0.074501
vt 0.990542 0.074501
vn -0.707105 -0.707108 0.000000
vn -0.707105 -0.707108 0.000000
vn -0.707105 -0.707108 0.000000
vn -0.707105 -0.707108 0.000000
vn 0.000000 -0.706986 0.707227
vn 0.000000 -0.706986 0.707227
vn 0.000000 -0.706986 0.707227
vn 0.000000 -0.706986 0.707227
vn -0.706991 0.000000 0.707223
vn -0.706991 0.000000 0.707223
vn -0.706991 0.000000 0.707223
vn -0.706991 0.000000 0.707223
vn -0.000000 0.000000 1.000000
vn -0.000000 0.000000 1.000000
vn -0.000000 0.000000 1.000000
vn 0.000000 0.000000 1.000000
vn 0.000000 -1.000000 0.000000
vn 0.000000 -1.000000 0.000000
vn 0.000000 -1.000000 0.000000
vn 0.000000 -1.000000 0.000000
vn -0.000065 -0.691062 0.722796
vn -0.000065 -0.691062 0.722795
vn 0.000000 -0.690878 0.722972
vn -0.000065 -0.690794 0.723051
vn -0.706990 0.000000 0.707223
vn -0.706990 0.000000 0.707223
vn -0.706990 0.000000 0.707223
vn -0.706990 0.000000 0.707223
vn 0.000000 0.707096 0.707118
vn 0.000000 0.707096 0.707118
vn 0.000000 0.707095 0.707118
vn 0.000000 0.707095 0.707118
vn -0.707008 0.707206 0.000000
vn -0.707008 0.707206 0.000000
vn -0.707008 0.707206 0.000000
vn -0.707008 0.707206 0.000000
vn 0.000000 0.000000 1.000000
vn 0.000000 0.000000 1.000000
vn -0.000000 0.000000 1.000000
vn 0.000000 0.000000 1.000000
vn 0.000000 0.707098 0.707116
vn 0.000000 0.707098 0.707116
vn 0.000000 0.707098 0.707116
vn 0.000000 0.707098 0.707116
vn 0.000000 1.000000 0.000000
vn 0.000000 1.000000 0.000000
vn 0.000000 1.000000 0.000000
vn 0.000000 1.000000 0.000000
vn -0.763106 0.008525 -0.646217
vn -0.763106 0.008525 -0.646217
vn -0.766999 0.007906 -0.641600
vn -0.765839 0.008091 -0.642982
vn -0.007731 0.780911 -0.624595
vn -0.007731 0.780911 -0.624595
vn -0.007426 0.783643 -0.621167
vn -0.007395 0.783925 -0.620811
vn -0.162398 0.238364 -0.957502
vn -0.000838 0.428600 -0.903494
vn -0.000419 0.418456 -0.908237
vn -0.193902 0.235457 -0.952346
vn 0.000000 0.845214 -0.534428
vn 0.000000 0.845214 -0.534428
vn 0.000000 0.845214 -0.534428
vn 0.000000 0.845214 -0.534428
vn -0.763117 -0.006709 -0.646226
vn -0.763117 -0.006709 -0.646226
vn -0.765337 -0.006432 -0.643598
vn -0.766059 -0.006341 -0.642739
vn -0.006522 -0.768037 -0.640372
vn -0.006522 -0.768037 -0.640372
vn -0.006242 -0.770535 -0.637367
vn -0.006264 -0.770335 -0.637609
vn -0.000857 -0.354148 -0.935189
vn -0.163913 -0.191928 -0.967624
vn -0.187525 -0.196601 -0.962384
vn -0.000408 -0.347016 -0.937859
vn -0.000024 -0.817466 -0.575976
vn -0.000024 -0.817466 -0.575976
vn -0.000024 -0.817377 -0.576103
vn 0.001410 -0.806187 -0.591659
vn -0.000000 0.000000 1.000000
vn 0.000000 0.000000 1.000000
vn -0.000000 0.000000 1.000000
vn -0.706990 0.000000 0.707223
vn -0.706990 0.000000 0.707223
vn -0.706990 0.000000 0.707223
vn -0.706990 0.000000 0.707223
vn -1.000000 0.000002 0.000000
vn -1.000000 0.000000 0.000000
vn -1.000000 0.000000 0.000000
vn -1.000000 0.000002 0.000000
vn 0.000246 -0.690903 0.722948
vn 0.000246 -0.690903 0.722948
vn 0.000241 -0.690584 0.723252
vn 0.707105 -0.707108 0.000000
vn 0.707105 -0.707108 0.000000
vn 0.707105 -0.707108 0.000000
vn 0.707105 -0.707108 0.000000
vn 0.706991 0.000000 0.707223
vn 0.706991 0.000000 0.707223
vn 0.706991 0.000000 0.707223
vn 0.706991 0.000000 0.707223
vn 0.000000 0.000000 1.000000
vn 0.000000 0.000000 1.000000
vn 0.000000 0.000000 1.000000
vn 0.000000 0.000000 1.000000
vn 1.000000 0.000000 0.000000
vn 1.000000 0.000000 0.000000
vn 1.000000 0.000000 0.000000
vn 1.000000 0.000000 0.000000
vn 0.706990 0.000000 0.707223
vn 0.706990 0.000000 0.707223
vn 0.706990 0.000000 0.707223
vn 0.706990 0.000000 0.707223
vn 0.706990 0.000000 0.707223
vn 0.706990 0.000000 0.707223
vn 0.706990 0.000000 0.707223
vn 0.706990 0.000000 0.707223
vn 0.707008 0.707206 0.000000
vn 0.707008 0.707206 0.000000
vn 0.707008 0.707206 0.000000
vn 0.707008 0.707206 0.000000
vn 0.000000 0.707096 0.707117
vn 0.000000 0.707096 0.707117
vn 0.000000 0.707096 0.707118
vn 0.000000 0.707096 0.707118
vn 0.007730 0.780914 -0.624590
vn 0.007730 0.780914 -0.624590
vn 0.007394 0.783924 -0.620813
vn 0.007426 0.783642 -0.621168
vn 0.762841 0.008513 -0.646529
vn 0.762841 0.008513 -0.646530
vn 0.765561 0.008079 -0.643312
vn 0.766716 0.007895 -0.641938
vn -0.323780 0.000512 -0.946132
vn -0.173149 0.224690 -0.958923
vn -0.317779 0.000165 -0.948165
vn -0.814072 0.000000 -0.580764
vn -0.814072 0.000000 -0.580764
vn -0.814072 0.000000 -0.580764
vn -0.814072 0.000000 -0.580764
vn -1.000000 -0.000002 0.000000
vn -1.000000 0.000000 0.000000
vn -1.000000 0.000000 0.000000
vn -1.000000 -0.000002 0.000000
vn 0.173151 0.224733 -0.958913
vn 0.323766 0.000506 -0.946137
vn 0.317842 0.000163 -0.948144
vn 0.193768 0.235135 -0.952452
vn 1.000000 0.000000 0.000000
vn 1.000000 0.000000 0.000000
vn 1.000000 0.000000 0.000000
vn 1.000000 0.000000 0.000000
vn 0.813565 0.000000 -0.581473
vn 0.813565 0.000000 -0.581473
vn 0.813565 0.000000 -0.581473
vn 0.813565 0.000000 -0.581473
vn 0.762852 -0.006698 -0.646538
vn 0.762852 -0.006698 -0.646538
vn 0.765780 -0.006330 -0.643071
vn 0.765062 -0.006420 -0.643925
vn 0.006622 -0.762851 -0.646540
vn 0.006622 -0.762851 -0.646540
vn 0.006486 -0.763906 -0.645296
vn 0.000000 0.000000 1.000000
vn 0.000000 0.000000 1.000000
vn 0.000000 0.000000 1.000000
vn 0.000000 0.000000 1.000000
vn 0.000000 0.000000 1.000000
vn 0.000000 0.000000 1.000000
vn -0.000000 0.000000 1.000000
vn 0.000000 1.000000 0.000000
vn 0.000000 1.000000 0.000000
vn 0.000000 1.000000 0.000000
vn 0.000000 1.000000 0.000000
vn 0.000828 0.428600 -0.903494
vn 0.162397 0.238417 -0.957489
vn 0.000421 0.418439 -0.908245
vn 0.163932 -0.191881 -0.967630
vn 0.000857 -0.354148 -0.935189
vn 0.000406 -0.347025 -0.937856
vn 0.187240 -0.196934 -0.962371
vn -0.001811 0.001062 -0.999998
vn 0.001815 0.001058 -0.999998
vn -0.001818 0.000000 -0.999998
vn -0.317817 0.000000 -0.948152
vn 0.317786 -0.000152 -0.948162
vn 0.323778 -0.000464 -0.946133
vn 0.173481 -0.181408 -0.967985
vn 0.001804 -0.000969 -0.999998
vn -0.001815 -0.000967 -0.999998
vn 0.001811 -0.000000 -0.999998
vn 0.317831 0.000001 -0.948147
vn 0.611564 0.772304 -0.171858
vn 0.611564 0.772304 -0.171858
vn 0.611564 0.772304 -0.171858
vn 0.611564 0.772304 -0.171858
vn 0.914337 0.000226 0.404954
vn 0.914337 0.000226 0.404954
vn 0.914337 0.000226 0.404954
vn 0.914337 0.000226 0.404954
vn -0.000000 0.000000 1.000000
vn -0.000000 0.000000 1.000000
vn -0.000000 0.000000 1.000000
vn 0.010599 0.528264 0.849014
vn 0.006109 0.529084 0.848547
vn -0.006412 0.528881 0.848672
vn -0.010883 0.527938 0.849213
vn -0.600990 0.786309 -0.143279
vn -0.600990 0.786309 -0.143279
vn -0.600990 0.786309 -0.143279
vn -0.600990 0.786309 -0.143279
vn -0.000000 0.000000 1.000000
vn -0.000000 0.000000 1.000000
vn -0.000000 0.000000 1.000000
vn -0.913304 -0.000193 0.407279
vn -0.913304 -0.000193 0.407279
vn -0.913304 -0.000193 0.407279
vn -0.913304 -0.000193 0.407279
vn -0.000000 0.000000 1.000000
vn -0.000000 0.000000 1.000000
vn -0.000000 0.000000 1.000000
vn -0.000000 0.000000 1.000000
vn -0.706990 0.000000 0.707223
vn -0.706990 0.000000 0.707223
vn -0.706990 0.000000 0.707223
vn -0.706990 0.000000 0.707223
vn -1.000000 0.000000 0.000000
vn -1.000000 0.000000 0.000000
vn -1.000000 0.000000 0.000000
vn -1.000000 0.000000 0.000000
vn -0.814072 0.000000 -0.580764
vn -0.814072 0.000000 -0.580764
vn -0.814072 0.000000 -0.580764
vn -0.814072 0.000000 -0.580764
vn -0.173402 -0.181516 -0.967979
vn -0.323794 -0.000464 -0.946128
vn -0.317844 -0.000153 -0.948143
vn -0.317888 -0.000000 -0.948128
vn -0.001820 0.000000 -0.999998
vn 0.317926 0.000000 -0.948116
vn 0.323786 0.000001 -0.946130
vn 0.323795 0.000001 -0.946127
vn 0.001798 -0.000000 -0.999998
vn -0.001806 -0.000000 -0.999998
vn 0.001797 0.000000 -0.999998
vn 0.317906 0.000002 -0.948122
vn 0.813565 0.000000 -0.581473
vn 0.813565 0.000000 -0.581473
vn 0.813565 0.000000 -0.581473
vn 0.813565 0.000000 -0.581473
vn -0.000000 0.000000 1.000000
vn -0.000000 0.000000 1.000000
vn -0.000000 0.000000 1.000000
vn -0.000000 0.000000 1.000000
vn 1.000000 0.000000 0.000000
vn 1.000000 0.000000 0.000000
vn 1.000000 0.000000 0.000000
vn 1.000000 0.000000 0.000000
vn 0.706990 0.000000 0.707223
vn 0.706990 0.000000 0.707223
vn 0.706990 0.000000 0.707223
vn 0.706990 0.000000 0.707223
vn 0.601317 -0.786064 -0.143255
vn 0.601317 -0.786064 -0.143255
vn 0.601317 -0.786064 -0.143255
vn 0.601317 -0.786064 -0.143255
vn 0.006413 -0.528891 0.848666
vn 0.010883 -0.527948 0.849207
vn -0.010601 -0.528273 0.849008
vn -0.006112 -0.529092 0.848542
vn 0.913524 0.000212 0.406785
vn 0.913524 0.000212 0.406785
vn 0.913524 0.000212 0.406785
vn 0.913524 0.000212 0.406785
vn -0.601090 -0.786238 -0.143252
vn -0.601090 -0.786238 -0.143252
vn -0.601090 -0.786238 -0.143252
vn -0.601090 -0.786238 -0.143251
vn -0.913908 -0.000251 0.405922
vn -0.913908 -0.000251 0.405922
vn -0.913908 -0.000251 0.405922
vn -0.913908 -0.000251 0.405922
vn -0.323806 0.000006 -0.946124
vn -0.323800 0.000000 -0.946126
vn -0.317868 0.000005 -0.948135
vn -0.814072 0.000000 -0.580764
vn -0.814072 0.000000 -0.580764
vn -0.814072 0.000000 -0.580764
vn -0.814072 0.000000 -0.580764
vn -1.000000 0.000000 0.000000
vn -1.000000 0.000000 0.000000
vn -1.000000 0.000000 0.000000
vn -1.000000 0.000000 0.000000
vn -0.706991 0.000000 0.707223
vn -0.706991 0.000000 0.707223
vn -0.706991 0.000000 0.707223
vn -0.706991 0.000000 0.707223
vn -0.530464 -0.746531 -0.401621
vn -0.530464 -0.746531 -0.401621
vn -0.530464 -0.746531 -0.401621
vn -0.530464 -0.746531 -0.401621
vn -0.000000 0.000000 1.000000
vn -0.000000 0.000000 1.000000
vn -0.000000 0.000000 1.000000
vn -0.000000 0.000000 1.000000
vn 0.000000 0.000000 1.000000
vn 0.000000 0.000000 1.000000
vn -0.011894 -0.702080 0.711999
vn -0.007021 -0.702826 0.711327
vn 0.007336 -0.702628 0.711519
vn 0.012176 -0.701763 0.712306
vn 0.530293 -0.746618 -0.401685
vn 0.530293 -0.746618 -0.401685
vn 0.530293 -0.746618 -0.401685
vn 0.530293 -0.746618 -0.401685
vn -0.000000 0.000000 1.000000
vn -0.000000 0.000000 1.000000
vn -0.000000 0.000000 1.000000
vn 0.000000 0.000000 1.000000
vn 0.000000 0.000000 1.000000
vn 0.000000 0.000000 1.000000
vn 0.706991 0.000000 0.707223
vn 0.706991 0.000000 0.707223
vn 0.706991 0.000000 0.707223
vn 0.706991 0.000000 0.707223
vn 0.323785 0.000000 -0.946131
vn 0.323786 0.000001 -0.946130
vn 0.317884 0.000000 -0.948130
vn 1.000000 0.000000 0.000000
vn 1.000000 0.000000 0.000000
vn 1.000000 0.000000 0.000000
vn 1.000000 0.000000 0.000000
vn 0.813565 0.000000 -0.581473
vn 0.813565 0.000000 -0.581473
vn 0.813565 0.000000 -0.581473
vn 0.813565 0.000000 -0.581473
vn 0.001820 0.000000 -0.999998
vn -0.001811 -0.000000 -0.999998
vn -0.317915 0.000005 -0.948119
vn -0.323811 0.000000 -0.946122
vn -0.323806 0.000006 -0.946123
vn 0.536202 0.734782 -0.415431
vn 0.536202 0.734782 -0.415430
vn 0.536202 0.734782 -0.415431
vn 0.536202 0.734782 -0.415431
vn 0.011879 0.701723 0.712351
vn 0.007019 0.702468 0.711680
vn -0.007331 0.702267 0.711876
vn -0.012177 0.701397 0.712667
vn -0.530822 0.746705 -0.400824
vn -0.530822 0.746705 -0.400824
vn -0.530822 0.746705 -0.400824
vn -0.530822 0.746705 -0.400824
vn -0.503517 -0.546580 0.669120
vn -0.503517 -0.546580 0.669120
vn -0.688976 -0.001994 0.724782
vn -0.016658 -0.521935 0.852822
vn -0.000095 -0.030828 0.999525
vn -0.001166 -0.023300 0.999728
vn 0.001066 -0.023634 0.999720
vn 0.000093 -0.030877 0.999523
vn 0.609094 0.548100 0.573229
vn 0.609094 0.548100 0.573229
vn 0.002710 0.786250 0.617903
vn 0.596279 0.028769 0.802262
vn 0.182311 0.000106 0.983241
vn 0.182452 0.000049 0.983215
vn 0.182114 -0.000929 0.983277
vn 0.177604 -0.003464 0.984096
vn 0.503469 -0.546685 0.669070
vn 0.503469 -0.546685 0.669070
vn 0.016680 -0.521944 0.852817
vn 0.689209 -0.001995 0.724560
vn -0.194985 0.000168 0.980806
vn -0.194899 0.000198 0.980823
vn -0.189891 -0.003697 0.981798
vn -0.194791 -0.000791 0.980844
vn -0.603397 0.552320 0.575200
vn -0.603397 0.552320 0.575200
vn -0.596686 0.028782 0.801958
vn -0.002843 0.786297 0.617842
vn 0.455412 0.422342 0.783726
vn 0.455412 0.422342 0.783726
vn 0.688055 0.003611 0.725650
vn 0.003527 0.607338 0.794435
vn 0.003528 -0.072246 0.997381
vn 0.003645 -0.072340 0.997373
vn -0.004084 -0.072418 0.997366
vn -0.003079 -0.071706 0.997421
vn -0.597691 -0.529021 0.602414
vn -0.597691 -0.529021 0.602414
vn -0.002456 -0.755667 0.654951
vn -0.596344 -0.030236 0.802159
vn -0.456409 0.421643 0.783522
vn -0.456409 0.421644 0.783522
vn -0.003491 0.607323 0.794447
vn -0.687934 0.003631 0.725764
vn 0.594312 -0.529928 0.604954
vn 0.594312 -0.529928 0.604954
vn 0.595400 -0.030026 0.802868
vn 0.002433 -0.755703 0.654910
vn 0.456582 -0.423151 0.782608
vn 0.456582 -0.423151 0.782608
vn 0.003485 -0.609283 0.792945
vn 0.690961 -0.003217 0.722885
vn -0.218448 0.000642 0.975848
vn -0.213767 0.002977 0.976880
vn -0.212800 -0.003815 0.977088
vn -0.218540 -0.000567 0.975828
vn -0.590833 0.521360 0.615711
vn -0.590833 0.521360 0.615710
vn -0.581736 0.026893 0.812933
vn -0.002384 0.745205 0.666831
vn 0.005177 0.061338 0.998104
vn 0.003075 0.059831 0.998204
vn -0.003594 0.060407 0.998167
vn -0.004433 0.061090 0.998122
vn -0.456505 -0.423024 0.782722
vn -0.456505 -0.423024 0.782722
vn -0.690924 -0.003214 0.722921
vn -0.003486 -0.609296 0.792936
vn 0.596296 0.519282 0.612190
vn 0.596296 0.519282 0.612190
vn 0.002344 0.745176 0.666864
vn 0.581592 0.027080 0.813030
vn 0.210312 0.003144 0.977629
vn 0.215270 0.000440 0.976554
vn 0.215168 -0.000775 0.976577
vn 0.209822 -0.003582 0.977733
vn 0.000721 0.632632 0.774452
vn 0.447481 0.381700 0.808743
vn 0.689667 0.003485 0.724118
vn 0.002686 0.556342 0.830949
vn 0.005179 -0.101105 0.994862
vn 0.003043 -0.099751 0.995008
vn -0.003149 -0.099670 0.995016
vn -0.004657 -0.100499 0.994926
vn -0.594523 -0.520571 0.612819
vn -0.594523 -0.520571 0.612819
vn -0.002407 -0.745336 0.666684
vn -0.581995 -0.027193 0.812738
vn -0.448654 0.381267 0.808298
vn -0.000721 0.632633 0.774451
vn -0.002669 0.556320 0.830964
vn -0.689720 0.003494 0.724068
vn 0.589844 -0.522143 0.615996
vn 0.589844 -0.522143 0.615996
vn 0.581227 -0.026994 0.813294
vn 0.002376 -0.745336 0.666685
vn 0.007307 0.002857 0.999969
vn 0.007312 -0.002721 0.999970
vn -0.007307 0.002854 0.999969
vn -0.007312 -0.002719 0.999970
vn -0.007243 0.002405 0.999971
vn -0.007243 -0.002419 0.999971
vn 0.007243 0.002407 0.999971
vn 0.007243 -0.002419 0.999971
vn 0.884686 0.001085 0.466186
vn 0.884273 0.002372 0.466964
vn 0.884987 0.000139 0.465615
vn 0.884987 0.000139 0.465615
vn -0.000084 0.678358 0.734732
vn -0.000084 0.678358 0.734732
vn -0.000084 0.678358 0.734732
vn -0.000084 0.678358 0.734732
vn -0.000002 0.000000 1.000000
vn 0.000000 0.000000 1.000000
vn -0.000951 -0.101300 0.994855
vn -0.185509 -0.000706 0.982642
vn -0.865202 0.002320 0.501417
vn -0.865428 0.001361 0.501031
vn -0.865760 -0.000055 0.500460
vn -0.865760 -0.000055 0.500460
vn -0.000000 0.000000 1.000000
vn -0.000000 0.000000 1.000000
vn 0.189235 -0.000721 0.981932
vn 0.000953 -0.101239 0.994862
vn 0.202289 0.000710 0.979326
vn -0.197787 0.000694 0.980245
vn -0.004229 -0.528711 0.848791
vn -0.009880 -0.527314 0.849613
vn 0.009139 -0.528489 0.848891
vn 0.003928 -0.529202 0.848487
vn -0.000000 0.000000 1.000000
vn 0.000000 0.000000 1.000000
vn 0.002452 0.223080 0.974797
vn -0.002458 0.222775 0.974867
vn -0.000000 0.000000 1.000000
vn -0.000002 0.000000 1.000000
vn -0.870049 -0.000258 0.492964
vn -0.870049 -0.000258 0.492964
vn -0.870049 -0.000258 0.492964
vn -0.870049 -0.000258 0.492964
vn 0.000000 0.000000 1.000000
vn 0.000001 0.000000 1.000000
vn 0.199703 -0.000628 0.979856
vn 0.001806 -0.168549 0.985692
vn -0.009949 0.519169 0.854614
vn -0.004866 0.519798 0.854275
vn 0.004452 0.519433 0.854500
vn 0.010198 0.518223 0.855185
vn 0.884846 -0.000121 0.465885
vn 0.884846 -0.000121 0.465884
vn 0.884846 -0.000121 0.465884
vn 0.884846 -0.000121 0.465885
vn 0.000001 0.000000 1.000000
vn 0.000000 0.000000 1.000000
vn -0.001811 -0.168784 0.985651
vn -0.196853 -0.000618 0.980433
vn 0.197136 0.000615 0.980376
vn -0.193647 0.000605 0.981071
vn -0.005610 -0.685524 0.728029
vn -0.008721 -0.684642 0.728827
vn 0.008120 -0.685350 0.728168
vn 0.005233 -0.685965 0.727616
vn 0.000001 0.000000 1.000000
vn 0.000000 0.000000 1.000000
vn 0.001346 0.122536 0.992463
vn -0.001350 0.122381 0.992482
vn 0.000000 0.000000 1.000000
vn 0.000001 0.000000 1.000000
vn 0.000000 1.000000 0.000000
vn 0.000000 1.000000 0.000000
vn -0.167366 -0.185270 -0.968330
vn 0.000000 -1.000000 0.000000
vn 0.000000 -1.000000 0.000000
vn 0.000000 -1.000000 0.000000
vn 0.000000 -1.000000 0.000000
vn 1.000000 0.000000 0.000000
vn 1.000000 0.000000 0.000000
vn -1.000000 0.000002 0.000000
vn -1.000000 0.000002 0.000000
vn 0.000000 0.000000 1.000000
vn 0.000000 1.000000 0.000000
vn 0.000000 1.000000 0.000000
vn 0.167438 -0.185160 -0.968339
vn 0.000000 0.000000 1.000000
vn 0.000000 -1.000000 0.000000
vn 0.000000 -1.000000 0.000000
vn -1.000000 -0.000003 0.000000
vn -1.000000 -0.000003 0.000000
vn -0.165886 0.230332 -0.958869
vn 0.165920 0.230389 -0.958849
vn 1.000000 0.000000 0.000000
vn 1.000000 0.000000 0.000000
vn 0.000000 0.000000 1.000000
vn 0.000000 0.000000 1.000000
vn 0.000001 0.832011 0.554760
vn 0.000001 0.832011 0.554760
vn -0.944707 -0.000008 0.327917
vn -0.944707 -0.000008 0.327917
vn -0.944707 -0.000008 0.327917
vn -0.944707 -0.000008 0.327917
vn 0.000000 -0.798591 0.601874
vn 0.000000 -0.798591 0.601874
vn 0.944626 0.000001 0.328148
vn 0.944626 0.000001 0.328148
vn 0.944626 0.000001 0.328148
vn 0.944626 0.000001 0.328148
vn -0.000001 0.785226 0.619209
vn -0.000001 0.785226 0.619209
vn -0.944597 -0.000000 0.328232
vn -0.944597 -0.000000 0.328232
vn -0.944597 -0.000000 0.328232
vn -0.944597 -0.000000 0.328232
vn -0.000000 -0.785242 0.619189
vn -0.000000 -0.785242 0.619189
vn 0.944756 0.000000 0.327776
vn 0.944756 0.000000 0.327776
vn 0.944756 0.000000 0.327776
vn 0.944756 0.000000 0.327776
vn 0.000000 0.999476 0.032368
vn 0.000000 0.999476 0.032368
vn 0.000000 0.999476 0.032368
vn 0.000000 0.999476 0.032368
vn 0.000001 -0.887101 0.461576
vn 0.000001 -0.887101 0.461576
vn 0.000001 -0.887101 0.461576
vn 0.000001 -0.887101 0.461576
vn -0.779256 0.000005 -0.626706
vn -0.779256 0.000005 -0.626706
vn -0.779256 0.000005 -0.626706
vn -0.779256 0.000005 -0.626706
vn 0.797327 0.000002 0.603547
vn 0.797327 0.000002 0.603547
vn 0.000000 -0.920001 0.391916
vn 0.000000 -0.920001 0.391916
vn 0.000000 -0.920001 0.391916
vn 0.000000 -0.920001 0.391916
vn 0.000000 0.697133 0.716942
vn 0.000000 0.697133 0.716942
vn 0.779791 -0.000002 -0.626039
vn 0.779791 -0.000002 -0.626039
vn 0.779791 -0.000002 -0.626039
vn 0.779791 -0.000002 -0.626039
vn -0.797322 0.000002 0.603554
vn -0.797322 0.000002 0.603554
vn -0.000000 0.920050 0.391802
vn -0.000000 0.920050 0.391802
vn -0.000000 0.920050 0.391802
vn -0.000000 0.920050 0.391802
vn 0.000000 -0.698784 0.715333
vn 0.000000 -0.698784 0.715333
vn -0.779182 -0.000002 -0.626798
vn -0.779182 -0.000002 -0.626798
vn -0.779182 -0.000002 -0.626798
vn -0.779182 -0.000002 -0.626798
vn 0.797359 -0.000005 0.603505
vn 0.797359 -0.000005 0.603505
vn 0.000000 -0.999522 0.030931
vn 0.000000 -0.999522 0.030931
vn 0.000000 -0.999522 0.030931
vn 0.000000 -0.999521 0.030931
vn 0.779372 0.000000 -0.626562
vn 0.779372 0.000000 -0.626562
vn 0.779372 0.000000 -0.626562
vn 0.779372 0.000000 -0.626562
vn -0.797377 0.000001 0.603482
vn -0.797377 0.000001 0.603482
vn -0.577213 -0.577417 0.577421
vn -0.577213 -0.577417 0.577421
vn -0.577213 -0.577417 0.577421
vn -0.577166 0.577528 0.577356
vn -0.577166 0.577528 0.577357
vn -0.577166 0.577528 0.577357
vn -0.577166 0.577528 -0.577357
vn -0.577166 0.577528 -0.577357
vn -0.577166 0.577528 -0.577356
vn -0.577214 -0.577416 -0.577420
vn -0.577214 -0.577416 -0.577420
vn -0.577214 -0.577416 -0.577420
vn 0.577270 -0.577303 0.577478
vn 0.577270 -0.577303 0.577478
vn 0.577270 -0.577303 0.577478
vn 0.577223 0.577414 0.577413
vn 0.577223 0.577414 0.577413
vn 0.577223 0.577414 0.577413
vn 0.577223 0.577414 -0.577413
vn 0.577223 0.577414 -0.577413
vn 0.577223 0.577414 -0.577413
vn 0.577271 -0.577303 -0.577477
vn 0.577271 -0.577303 -0.577477
vn 0.577271 -0.577303 -0.577477
vn 0.267421 0.462407 0.845379
vn 0.267421 0.462407 0.845379
vn 0.267421 0.462408 0.845379
vn -0.260242 0.457214 0.850429
vn -0.260242 0.457214 0.850429
vn -0.260242 0.457214 0.850429
vn 0.260142 -0.457299 0.850414
vn 0.260142 -0.457299 0.850414
vn 0.260142 -0.457299 0.850414
vn -0.267725 -0.462323 0.845328
vn -0.267726 -0.462323 0.845328
vn -0.267725 -0.462323 0.845329
vn -0.396535 -0.585613 0.706978
vn -0.396535 -0.585612 0.706978
vn -0.396535 -0.585613 0.706978
vn 0.384566 -0.580532 0.717699
vn 0.384566 -0.580532 0.717699
vn 0.384566 -0.580532 0.717699
vn 0.396099 0.585408 0.707392
vn 0.396099 0.585408 0.707392
vn 0.396099 0.585408 0.707392
vn -0.384287 0.580002 0.718276
vn -0.384287 0.580002 0.718276
vn -0.384287 0.580002 0.718276
vn 0.703175 0.333934 0.627720
vn 0.703175 0.333934 0.627720
vn -0.707686 0.364220 0.605413
vn -0.707686 0.364220 0.605413
vn -0.324798 -0.419596 0.847612
vn -0.324798 -0.419596 0.847612
vn 0.323025 -0.457533 0.828444
vn 0.323025 -0.457533 0.828444
vn -0.389641 0.431678 0.813532
vn -0.389641 0.431678 0.813532
vn 0.390854 0.395718 0.831048
vn 0.390854 0.395718 0.831048
vn -0.450336 -0.476859 0.754853
vn -0.450336 -0.476859 0.754853
vn 0.451714 -0.512531 0.730251
vn 0.451714 -0.512531 0.730251
s off
g window_bigbog polySurface1 pCube11
usemtl initialShadingGroup
f 943/1588/2161 945/1495/2162 966/1255/2163 965/1256/2164
s 1
f 944/1259/2165 943/1257/2166 947/1258/2167 946/1504/2168
s 2
f 945/1495/2169 944/1259/2170 974/1278/2171 973/1496/2172
s 3
f 946/1504/2173 949/1489/2174 1063/1354/2175 1062/1279/2176
s 4
f 948/1260/2177 947/1261/2178 969/1275/2179 968/1493/2180
s 1
f 949/1489/2181 948/1262/2182 1000/1597/2183 999/1490/2184
s 2
f 950/1263/2185 952/1508/2186 1071/1300/2187 1070/1332/2188
s 6
f 951/1264/2189 950/1263/2190 956/1266/2191 955/1491/2192
s off
f 952/1590/2193 951/1264/2194 958/1270/2195 957/1265/2196
s 3
f 953/1267/2197 956/1266/2198 1028/1331/2199 1027/1330/2200
s 6
f 954/1268/2201 953/1267/2202 1005/1311/2203 1004/1503/2204
s 8
f 955/1491/2205 954/1268/2206 962/1272/2207 961/1271/2208
s 9
f 957/1509/2209 959/1269/2210 991/1594/2211 990/1507/2212
s 10
f 959/1510/2213 958/1270/2214 961/1271/2215 960/1511/2216
s 11
f 960/1511/2217 963/1512/2218 1014/1318/2219 1013/1297/2220
s 10
f 963/1512/2221 962/1272/2222 1007/1314/2223 1006/1513/2224
s 9
f 964/1274/2225 966/1273/2226 1037/1598/2227 1036/1492/2228
s 13
f 965/1505/2229 964/1274/2230 970/1276/2231 969/1275/2232
s 11
f 967/1277/2233 970/1276/2234 1041/1342/2235 1040/1324/2236
s 13
f 968/1493/2237 967/1277/2238 1012/1317/2239 1011/1308/2240
s 3
f 971/1280/2241 974/1278/2242 1062/1279/2176 1061/1521/2243
s 2
f 972/1281/2244 971/1280/2245 1034/1334/2246 1033/1520/2247
s 15
f 973/1496/2248 972/1281/2249 1038/1338/2250 1037/1282/2251
s 1
f 975/1286/2252 977/1283/2253 1001/1284/2254 1000/1285/2183
s off
f 976/1591/2255 975/1286/2256 997/1307/2257 996/1287/2258
s 16
f 977/1498/2259 976/1288/2260 979/1289/2261 978/1497/2262
s 3
f 978/1497/2263 981/1526/2264 1058/1355/2265 1057/1310/2266
s 18
f 980/1290/2267 979/1289/2268 1048/1306/2269 1047/1527/2270
s 16
f 981/1526/2271 980/1290/2272 1052/1350/2273 1051/1525/2274
f 982/1291/2275 984/1519/2276 1085/1328/2277 1084/1303/2278
s off
f 983/1293/2279 982/1292/2280 986/1592/2281 985/1499/2282
s 6
f 984/1519/2283 983/1293/2284 1003/1312/2285 1002/1517/2286
s 10
f 985/1499/2287 987/1515/2288 1009/1315/2289 1008/1313/2290
s 20
f 987/1515/2291 986/1294/2292 993/1595/2293 992/1514/2294
s 11
f 988/1295/2295 991/1296/2296 1013/1297/2220 1016/1534/2297
s 9
f 989/1299/2298 988/1298/2299 1068/1603/2300 1067/1533/2301
s 15
f 990/1507/2302 989/1299/2303 1072/1368/2304 1071/1300/2305
s 11
f 992/1514/2306 995/1537/2307 1094/1391/2308 1093/1316/2309
s 18
f 994/1301/2310 993/1302/2311 1084/1303/2312 1083/1538/2313
s 20
f 995/1537/2314 994/1304/2315 1088/1604/2316 1087/1536/2317
f 996/1494/2318 998/1305/2319 1049/1600/2320 1048/1306/2321
s 13
f 998/1502/2322 997/1307/2323 1011/1308/2240 1010/1500/2324
s 3
f 999/1490/2325 1001/1309/2326 1057/1310/2266 1056/1488/2327
f 1002/1517/2328 1005/1311/2329 1024/1329/2330 1023/1518/2331
s 8
f 1004/1503/2332 1003/1312/2333 1008/1313/2334 1007/1314/2335
s 11
f 1006/1513/2336 1009/1315/2337 1093/1316/2309 1092/1319/2338
f 1010/1500/2339 1012/1317/2340 1018/1323/2341 1017/1501/2342
f 1015/1320/2343 1014/1318/2219 1092/1319/2338 1091/1535/2344
f 1016/1534/2297 1015/1320/2343 1096/1393/2345 1095/1362/2346
f 1017/1501/2342 1020/1528/2347 1050/1321/2348 1049/1322/2349
f 1019/1325/2350 1018/1323/2341 1040/1324/2236 1039/1531/2351
f 1020/1528/2347 1019/1325/2350 1044/1345/2352 1043/1529/2353
s off
f 1021/1326/2354 1025/1574/2355 1226/1469/2356 1225/1585/2357
f 1022/1327/2358 1021/1326/2359 1082/1376/2360 1081/1539/2361
s 3
f 1023/1518/2331 1022/1327/2362 1086/1381/2363 1085/1328/2364
s 27
f 1025/1574/2365 1024/1329/2366 1027/1330/2367 1026/1575/2368
s off
f 1026/1575/2369 1030/1579/2370 1224/1465/2371 1223/1576/2372
s 3
f 1029/1333/2373 1028/1331/2199 1070/1332/2374 1069/1541/2375
s off
f 1030/1579/2376 1029/1333/2377 1074/1370/2378 1073/1580/2379
s 3
f 1031/1335/2380 1034/1334/2381 1131/1359/2382 1130/1374/2383
s 2
f 1032/1336/2384 1031/1335/2385 1102/1372/2386 1101/1367/2387
s 15
f 1033/1520/2388 1032/1336/2389 1106/1365/2390 1105/1339/2391
s 9
f 1035/1337/2392 1038/1338/2393 1105/1339/2394 1104/1340/2395
s 11
f 1036/1492/2396 1035/1341/2397 1042/1343/2398 1041/1342/2235
f 1039/1531/2351 1042/1343/2398 1109/1400/2399 1108/1346/2400
f 1043/1529/2353 1046/1543/2401 1118/1344/2402 1117/1530/2403
f 1045/1347/2404 1044/1345/2352 1108/1346/2400 1107/1397/2405
f 1046/1543/2401 1045/1347/2404 1114/1395/2406 1113/1383/2407
s 20
f 1047/1527/2408 1050/1348/2409 1117/1349/2410 1116/1351/2411
s 3
f 1051/1525/2412 1054/1542/2413 1125/1378/2414 1124/1356/2415
s 18
f 1053/1352/2416 1052/1350/2417 1116/1351/2418 1115/1389/2419
s 16
f 1054/1542/2420 1053/1352/2421 1122/1386/2422 1121/1380/2423
s off
f 1055/1353/2424 1059/1569/2425 1216/1442/2426 1215/1457/2427
s 31
f 1056/1488/2428 1055/1353/2429 1064/1357/2430 1063/1354/2431
s off
f 1059/1569/2432 1058/1355/2433 1124/1356/2434 1123/1570/2435
f 1060/1358/2436 1064/1357/2437 1208/1456/2438 1207/1447/2439
f 1061/1521/2440 1060/1358/2441 1132/1403/2442 1131/1359/2443
s 11
f 1065/1360/2444 1068/1361/2445 1095/1362/2346 1098/1545/2446
s 9
f 1066/1366/2447 1065/1363/2448 1103/1364/2449 1106/1365/2450
s 15
f 1067/1533/2451 1066/1366/2452 1101/1367/2453 1100/1369/2454
s 2
f 1069/1541/2455 1072/1368/2456 1100/1369/2457 1099/1371/2458
s off
f 1073/1580/2459 1077/1582/2460 1240/1479/2461 1239/1466/2462
s 3
f 1075/1373/2463 1074/1370/2464 1099/1371/2465 1102/1372/2466
f 1076/1375/2467 1075/1373/2463 1130/1374/2383 1129/1402/2468
s 32
f 1077/1582/2469 1076/1375/2470 1079/1377/2471 1078/1583/2472
s off
f 1078/1583/2473 1082/1376/2474 1248/1470/2475 1247/1480/2476
s 3
f 1080/1379/2477 1079/1377/2478 1126/1401/2479 1125/1378/2414
f 1081/1539/2480 1080/1379/2477 1121/1380/2481 1120/1382/2482
s 16
f 1083/1538/2483 1086/1381/2484 1120/1382/2485 1119/1385/2486
s 11
f 1087/1536/2487 1090/1544/2488 1113/1383/2407 1112/1392/2489
s 18
f 1089/1388/2490 1088/1384/2491 1119/1385/2492 1122/1386/2493
s 20
f 1090/1387/2494 1089/1388/2495 1115/1389/2496 1118/1390/2497
s 11
f 1091/1535/2344 1094/1391/2308 1112/1392/2489 1111/1394/2498
f 1097/1396/2499 1096/1393/2345 1111/1394/2498 1114/1395/2406
f 1098/1545/2446 1097/1396/2499 1107/1397/2405 1110/1399/2500
f 1104/1532/2501 1103/1398/2502 1110/1399/2500 1109/1400/2399
s off
f 1123/1570/2503 1127/1565/2504 1190/1443/2505 1189/1571/2506
s 33
f 1127/1565/2507 1126/1401/2508 1129/1402/2509 1128/1566/2510
s off
f 1128/1566/2511 1132/1403/2512 1196/1446/2513 1195/1444/2514
s 34
f 1133/1404/2515 1136/1572/2516 1204/1454/2517 1203/1452/2518
s 35
f 1134/1405/2519 1133/1404/2520 1140/1407/2521 1139/1557/2522
s 36
f 1135/1406/2523 1134/1405/2524 1166/1426/2525 1165/1560/2526
s 35
f 1136/1572/2527 1135/1406/2528 1146/1414/2529 1145/1573/2530
s 34
f 1137/1408/2531 1140/1407/2532 1198/1451/2533 1197/1567/2534
s 35
f 1138/1409/2535 1137/1408/2536 1144/1410/2537 1143/1558/2538
s 36
f 1139/1557/2539 1138/1409/2540 1170/1428/2541 1169/1427/2542
s 34
f 1141/1411/2543 1144/1410/2544 1210/1450/2545 1209/1568/2546
s 35
f 1142/1412/2547 1141/1411/2548 1148/1413/2549 1147/1559/2550
s 36
f 1143/1558/2551 1142/1412/2552 1173/1430/2553 1172/1429/2554
s 34
f 1145/1573/2555 1148/1413/2556 1218/1461/2557 1217/1455/2558
s 36
f 1147/1559/2559 1146/1414/2560 1176/1425/2561 1175/1431/2562
s 43
f 1149/1415/2563 1152/1577/2564 1230/1474/2565 1229/1581/2566
s 44
f 1150/1416/2567 1149/1415/2568 1160/1420/2569 1159/1562/2570
s 45
f 1151/1417/2571 1150/1416/2572 1179/1433/2573 1178/1561/2574
s 44
f 1152/1577/2575 1151/1417/2576 1154/1418/2577 1153/1578/2578
s 43
f 1153/1578/2579 1156/1586/2580 1236/1477/2581 1235/1475/2582
s 45
f 1155/1419/2583 1154/1418/2584 1181/1436/2585 1180/1564/2586
s 44
f 1156/1586/2587 1155/1419/2588 1162/1424/2589 1161/1587/2590
s 43
f 1157/1421/2591 1160/1420/2592 1242/1473/2593 1241/1584/2594
s 44
f 1158/1422/2595 1157/1421/2596 1164/1423/2597 1163/1563/2598
s 45
f 1159/1562/2599 1158/1422/2600 1185/1439/2601 1184/1434/2602
s 43
f 1161/1587/2603 1164/1423/2604 1250/1484/2605 1249/1478/2606
s 45
f 1163/1563/2607 1162/1424/2608 1188/1438/2609 1187/1440/2610
s 36
f 1165/1560/2526 1167/1522/2611 1174/1432/2612 1176/1425/2561
f 1167/1522/2611 1166/1426/2525 1169/1427/2542 1168/1523/2613
f 1168/1523/2613 1170/1428/2541 1172/1429/2554 1171/1524/2614
f 1171/1524/2614 1173/1430/2553 1175/1431/2562 1174/1432/2612
s 45
f 1177/1435/2615 1179/1433/2573 1184/1434/2602 1183/1540/2616
f 1178/1561/2574 1177/1435/2615 1182/1437/2617 1181/1436/2585
f 1180/1564/2586 1182/1437/2617 1186/1441/2618 1188/1438/2609
f 1183/1540/2616 1185/1439/2601 1187/1440/2610 1186/1441/2618
s 51
f 1189/1571/2619 1192/1550/2620 1213/1462/2621 1216/1442/2622
s off
f 1191/1445/2623 1190/1443/2624 1195/1444/2625 1194/1546/2626
s 34
f 1192/1550/2627 1191/1445/2628 1202/1453/2629 1201/1551/2630
s 53
f 1193/1448/2631 1196/1446/2632 1207/1447/2633 1206/1548/2634
s 34
f 1194/1546/2635 1193/1448/2636 1200/1449/2637 1199/1547/2638
f 1197/1567/2534 1200/1449/2637 1211/1459/2639 1210/1450/2545
f 1199/1547/2638 1198/1451/2533 1203/1452/2518 1202/1453/2629
f 1201/1551/2630 1204/1454/2517 1217/1455/2558 1220/1463/2640
s 55
f 1205/1458/2641 1208/1456/2642 1215/1457/2643 1214/1549/2644
s 34
f 1206/1548/2645 1205/1458/2646 1212/1460/2647 1211/1459/2639
f 1209/1568/2546 1212/1460/2647 1219/1464/2648 1218/1461/2557
f 1214/1549/2649 1213/1462/2650 1220/1463/2640 1219/1464/2648
s off
f 1221/1467/2651 1224/1465/2652 1239/1466/2653 1238/1553/2654
s 43
f 1222/1468/2655 1221/1467/2656 1232/1472/2657 1231/1552/2658
s 58
f 1223/1576/2659 1222/1468/2660 1227/1471/2661 1226/1469/2662
s off
f 1225/1585/2663 1228/1555/2664 1245/1485/2665 1248/1470/2666
s 43
f 1228/1555/2667 1227/1471/2668 1234/1476/2669 1233/1556/2670
f 1229/1581/2566 1232/1472/2657 1243/1482/2671 1242/1473/2593
f 1231/1552/2658 1230/1474/2565 1235/1475/2582 1234/1476/2669
f 1233/1556/2670 1236/1477/2581 1249/1478/2606 1252/1486/2672
s 59
f 1237/1481/2673 1240/1479/2674 1247/1480/2675 1246/1554/2676
s 43
f 1238/1553/2677 1237/1481/2678 1244/1483/2679 1243/1482/2671
f 1241/1584/2594 1244/1483/2679 1251/1487/2680 1250/1484/2605
f 1246/1554/2681 1245/1485/2682 1252/1486/2672 1251/1487/2680
s 3
f 1056/1488/2327 1063/1354/2175 949/1489/2174 999/1490/2325
s 8
f 951/1264/2683 955/1491/2205 961/1271/2208 958/1270/2684
s 11
f 1036/1492/2396 1041/1342/2235 970/1276/2234 964/1274/2685
s 4
f 948/1260/2177 968/1493/2180 1011/1308/2686 997/1307/2687 975/1286/2688 1000/1285/2689
s 18
f 976/1288/2690 996/1494/2691 1048/1306/2269 979/1289/2268
s 15
f 966/1255/2692 945/1495/2693 973/1496/2248 1037/1282/2251
s 3
f 978/1497/2263 1057/1310/2266 1001/1309/2326 977/1498/2694
s 8
f 1008/1313/2334 1003/1312/2333 983/1293/2695 985/1499/2696
s 11
f 1010/1500/2339 1017/1501/2342 1049/1322/2349 998/1502/2697
f 967/1277/2233 1040/1324/2236 1018/1323/2341 1012/1317/2340
s 8
f 962/1272/2207 954/1268/2206 1004/1503/2332 1007/1314/2335
s 3
f 1062/1279/2176 974/1278/2242 944/1259/2698 946/1504/2173
s 4
f 965/1505/2699 969/1275/2179 947/1261/2178 943/1506/2700
s 15
f 990/1507/2302 1071/1300/2305 952/1508/2701 957/1509/2702
s 11
f 959/1510/2703 960/1511/2217 1013/1297/2220 991/1296/2296
f 1092/1319/2338 1014/1318/2219 963/1512/2218 1006/1513/2336
f 992/1514/2306 1093/1316/2309 1009/1315/2337 987/1515/2704
s 18
f 1084/1303/2312 993/1302/2311 986/1516/2705 982/1291/2706
s 3
f 1002/1517/2328 1023/1518/2331 1085/1328/2364 984/1519/2707
f 953/1267/2197 1027/1330/2200 1024/1329/2330 1005/1311/2329
f 956/1266/2198 950/1263/2708 1070/1332/2374 1028/1331/2199
s 15
f 1038/1338/2250 972/1281/2249 1033/1520/2388 1105/1339/2391
s 3
f 1131/1359/2382 1034/1334/2381 971/1280/2241 1061/1521/2243
s 36
f 1167/1522/2611 1168/1523/2613 1171/1524/2614 1174/1432/2612
s 3
f 1051/1525/2412 1124/1356/2415 1058/1355/2265 981/1526/2264
s 18
f 980/1290/2267 1047/1527/2270 1116/1351/2418 1052/1350/2417
s 11
f 1050/1321/2348 1020/1528/2347 1043/1529/2353 1117/1530/2403
f 1019/1325/2350 1039/1531/2351 1108/1346/2400 1044/1345/2352
f 1104/1532/2501 1109/1400/2399 1042/1343/2398 1035/1341/2397
s 15
f 1067/1533/2451 1100/1369/2454 1072/1368/2304 989/1299/2303
s 11
f 988/1295/2295 1016/1534/2297 1095/1362/2346 1068/1361/2445
f 1111/1394/2498 1096/1393/2345 1015/1320/2343 1091/1535/2344
f 1087/1536/2487 1112/1392/2489 1094/1391/2308 995/1537/2307
s 18
f 1119/1385/2492 1088/1384/2491 994/1301/2310 1083/1538/2313
s 3
f 1086/1381/2363 1022/1327/2362 1081/1539/2480 1120/1382/2482
s 45
f 1182/1437/2617 1177/1435/2615 1183/1540/2616 1186/1441/2618
s 3
f 1029/1333/2373 1069/1541/2375 1099/1371/2465 1074/1370/2464
s 15
f 1106/1365/2390 1032/1336/2389 1101/1367/2453 1066/1366/2452
s 3
f 1075/1373/2463 1102/1372/2466 1031/1335/2380 1130/1374/2383
f 1079/1377/2478 1076/1375/2467 1129/1402/2468 1126/1401/2479
f 1121/1380/2481 1080/1379/2477 1125/1378/2414 1054/1542/2413
s 18
f 1053/1352/2416 1115/1389/2419 1089/1388/2490 1122/1386/2493
s 11
f 1118/1344/2402 1046/1543/2401 1113/1383/2407 1090/1544/2488
f 1045/1347/2404 1107/1397/2405 1097/1396/2499 1114/1395/2406
f 1065/1360/2444 1098/1545/2446 1110/1399/2500 1103/1398/2502
s 34
f 1191/1445/2628 1194/1546/2635 1199/1547/2638 1202/1453/2629
f 1193/1448/2636 1206/1548/2645 1211/1459/2639 1200/1449/2637
f 1205/1458/2646 1214/1549/2649 1219/1464/2648 1212/1460/2647
f 1213/1462/2650 1192/1550/2627 1201/1551/2630 1220/1463/2640
s 43
f 1227/1471/2668 1222/1468/2655 1231/1552/2658 1234/1476/2669
f 1221/1467/2656 1238/1553/2677 1243/1482/2671 1232/1472/2657
f 1237/1481/2678 1246/1554/2681 1251/1487/2680 1244/1483/2679
f 1245/1485/2682 1228/1555/2667 1233/1556/2670 1252/1486/2672
s 36
f 1134/1405/2709 1139/1557/2710 1169/1427/2542 1166/1426/2525
s off
f 1138/1409/2711 1143/1558/2712 1172/1429/2713 1170/1428/2714
s 36
f 1142/1412/2715 1147/1559/2716 1175/1431/2562 1173/1430/2553
s off
f 1146/1414/2717 1135/1406/2718 1165/1560/2719 1176/1425/2720
s 45
f 1154/1418/2721 1151/1417/2722 1178/1561/2574 1181/1436/2585
s off
f 1150/1416/2723 1159/1562/2724 1184/1434/2725 1179/1433/2726
s 45
f 1158/1422/2727 1163/1563/2728 1187/1440/2610 1185/1439/2601
s off
f 1162/1424/2729 1155/1419/2730 1180/1564/2731 1188/1438/2732
f 1127/1565/2733 1128/1566/2734 1195/1444/2735 1190/1443/2736
f 1140/1407/2737 1133/1404/2738 1203/1452/2739 1198/1451/2740
f 1132/1403/2741 1060/1358/2742 1207/1447/2743 1196/1446/2744
s 34
f 1144/1410/2745 1137/1408/2746 1197/1567/2534 1210/1450/2545
s off
f 1064/1357/2747 1055/1353/2748 1215/1457/2749 1208/1456/2750
s 34
f 1148/1413/2751 1141/1411/2752 1209/1568/2546 1218/1461/2557
s off
f 1059/1569/2753 1123/1570/2754 1189/1571/2755 1216/1442/2756
s 34
f 1136/1572/2757 1145/1573/2758 1217/1455/2558 1204/1454/2517
s off
f 1025/1574/2759 1026/1575/2760 1223/1576/2761 1226/1469/2762
s 43
f 1152/1577/2763 1153/1578/2764 1235/1475/2582 1230/1474/2565
s off
f 1030/1579/2765 1073/1580/2766 1239/1466/2767 1224/1465/2768
s 43
f 1160/1420/2769 1149/1415/2770 1229/1581/2566 1242/1473/2593
s off
f 1077/1582/2771 1078/1583/2772 1247/1480/2773 1240/1479/2774
s 43
f 1164/1423/2604 1157/1421/2591 1241/1584/2594 1250/1484/2605
s off
f 1082/1376/2775 1021/1326/2776 1225/1585/2777 1248/1470/2778
s 43
f 1156/1586/2779 1161/1587/2780 1249/1478/2606 1236/1477/2581
s off
f 943/1588/2781 944/1259/2782 945/1495/2783
s 1
f 946/1504/2168 947/1589/2167 948/1262/2182 949/1489/2181
s off
f 950/1263/2784 951/1264/2785 952/1590/2786
s 6
f 953/1267/2202 954/1268/2201 955/1491/2192 956/1266/2191
s off
f 957/1265/2787 958/1270/2788 959/1510/2789
s 10
f 960/1511/2216 961/1271/2215 962/1272/2222 963/1512/2221
s off
f 964/1274/2790 965/1505/2791 966/1273/2792
s 13
f 967/1277/2238 968/1493/2237 969/1275/2232 970/1276/2231
s 2
f 971/1280/2245 972/1281/2244 973/1496/2172 974/1278/2171
s off
f 975/1286/2793 976/1591/2794 977/1283/2795
s 16
f 978/1497/2262 979/1289/2261 980/1290/2272 981/1526/2271
s off
f 982/1292/2796 983/1293/2797 984/1519/2798
f 985/1499/2799 986/1592/2800 987/1515/2801
s 9
f 988/1593/2299 989/1299/2298 990/1507/2212 991/1594/2211
s 20
f 992/1514/2294 993/1595/2293 994/1596/2315 995/1537/2314
s off
f 996/1287/2802 997/1307/2803 998/1502/2804
s 1
f 999/1490/2184 1000/1597/2183 1001/1309/2254
s 6
f 1002/1517/2286 1003/1312/2285 1004/1503/2204 1005/1311/2203
s 10
f 1006/1513/2224 1007/1314/2223 1008/1313/2290 1009/1315/2289
s 13
f 1010/1500/2324 1011/1308/2240 1012/1317/2239
s 11
f 1013/1297/2220 1014/1318/2219 1015/1320/2343 1016/1534/2297
f 1017/1501/2342 1018/1323/2341 1019/1325/2350 1020/1528/2347
s 27
f 1021/1326/2805 1022/1327/2806 1023/1518/2807 1024/1329/2366 1025/1574/2365
f 1026/1575/2368 1027/1330/2367 1028/1331/2808 1029/1333/2809 1030/1579/2810
s 2
f 1031/1335/2385 1032/1336/2384 1033/1520/2247 1034/1334/2246
s 9
f 1035/1341/2392 1036/1492/2228 1037/1598/2227 1038/1599/2393
s 11
f 1039/1531/2351 1040/1324/2236 1041/1342/2235 1042/1343/2398
f 1043/1529/2353 1044/1345/2352 1045/1347/2404 1046/1543/2401
s 20
f 1047/1527/2408 1048/1306/2321 1049/1600/2320 1050/1601/2409
s 16
f 1051/1525/2274 1052/1350/2273 1053/1352/2421 1054/1542/2420
s 31
f 1055/1353/2429 1056/1488/2428 1057/1310/2811 1058/1355/2812 1059/1569/2813
f 1060/1358/2814 1061/1521/2815 1062/1279/2816 1063/1354/2431 1064/1357/2430
s 9
f 1065/1602/2448 1066/1366/2447 1067/1533/2301 1068/1603/2300
s 2
f 1069/1541/2455 1070/1332/2188 1071/1300/2187 1072/1368/2456
s 32
f 1073/1580/2817 1074/1370/2818 1075/1373/2819 1076/1375/2470 1077/1582/2469
f 1078/1583/2472 1079/1377/2471 1080/1379/2820 1081/1539/2821 1082/1376/2822
s 16
f 1083/1538/2483 1084/1303/2278 1085/1328/2277 1086/1381/2484
s 20
f 1087/1536/2317 1088/1604/2316 1089/1605/2495 1090/1544/2494
s 11
f 1091/1535/2344 1092/1319/2338 1093/1316/2309 1094/1391/2308
f 1095/1362/2346 1096/1393/2345 1097/1396/2499 1098/1545/2446
s 2
f 1099/1371/2458 1100/1369/2457 1101/1367/2387 1102/1372/2386
s 9
f 1103/1606/2449 1104/1340/2395 1105/1339/2394 1106/1365/2450
s 11
f 1107/1397/2405 1108/1346/2400 1109/1400/2399 1110/1399/2500
f 1111/1394/2498 1112/1392/2489 1113/1383/2407 1114/1395/2406
s 20
f 1115/1389/2496 1116/1351/2411 1117/1349/2410 1118/1607/2497
s 16
f 1119/1385/2486 1120/1382/2485 1121/1380/2423 1122/1386/2422
s 33
f 1123/1570/2823 1124/1356/2824 1125/1378/2825 1126/1401/2508 1127/1565/2507
f 1128/1566/2510 1129/1402/2509 1130/1374/2826 1131/1359/2827 1132/1403/2828
s 35
f 1133/1404/2520 1134/1405/2519 1135/1406/2528 1136/1572/2527
f 1137/1408/2536 1138/1409/2535 1139/1557/2522 1140/1407/2521
f 1141/1411/2548 1142/1412/2547 1143/1558/2538 1144/1410/2537
f 1145/1573/2530 1146/1414/2529 1147/1559/2550 1148/1413/2549
s 44
f 1149/1415/2568 1150/1416/2567 1151/1417/2576 1152/1577/2575
f 1153/1578/2578 1154/1418/2577 1155/1419/2588 1156/1586/2587
f 1157/1421/2596 1158/1422/2595 1159/1562/2570 1160/1420/2569
f 1161/1587/2590 1162/1424/2589 1163/1563/2598 1164/1423/2597
s 36
f 1165/1560/2526 1166/1426/2525 1167/1522/2611
f 1168/1523/2613 1169/1427/2542 1170/1428/2541
f 1171/1524/2614 1172/1429/2554 1173/1430/2553
f 1174/1432/2612 1175/1431/2562 1176/1425/2561
s 45
f 1177/1435/2615 1178/1561/2574 1179/1433/2573
f 1180/1564/2586 1181/1436/2585 1182/1437/2617
f 1183/1540/2616 1184/1434/2602 1185/1439/2601
f 1186/1441/2618 1187/1440/2610 1188/1438/2609
s 51
f 1189/1571/2619 1190/1443/2829 1191/1445/2830 1192/1550/2620
s 53
f 1193/1448/2631 1194/1546/2831 1195/1444/2832 1196/1446/2632
s 34
f 1197/1567/2534 1198/1451/2533 1199/1547/2638 1200/1449/2637
f 1201/1551/2630 1202/1453/2629 1203/1452/2518 1204/1454/2517
s 55
f 1205/1458/2641 1206/1548/2833 1207/1447/2834 1208/1456/2642
s 34
f 1209/1568/2546 1210/1450/2545 1211/1459/2639 1212/1460/2647
s 55
f 1213/1462/2835 1214/1549/2644 1215/1457/2643 1216/1442/2836
s 34
f 1217/1455/2558 1218/1461/2557 1219/1464/2648 1220/1463/2640
s 58
f 1221/1467/2837 1222/1468/2660 1223/1576/2659 1224/1465/2838
f 1225/1585/2839 1226/1469/2662 1227/1471/2661 1228/1555/2840
s 43
f 1229/1581/2566 1230/1474/2565 1231/1552/2658 1232/1472/2657
f 1233/1556/2670 1234/1476/2669 1235/1475/2582 1236/1477/2581
s 59
f 1237/1481/2673 1238/1553/2841 1239/1466/2842 1240/1479/2674
s 43
f 1241/1584/2594 1242/1473/2593 1243/1482/2671 1244/1483/2679
s 59
f 1245/1485/2843 1246/1554/2676 1247/1480/2675 1248/1470/2844
s 43
f 1249/1478/2606 1250/1484/2605 1251/1487/2680 1252/1486/2672
