# This file uses meters as units for non-parametric coordinates.

mtllib DOOORS_FIN.mtl
g default
v 2782.178711 -12.718506 24.664177
v 2782.018555 -12.028809 25.117456
v 2781.640625 -12.140625 24.374641
v 2805.362305 -11.836182 32.282860
v 2804.612305 -11.738770 32.649639
v 2804.772461 -12.428467 32.196373
v 2782.611328 9.425781 20.632929
v 2782.989258 9.537598 21.375721
v 2783.202148 10.018311 20.719414
v 2805.794922 10.308105 28.251669
v 2805.582031 9.827881 28.908001
v 2806.333008 9.730225 28.541204
v 2784.446289 8.395264 15.168842
v 2785.036133 8.987549 15.255325
v 2785.196289 8.297852 14.802091
v 2807.789062 8.587891 22.334286
v 2807.627930 9.277588 22.787558
v 2808.166016 8.699707 23.077049
v 2783.474609 -13.171143 18.910553
v 2784.224609 -13.268555 18.543751
v 2784.011719 -13.749268 19.200096
v 2806.605469 -13.459229 26.732368
v 2806.818359 -12.978516 26.076025
v 2807.195312 -12.866699 26.818850
v 2787.719727 18.190674 17.579466
v 2788.112305 18.405029 18.303856
v 2788.326172 18.775879 17.637642
v 2787.830078 14.524414 19.200359
v 2787.889648 15.341797 19.011806
v 2787.494141 15.145264 18.294445
v 2787.435547 14.323486 18.482431
v 2804.227539 18.449219 23.741339
v 2804.988281 18.269287 23.387882
v 2804.441406 18.850586 23.033739
v 2804.709961 14.407471 24.278620
v 2804.767578 15.229736 24.090755
v 2804.030273 15.427002 24.446507
v 2803.971680 14.609863 24.635632
v 2805.024414 18.207275 21.298113
v 2805.511719 17.640137 21.639645
v 2805.138672 17.468506 20.912970
v 2804.837891 13.569824 21.807951
v 2804.898438 14.387207 21.619377
v 2805.292969 14.588135 22.337112
v 2805.233398 13.766357 22.525124
v 2788.946289 17.383301 15.459949
v 2788.241211 17.541992 15.837743
v 2788.833008 18.122070 15.845345
v 2787.961914 13.681641 16.728041
v 2788.021484 14.503418 16.540314
v 2788.757812 14.301758 16.183907
v 2788.700195 13.484619 16.373016
v 2792.210938 18.385742 19.694389
v 2792.423828 18.787354 18.987291
v 2791.627930 18.782959 18.718113
v 2791.414062 18.381836 19.426064
v 2791.681641 14.181641 19.951344
v 2792.250000 14.768555 20.023888
v 2791.990234 15.490234 20.359758
v 2791.168945 15.389160 20.107513
v 2790.982422 14.555420 20.258060
v 2801.445312 17.448975 19.669235
v 2801.332031 18.187988 20.054447
v 2802.128906 18.192139 20.322922
v 2802.242188 17.453369 19.937559
v 2801.389648 13.583496 21.275955
v 2800.878906 14.152100 20.951283
v 2801.250977 14.544189 20.345905
v 2802.055664 14.406250 20.652821
v 2802.116211 13.570557 20.886995
v 2801.389648 18.434326 22.785082
v 2801.602539 18.835693 22.077904
v 2800.806641 18.831055 21.808685
v 2800.592773 18.429932 22.516727
v 2793.065430 17.404785 16.846840
v 2792.268555 17.400635 16.578533
v 2792.154297 18.139404 16.963707
v 2792.952148 18.143799 17.232166
v 2791.846680 13.514404 17.429617
v 2792.013672 14.353516 17.271366
v 2792.859375 14.529541 17.512333
v 2792.818359 14.114502 18.250685
v 2792.213867 13.540039 18.176411
v 2801.250977 14.607910 23.715839
v 2801.199219 15.438965 23.486006
v 2800.380859 15.554932 23.179668
v 2800.355469 14.808594 22.744982
v 2800.859375 14.242676 23.048473
v 2787.069336 1.374023 19.572897
v 2787.807617 1.175537 19.216658
v 2786.938477 2.214844 22.044489
v 2786.542969 2.017090 21.326670
v 2790.935547 1.192139 20.270618
v 2791.332031 1.389893 20.988449
v 2790.805664 2.032959 22.742079
v 2790.067383 2.231445 23.098320
v 2800.374023 2.285645 26.568611
v 2799.977539 2.088135 25.850788
v 2800.504883 1.445068 24.097178
v 2801.242188 1.246582 23.740934
v 2803.946289 1.260742 24.651901
v 2804.342773 1.458496 25.369722
v 2803.816406 2.101562 27.123266
v 2803.078125 2.300049 27.479511
v 2979.565430 55.511475 19.428707
v 2979.565430 56.105957 20.023212
v 2978.970703 56.105957 19.428707
v 2990.709961 56.105957 19.428707
v 2990.116211 56.105957 20.023212
v 2990.116211 55.511475 19.428707
v 2978.970703 89.572754 19.428707
v 2979.565430 89.572754 20.023212
v 2979.565430 90.167236 19.428707
v 2990.116211 90.167236 19.428707
v 2990.116211 89.572754 20.023212
v 2990.709961 89.572754 19.428707
v 2978.970703 89.572754 10.841160
v 2979.565430 90.167236 10.841160
v 2990.116211 90.167236 10.841160
v 2990.709961 89.572754 10.841160
v 2979.565430 55.511475 10.841160
v 2978.970703 56.105957 10.841160
v 2990.709961 56.105957 10.841160
v 2990.116211 55.511475 10.841160
v 2933.625000 65.994873 23.058868
v 2933.355469 66.560547 23.671431
v 2932.801758 66.267578 23.058868
v 2991.160156 66.589355 23.671431
v 2990.320312 66.589355 23.671431
v 2990.320312 65.994873 23.076923
v 2991.160156 65.994873 23.076923
v 2933.355469 79.118896 23.671431
v 2933.618164 79.684570 23.067896
v 2932.807617 79.415771 23.067896
v 2991.160156 79.090088 23.671431
v 2991.160156 79.684570 23.076923
v 2990.320312 79.684570 23.076923
v 2990.320312 79.090088 23.671431
v 2925.632812 73.284180 23.671431
v 2924.530273 73.246338 23.096235
v 2924.511719 72.446777 23.115545
v 2925.632812 72.395264 23.671431
v 2990.320312 72.419434 23.671431
v 2991.160156 72.419434 23.671431
v 2991.160156 73.260010 23.671431
v 2990.320312 73.260010 23.671431
v 2932.813477 79.419922 19.916782
v 2933.610352 79.684570 19.916782
v 2990.320312 79.684570 19.916782
v 2991.181641 79.684570 20.358395
v 2991.339844 79.684570 19.492508
v 2990.740234 79.112061 19.916782
v 2933.610352 65.994873 19.916782
v 2932.813477 66.259521 19.916782
v 2990.740234 66.567383 19.916782
v 2991.314453 65.994873 19.510380
v 2991.170898 65.994873 20.347778
v 2990.320312 65.994873 19.916782
v 2994.190430 66.589355 20.337162
v 2993.595703 65.994873 20.337162
v 2993.595703 65.994873 19.496403
v 2994.190430 66.589355 19.496403
v 2993.595703 66.589355 23.671431
v 2993.595703 65.994873 23.076923
v 2994.190430 66.589355 23.076923
v 2993.595703 79.684570 19.496403
v 2993.595703 79.684570 20.337162
v 2994.190430 79.090088 20.337162
v 2994.190430 79.090088 19.496403
v 2994.190430 72.419434 20.337162
v 2994.190430 72.419434 19.496403
v 2994.190430 73.260010 19.496403
v 2994.190430 73.260010 20.337162
v 2994.190430 79.090088 23.076923
v 2993.595703 79.684570 23.076923
v 2993.595703 79.090088 23.671431
v 2993.595703 72.419434 23.671431
v 2994.190430 72.419434 23.076923
v 2994.190430 73.260010 23.076923
v 2993.595703 73.260010 23.671431
v 2991.334961 79.090088 10.748005
v 2990.740234 79.090088 11.342511
v 2991.334961 79.684570 11.342511
v 2991.334961 66.589355 10.748004
v 2991.334961 65.994873 11.342510
v 2990.740234 66.589355 11.342510
v 2991.334961 72.419434 10.748004
v 2990.740234 72.419434 11.342510
v 2990.740234 73.260010 11.342510
v 2991.334961 73.260010 10.748004
v 2993.595703 79.090088 10.748005
v 2993.595703 79.684570 11.342511
v 2994.190430 79.090088 11.342511
v 2994.190430 66.589355 11.342510
v 2993.595703 65.994873 11.342510
v 2993.595703 66.589355 10.748004
v 2994.190430 72.419434 11.342510
v 2993.595703 72.419434 10.748004
v 2993.595703 73.260010 10.748004
v 2994.190430 73.260010 11.342510
v 2924.548828 72.419434 19.916782
v 2924.548828 73.260010 19.916782
v 2990.740234 73.260010 19.916782
v 2990.740234 72.419434 19.916782
v 2979.565430 -100.524170 19.428707
v 2979.565430 -99.929688 20.023212
v 2978.970703 -99.929688 19.428707
v 2990.709961 -99.929688 19.428707
v 2990.116211 -99.929688 20.023212
v 2990.116211 -100.524170 19.428707
v 2978.970703 -66.462891 19.428707
v 2979.565430 -66.462891 20.023212
v 2979.565430 -65.868408 19.428707
v 2990.116211 -65.868408 19.428707
v 2990.116211 -66.462891 20.023212
v 2990.709961 -66.462891 19.428707
v 2978.970703 -66.462891 10.841160
v 2979.565430 -65.868408 10.841160
v 2990.116211 -65.868408 10.841160
v 2990.709961 -66.462891 10.841160
v 2979.565430 -100.524170 10.841160
v 2978.970703 -99.929688 10.841160
v 2990.709961 -99.929688 10.841160
v 2990.116211 -100.524170 10.841160
v 2945.516602 -133.303223 19.108551
v 2945.516602 -132.708740 19.703056
v 2944.921875 -132.708740 19.108551
v 2977.727539 -132.708740 19.108551
v 2977.133789 -132.708740 19.703056
v 2977.133789 -133.303223 19.108551
v 2944.921875 120.646484 19.108551
v 2945.516602 120.646484 19.703056
v 2945.516602 121.240967 19.108551
v 2977.133789 121.240967 19.108551
v 2977.133789 120.646484 19.703056
v 2977.727539 120.646484 19.108551
v 2944.921875 120.646484 12.411714
v 2945.516602 121.240967 12.411714
v 2977.133789 121.240967 12.411714
v 2977.727539 120.646484 12.411714
v 2945.516602 -133.303223 12.411714
v 2944.921875 -132.708740 12.411714
v 2977.727539 -132.708740 12.411714
v 2977.133789 -133.303223 12.411714
v 2933.625000 -90.040771 23.058868
v 2933.355469 -89.475098 23.671431
v 2932.801758 -89.767822 23.058868
v 2991.160156 -89.446289 23.671431
v 2990.320312 -89.446289 23.671431
v 2990.320312 -90.040771 23.076923
v 2991.160156 -90.040771 23.076923
v 2933.355469 -76.916748 23.671431
v 2933.618164 -76.351074 23.067896
v 2932.807617 -76.619629 23.067896
v 2991.160156 -76.945557 23.671431
v 2991.160156 -76.351074 23.076923
v 2990.320312 -76.351074 23.076923
v 2990.320312 -76.945557 23.671431
v 2925.632812 -82.751465 23.671431
v 2924.530273 -82.789307 23.096235
v 2924.511719 -83.588867 23.115545
v 2925.632812 -83.640381 23.671431
v 2990.320312 -83.616211 23.671431
v 2991.160156 -83.616211 23.671431
v 2991.160156 -82.775635 23.671431
v 2990.320312 -82.775635 23.671431
v 2932.813477 -76.615723 19.916782
v 2933.610352 -76.351074 19.916782
v 2990.320312 -76.351074 19.916782
v 2991.181641 -76.351074 20.358395
v 2991.339844 -76.351074 19.492508
v 2990.740234 -76.923584 19.916782
v 2933.610352 -90.040771 19.916782
v 2932.813477 -89.776123 19.916782
v 2990.740234 -89.468262 19.916782
v 2991.314453 -90.040771 19.510380
v 2991.170898 -90.040771 20.347778
v 2990.320312 -90.040771 19.916782
v 2994.190430 -89.446289 20.337162
v 2993.595703 -90.040771 20.337162
v 2993.595703 -90.040771 19.496403
v 2994.190430 -89.446289 19.496403
v 2993.595703 -89.446289 23.671431
v 2993.595703 -90.040771 23.076923
v 2994.190430 -89.446289 23.076923
v 2993.595703 -76.351074 19.496403
v 2993.595703 -76.351074 20.337162
v 2994.190430 -76.945557 20.337162
v 2994.190430 -76.945557 19.496403
v 2994.190430 -83.616211 20.337162
v 2994.190430 -83.616211 19.496403
v 2994.190430 -82.775635 19.496403
v 2994.190430 -82.775635 20.337162
v 2994.190430 -76.945557 23.076923
v 2993.595703 -76.351074 23.076923
v 2993.595703 -76.945557 23.671431
v 2993.595703 -83.616211 23.671431
v 2994.190430 -83.616211 23.076923
v 2994.190430 -82.775635 23.076923
v 2993.595703 -82.775635 23.671431
v 2991.334961 -76.945557 10.748005
v 2990.740234 -76.945557 11.342511
v 2991.334961 -76.351074 11.342511
v 2991.334961 -89.446289 10.748004
v 2991.334961 -90.040771 11.342510
v 2990.740234 -89.446289 11.342510
v 2991.334961 -83.616211 10.748004
v 2990.740234 -83.616211 11.342510
v 2990.740234 -82.775635 11.342510
v 2991.334961 -82.775635 10.748004
v 2993.595703 -76.945557 10.748005
v 2993.595703 -76.351074 11.342511
v 2994.190430 -76.945557 11.342511
v 2994.190430 -89.446289 11.342510
v 2993.595703 -90.040771 11.342510
v 2993.595703 -89.446289 10.748004
v 2994.190430 -83.616211 11.342510
v 2993.595703 -83.616211 10.748004
v 2993.595703 -82.775635 10.748004
v 2994.190430 -82.775635 11.342510
v 2924.548828 -83.616211 19.916782
v 2924.548828 -82.775635 19.916782
v 2990.740234 -82.775635 19.916782
v 2990.740234 -83.616211 19.916782
v 2909.304688 -133.303223 19.108551
v 2909.304688 -132.708740 19.703056
v 2908.709961 -132.708740 19.108551
v 2941.516602 -132.708740 19.108551
v 2940.921875 -132.708740 19.703056
v 2940.921875 -133.303223 19.108551
v 2908.709961 120.646484 19.108551
v 2909.304688 120.646484 19.703056
v 2909.304688 121.240967 19.108551
v 2940.921875 121.240967 19.108551
v 2940.921875 120.646484 19.703056
v 2941.516602 120.646484 19.108551
v 2908.709961 120.646484 12.411714
v 2909.304688 121.240967 12.411714
v 2940.921875 121.240967 12.411714
v 2941.516602 120.646484 12.411714
v 2909.304688 -133.303223 12.411714
v 2908.709961 -132.708740 12.411714
v 2941.516602 -132.708740 12.411714
v 2940.921875 -133.303223 12.411714
v 2873.093750 -133.303223 19.108551
v 2873.093750 -132.708740 19.703056
v 2872.499023 -132.708740 19.108551
v 2905.304688 -132.708740 19.108551
v 2904.710938 -132.708740 19.703056
v 2904.710938 -133.303223 19.108551
v 2872.499023 120.646484 19.108551
v 2873.093750 120.646484 19.703056
v 2873.093750 121.240967 19.108551
v 2904.710938 121.240967 19.108551
v 2904.710938 120.646484 19.703056
v 2905.304688 120.646484 19.108551
v 2872.499023 120.646484 12.411714
v 2873.093750 121.240967 12.411714
v 2904.710938 121.240967 12.411714
v 2905.304688 120.646484 12.411714
v 2873.093750 -133.303223 12.411714
v 2872.499023 -132.708740 12.411714
v 2905.304688 -132.708740 12.411714
v 2904.710938 -133.303223 12.411714
v 2836.880859 -133.303223 19.108551
v 2836.880859 -132.708740 19.703056
v 2836.286133 -132.708740 19.108551
v 2869.091797 -132.708740 19.108551
v 2868.498047 -132.708740 19.703056
v 2868.498047 -133.303223 19.108551
v 2836.286133 120.646484 19.108551
v 2836.880859 120.646484 19.703056
v 2836.880859 121.240967 19.108551
v 2868.498047 121.240967 19.108551
v 2868.498047 120.646484 19.703056
v 2869.091797 120.646484 19.108551
v 2836.286133 120.646484 12.411714
v 2836.880859 121.240967 12.411714
v 2868.498047 121.240967 12.411714
v 2869.091797 120.646484 12.411714
v 2836.880859 -133.303223 12.411714
v 2836.286133 -132.708740 12.411714
v 2869.091797 -132.708740 12.411714
v 2868.498047 -133.303223 12.411714
v 2786.801758 -141.935547 13.706932
v 2786.185547 -142.354248 13.124302
v 2786.755859 -142.936768 13.136508
v 2787.746094 -142.319824 13.706932
v 2989.112305 -142.319824 13.706932
v 2990.089844 -142.936768 13.124468
v 2990.673828 -142.366211 13.136178
v 2990.057617 -141.935547 13.706932
v 2787.746094 130.840576 13.706932
v 2786.768555 131.457520 13.124468
v 2786.185547 130.886719 13.136178
v 2786.801758 130.456299 13.706932
v 2990.057617 130.456299 13.706932
v 2990.673828 130.875000 13.124302
v 2990.102539 131.457520 13.136508
v 2989.112305 130.840576 13.706932
v 2786.185547 130.863037 -4.669280
v 2786.780273 131.457520 -4.669280
v 2990.079102 131.457520 -4.669280
v 2990.673828 130.863037 -4.669280
v 2786.780273 -142.936768 -4.669280
v 2786.185547 -142.342285 -4.669280
v 2990.673828 -142.342285 -4.669280
v 2990.079102 -142.936768 -4.669280
v 2796.787109 -134.475830 13.128130
v 2796.175781 -134.970459 13.706932
v 2796.692383 -135.650391 13.706932
v 2797.375977 -135.054688 13.118332
v 2979.483398 -135.054688 13.118332
v 2980.165039 -135.642578 13.706932
v 2980.686523 -134.970215 13.706932
v 2980.072266 -134.475830 13.128130
v 2980.072266 122.996582 13.128130
v 2980.683594 123.491211 13.706932
v 2980.166992 124.170898 13.706932
v 2979.483398 123.575439 13.118332
v 2797.375977 123.575439 13.118332
v 2796.693359 124.163330 13.706932
v 2796.172852 123.490723 13.706932
v 2796.787109 122.996582 13.128130
v 2796.787109 -134.460205 6.415157
v 2797.381836 -135.054688 6.415157
v 2797.381836 -134.460205 5.820652
v 2979.477539 -134.460205 5.820652
v 2979.477539 -135.054688 6.415157
v 2980.072266 -134.460205 6.415157
v 2979.477539 122.980957 5.820652
v 2980.072266 122.980957 6.415157
v 2979.477539 123.575439 6.415157
v 2797.381836 122.980957 5.820652
v 2797.381836 123.575439 6.415157
v 2796.787109 122.980957 6.415157
v 2800.668945 -133.303223 19.108551
v 2800.668945 -132.708740 19.703056
v 2800.074219 -132.708740 19.108551
v 2832.880859 -132.708740 19.108551
v 2832.286133 -132.708740 19.703056
v 2832.286133 -133.303223 19.108551
v 2800.074219 120.646484 19.108551
v 2800.668945 120.646484 19.703056
v 2800.668945 121.240967 19.108551
v 2832.286133 121.240967 19.108551
v 2832.286133 120.646484 19.703056
v 2832.880859 120.646484 19.108551
v 2800.074219 120.646484 12.411714
v 2800.668945 121.240967 12.411714
v 2832.286133 121.240967 12.411714
v 2832.880859 120.646484 12.411714
v 2800.668945 -133.303223 12.411714
v 2800.074219 -132.708740 12.411714
v 2832.880859 -132.708740 12.411714
v 2832.286133 -133.303223 12.411714
vt 0.590943 0.988427
vt 0.589857 0.988427
vt 0.589857 0.982646
vt 0.590943 0.930368
vt 0.590943 0.931133
vt 0.614589 0.988427
vt 0.614420 0.988427
vt 0.614589 0.982646
vt 0.615850 0.931133
vt 0.590423 0.953675
vt 0.590423 0.959476
vt 0.590943 0.952833
vt 0.614420 0.952833
vt 0.615855 0.953675
vt 0.590281 0.960253
vt 0.590281 0.981904
vt 0.590943 0.959476
vt 0.614420 0.959476
vt 0.615213 0.960253
vt 0.615213 0.981904
vt 0.590943 0.981904
vt 0.614420 0.981904
vt 0.614420 0.982646
vt 0.385904 0.970991
vt 0.385358 0.970993
vt 0.385436 0.969115
vt 0.385576 0.971645
vt 0.400166 0.973305
vt 0.387842 0.973297
vt 0.388175 0.972433
vt 0.387677 0.972180
vt 0.387860 0.984574
vt 0.372911 0.972445
vt 0.372552 0.971812
vt 0.374156 0.986514
vt 0.370427 0.973426
vt 0.358681 0.975941
vt 0.371332 0.973924
vt 0.373729 0.985795
vt 0.372166 0.970019
vt 0.371745 0.984887
vt 0.371604 0.983790
vt 0.369674 0.971520
vt 0.357889 0.973200
vt 0.385633 0.985859
vt 0.388310 0.970284
vt 0.399912 0.983882
vt 0.387243 0.984055
vt 0.386251 0.980480
vt 0.383620 0.973244
vt 0.385193 0.976084
vt 0.383041 0.973581
vt 0.382838 0.972679
vt 0.382915 0.970342
vt 0.386055 0.976508
vt 0.399453 0.977360
vt 0.385922 0.977405
vt 0.384498 0.977362
vt 0.375708 0.983499
vt 0.375244 0.983912
vt 0.373550 0.981243
vt 0.383334 0.983504
vt 0.382491 0.970626
vt 0.375657 0.970859
vt 0.375471 0.972848
vt 0.374941 0.972654
vt 0.372675 0.980920
vt 0.359316 0.982002
vt 0.372806 0.980041
vt 0.374119 0.977805
vt 0.374409 0.980779
vt 0.374244 0.979958
vt 0.384609 0.979532
vt 0.384514 0.980420
vt 0.375338 0.973730
vt 0.374247 0.976897
vt 0.373331 0.976518
vt 0.385417 0.980870
vt 0.386040 0.979589
vt 0.399608 0.979836
vt 0.372728 0.977872
vt 0.359360 0.979471
vt 0.398415 0.934475
vt 0.397604 0.933555
vt 0.406969 0.933441
vt 0.397604 0.934385
vt 0.397618 0.945595
vt 0.398450 0.944679
vt 0.406740 0.945033
vt 0.406659 0.945870
vt 0.363881 0.933672
vt 0.355097 0.934341
vt 0.355154 0.933502
vt 0.364570 0.934381
vt 0.364570 0.944757
vt 0.364570 0.945587
vt 0.355587 0.945956
vt 0.912217 0.058820
vt 0.913073 0.058816
vt 0.913072 0.061917
vt 0.638993 0.970435
vt 0.638771 0.971257
vt 0.695866 0.971275
vt 0.855439 0.059027
vt 0.856268 0.059023
vt 0.855439 0.061720
vt 0.638762 0.983648
vt 0.935095 0.058812
vt 0.935075 0.061921
vt 0.934246 0.061918
vt 0.695045 0.983625
vt 0.991880 0.059041
vt 0.695874 0.983625
vt 0.631304 0.977016
vt 0.695046 0.977035
vt 0.695046 0.977867
vt 0.924065 0.058735
vt 0.924074 0.061873
vt 0.695874 0.977034
vt 0.991890 0.061723
vt 0.436868 0.928800
vt 0.437687 0.929219
vt 0.423688 0.929201
vt 0.424511 0.950029
vt 0.853035 0.059036
vt 0.421437 0.929219
vt 0.424511 0.952733
vt 0.698279 0.977033
vt 0.994273 0.061754
vt 0.698694 0.984342
vt 0.436847 0.950029
vt 0.431094 0.950029
vt 0.430264 0.952732
vt 0.430264 0.949199
vt 0.698279 0.983623
vt 0.698280 0.977864
vt 0.431094 0.952732
vt 0.437676 0.937262
vt 0.437565 0.940737
vt 0.436847 0.938091
vt 0.424510 0.937261
vt 0.424510 0.938091
vt 0.421449 0.937265
vt 0.431094 0.938091
vt 0.430264 0.937261
vt 0.430264 0.928800
vt 0.436847 0.941152
vt 0.431094 0.941152
vt 0.431094 0.940323
vt 0.424511 0.940323
vt 0.430264 0.940323
vt 0.430264 0.941152
vt 0.398415 0.934475
vt 0.398277 0.933666
vt 0.406969 0.933441
vt 0.397604 0.934385
vt 0.397618 0.945595
vt 0.398450 0.944679
vt 0.406740 0.945033
vt 0.406659 0.945870
vt 0.363881 0.933672
vt 0.355096 0.934341
vt 0.355154 0.933502
vt 0.364570 0.934381
vt 0.364569 0.944757
vt 0.364569 0.945587
vt 0.355587 0.945956
vt 0.913207 0.050921
vt 0.912377 0.050921
vt 0.912377 0.044312
vt 0.464644 0.280668
vt 0.464746 0.281648
vt 0.945238 0.050921
vt 0.944408 0.050921
vt 0.944408 0.044312
vt 0.945238 0.044312
vt 0.502807 0.281565
vt 0.463612 0.579653
vt 0.464591 0.587507
vt 0.463605 0.587505
vt 0.464700 0.578680
vt 0.501771 0.578700
vt 0.502858 0.579683
vt 0.502836 0.587539
vt 0.912217 0.058819
vt 0.913073 0.058816
vt 0.913072 0.061917
vt 0.638992 0.970435
vt 0.638771 0.971257
vt 0.695866 0.971274
vt 0.855439 0.059027
vt 0.856268 0.059024
vt 0.855439 0.061720
vt 0.638762 0.983647
vt 0.935095 0.058812
vt 0.935075 0.061921
vt 0.934246 0.061918
vt 0.695045 0.983624
vt 0.991880 0.059041
vt 0.695874 0.983623
vt 0.631304 0.977016
vt 0.695046 0.977033
vt 0.695046 0.977865
vt 0.924065 0.058735
vt 0.924074 0.061873
vt 0.695874 0.977033
vt 0.991890 0.061723
vt 0.436868 0.928799
vt 0.437687 0.929219
vt 0.423688 0.929201
vt 0.424511 0.950029
vt 0.853035 0.059037
vt 0.421437 0.929218
vt 0.424511 0.952733
vt 0.698279 0.977031
vt 0.994273 0.061754
vt 0.698694 0.984340
vt 0.436847 0.950029
vt 0.431094 0.950029
vt 0.430264 0.952732
vt 0.430264 0.949199
vt 0.698279 0.983622
vt 0.698280 0.977862
vt 0.431094 0.952732
vt 0.437676 0.937262
vt 0.437565 0.940737
vt 0.436847 0.938091
vt 0.424510 0.937261
vt 0.424510 0.938091
vt 0.421449 0.937265
vt 0.431093 0.938091
vt 0.430264 0.937261
vt 0.430264 0.928800
vt 0.436847 0.941152
vt 0.431094 0.941152
vt 0.431094 0.940323
vt 0.424510 0.940323
vt 0.430264 0.940323
vt 0.430264 0.941152
vt 0.913207 0.050921
vt 0.912377 0.050921
vt 0.912377 0.044312
vt 0.464603 0.280673
vt 0.464706 0.281654
vt 0.945238 0.050921
vt 0.944408 0.050921
vt 0.944408 0.044312
vt 0.945238 0.044312
vt 0.502767 0.281560
vt 0.463662 0.579659
vt 0.464643 0.587513
vt 0.463657 0.587512
vt 0.464750 0.578685
vt 0.501821 0.578694
vt 0.502908 0.579677
vt 0.502889 0.587533
vt 0.913207 0.050923
vt 0.912377 0.050923
vt 0.912377 0.044314
vt 0.464644 0.280668
vt 0.464746 0.281648
vt 0.945238 0.050919
vt 0.944408 0.050919
vt 0.944408 0.044310
vt 0.945237 0.044310
vt 0.502807 0.281565
vt 0.463612 0.579653
vt 0.464591 0.587507
vt 0.463605 0.587505
vt 0.464700 0.578680
vt 0.501771 0.578700
vt 0.502858 0.579683
vt 0.502836 0.587539
vt 0.913207 0.050921
vt 0.912377 0.050921
vt 0.912377 0.044312
vt 0.464644 0.280668
vt 0.464746 0.281648
vt 0.945238 0.050921
vt 0.944408 0.050921
vt 0.944408 0.044312
vt 0.945238 0.044312
vt 0.502808 0.281565
vt 0.463612 0.579653
vt 0.464591 0.587507
vt 0.463605 0.587505
vt 0.464700 0.578680
vt 0.501771 0.578700
vt 0.502858 0.579683
vt 0.502836 0.587539
vt 0.754442 0.691742
vt 0.755291 0.692168
vt 0.154195 0.114159
vt 0.152707 0.097881
vt 0.154901 0.113964
vt 0.336558 0.114530
vt 0.337401 0.113759
vt 0.338831 0.097795
vt 0.339589 0.097930
vt 0.968964 0.692098
vt 0.968191 0.971430
vt 0.755383 0.970932
vt 0.756659 0.971715
vt 0.755684 0.972566
vt 0.754252 0.990473
vt 0.753415 0.990329
vt 0.966002 0.971645
vt 0.967764 0.972232
vt 0.969545 0.989891
vt 0.765310 0.700297
vt 0.764609 0.963490
vt 0.766147 0.697939
vt 0.957296 0.698223
vt 0.958849 0.699943
vt 0.958155 0.963496
vt 0.956552 0.965159
vt 0.766181 0.965211
vt 0.765383 0.962800
vt 0.770529 0.958975
vt 0.771108 0.703537
vt 0.952348 0.703905
vt 0.952888 0.704442
vt 0.952147 0.959028
vt 0.951617 0.959575
vt 0.771072 0.959512
vt 0.771273 0.958816
vt 0.913207 0.050921
vt 0.912377 0.050921
vt 0.912377 0.044312
vt 0.464603 0.280673
vt 0.464706 0.281654
vt 0.945238 0.050921
vt 0.944408 0.050921
vt 0.944408 0.044312
vt 0.945238 0.044312
vt 0.502767 0.281560
vt 0.463662 0.579659
vt 0.464643 0.587513
vt 0.463657 0.587512
vt 0.464750 0.578685
vt 0.501821 0.578694
vt 0.502908 0.579677
vt 0.502889 0.587533
vt 0.614420 0.931133
vt 0.590943 0.953675
vt 0.614420 0.953675
vt 0.590943 0.960253
vt 0.614420 0.960253
vt 0.590943 0.982646
vt 0.621638 0.931133
vt 0.621638 0.952833
vt 0.584632 0.931133
vt 0.590420 0.931133
vt 0.590420 0.952833
vt 0.584632 0.952833
vt 0.387307 0.972993
vt 0.370903 0.973133
vt 0.383825 0.983820
vt 0.386023 0.986574
vt 0.383350 0.972393
vt 0.375160 0.970682
vt 0.373101 0.971770
vt 0.372083 0.984083
vt 0.374742 0.973515
vt 0.384295 0.976487
vt 0.399906 0.984735
vt 0.387712 0.983722
vt 0.399675 0.980592
vt 0.399445 0.978110
vt 0.399976 0.974137
vt 0.359328 0.981232
vt 0.359355 0.984863
vt 0.358441 0.975121
vt 0.370820 0.974269
vt 0.372515 0.976982
vt 0.359294 0.978708
vt 0.397618 0.944765
vt 0.363745 0.934476
vt 0.363752 0.944672
vt 0.355497 0.945127
vt 0.407034 0.934273
vt 0.397616 0.954073
vt 0.364568 0.954065
vt 0.397606 0.925076
vt 0.364571 0.925073
vt 0.695036 0.971275
vt 0.991051 0.059037
vt 0.436649 0.928134
vt 0.912243 0.061920
vt 0.430264 0.950029
vt 0.638089 0.970733
vt 0.923276 0.058715
vt 0.923244 0.061872
vt 0.695865 0.970445
vt 0.423681 0.950029
vt 0.430264 0.938091
vt 0.698271 0.971273
vt 0.424489 0.928800
vt 0.437677 0.949199
vt 0.424511 0.949199
vt 0.424511 0.941152
vt 0.423681 0.938091
vt 0.638089 0.984168
vt 0.431094 0.937261
vt 0.431093 0.928800
vt 0.436847 0.937261
vt 0.436847 0.940323
vt 0.436847 0.949199
vt 0.431094 0.949199
vt 0.699109 0.983623
vt 0.695875 0.977866
vt 0.631303 0.977888
vt 0.397618 0.944765
vt 0.363745 0.934476
vt 0.363752 0.944672
vt 0.355497 0.945127
vt 0.407034 0.934273
vt 0.397616 0.954073
vt 0.364568 0.954065
vt 0.397606 0.925076
vt 0.397604 0.933555
vt 0.364571 0.925073
vt 0.501827 0.281667
vt 0.464598 0.579654
vt 0.501872 0.579681
vt 0.501850 0.587537
vt 0.913207 0.044312
vt 0.510662 0.281561
vt 0.510606 0.578796
vt 0.455911 0.281552
vt 0.463766 0.281547
vt 0.463719 0.578781
vt 0.455865 0.578785
vt 0.695036 0.971274
vt 0.991052 0.059037
vt 0.436649 0.928134
vt 0.912243 0.061920
vt 0.430264 0.950029
vt 0.638089 0.970733
vt 0.923276 0.058715
vt 0.923245 0.061872
vt 0.423681 0.950029
vt 0.430264 0.938091
vt 0.698271 0.971272
vt 0.424489 0.928800
vt 0.437677 0.949199
vt 0.424511 0.949199
vt 0.424511 0.941152
vt 0.423681 0.938091
vt 0.638089 0.984168
vt 0.431093 0.937261
vt 0.431093 0.928800
vt 0.436847 0.937261
vt 0.436847 0.940323
vt 0.436847 0.949199
vt 0.431094 0.949199
vt 0.699109 0.983621
vt 0.695875 0.977865
vt 0.631303 0.977888
vt 0.501786 0.281661
vt 0.464648 0.579660
vt 0.501922 0.579675
vt 0.501902 0.587531
vt 0.913207 0.044312
vt 0.510622 0.281553
vt 0.510656 0.578789
vt 0.455871 0.281560
vt 0.463726 0.281553
vt 0.463769 0.578787
vt 0.455915 0.578793
vt 0.501827 0.281667
vt 0.464598 0.579654
vt 0.501871 0.579681
vt 0.501850 0.587537
vt 0.913206 0.044314
vt 0.510662 0.281561
vt 0.510606 0.578796
vt 0.455911 0.281552
vt 0.463766 0.281547
vt 0.463719 0.578781
vt 0.455865 0.578785
vt 0.501827 0.281666
vt 0.464598 0.579654
vt 0.501872 0.579681
vt 0.501850 0.587537
vt 0.913207 0.044312
vt 0.510662 0.281561
vt 0.510606 0.578796
vt 0.455911 0.281552
vt 0.463766 0.281547
vt 0.463719 0.578780
vt 0.455865 0.578785
vt 0.771315 0.704244
vt 0.952140 0.704600
vt 0.951410 0.958869
vt 0.966986 0.972482
vt 0.968716 0.990060
vt 0.153461 0.097743
vt 0.986794 0.692182
vt 0.986012 0.971430
vt 0.736622 0.691780
vt 0.754542 0.971370
vt 0.736711 0.971322
vt 0.756556 0.691427
vt 0.966904 0.691745
vt 0.968122 0.692534
vt 0.967343 0.971003
vt 0.764540 0.699612
vt 0.767070 0.698681
vt 0.956381 0.698951
vt 0.958071 0.700632
vt 0.957390 0.962811
vt 0.955635 0.964419
vt 0.767087 0.964481
vt 0.770575 0.704085
vt 0.501786 0.281661
vt 0.464648 0.579660
vt 0.501922 0.579675
vt 0.501902 0.587531
vt 0.913207 0.044312
vt 0.510622 0.281553
vt 0.510656 0.578788
vt 0.455871 0.281560
vt 0.463726 0.281553
vt 0.463769 0.578787
vt 0.455915 0.578794
vt 0.614420 0.930368
vt 0.615850 0.952833
vt 0.615855 0.959476
vt 0.695035 0.970445
vt 0.934253 0.058808
vt 0.856280 0.062142
vt 0.501931 0.280691
vt 0.502751 0.578801
vt 0.695035 0.970444
vt 0.934253 0.058808
vt 0.856280 0.062142
vt 0.501891 0.280686
vt 0.502801 0.578795
vt 0.501931 0.280691
vt 0.502751 0.578801
vt 0.501931 0.280691
vt 0.502751 0.578801
vt 0.154766 0.114932
vt 0.155748 0.114725
vt 0.338104 0.113969
vt 0.337544 0.114734
vt 0.754908 0.972339
vt 0.755544 0.971491
vt 0.501890 0.280686
vt 0.502801 0.578795
vt 0.375653 0.984669
vt 0.375889 0.984355
vt 0.383188 0.984351
vt 0.383440 0.984573
vt 0.400600 0.971355
vt 0.388809 0.970484
vt 0.387620 0.984846
vt 0.386240 0.969196
vt 0.385204 0.986562
vt 0.371516 0.984649
vt 0.359429 0.985714
vt 0.373353 0.986544
vt 0.370160 0.971280
vt 0.372963 0.969877
vt 0.699109 0.977862
vt 0.436847 0.952732
vt 0.699109 0.977031
vt 0.994284 0.059051
vt 0.699101 0.971271
vt 0.698269 0.970442
vt 0.695045 0.984454
vt 0.695874 0.984453
vt 0.638978 0.984463
vt 0.695865 0.970444
vt 0.699109 0.977864
vt 0.436847 0.952732
vt 0.699109 0.977032
vt 0.994284 0.059051
vt 0.699101 0.971272
vt 0.698270 0.970443
vt 0.695044 0.984455
vt 0.695874 0.984455
vt 0.638978 0.984463
vt 0.398290 0.945479
vt 0.363916 0.945477
vt 0.364570 0.933551
vt 0.363916 0.945477
vt 0.364570 0.933551
vt 0.398290 0.945479
vt 0.398277 0.933666
vt 0.437677 0.950029
vt 0.437677 0.952732
vt 0.994270 0.062584
vt 0.423681 0.949199
vt 0.423681 0.952733
vt 0.853046 0.061740
vt 0.423681 0.941152
vt 0.439908 0.937263
vt 0.423681 0.937262
vt 0.437565 0.937676
vt 0.423792 0.940738
vt 0.423681 0.940323
vt 0.437676 0.941152
vt 0.437676 0.940323
vt 0.423792 0.937676
vt 0.437676 0.938091
vt 0.853049 0.062570
vt 0.992043 0.062579
vt 0.439913 0.929216
vt 0.855300 0.062547
vt 0.424696 0.928130
vt 0.423785 0.928369
vt 0.437577 0.928357
vt 0.991038 0.062156
vt 0.423681 0.941152
vt 0.439908 0.937263
vt 0.437677 0.950029
vt 0.437677 0.952732
vt 0.994270 0.062584
vt 0.423681 0.949199
vt 0.423681 0.952733
vt 0.853046 0.061740
vt 0.439913 0.929216
vt 0.992043 0.062578
vt 0.437577 0.928357
vt 0.991038 0.062155
vt 0.855300 0.062547
vt 0.853049 0.062570
vt 0.423785 0.928369
vt 0.424696 0.928130
vt 0.423681 0.940323
vt 0.437676 0.940323
vt 0.423792 0.937676
vt 0.423681 0.937262
vt 0.437565 0.937676
vt 0.437676 0.938091
vt 0.698279 0.984452
vt 0.698685 0.970553
vt 0.698279 0.984453
vt 0.698685 0.970554
vt 0.630022 0.976995
vt 0.630041 0.977937
vt 0.630022 0.976995
vt 0.630041 0.977937
vt 0.437676 0.941152
vt 0.423792 0.940738
vn -0.702138 -0.704592 -0.102720
vn -0.702138 -0.704593 -0.102720
vn -0.702138 -0.704592 -0.102720
vn -0.702138 -0.704593 -0.102720
vn -0.252872 -0.571682 0.780535
vn -0.252872 -0.571682 0.780535
vn -0.252872 -0.571682 0.780535
vn -0.252872 -0.571682 0.780535
vn -0.892212 0.115869 0.436500
vn -0.892212 0.115869 0.436500
vn -0.892212 0.115869 0.436500
vn -0.892212 0.115869 0.436500
vn 0.639688 -0.687253 0.344212
vn 0.639688 -0.687253 0.344212
vn 0.639688 -0.687253 0.344212
vn 0.639688 -0.687253 0.344212
vn 0.449097 0.133130 0.883509
vn 0.449097 0.133130 0.883509
vn 0.449097 0.133130 0.883509
vn 0.449097 0.133130 0.883509
vn -0.639459 0.687392 -0.344362
vn -0.639459 0.687392 -0.344362
vn -0.639459 0.687392 -0.344362
vn -0.639459 0.687392 -0.344362
vn -0.190230 0.820550 0.538990
vn -0.190230 0.820550 0.538990
vn -0.190230 0.820550 0.538990
vn -0.190230 0.820550 0.538990
vn 0.701883 0.704877 0.102512
vn 0.701883 0.704877 0.102512
vn 0.701883 0.704877 0.102512
vn 0.701883 0.704877 0.102512
vn -0.449301 -0.133044 -0.883419
vn -0.449301 -0.133044 -0.883419
vn -0.449301 -0.133044 -0.883419
vn -0.449301 -0.133044 -0.883419
vn 0.252853 0.571833 -0.780431
vn 0.252853 0.571833 -0.780431
vn 0.252853 0.571833 -0.780431
vn 0.252853 0.571833 -0.780431
vn 0.892671 -0.115771 -0.435587
vn 0.892671 -0.115771 -0.435587
vn 0.892671 -0.115771 -0.435587
vn 0.892671 -0.115771 -0.435587
vn 0.190288 -0.820403 -0.539193
vn 0.190288 -0.820403 -0.539193
vn 0.190288 -0.820403 -0.539193
vn 0.190288 -0.820403 -0.539193
vn -0.619381 0.660894 -0.423776
vn -0.619381 0.660894 -0.423776
vn -0.619381 0.660894 -0.423776
vn -0.619381 0.660894 -0.423776
vn -0.884420 0.166451 0.435999
vn -0.884420 0.166451 0.435999
vn -0.884019 0.166085 0.436951
vn -0.884071 0.166132 0.436828
vn -0.147645 0.881209 0.449079
vn -0.147645 0.881209 0.449079
vn -0.149525 0.880679 0.449495
vn -0.149428 0.880707 0.449474
vn -0.882714 0.165567 0.439776
vn -0.882715 0.165575 0.439771
vn -0.882720 0.165621 0.439744
vn -0.882720 0.165621 0.439744
vn -0.311169 0.235333 0.920756
vn -0.311288 0.235294 0.920726
vn -0.311287 0.235296 0.920726
vn -0.311211 0.235315 0.920747
vn -0.957514 0.002788 -0.288375
vn -0.957507 0.002872 -0.288395
vn -0.957504 0.002863 -0.288406
vn -0.957515 0.002790 -0.288371
vn -0.156598 0.878558 0.451235
vn -0.156598 0.878558 0.451235
vn -0.156720 0.878582 0.451145
vn -0.156714 0.878581 0.451150
vn 0.456473 0.171337 0.873084
vn 0.456473 0.171337 0.873084
vn 0.458179 0.170456 0.872363
vn 0.458450 0.170316 0.872248
vn 0.744987 0.667043 -0.006901
vn 0.744987 0.667043 -0.006901
vn 0.744987 0.667043 -0.006901
vn 0.744987 0.667043 -0.006901
vn 0.465255 0.167090 0.869263
vn 0.465254 0.167087 0.869265
vn 0.465261 0.167106 0.869257
vn 0.465261 0.167106 0.869257
vn 0.957691 -0.002814 0.287783
vn 0.957710 -0.002880 0.287720
vn 0.957709 -0.002888 0.287726
vn 0.957698 -0.002792 0.287762
vn -0.311408 0.235311 0.920681
vn -0.311418 0.235241 0.920696
vn -0.311405 0.235239 0.920701
vn -0.311408 0.235311 0.920681
vn 0.278168 0.477587 -0.833387
vn 0.278169 0.477587 -0.833387
vn 0.278175 0.477515 -0.833425
vn 0.278175 0.477519 -0.833424
vn 0.887959 -0.164797 -0.429384
vn 0.887959 -0.164797 -0.429384
vn 0.886913 -0.164978 -0.431472
vn 0.886741 -0.165008 -0.431814
vn 0.881991 -0.165796 -0.441139
vn 0.881997 -0.165796 -0.441127
vn 0.881956 -0.165802 -0.441207
vn 0.881956 -0.165802 -0.441207
vn 0.311391 -0.235291 -0.920692
vn 0.311435 -0.235293 -0.920677
vn 0.311435 -0.235293 -0.920676
vn 0.311344 -0.235281 -0.920710
vn 0.278142 0.477470 -0.833462
vn 0.278142 0.477470 -0.833462
vn 0.278118 0.477442 -0.833487
vn 0.278119 0.477443 -0.833486
vn -0.480517 -0.168540 -0.860638
vn -0.480517 -0.168540 -0.860638
vn -0.476857 -0.168115 -0.862754
vn -0.477393 -0.168178 -0.862446
vn -0.463936 -0.167364 -0.869915
vn -0.463928 -0.167372 -0.869918
vn -0.463884 -0.167414 -0.869933
vn -0.463884 -0.167414 -0.869933
vn 0.311427 -0.235288 -0.920681
vn 0.311264 -0.235346 -0.920721
vn 0.311265 -0.235353 -0.920719
vn 0.311426 -0.235288 -0.920681
vn -0.311278 0.235297 0.920729
vn -0.311228 0.235283 0.920749
vn -0.311279 0.235297 0.920728
vn -0.156524 0.878599 0.451180
vn -0.156523 0.878599 0.451181
vn -0.156554 0.878605 0.451158
vn -0.156551 0.878605 0.451159
vn 0.101302 0.943460 -0.315629
vn 0.101275 0.943502 -0.315510
vn 0.101275 0.943502 -0.315511
vn 0.101303 0.943459 -0.315630
vn 0.466655 0.165725 0.868774
vn 0.466655 0.165725 0.868774
vn 0.466655 0.165725 0.868774
vn 0.466655 0.165725 0.868774
vn 0.606788 -0.667270 0.431925
vn 0.606788 -0.667270 0.431925
vn 0.606788 -0.667270 0.431925
vn 0.606788 -0.667270 0.431925
vn -0.225441 -0.441085 0.868689
vn -0.225502 -0.441133 0.868648
vn -0.338720 -0.440588 0.831355
vn -0.342764 -0.437844 0.831147
vn 0.311300 -0.235353 -0.920707
vn 0.311317 -0.235265 -0.920724
vn 0.311298 -0.235352 -0.920708
vn 0.278227 0.477232 -0.833570
vn 0.278227 0.477232 -0.833570
vn 0.278211 0.477238 -0.833572
vn 0.278212 0.477238 -0.833572
vn 0.101339 0.943462 -0.315610
vn 0.101278 0.943505 -0.315501
vn 0.101279 0.943505 -0.315501
vn 0.101340 0.943461 -0.315612
vn -0.466376 -0.167979 -0.868491
vn -0.466376 -0.167979 -0.868491
vn -0.466376 -0.167979 -0.868491
vn -0.466376 -0.167979 -0.868491
vn -0.751184 -0.659743 0.021505
vn -0.751184 -0.659743 0.021505
vn -0.751184 -0.659743 0.021505
vn -0.751184 -0.659743 0.021505
vn 0.161282 -0.867113 -0.471278
vn 0.161282 -0.867113 -0.471278
vn 0.161282 -0.867113 -0.471278
vn 0.161282 -0.867113 -0.471278
vn -0.311405 0.235222 0.920705
vn -0.311269 0.235298 0.920732
vn -0.311269 0.235298 0.920732
vn 0.311253 -0.235368 -0.920719
vn 0.311316 -0.235367 -0.920698
vn 0.311315 -0.235367 -0.920698
vn 0.865399 -0.214323 -0.452936
vn 0.864775 -0.215794 -0.453428
vn 0.884597 -0.165529 -0.435992
vn 0.884597 -0.165529 -0.435992
vn -0.866466 0.121694 0.484178
vn -0.871030 0.131700 0.473245
vn -0.884570 0.164395 0.436476
vn -0.884570 0.164395 0.436476
vn -0.707084 -0.707129 0.000000
vn -0.707084 -0.707129 0.000000
vn -0.707084 -0.707129 0.000000
vn -0.707084 -0.707129 0.000000
vn 0.000000 -0.707127 0.707086
vn 0.000000 -0.707127 0.707086
vn 0.000000 -0.707127 0.707086
vn 0.000000 -0.707127 0.707086
vn -0.706975 0.000000 0.707239
vn -0.706975 0.000000 0.707239
vn -0.706975 0.000000 0.707239
vn -0.706975 0.000000 0.707239
vn 0.707490 -0.706723 0.000000
vn 0.707490 -0.706723 0.000000
vn 0.707490 -0.706723 0.000000
vn 0.707490 -0.706723 0.000000
vn 0.707556 0.000000 0.706657
vn 0.707556 0.000000 0.706657
vn 0.707556 0.000000 0.706657
vn 0.707556 0.000000 0.706657
vn -0.707084 0.707129 0.000000
vn -0.707084 0.707129 0.000000
vn -0.707084 0.707129 0.000000
vn -0.707084 0.707129 0.000000
vn 0.000000 0.707127 0.707086
vn 0.000000 0.707127 0.707086
vn 0.000000 0.707127 0.707086
vn 0.000000 0.707127 0.707086
vn 0.707490 0.706723 0.000000
vn 0.707490 0.706723 0.000000
vn 0.707490 0.706723 0.000000
vn 0.707490 0.706723 0.000000
vn -0.004631 -0.999989 0.000020
vn -0.578426 -0.815735 -0.000013
vn -0.578159 -0.815924 -0.000012
vn -0.004685 -0.999989 0.000020
vn -0.064547 -0.706332 0.704931
vn -0.000906 -0.721241 0.692684
vn 0.000072 -0.720770 0.693174
vn 0.000072 -0.720770 0.693174
vn -0.414787 -0.565365 0.712962
vn -0.417986 -0.560478 0.714949
vn -0.417986 -0.560478 0.714949
vn 0.000000 -0.707126 0.707088
vn 0.000000 -0.707126 0.707088
vn 0.000000 -0.707103 0.707111
vn 0.000000 -0.707103 0.707111
vn 0.000000 0.000000 1.000000
vn 0.000000 0.000000 1.000000
vn 0.000000 0.000000 1.000000
vn 0.000000 0.000000 1.000000
vn 0.000000 -1.000000 0.000001
vn 0.000000 -1.000000 -0.000000
vn 0.000000 -1.000000 -0.000000
vn 0.000000 -1.000000 -0.000000
vn -0.065197 0.704239 0.706963
vn -0.417226 0.566713 0.710464
vn -0.420458 0.562093 0.712227
vn -0.420458 0.562093 0.712227
vn -0.000832 0.718614 0.695409
vn 0.000125 0.718198 0.695839
vn 0.000125 0.718198 0.695839
vn -0.578383 0.815765 0.000011
vn -0.004617 0.999989 0.000011
vn -0.004645 0.999989 0.000011
vn -0.578250 0.815860 0.000012
vn 0.000000 0.000000 1.000000
vn 0.000000 0.000000 1.000000
vn 0.000000 0.000000 1.000000
vn 0.000000 0.000000 1.000000
vn 0.000000 0.707125 0.707089
vn 0.000000 0.707125 0.707089
vn 0.000000 0.707103 0.707111
vn 0.000000 0.707103 0.707111
vn 0.000000 1.000000 0.000000
vn 0.000000 1.000000 -0.000001
vn 0.000000 1.000000 0.000000
vn 0.000000 1.000000 0.000000
vn -0.002305 0.000077 0.999997
vn -0.002289 0.000076 0.999997
vn -0.999899 0.011201 -0.008750
vn -0.999899 0.011201 -0.008750
vn -0.999899 0.011201 -0.008750
vn -0.999899 0.011201 -0.008750
vn 0.000000 0.000000 1.000000
vn 0.000000 0.000000 1.000000
vn 0.000000 1.000000 0.000001
vn 0.000000 1.000000 0.000002
vn 0.000000 1.000000 0.000001
vn -0.699004 0.715118 -0.000736
vn -0.699004 0.715118 -0.000736
vn -0.699004 0.715118 -0.000736
vn -0.699004 0.715118 -0.000736
vn -0.706823 -0.707388 -0.001794
vn -0.706823 -0.707388 -0.001794
vn -0.706823 -0.707388 -0.001794
vn -0.706823 -0.707388 -0.001794
vn 0.000000 -1.000000 -0.000000
vn 0.000000 -1.000000 0.000000
vn 0.000000 -1.000000 -0.000000
vn 1.000000 0.000000 0.000000
vn 1.000000 0.000000 0.000000
vn 1.000000 0.000000 0.000000
vn 1.000000 0.000000 0.000000
vn 0.707049 -0.707165 0.000000
vn 0.707049 -0.707165 0.000000
vn 0.707071 -0.707143 0.000000
vn 0.707071 -0.707143 0.000000
vn 0.706945 -0.707269 0.000000
vn 0.706945 -0.707269 0.000000
vn 0.706942 -0.707272 0.000000
vn 0.706942 -0.707272 0.000000
vn 0.706976 0.000000 0.707237
vn 0.706976 0.000000 0.707237
vn 0.706976 0.000000 0.707238
vn 0.706976 0.000000 0.707238
vn 0.706945 0.707269 0.000000
vn 0.706945 0.707269 0.000000
vn 0.706942 0.707272 0.000000
vn 0.706942 0.707272 0.000000
vn 0.707049 0.707165 0.000000
vn 0.707049 0.707165 0.000000
vn 0.707071 0.707143 0.000000
vn 0.707071 0.707143 0.000000
vn 1.000000 0.000000 0.000000
vn 1.000000 0.000000 0.000000
vn 1.000000 0.000000 0.000000
vn 1.000000 0.000000 0.000000
vn 1.000000 0.000000 0.000000
vn 1.000000 0.000000 0.000000
vn 1.000000 0.000000 0.000000
vn 1.000000 0.000000 0.000000
vn 0.706976 0.000000 0.707237
vn 0.706976 0.000000 0.707237
vn 0.706976 0.000000 0.707238
vn 0.706976 0.000000 0.707238
vn 0.000000 0.707111 -0.707103
vn 0.000000 0.707111 -0.707103
vn 0.000000 0.707111 -0.707103
vn 0.000000 0.707111 -0.707103
vn -0.706976 -0.000009 -0.707238
vn -0.706976 -0.000009 -0.707238
vn -0.706975 -0.000008 -0.707238
vn -0.706975 -0.000008 -0.707238
vn -0.706976 0.000000 -0.707237
vn -0.706976 0.000000 -0.707237
vn -0.706976 0.000000 -0.707238
vn -0.706976 0.000000 -0.707238
vn 0.000000 -0.707111 -0.707103
vn 0.000000 -0.707111 -0.707103
vn 0.000000 -0.707111 -0.707103
vn 0.000000 -0.707111 -0.707103
vn 0.000000 0.000000 -1.000000
vn 0.000000 0.000000 -1.000000
vn 0.000000 0.000000 -1.000000
vn 0.000000 0.000000 -1.000000
vn -1.000000 0.000016 0.000000
vn -1.000000 0.000000 0.000000
vn -1.000000 0.000000 0.000000
vn -1.000000 0.000016 0.000000
vn 0.706976 -0.000010 -0.707238
vn 0.706976 -0.000010 -0.707238
vn 0.706975 -0.000008 -0.707238
vn 0.706975 -0.000008 -0.707238
vn 0.706976 0.000000 -0.707237
vn 0.706976 0.000000 -0.707237
vn 0.706976 0.000000 -0.707238
vn 0.706976 0.000000 -0.707238
vn -0.707084 -0.707129 0.000000
vn -0.707084 -0.707129 0.000000
vn -0.707084 -0.707129 0.000000
vn -0.707084 -0.707129 0.000000
vn 0.000000 -0.707127 0.707086
vn 0.000000 -0.707127 0.707086
vn 0.000000 -0.707127 0.707086
vn 0.000000 -0.707127 0.707086
vn -0.706975 0.000000 0.707239
vn -0.706975 0.000000 0.707239
vn -0.706975 0.000000 0.707239
vn -0.706975 0.000000 0.707239
vn 0.707490 -0.706723 0.000000
vn 0.707490 -0.706723 0.000000
vn 0.707490 -0.706723 0.000000
vn 0.707490 -0.706723 0.000000
vn 0.707556 0.000000 0.706657
vn 0.707556 0.000000 0.706657
vn 0.707556 0.000000 0.706657
vn 0.707556 0.000000 0.706657
vn -0.707084 0.707129 0.000000
vn -0.707084 0.707129 0.000000
vn -0.707084 0.707129 0.000000
vn -0.707084 0.707129 0.000000
vn 0.000000 0.707127 0.707086
vn 0.000000 0.707127 0.707086
vn 0.000000 0.707127 0.707086
vn 0.000000 0.707127 0.707086
vn 0.707490 0.706723 0.000000
vn 0.707490 0.706723 0.000000
vn 0.707490 0.706723 0.000000
vn 0.707490 0.706723 0.000000
vn -0.706821 -0.707393 0.000000
vn -0.706821 -0.707393 0.000000
vn -0.706821 -0.707393 0.000000
vn -0.706821 -0.707393 0.000000
vn 0.000000 -0.707121 0.707093
vn 0.000000 -0.707121 0.707093
vn 0.000000 -0.707121 0.707093
vn 0.000000 -0.707121 0.707093
vn -0.706974 0.000000 0.707239
vn -0.706974 0.000000 0.707239
vn -0.706974 0.000000 0.707239
vn -0.706974 0.000000 0.707239
vn 0.707514 -0.706699 0.000000
vn 0.707514 -0.706699 0.000000
vn 0.707514 -0.706699 0.000000
vn 0.707514 -0.706699 0.000000
vn 0.707555 0.000000 0.706658
vn 0.707555 0.000000 0.706658
vn 0.707555 0.000000 0.706658
vn 0.707555 0.000000 0.706658
vn -0.706821 0.707393 0.000000
vn -0.706821 0.707393 0.000000
vn -0.706821 0.707393 0.000000
vn -0.706821 0.707393 0.000000
vn 0.000000 0.707121 0.707093
vn 0.000000 0.707121 0.707093
vn 0.000000 0.707121 0.707093
vn 0.000000 0.707121 0.707093
vn 0.707514 0.706699 0.000000
vn 0.707514 0.706699 0.000000
vn 0.707514 0.706699 0.000000
vn 0.707514 0.706699 0.000000
vn -0.004633 -0.999989 0.000021
vn -0.578427 -0.815735 0.000019
vn -0.578158 -0.815925 0.000021
vn -0.004687 -0.999989 0.000021
vn -0.064539 -0.706345 0.704920
vn -0.000906 -0.721241 0.692684
vn 0.000072 -0.720771 0.693174
vn 0.000072 -0.720770 0.693174
vn -0.414824 -0.565417 0.712898
vn -0.418019 -0.560532 0.714887
vn -0.418019 -0.560532 0.714887
vn 0.000000 -0.707126 0.707087
vn 0.000000 -0.707126 0.707087
vn 0.000000 -0.707103 0.707111
vn 0.000000 -0.707103 0.707111
vn 0.000000 0.000000 1.000000
vn 0.000000 0.000000 1.000000
vn 0.000000 0.000000 1.000000
vn 0.000000 0.000000 1.000000
vn 0.000000 -1.000000 0.000000
vn 0.000000 -1.000000 0.000000
vn 0.000000 -1.000000 0.000000
vn 0.000000 -1.000000 0.000002
vn -0.065205 0.704226 0.706975
vn -0.417190 0.566660 0.710527
vn -0.420426 0.562039 0.712288
vn -0.420426 0.562039 0.712288
vn -0.000832 0.718614 0.695409
vn 0.000125 0.718198 0.695839
vn 0.000125 0.718198 0.695839
vn -0.578383 0.815766 -0.000021
vn -0.004615 0.999989 0.000012
vn -0.004643 0.999989 0.000012
vn -0.578250 0.815859 -0.000021
vn 0.000000 0.000000 1.000000
vn 0.000000 0.000000 1.000000
vn 0.000000 0.000000 1.000000
vn 0.000000 0.000000 1.000000
vn 0.000000 0.707125 0.707089
vn 0.000000 0.707125 0.707089
vn 0.000000 0.707103 0.707111
vn 0.000000 0.707103 0.707111
vn 0.000000 1.000000 0.000002
vn 0.000000 1.000000 0.000000
vn 0.000000 1.000000 0.000000
vn 0.000000 1.000000 0.000002
vn -0.002305 0.000077 0.999997
vn -0.002289 0.000076 0.999997
vn -0.999899 0.011201 -0.008750
vn -0.999899 0.011201 -0.008750
vn -0.999899 0.011201 -0.008750
vn -0.999899 0.011201 -0.008750
vn 0.000000 0.000000 1.000000
vn 0.000000 0.000000 1.000000
vn 0.000000 1.000000 0.000000
vn 0.000000 1.000000 0.000000
vn 0.000000 1.000000 0.000000
vn -0.699004 0.715118 -0.000735
vn -0.699004 0.715118 -0.000735
vn -0.699004 0.715118 -0.000735
vn -0.699004 0.715118 -0.000735
vn -0.706823 -0.707388 -0.001794
vn -0.706823 -0.707388 -0.001794
vn -0.706823 -0.707388 -0.001794
vn -0.706823 -0.707388 -0.001794
vn 0.000000 -1.000000 0.000001
vn 0.000000 -1.000000 0.000001
vn 0.000000 -1.000000 0.000002
vn 1.000000 0.000000 0.000000
vn 1.000000 0.000000 0.000000
vn 1.000000 0.000000 0.000000
vn 1.000000 0.000000 0.000000
vn 0.707049 -0.707165 0.000000
vn 0.707049 -0.707165 0.000000
vn 0.707071 -0.707143 0.000000
vn 0.707071 -0.707143 0.000000
vn 0.706945 -0.707269 0.000000
vn 0.706945 -0.707269 0.000000
vn 0.706942 -0.707272 0.000000
vn 0.706942 -0.707272 0.000000
vn 0.706976 0.000000 0.707237
vn 0.706976 0.000000 0.707237
vn 0.706976 0.000000 0.707237
vn 0.706976 0.000000 0.707237
vn 0.706945 0.707269 0.000000
vn 0.706945 0.707269 0.000000
vn 0.706942 0.707272 0.000000
vn 0.706942 0.707272 0.000000
vn 0.707049 0.707165 0.000000
vn 0.707049 0.707165 0.000000
vn 0.707071 0.707143 0.000000
vn 0.707071 0.707143 0.000000
vn 1.000000 0.000000 0.000000
vn 1.000000 0.000000 0.000000
vn 1.000000 0.000000 0.000000
vn 1.000000 0.000000 0.000000
vn 1.000000 0.000000 0.000000
vn 1.000000 0.000000 0.000000
vn 1.000000 0.000000 0.000000
vn 1.000000 0.000000 0.000000
vn 0.706976 0.000000 0.707238
vn 0.706976 0.000000 0.707238
vn 0.706976 0.000000 0.707238
vn 0.706976 0.000000 0.707238
vn 0.000000 0.707111 -0.707103
vn 0.000000 0.707111 -0.707103
vn 0.000000 0.707111 -0.707103
vn 0.000000 0.707111 -0.707103
vn -0.706975 -0.000009 -0.707238
vn -0.706975 -0.000009 -0.707238
vn -0.706975 -0.000008 -0.707238
vn -0.706975 -0.000008 -0.707238
vn -0.706976 0.000000 -0.707237
vn -0.706976 0.000000 -0.707237
vn -0.706976 0.000000 -0.707237
vn -0.706976 0.000000 -0.707237
vn 0.000000 -0.707111 -0.707103
vn 0.000000 -0.707111 -0.707103
vn 0.000000 -0.707111 -0.707103
vn 0.000000 -0.707111 -0.707103
vn 0.000000 0.000000 -1.000000
vn 0.000000 0.000000 -1.000000
vn 0.000000 0.000000 -1.000000
vn 0.000000 0.000000 -1.000000
vn -1.000000 0.000016 0.000000
vn -1.000000 0.000000 0.000000
vn -1.000000 0.000000 0.000000
vn -1.000000 0.000016 0.000000
vn 0.706975 -0.000010 -0.707238
vn 0.706975 -0.000010 -0.707238
vn 0.706975 -0.000008 -0.707238
vn 0.706975 -0.000008 -0.707238
vn 0.706976 0.000000 -0.707237
vn 0.706976 0.000000 -0.707237
vn 0.706976 0.000000 -0.707237
vn 0.706976 0.000000 -0.707237
vn -0.706994 -0.707220 0.000000
vn -0.706994 -0.707220 0.000000
vn -0.706994 -0.707220 0.000000
vn -0.706994 -0.707220 0.000000
vn 0.000000 -0.707121 0.707093
vn 0.000000 -0.707121 0.707093
vn 0.000000 -0.707121 0.707093
vn 0.000000 -0.707121 0.707093
vn -0.706974 0.000000 0.707239
vn -0.706974 0.000000 0.707239
vn -0.706974 0.000000 0.707239
vn -0.706974 0.000000 0.707239
vn 0.706821 -0.707393 0.000000
vn 0.706821 -0.707393 0.000000
vn 0.706821 -0.707393 0.000000
vn 0.706821 -0.707393 0.000000
vn 0.706974 0.000000 0.707239
vn 0.706974 0.000000 0.707239
vn 0.706974 0.000000 0.707239
vn 0.706974 0.000000 0.707239
vn -0.706994 0.707220 0.000000
vn -0.706994 0.707220 0.000000
vn -0.706994 0.707220 0.000000
vn -0.706994 0.707220 0.000000
vn 0.000000 0.707121 0.707093
vn 0.000000 0.707121 0.707093
vn 0.000000 0.707121 0.707093
vn 0.000000 0.707121 0.707093
vn 0.706821 0.707393 0.000000
vn 0.706821 0.707393 0.000000
vn 0.706821 0.707393 0.000000
vn 0.706821 0.707393 0.000000
vn -0.706821 -0.707393 0.000000
vn -0.706821 -0.707393 0.000000
vn -0.706821 -0.707393 0.000000
vn -0.706821 -0.707393 0.000000
vn 0.000000 -0.707121 0.707093
vn 0.000000 -0.707121 0.707093
vn 0.000000 -0.707121 0.707093
vn 0.000000 -0.707121 0.707093
vn -0.706974 0.000000 0.707239
vn -0.706974 0.000000 0.707239
vn -0.706974 0.000000 0.707239
vn -0.706974 0.000000 0.707239
vn 0.707514 -0.706699 0.000000
vn 0.707514 -0.706699 0.000000
vn 0.707514 -0.706699 0.000000
vn 0.707514 -0.706699 0.000000
vn 0.707555 0.000000 0.706658
vn 0.707555 0.000000 0.706658
vn 0.707555 0.000000 0.706658
vn 0.707555 0.000000 0.706658
vn -0.706821 0.707393 0.000000
vn -0.706821 0.707393 0.000000
vn -0.706821 0.707393 0.000000
vn -0.706821 0.707393 0.000000
vn 0.000000 0.707121 0.707093
vn 0.000000 0.707121 0.707093
vn 0.000000 0.707121 0.707093
vn 0.000000 0.707121 0.707093
vn 0.707514 0.706699 0.000000
vn 0.707514 0.706699 0.000000
vn 0.707514 0.706699 0.000000
vn 0.707514 0.706699 0.000000
vn -0.706821 -0.707393 0.000000
vn -0.706821 -0.707393 0.000000
vn -0.706821 -0.707393 0.000000
vn -0.706821 -0.707393 0.000000
vn 0.000000 -0.707118 0.707095
vn 0.000000 -0.707118 0.707095
vn 0.000000 -0.707118 0.707095
vn 0.000000 -0.707118 0.707095
vn -0.706974 0.000000 0.707239
vn -0.706974 0.000000 0.707239
vn -0.706974 0.000000 0.707239
vn -0.706974 0.000000 0.707239
vn 0.707514 -0.706699 0.000000
vn 0.707514 -0.706699 0.000000
vn 0.707514 -0.706699 0.000000
vn 0.707514 -0.706699 0.000000
vn 0.707555 0.000000 0.706658
vn 0.707555 0.000000 0.706658
vn 0.707555 0.000000 0.706658
vn 0.707555 0.000000 0.706658
vn -0.706821 0.707393 0.000000
vn -0.706821 0.707393 0.000000
vn -0.706821 0.707393 0.000000
vn -0.706821 0.707393 0.000000
vn 0.000000 0.707118 0.707095
vn 0.000000 0.707118 0.707095
vn 0.000000 0.707118 0.707095
vn 0.000000 0.707118 0.707095
vn 0.707514 0.706699 0.000000
vn 0.707514 0.706699 0.000000
vn 0.707514 0.706699 0.000000
vn 0.707514 0.706699 0.000000
vn -0.000000 0.000000 1.000000
vn 0.000000 0.000000 1.000000
vn 0.000000 0.000000 1.000000
vn -0.000000 0.000000 1.000000
vn -0.683307 -0.000016 0.730131
vn -0.683307 -0.000016 0.730131
vn -0.683307 -0.000016 0.730131
vn -0.683307 -0.000016 0.730131
vn -0.710758 -0.703436 -0.000724
vn -0.710758 -0.703436 -0.000724
vn -0.710758 -0.703436 -0.000724
vn -0.710758 -0.703436 -0.000724
vn -0.000664 -0.682333 0.731041
vn -0.004082 -0.680397 0.732832
vn 0.003924 -0.680536 0.732705
vn 0.000692 -0.682345 0.731030
vn -0.000000 0.000000 1.000000
vn -0.000000 0.000000 1.000000
vn -0.000000 0.000000 1.000000
vn -0.000000 0.000000 1.000000
vn 0.702908 -0.711280 -0.000690
vn 0.702908 -0.711280 -0.000690
vn 0.702908 -0.711280 -0.000690
vn 0.702908 -0.711280 -0.000690
vn 0.683307 0.000016 0.730131
vn 0.683307 0.000016 0.730131
vn 0.683307 0.000016 0.730131
vn 0.683307 0.000016 0.730131
vn 0.000000 0.000000 1.000000
vn -0.000000 0.000000 1.000000
vn -0.000000 0.000000 1.000000
vn 0.000000 0.000000 1.000000
vn -0.003922 0.680536 0.732704
vn -0.000693 0.682345 0.731030
vn 0.000664 0.682333 0.731041
vn 0.004084 0.680397 0.732832
vn -0.703380 0.710814 -0.000705
vn -0.703380 0.710814 -0.000705
vn -0.703380 0.710814 -0.000705
vn -0.703380 0.710814 -0.000705
vn -0.000000 0.000000 1.000000
vn 0.000000 0.000000 1.000000
vn 0.000000 0.000000 1.000000
vn -0.000000 0.000000 1.000000
vn 0.710228 0.703971 -0.000704
vn 0.710228 0.703971 -0.000704
vn 0.710228 0.703971 -0.000704
vn 0.710228 0.703971 -0.000704
vn 0.704122 0.710078 0.001136
vn 0.704122 0.710078 0.001136
vn 0.704122 0.710078 0.001136
vn 0.704122 0.710078 0.001136
vn 0.685544 0.002246 0.728028
vn 0.686080 0.001167 0.727525
vn 0.686080 -0.001166 0.727525
vn 0.685554 -0.002230 0.728018
vn -0.000015 0.705192 0.709016
vn -0.000015 0.705192 0.709016
vn -0.000015 0.705192 0.709016
vn -0.000015 0.705192 0.709016
vn -0.703948 0.710251 0.001135
vn -0.703948 0.710251 0.001135
vn -0.703948 0.710251 0.001135
vn -0.703948 0.710251 0.001135
vn -0.686079 0.001167 0.727526
vn -0.685553 0.002232 0.728019
vn -0.685543 -0.002247 0.728029
vn -0.686079 -0.001168 0.727526
vn -0.703948 -0.710251 0.001134
vn -0.703948 -0.710251 0.001134
vn -0.703948 -0.710251 0.001134
vn -0.703948 -0.710251 0.001134
vn 0.000015 -0.705263 0.708946
vn 0.000015 -0.705263 0.708946
vn 0.000015 -0.705263 0.708946
vn 0.000015 -0.705263 0.708946
vn 0.704122 -0.710078 0.001134
vn 0.704122 -0.710078 0.001134
vn 0.704122 -0.710078 0.001134
vn 0.704122 -0.710078 0.001134
vn 0.706975 0.000000 0.707238
vn 0.706975 0.000000 0.707238
vn 0.706975 0.000000 0.707238
vn 0.706975 0.000000 0.707238
vn 0.000000 0.707117 0.707097
vn 0.000000 0.707117 0.707097
vn 0.000000 0.707117 0.707097
vn 0.000000 0.707117 0.707097
vn -0.706975 0.000000 0.707238
vn -0.706975 0.000000 0.707238
vn -0.706975 0.000000 0.707238
vn -0.706975 0.000000 0.707238
vn 0.000000 -0.707123 0.707090
vn 0.000000 -0.707123 0.707090
vn 0.000000 -0.707123 0.707090
vn 0.000000 -0.707123 0.707090
vn -0.706994 -0.707220 0.000000
vn -0.706994 -0.707220 0.000000
vn -0.706994 -0.707220 0.000000
vn -0.706994 -0.707220 0.000000
vn 0.000000 -0.707121 0.707093
vn 0.000000 -0.707121 0.707093
vn 0.000000 -0.707121 0.707093
vn 0.000000 -0.707121 0.707093
vn -0.706974 0.000000 0.707239
vn -0.706974 0.000000 0.707239
vn -0.706974 0.000000 0.707239
vn -0.706974 0.000000 0.707239
vn 0.706994 -0.707220 0.000000
vn 0.706994 -0.707220 0.000000
vn 0.706994 -0.707220 0.000000
vn 0.706994 -0.707220 0.000000
vn 0.706974 0.000000 0.707239
vn 0.706974 0.000000 0.707239
vn 0.706974 0.000000 0.707239
vn 0.706974 0.000000 0.707239
vn -0.706994 0.707220 0.000000
vn -0.706994 0.707220 0.000000
vn -0.706994 0.707220 0.000000
vn -0.706994 0.707220 0.000000
vn 0.000000 0.707121 0.707093
vn 0.000000 0.707121 0.707093
vn 0.000000 0.707121 0.707093
vn 0.000000 0.707121 0.707093
vn 0.706994 0.707220 0.000000
vn 0.706994 0.707220 0.000000
vn 0.706994 0.707220 0.000000
vn 0.706994 0.707220 0.000000
vn -0.313368 0.176000 0.933180
vn -0.313368 0.176000 0.933180
vn -0.313368 0.176000 0.933180
vn -0.313368 0.176000 0.933180
vn 0.044311 0.984310 -0.170792
vn 0.044311 0.984310 -0.170792
vn 0.044311 0.984310 -0.170792
vn 0.044311 0.984310 -0.170792
vn 0.313366 -0.176011 -0.933178
vn 0.313366 -0.176011 -0.933178
vn 0.313366 -0.176011 -0.933178
vn 0.313366 -0.176011 -0.933178
vn -0.044312 -0.984305 0.170822
vn -0.044312 -0.984305 0.170822
vn -0.044312 -0.984305 0.170822
vn -0.044312 -0.984305 0.170822
vn 0.948693 0.012120 0.315967
vn 0.948693 0.012120 0.315967
vn 0.948693 0.012120 0.315967
vn 0.948693 0.012120 0.315967
vn -0.948618 -0.012134 -0.316192
vn -0.948617 -0.012134 -0.316192
vn -0.948618 -0.012134 -0.316192
vn -0.948618 -0.012134 -0.316192
vn -0.311175 0.235296 0.920764
vn 0.957662 -0.002914 0.287879
vn 0.957662 -0.002914 0.287879
vn 0.311246 -0.235363 -0.920723
vn -0.957522 0.002915 -0.288347
vn -0.957522 0.002915 -0.288347
vn 0.101312 0.943456 -0.315637
vn 0.101312 0.943456 -0.315637
vn 0.101351 0.943449 -0.315644
vn 0.101351 0.943449 -0.315644
vn 0.311374 -0.235273 -0.920703
vn -0.311424 0.235217 0.920700
vn -0.101324 -0.943457 0.315629
vn -0.101324 -0.943457 0.315629
vn -0.101324 -0.943457 0.315629
vn -0.101324 -0.943457 0.315629
vn -0.957519 0.002795 -0.288358
vn -0.957519 0.002795 -0.288358
vn 0.311433 -0.235288 -0.920679
vn 0.311433 -0.235288 -0.920679
vn 0.957540 -0.002837 0.288287
vn 0.957540 -0.002837 0.288287
vn 0.957540 -0.002837 0.288287
vn 0.957540 -0.002837 0.288287
vn -0.311298 0.235282 0.920726
vn -0.311298 0.235282 0.920726
vn -0.957543 0.002896 -0.288274
vn -0.957544 0.002896 -0.288274
vn -0.957544 0.002896 -0.288274
vn -0.957544 0.002896 -0.288274
vn 0.311434 -0.235288 -0.920678
vn 0.311434 -0.235288 -0.920678
vn 0.957702 -0.002917 0.287746
vn 0.957702 -0.002917 0.287746
vn -0.311409 0.235310 0.920681
vn -0.311409 0.235309 0.920681
vn 0.000000 0.000000 1.000000
vn 0.000000 0.000000 1.000000
vn 0.000000 0.000000 1.000000
vn 0.000000 0.000000 1.000000
vn 0.000000 1.000000 0.000000
vn 0.000000 1.000000 0.000000
vn 0.000000 1.000000 0.000000
vn 0.000000 1.000000 0.000000
vn 0.000000 -1.000000 0.000000
vn 0.000000 -1.000000 0.000000
vn 0.000000 -1.000000 0.000000
vn 0.000000 -1.000000 0.000000
vn 1.000000 0.000000 0.000000
vn 1.000000 0.000000 0.000000
vn 1.000000 0.000000 0.000000
vn 1.000000 0.000000 0.000000
vn -1.000000 0.000000 0.000000
vn -1.000000 0.000000 0.000000
vn -1.000000 0.000000 0.000000
vn -1.000000 0.000000 0.000000
vn 0.000000 0.000000 1.000000
vn 1.000000 0.000000 0.000000
vn -0.597611 -0.801786 -0.000125
vn -0.597611 -0.801786 -0.000125
vn 0.000000 -1.000000 0.000002
vn 0.000000 0.000000 -1.000000
vn 0.000000 0.000000 -1.000000
vn 0.000000 1.000000 0.000000
vn 0.000000 0.000000 1.000000
vn -1.000000 0.000000 0.000000
vn -1.000000 0.000000 0.000000
vn 0.000000 1.000000 0.000000
vn 0.000000 1.000000 0.000000
vn 1.000000 0.000000 0.000000
vn 0.000000 -1.000000 0.000001
vn 0.000000 -1.000000 0.000001
vn -0.597593 0.801800 -0.000047
vn -0.597593 0.801800 -0.000047
vn -1.000000 0.000018 0.000000
vn -1.000000 0.000018 0.000000
vn 0.000000 0.000000 -1.000000
vn 0.000000 0.000000 -1.000000
vn 1.000000 0.000000 0.000000
vn 1.000000 0.000000 0.000000
vn 0.000000 0.000000 1.000000
vn 0.000000 0.000000 1.000000
vn 0.000000 0.000000 1.000000
vn 0.000000 0.000000 1.000000
vn 0.000000 0.000000 1.000000
vn 0.000000 0.000000 1.000000
vn 0.000000 1.000000 0.000000
vn 0.000000 1.000000 0.000000
vn 0.000000 1.000000 0.000000
vn 0.000000 1.000000 0.000000
vn 0.000000 -1.000000 0.000000
vn 0.000000 -1.000000 0.000000
vn 0.000000 -1.000000 0.000000
vn 0.000000 -1.000000 0.000000
vn 1.000000 0.000000 0.000000
vn 1.000000 0.000000 0.000000
vn 1.000000 0.000000 0.000000
vn 1.000000 0.000000 0.000000
vn -1.000000 0.000000 0.000000
vn -1.000000 0.000000 0.000000
vn -1.000000 0.000000 0.000000
vn -1.000000 0.000000 0.000000
vn 0.000000 0.000000 1.000000
vn 0.000000 0.000000 1.000000
vn 0.000000 0.000000 1.000000
vn 0.000000 0.000000 1.000000
vn 0.000000 1.000000 0.000000
vn 0.000000 1.000000 0.000000
vn 0.000000 1.000000 0.000000
vn 0.000000 1.000000 0.000000
vn 0.000000 -1.000000 0.000000
vn 0.000000 -1.000000 0.000000
vn 0.000000 -1.000000 0.000000
vn 0.000000 -1.000000 0.000000
vn 1.000000 0.000000 0.000000
vn 1.000000 0.000000 0.000000
vn 1.000000 0.000000 0.000000
vn 1.000000 0.000000 0.000000
vn -1.000000 0.000000 0.000000
vn -1.000000 0.000000 0.000000
vn -1.000000 0.000000 0.000000
vn -1.000000 0.000000 0.000000
vn 0.000000 0.000000 1.000000
vn 1.000000 0.000000 0.000000
vn -0.597603 -0.801792 -0.000093
vn -0.597603 -0.801792 -0.000093
vn 0.000000 -1.000000 0.000000
vn 0.000000 0.000000 -1.000000
vn 0.000000 0.000000 -1.000000
vn 0.000000 1.000000 0.000000
vn 0.000000 0.000000 1.000000
vn -1.000000 0.000000 0.000000
vn -1.000000 0.000000 0.000000
vn 0.000000 1.000000 0.000000
vn 0.000000 1.000000 0.000000
vn 1.000000 0.000000 0.000000
vn 0.000000 -1.000000 0.000000
vn 0.000000 -1.000000 0.000000
vn -0.597600 0.801794 -0.000079
vn -0.597600 0.801794 -0.000079
vn -1.000000 0.000018 0.000000
vn -1.000000 0.000018 0.000000
vn 0.000000 0.000000 -1.000000
vn 0.000000 0.000000 -1.000000
vn 1.000000 0.000000 0.000000
vn 1.000000 0.000000 0.000000
vn 0.000000 0.000000 1.000000
vn 0.000000 0.000000 1.000000
vn 0.000000 0.000000 1.000000
vn 0.000000 0.000000 1.000000
vn 0.000000 0.000000 1.000000
vn 0.000000 0.000000 1.000000
vn 0.000000 1.000000 0.000000
vn 0.000000 1.000000 0.000000
vn 0.000000 1.000000 0.000000
vn 0.000000 1.000000 0.000000
vn 0.000000 -1.000000 0.000000
vn 0.000000 -1.000000 0.000000
vn 0.000000 -1.000000 0.000000
vn 0.000000 -1.000000 0.000000
vn 1.000000 0.000000 0.000000
vn 1.000000 0.000000 0.000000
vn 1.000000 0.000000 0.000000
vn 1.000000 0.000000 0.000000
vn -1.000000 0.000000 0.000000
vn -1.000000 0.000000 0.000000
vn -1.000000 0.000000 0.000000
vn -1.000000 0.000000 0.000000
vn 0.000000 0.000000 1.000000
vn 0.000000 0.000000 1.000000
vn 0.000000 0.000000 1.000000
vn 0.000000 0.000000 1.000000
vn 0.000000 1.000000 0.000000
vn 0.000000 1.000000 0.000000
vn 0.000000 1.000000 0.000000
vn 0.000000 1.000000 0.000000
vn 0.000000 -1.000000 0.000000
vn 0.000000 -1.000000 0.000000
vn 0.000000 -1.000000 0.000000
vn 0.000000 -1.000000 0.000000
vn 1.000000 0.000000 0.000000
vn 1.000000 0.000000 0.000000
vn 1.000000 0.000000 0.000000
vn 1.000000 0.000000 0.000000
vn -1.000000 0.000000 0.000000
vn -1.000000 0.000000 0.000000
vn -1.000000 0.000000 0.000000
vn -1.000000 0.000000 0.000000
vn 0.000000 0.000000 1.000000
vn 0.000000 0.000000 1.000000
vn 0.000000 0.000000 1.000000
vn 0.000000 0.000000 1.000000
vn 0.000000 1.000000 0.000000
vn 0.000000 1.000000 0.000000
vn 0.000000 1.000000 0.000000
vn 0.000000 1.000000 0.000000
vn 0.000000 -1.000000 0.000000
vn 0.000000 -1.000000 0.000000
vn 0.000000 -1.000000 0.000000
vn 0.000000 -1.000000 0.000000
vn 1.000000 0.000000 0.000000
vn 1.000000 0.000000 0.000000
vn 1.000000 0.000000 0.000000
vn 1.000000 0.000000 0.000000
vn -1.000000 0.000000 0.000000
vn -1.000000 0.000000 0.000000
vn -1.000000 0.000000 0.000000
vn -1.000000 0.000000 0.000000
vn 0.000000 0.000000 1.000000
vn 0.000000 0.000000 1.000000
vn 0.000000 0.000000 1.000000
vn 0.000000 0.000000 1.000000
vn 0.000000 1.000000 -0.000000
vn 0.000000 1.000000 -0.000000
vn 0.000000 1.000000 -0.000000
vn 0.000000 1.000000 -0.000000
vn 0.000000 -1.000000 0.000000
vn 0.000000 -1.000000 0.000000
vn 0.000000 -1.000000 0.000000
vn 0.000000 -1.000000 0.000000
vn 1.000000 -0.000001 0.000000
vn 1.000000 -0.000001 0.000000
vn 1.000000 -0.000001 0.000000
vn 1.000000 -0.000001 0.000000
vn -1.000000 -0.000001 0.000000
vn -1.000000 -0.000001 0.000000
vn -1.000000 -0.000001 0.000000
vn -1.000000 -0.000001 0.000000
vn 0.000000 1.000000 -0.000000
vn 0.000000 1.000000 -0.000000
vn 0.000000 1.000000 -0.000000
vn 0.000000 1.000000 -0.000000
vn -1.000000 0.000000 0.000000
vn -1.000000 0.000000 0.000000
vn -1.000000 0.000000 0.000000
vn -1.000000 0.000000 0.000000
vn 0.000000 -1.000000 -0.000001
vn 0.000000 -1.000000 -0.000001
vn 0.000000 -1.000000 -0.000001
vn 0.000000 -1.000000 -0.000001
vn 1.000000 0.000000 0.000000
vn 1.000000 0.000000 0.000000
vn 1.000000 0.000000 0.000000
vn 1.000000 0.000000 0.000000
vn 0.000000 0.000000 1.000000
vn 0.000000 0.000000 1.000000
vn 0.000000 0.000000 1.000000
vn 0.000000 0.000000 1.000000
vn 0.000000 1.000000 0.000000
vn 0.000000 1.000000 0.000000
vn 0.000000 1.000000 0.000000
vn 0.000000 1.000000 0.000000
vn 0.000000 -1.000000 0.000000
vn 0.000000 -1.000000 0.000000
vn 0.000000 -1.000000 0.000000
vn 0.000000 -1.000000 0.000000
vn 1.000000 0.000000 0.000000
vn 1.000000 0.000000 0.000000
vn 1.000000 0.000000 0.000000
vn 1.000000 0.000000 0.000000
vn -1.000000 0.000000 0.000000
vn -1.000000 0.000000 0.000000
vn -1.000000 0.000000 0.000000
vn -1.000000 0.000000 0.000000
vn -0.753875 -0.474051 0.454916
vn -0.753875 -0.474051 0.454915
vn -0.753875 -0.474051 0.454915
vn 0.341251 -0.459740 0.819870
vn 0.341251 -0.459740 0.819870
vn 0.341251 -0.459740 0.819870
vn -0.702879 0.662955 0.257783
vn -0.702879 0.662955 0.257783
vn -0.702879 0.662955 0.257783
vn 0.392174 0.677127 0.622655
vn 0.392174 0.677127 0.622655
vn 0.392174 0.677127 0.622655
vn -0.341252 0.459664 -0.819912
vn -0.341252 0.459664 -0.819912
vn -0.341252 0.459664 -0.819912
vn 0.754027 0.474577 -0.454115
vn 0.754027 0.474577 -0.454115
vn 0.754027 0.474577 -0.454115
vn -0.392587 -0.676574 -0.622995
vn -0.392587 -0.676574 -0.622995
vn -0.392587 -0.676574 -0.622995
vn 0.703474 -0.662542 -0.257223
vn 0.703474 -0.662542 -0.257223
vn 0.703474 -0.662542 -0.257223
vn -0.692841 0.701256 0.167959
vn -0.692841 0.701256 0.167959
vn -0.692841 0.701256 0.167959
vn 0.423132 0.727237 0.540449
vn 0.423132 0.727237 0.540449
vn 0.423132 0.727237 0.540449
vn 0.784368 0.377913 -0.491882
vn 0.784368 0.377913 -0.491882
vn 0.784368 0.377913 -0.491882
vn -0.366952 0.385164 -0.846756
vn -0.366952 0.385164 -0.846756
vn -0.366952 0.385164 -0.846756
vn 0.072916 -0.181923 0.980605
vn 0.072916 -0.181923 0.980605
vn 0.072916 -0.181923 0.980606
vn -0.168366 -0.591641 -0.788425
vn -0.168366 -0.591641 -0.788425
vn -0.168366 -0.591641 -0.788425
vn -0.168366 -0.591641 -0.788425
vn -0.168366 -0.591641 -0.788425
vn 0.616130 -0.576840 -0.536320
vn 0.616130 -0.576840 -0.536320
vn 0.616130 -0.576840 -0.536320
vn -0.647122 -0.173571 0.742365
vn -0.577228 -0.577380 0.577443
vn -0.577228 -0.577380 0.577443
vn -0.577228 -0.577380 0.577443
vn 0.577943 -0.576898 0.577210
vn 0.577943 -0.576898 0.577210
vn 0.577943 -0.576898 0.577210
vn -0.577228 0.577380 0.577443
vn -0.577228 0.577380 0.577443
vn -0.577228 0.577380 0.577443
vn 0.577943 0.576898 0.577210
vn 0.577943 0.576898 0.577210
vn 0.577943 0.576898 0.577210
vn -0.453255 0.015067 0.891254
vn -0.453255 0.015067 0.891254
vn -0.270554 0.710023 -0.650129
vn -0.270554 0.710023 -0.650129
vn -0.270554 0.710023 -0.650129
vn -0.270554 0.710023 -0.650129
vn -0.270053 -0.700482 -0.660603
vn -0.270053 -0.700482 -0.660603
vn -0.270053 -0.700482 -0.660603
vn -0.270053 -0.700482 -0.660603
vn 0.577228 -0.577380 0.577443
vn 0.577228 -0.577380 0.577443
vn 0.577228 -0.577380 0.577443
vn 0.577228 0.577380 0.577443
vn 0.577228 0.577380 0.577443
vn 0.577228 0.577380 0.577443
vn -0.577097 0.577645 -0.577309
vn -0.577097 0.577645 -0.577309
vn -0.577097 0.577645 -0.577309
vn -0.577095 -0.577646 -0.577310
vn -0.577095 -0.577646 -0.577310
vn -0.577095 -0.577646 -0.577310
vn 0.577230 0.577379 -0.577442
vn 0.577230 0.577379 -0.577442
vn 0.577230 0.577379 -0.577442
vn 0.577228 -0.577380 -0.577443
vn 0.577228 -0.577380 -0.577443
vn 0.577228 -0.577380 -0.577443
vn -0.577228 -0.577380 0.577443
vn -0.577228 -0.577380 0.577443
vn -0.577228 -0.577380 0.577443
vn 0.577943 -0.576898 0.577210
vn 0.577943 -0.576898 0.577210
vn 0.577943 -0.576898 0.577210
vn -0.577228 0.577380 0.577443
vn -0.577228 0.577380 0.577443
vn -0.577228 0.577380 0.577443
vn 0.577943 0.576898 0.577210
vn 0.577943 0.576898 0.577210
vn 0.577943 0.576898 0.577210
vn -0.577234 -0.577383 0.577433
vn -0.577234 -0.577384 0.577433
vn -0.577234 -0.577383 0.577433
vn 0.577808 -0.577159 0.577084
vn 0.577808 -0.577159 0.577084
vn 0.577807 -0.577159 0.577084
vn -0.577234 0.577383 0.577433
vn -0.577234 0.577384 0.577433
vn -0.577234 0.577383 0.577433
vn 0.577816 0.577167 0.577067
vn 0.577816 0.577167 0.577067
vn 0.577816 0.577167 0.577067
vn -0.453257 0.015067 0.891252
vn -0.453257 0.015067 0.891252
vn -0.270553 0.710019 -0.650134
vn -0.270553 0.710019 -0.650134
vn -0.270553 0.710019 -0.650134
vn -0.270553 0.710019 -0.650134
vn -0.270052 -0.700480 -0.660605
vn -0.270052 -0.700480 -0.660605
vn -0.270052 -0.700480 -0.660605
vn -0.270052 -0.700480 -0.660605
vn 0.577228 -0.577380 0.577443
vn 0.577228 -0.577380 0.577443
vn 0.577228 -0.577380 0.577443
vn 0.577228 0.577380 0.577443
vn 0.577228 0.577380 0.577443
vn 0.577228 0.577380 0.577443
vn -0.577097 0.577645 -0.577309
vn -0.577097 0.577645 -0.577309
vn -0.577097 0.577645 -0.577309
vn -0.577095 -0.577646 -0.577310
vn -0.577095 -0.577646 -0.577310
vn -0.577095 -0.577646 -0.577310
vn 0.577230 0.577379 -0.577442
vn 0.577230 0.577379 -0.577442
vn 0.577230 0.577379 -0.577442
vn 0.577228 -0.577380 -0.577443
vn 0.577228 -0.577380 -0.577443
vn 0.577228 -0.577380 -0.577443
vn -0.577234 -0.577383 0.577433
vn -0.577234 -0.577384 0.577433
vn -0.577234 -0.577383 0.577433
vn 0.577234 -0.577383 0.577433
vn 0.577234 -0.577384 0.577433
vn 0.577234 -0.577383 0.577433
vn -0.577234 0.577383 0.577433
vn -0.577234 0.577384 0.577433
vn -0.577234 0.577383 0.577433
vn 0.577234 0.577383 0.577433
vn 0.577234 0.577384 0.577433
vn 0.577234 0.577383 0.577433
vn -0.577234 -0.577383 0.577433
vn -0.577234 -0.577384 0.577433
vn -0.577234 -0.577383 0.577433
vn 0.577808 -0.577159 0.577084
vn 0.577808 -0.577159 0.577084
vn 0.577807 -0.577159 0.577084
vn -0.577234 0.577383 0.577433
vn -0.577234 0.577384 0.577433
vn -0.577234 0.577383 0.577433
vn 0.577816 0.577167 0.577067
vn 0.577816 0.577167 0.577067
vn 0.577816 0.577167 0.577067
vn -0.577101 -0.577649 0.577300
vn -0.577101 -0.577649 0.577300
vn -0.577101 -0.577649 0.577300
vn 0.577808 -0.577159 0.577084
vn 0.577808 -0.577159 0.577084
vn 0.577807 -0.577159 0.577084
vn -0.577101 0.577649 0.577300
vn -0.577101 0.577649 0.577300
vn -0.577101 0.577649 0.577300
vn 0.577816 0.577167 0.577067
vn 0.577816 0.577167 0.577067
vn 0.577816 0.577167 0.577067
vn -0.301340 -0.461485 0.834402
vn -0.301340 -0.461485 0.834402
vn 0.289782 -0.474179 0.831373
vn 0.289782 -0.474179 0.831373
vn -0.290050 0.473974 0.831396
vn -0.290050 0.473974 0.831396
vn 0.301112 0.461787 0.834316
vn 0.301112 0.461788 0.834316
vn 0.429766 0.370940 0.823228
vn 0.429766 0.370940 0.823229
vn -0.428624 0.373936 0.822468
vn -0.428624 0.373936 0.822468
vn -0.429726 -0.371153 0.823153
vn -0.429726 -0.371153 0.823153
vn 0.428723 -0.373633 0.822554
vn 0.428723 -0.373633 0.822554
vn 0.577233 0.577384 0.577434
vn 0.577233 0.577384 0.577434
vn 0.577233 0.577384 0.577434
vn -0.577233 0.577384 0.577434
vn -0.577233 0.577384 0.577434
vn -0.577233 0.577384 0.577434
vn -0.577233 -0.577384 0.577434
vn -0.577233 -0.577384 0.577434
vn -0.577233 -0.577384 0.577434
vn 0.577233 -0.577384 0.577434
vn 0.577233 -0.577384 0.577434
vn 0.577233 -0.577384 0.577434
vn -0.577234 -0.577383 0.577433
vn -0.577234 -0.577384 0.577433
vn -0.577234 -0.577383 0.577433
vn 0.577234 -0.577383 0.577433
vn 0.577234 -0.577384 0.577433
vn 0.577234 -0.577383 0.577433
vn -0.577234 0.577383 0.577433
vn -0.577234 0.577384 0.577433
vn -0.577234 0.577383 0.577433
vn 0.577234 0.577383 0.577433
vn 0.577234 0.577384 0.577433
vn 0.577234 0.577383 0.577433
s off
g smalldoor
usemtl initialShadingGroup
f 1/1/1 3/2/2 19/3/3 21/349/4
f 2/5/5 1/4/6 6/527/7 5/344/8
f 3/353/9 2/5/10 8/12/11 7/354/12
f 4/6/13 6/7/14 22/23/15 24/8/16
f 5/344/17 4/9/18 12/528/19 11/13/20
f 7/10/21 9/345/22 14/17/23 13/11/24
f 9/345/25 8/12/26 11/13/27 10/346/28
f 10/346/29 12/14/30 18/529/31 17/18/32
f 13/15/33 15/347/34 20/21/35 19/16/36
f 15/347/37 14/17/38 17/18/39 16/348/40
f 16/348/41 18/19/42 24/20/43 23/22/44
f 21/349/45 20/21/46 23/22/47 22/23/48
f 25/24/49 27/25/50 48/26/51 47/559/52
s 1
f 26/27/53 25/24/54 30/31/55 29/356/56
s 2
f 27/25/57 26/27/58 56/50/59 55/360/60
s 1
f 28/29/61 31/30/62 92/28/63 91/370/64
s 3
f 29/356/65 28/29/66 61/55/67 60/51/68
s 4
f 31/30/69 30/31/70 50/46/71 49/557/72
s 2
f 32/33/73 34/362/74 72/66/75 71/364/76
s 6
f 33/34/77 32/33/78 37/38/79 36/357/80
s off
f 34/362/81 33/34/82 40/40/83 39/565/84
s 6
f 35/36/85 38/374/86 104/37/87 103/373/88
s 7
f 36/357/89 35/36/90 45/43/91 44/564/92
s 3
f 38/374/93 37/38/94 85/77/95 84/375/96
s 9
f 39/35/97 41/39/98 65/60/99 64/552/100
s 10
f 41/39/101 40/563/102 44/41/103 43/363/104
f 42/42/105 45/561/106 102/562/107 101/372/108
s 11
f 43/363/109 42/42/110 70/67/111 69/61/112
s 9
f 46/45/113 48/560/114 77/555/115 76/358/116
s 13
f 47/359/117 46/45/118 51/48/119 50/558/120
f 49/32/121 52/367/122 90/47/123 89/366/124
s 11
f 52/367/125 51/48/126 80/78/127 79/49/128
s 3
f 53/52/129 56/50/130 60/51/68 59/365/131
s 2
f 54/53/132 53/52/133 74/75/134 73/65/135
s 15
f 55/360/136 54/53/137 78/63/138 77/54/139
s off
f 57/57/140 61/55/141 96/56/142 95/369/143
f 58/58/144 57/57/145 83/79/146 82/73/147
s 16
f 59/365/148 58/58/149 87/70/150 86/76/151
s 11
f 62/59/152 65/60/153 69/61/112 68/71/154
s 9
f 63/553/155 62/59/156 75/62/157 78/554/158
s 15
f 64/361/159 63/64/160 73/65/161 72/66/162
s off
f 66/69/163 70/67/164 100/68/165 99/371/166
f 67/72/167 66/69/168 88/81/169 87/70/170
f 68/71/171 67/72/172 82/73/173 81/74/174
s 3
f 71/364/175 74/75/176 86/76/177 85/77/95
s 11
f 76/358/178 75/62/179 81/74/180 80/78/127
s 17
f 79/49/181 83/79/182 94/80/183 93/368/184
s 16
f 84/375/185 88/81/186 98/82/187 97/376/188
s off
f 105/83/189 107/591/190 122/85/191 121/381/192
f 106/86/193 105/83/194 110/88/195 109/377/196
f 107/84/197 106/86/198 112/94/199 111/589/200
f 108/590/201 110/88/202 124/89/203 123/90/204
f 109/377/205 108/87/206 116/96/207 115/95/208
f 111/91/209 113/378/210 118/92/211 117/93/212
f 113/378/213 112/94/214 115/95/215 114/379/216
f 114/379/217 116/588/218 120/97/219 119/380/220
s 18
f 125/98/221 127/99/222 154/100/223 153/389/224
s 19
f 126/102/225 125/101/226 130/530/227 129/386/228
f 127/391/229 126/102/225 142/114/230 141/644/231
f 128/103/232 131/394/233 164/581/234 163/397/235
s 20
f 129/386/236 128/103/237 144/119/238 143/115/239
s 18
f 131/104/240 130/105/241 158/532/242 157/106/243
s 21
f 132/107/244 134/403/245 140/645/246 139/412/247
f 133/584/248 132/107/244 138/111/249 137/582/250
s 22
f 134/531/251 133/108/252 148/109/253 147/110/254
s 20
f 135/113/255 138/111/256 146/116/257 145/411/258
s 21
f 136/583/259 135/113/260 176/135/261 175/640/262
s 22
f 137/387/263 136/112/264 150/120/265 149/615/266
s 20
f 139/412/267 142/114/268 143/115/239 146/116/257
s off
f 141/392/269 140/117/270 202/118/271 201/393/272
s 20
f 145/411/258 144/119/238 177/128/273 180/136/274
s 22
f 151/609/275 150/120/265 167/129/276 166/594/277
s off
f 152/121/278 151/122/279 183/138/280 182/406/281
f 156/123/282 155/398/283 186/141/284 185/600/285
s 18
f 157/106/243 156/611/286 161/608/287 160/597/288
s 27
f 159/124/289 162/400/290 171/134/291 170/390/292
s 28
f 160/395/293 159/124/294 165/127/295 164/596/296
f 162/400/297 161/595/298 195/598/299 194/401/300
s 29
f 163/397/301 165/580/302 178/578/303 177/128/304
s 30
f 166/399/305 169/408/306 193/147/307 192/604/308
f 168/131/309 167/592/310 175/593/311 174/577/312
s 27
f 169/408/313 168/131/314 173/132/315 172/409/316
f 170/390/292 173/132/315 179/137/317 178/133/318
f 172/409/316 171/134/291 197/152/319 200/148/320
s 29
f 174/410/321 176/135/322 180/136/323 179/576/324
s off
f 181/140/325 183/607/326 192/605/327 191/407/328
s 32
f 182/406/329 181/140/330 190/144/331 189/404/332
f 184/142/333 186/141/334 188/145/335 187/396/336
s off
f 185/402/337 184/142/338 196/150/339 195/603/340
s 33
f 187/396/341 190/144/342 199/149/343 198/151/344
s 34
f 189/404/345 188/145/346 204/146/347 203/405/348
s 35
f 191/407/349 193/147/350 200/148/351 199/149/352
f 194/401/353 196/150/354 198/151/355 197/152/356
s off
f 205/153/357 207/154/358 222/155/359 221/417/360
f 206/156/361 205/153/362 210/158/363 209/413/364
f 207/421/365 206/156/366 212/164/367 211/587/368
f 208/585/369 210/158/370 224/159/371 223/160/372
f 209/413/373 208/157/374 216/166/375 215/165/376
f 211/161/377 213/414/378 218/162/379 217/163/380
f 213/414/381 212/164/382 215/165/383 214/415/384
f 214/415/385 216/586/386 220/167/387 219/416/388
f 225/168/389 227/169/390 242/170/391 241/427/392
f 226/172/393 225/171/394 230/533/395 229/423/396
f 227/431/397 226/172/398 232/181/399 231/432/400
f 228/173/401 230/174/402 244/175/403 243/176/404
f 229/423/405 228/177/406 236/534/407 235/182/408
f 231/178/409 233/424/410 238/179/411 237/180/412
f 233/424/413 232/181/414 235/182/415 234/425/416
f 234/425/417 236/183/418 240/184/419 239/426/420
s 36
f 245/185/421 247/186/422 274/187/423 273/437/424
s 37
f 246/189/425 245/188/426 250/535/427 249/434/428
f 247/439/429 246/189/425 262/201/430 261/642/431
f 248/190/432 251/575/433 284/571/434 283/444/435
s 38
f 249/434/436 248/190/437 264/206/438 263/202/439
s 36
f 251/191/440 250/192/441 278/537/442 277/193/443
s 39
f 252/194/444 254/450/445 260/643/446 259/459/447
f 253/574/448 252/194/444 258/198/449 257/572/450
s 40
f 254/536/451 253/195/452 268/196/453 267/197/454
s 38
f 255/200/455 258/198/456 266/203/457 265/458/458
s 39
f 256/573/459 255/200/460 296/222/461 295/638/462
s 40
f 257/435/463 256/199/464 270/207/465 269/627/466
s 38
f 259/459/467 262/201/468 263/202/439 266/203/457
s off
f 261/440/469 260/204/470 322/205/471 321/441/472
s 38
f 265/458/458 264/206/438 297/215/473 300/223/474
s 40
f 271/625/475 270/207/465 287/216/476 286/620/477
s off
f 272/208/478 271/209/479 303/225/480 302/453/481
f 276/210/482 275/445/483 306/228/484 305/635/485
s 36
f 277/193/443 276/628/486 281/629/487 280/623/488
s 45
f 279/211/489 282/447/490 291/221/491 290/438/492
s 46
f 280/442/493 279/211/494 285/214/495 284/622/496
f 282/447/497 281/621/498 315/616/499 314/448/500
s 47
f 283/444/501 285/570/502 298/568/503 297/215/504
s 48
f 286/446/505 289/455/506 313/234/507 312/646/508
f 288/218/509 287/618/510 295/619/511 294/567/512
s 45
f 289/455/513 288/218/514 293/219/515 292/456/516
f 290/438/492 293/219/515 299/224/517 298/220/518
f 292/456/516 291/221/491 317/239/519 320/235/520
s 47
f 294/457/521 296/222/522 300/223/523 299/566/524
s off
f 301/227/525 303/637/526 312/633/527 311/454/528
s 50
f 302/453/529 301/227/530 310/231/531 309/451/532
f 304/229/533 306/228/534 308/232/535 307/443/536
s off
f 305/449/537 304/229/538 316/237/539 315/632/540
s 51
f 307/443/541 310/231/542 319/236/543 318/238/544
s 52
f 309/451/545 308/232/546 324/233/547 323/452/548
s 53
f 311/454/549 313/234/550 320/235/551 319/236/552
f 314/448/553 316/237/554 318/238/555 317/239/556
s off
f 325/240/557 327/241/558 342/242/559 341/464/560
f 326/244/561 325/243/562 330/538/563 329/460/564
f 327/468/565 326/244/566 332/253/567 331/469/568
f 328/245/569 330/246/570 344/247/571 343/248/572
f 329/460/573 328/249/574 336/539/575 335/254/576
f 331/250/577 333/461/578 338/251/579 337/252/580
f 333/461/581 332/253/582 335/254/583 334/462/584
f 334/462/585 336/255/586 340/256/587 339/463/588
f 345/257/589 347/258/590 362/259/591 361/475/592
f 346/261/593 345/260/594 350/540/595 349/471/596
f 347/479/597 346/261/598 352/270/599 351/480/600
f 348/262/601 350/263/602 364/264/603 363/265/604
f 349/471/605 348/266/606 356/541/607 355/271/608
f 351/267/609 353/472/610 358/268/611 357/269/612
f 353/472/613 352/270/614 355/271/615 354/473/616
f 354/473/617 356/272/618 360/273/619 359/474/620
f 365/274/621 367/275/622 382/276/623 381/486/624
f 366/278/625 365/277/626 370/542/627 369/482/628
f 367/490/629 366/278/630 372/287/631 371/491/632
f 368/279/633 370/280/634 384/281/635 383/282/636
f 369/482/637 368/283/638 376/543/639 375/288/640
f 371/284/641 373/483/642 378/285/643 377/286/644
f 373/483/645 372/287/646 375/288/647 374/484/648
f 374/484/649 376/289/650 380/290/651 379/485/652
s 54
f 385/292/653 388/504/654 411/312/655 410/508/656
s off
f 386/291/657 385/292/658 396/302/659 395/502/660
f 387/295/661 386/293/662 406/294/663 405/498/664
s 55
f 388/545/665 387/295/666 390/297/667 389/296/668
s 54
f 389/505/669 392/506/670 415/314/671 414/313/672
s off
f 391/546/673 390/297/674 408/298/675 407/299/676
f 392/506/677 391/300/678 398/301/679 397/507/680
s 54
f 393/303/681 396/302/682 423/311/683 422/317/684
s 57
f 394/304/685 393/303/686 400/307/687 399/496/688
s off
f 395/548/689 394/304/690 402/305/691 401/306/692
s 54
f 397/507/693 400/307/694 419/316/695 418/315/696
s off
f 399/496/697 398/308/698 404/309/699 403/497/700
f 409/310/701 412/509/702 426/320/703 425/515/704
s 58
f 410/508/705 409/310/706 424/318/707 423/311/708
s off
f 412/509/709 411/312/710 414/313/711 413/510/712
f 413/510/713 416/511/714 430/322/715 429/321/716
s 59
f 416/511/717 415/314/718 418/315/719 417/512/720
s off
f 417/512/721 420/513/722 433/324/723 432/323/724
f 420/513/725 419/316/726 422/317/727 421/514/728
f 421/514/729 424/318/730 436/319/731 435/325/732
f 425/515/733 427/493/734 434/326/735 436/319/736
f 427/493/737 426/320/738 429/321/739 428/494/740
f 428/494/741 430/322/742 432/323/743 431/495/744
f 431/495/745 433/324/746 435/325/747 434/326/748
f 437/327/749 439/328/750 454/329/751 453/520/752
f 438/331/753 437/330/754 442/550/755 441/516/756
f 439/524/757 438/331/758 444/340/759 443/525/760
f 440/332/761 442/333/762 456/334/763 455/335/764
f 441/516/765 440/336/766 448/551/767 447/341/768
f 443/337/769 445/517/770 450/338/771 449/339/772
f 445/517/773 444/340/774 447/341/775 446/518/776
f 446/518/777 448/342/778 452/343/779 451/519/780
f 2/5/781 5/344/782 11/13/783 8/12/784
f 9/345/785 10/346/786 17/18/787 14/17/788
f 15/347/789 16/348/790 23/22/791 20/21/792
f 21/349/793 22/23/794 6/7/795 1/1/796
f 4/9/797 24/350/798 18/351/799 12/528/800
f 19/352/801 3/353/802 7/354/803 13/355/804
s 3
f 26/27/805 29/356/65 60/51/68 56/50/130
s 7
f 33/34/806 36/357/89 44/564/92 40/40/807
s 11
f 76/358/178 80/78/127 51/48/126 46/45/808
s 4
f 47/559/809 50/46/71 30/31/70 25/24/810
s 15
f 48/26/811 27/25/812 55/360/136 77/54/139
f 64/361/159 72/66/162 34/362/813 39/565/814
s 11
f 41/39/815 43/363/109 69/61/112 65/60/153
s 3
f 71/364/175 85/77/95 37/38/94 32/33/816
s 15
f 78/63/138 54/53/137 73/65/161 63/64/160
s 3
f 53/52/129 59/365/131 86/76/177 74/75/176
s off
f 58/58/817 82/73/818 67/72/819 87/70/820
s 11
f 62/59/152 68/71/154 81/74/180 75/62/179
s 4
f 31/30/69 49/557/72 89/556/821 92/28/822
s 11
f 52/367/125 79/49/128 93/368/823 90/47/824
s off
f 83/79/825 57/57/826 95/369/827 94/80/828
s 3
f 61/55/67 28/29/66 91/370/829 96/56/830
s off
f 88/81/831 66/69/832 99/371/833 98/82/834
s 11
f 70/67/111 42/42/110 101/372/835 100/68/836
s 7
f 45/43/91 35/36/90 103/373/837 102/44/838
s 3
f 38/374/93 84/375/96 97/376/839 104/37/840
s off
f 106/86/841 109/377/842 115/95/843 112/94/844
f 113/378/845 114/379/846 119/380/847 118/92/848
f 105/83/849 121/381/850 124/89/851 110/88/852
f 108/87/853 123/382/854 120/383/855 116/96/856
f 122/384/857 107/84/858 111/589/859 117/385/860
s 20
f 126/102/861 129/386/236 143/115/239 142/114/268
s 22
f 133/108/252 137/387/263 149/615/266 148/109/253
s 18
f 125/98/221 153/389/224 158/532/242 130/105/241
s 27
f 165/127/862 159/124/289 170/390/292 178/133/318
s 18
f 154/100/223 127/99/222 141/392/863 201/393/864
f 131/104/240 157/106/243 160/597/288 164/125/865
s 33
f 184/142/866 187/396/341 198/151/344 196/150/867
s 22
f 167/129/276 150/120/265 136/112/264 175/579/868
s 20
f 177/128/273 144/119/238 128/103/237 163/397/869
s 34
f 186/141/870 155/398/871 204/146/347 188/145/346
s 22
f 183/138/872 151/122/275 166/610/277 192/599/873
s 27
f 197/152/319 171/134/291 162/400/290 194/401/874
s 18
f 161/126/287 156/123/286 185/600/875 195/143/876
s 22
f 202/118/877 140/117/878 134/531/251 147/110/254
s 34
f 189/404/345 203/405/348 152/121/879 182/406/880
s 33
f 199/149/343 190/144/342 181/140/881 191/407/882
s 27
f 169/408/313 172/409/316 200/148/320 193/147/883
f 179/137/317 173/132/315 168/131/314 174/577/884
s 20
f 135/113/255 145/411/258 180/136/274 176/135/885
f 139/412/267 146/116/257 138/111/256 132/107/886
s off
f 206/156/887 209/413/888 215/165/889 212/164/890
f 213/414/891 214/415/892 219/416/893 218/162/894
f 205/153/895 221/417/896 224/159/897 210/158/898
f 208/157/899 223/418/900 220/419/901 216/166/902
f 222/420/903 207/421/904 211/587/905 217/422/906
f 226/172/907 229/423/908 235/182/909 232/181/910
f 233/424/911 234/425/912 239/426/913 238/179/914
f 225/168/915 241/427/916 244/175/917 230/174/918
f 228/177/919 243/428/920 240/429/921 236/534/922
f 242/430/923 227/431/924 231/432/925 237/433/926
s 38
f 246/189/927 249/434/436 263/202/439 262/201/468
s 40
f 253/195/452 257/435/463 269/627/466 268/196/453
s 36
f 245/185/421 273/437/424 278/537/442 250/192/441
s 45
f 285/214/928 279/211/489 290/438/492 298/220/518
s 36
f 274/187/423 247/186/422 261/440/929 321/441/930
f 251/191/440 277/193/443 280/623/488 284/212/931
s 51
f 304/229/932 307/443/541 318/238/544 316/237/933
s 40
f 287/216/476 270/207/465 256/199/464 295/569/934
s 38
f 297/215/473 264/206/438 248/190/437 283/444/935
s 52
f 306/228/936 275/445/937 324/233/547 308/232/546
s 40
f 303/225/938 271/209/475 286/624/477 312/617/939
s 45
f 317/239/519 291/221/491 282/447/490 314/448/940
s 36
f 281/213/487 276/210/486 305/635/941 315/230/942
s 40
f 322/205/943 260/204/944 254/536/451 267/197/454
s 52
f 309/451/545 323/452/548 272/208/945 302/453/946
s 51
f 319/236/543 310/231/542 301/227/947 311/454/948
s 45
f 289/455/513 292/456/516 320/235/520 313/234/949
f 299/224/517 293/219/515 288/218/514 294/567/950
s 38
f 255/200/455 265/458/458 300/223/474 296/222/951
f 259/459/467 266/203/457 258/198/456 252/194/952
s off
f 326/244/953 329/460/954 335/254/955 332/253/956
f 333/461/957 334/462/958 339/463/959 338/251/960
f 325/240/961 341/464/962 344/247/963 330/246/964
f 328/249/965 343/465/966 340/466/967 336/539/968
f 342/467/969 327/468/970 331/469/971 337/470/972
f 346/261/973 349/471/974 355/271/975 352/270/976
f 353/472/977 354/473/978 359/474/979 358/268/980
f 345/257/981 361/475/982 364/264/983 350/263/984
f 348/266/985 363/476/986 360/477/987 356/541/988
f 362/478/989 347/479/990 351/480/991 357/481/992
f 366/278/993 369/482/994 375/288/995 372/287/996
f 373/483/997 374/484/998 379/485/999 378/285/1000
f 365/274/1001 381/486/1002 384/281/1003 370/280/1004
f 368/283/1005 383/487/1006 380/488/1007 376/543/1008
f 382/489/1009 367/490/1010 371/491/1011 377/492/1012
f 427/493/1013 428/494/1014 431/495/1015 434/326/1016
f 394/304/1017 399/496/1018 403/497/1019 402/305/1020
f 387/295/1021 405/498/1022 408/298/1023 390/297/1024
f 391/300/1025 407/499/1026 404/500/1027 398/301/1028
f 406/501/1029 386/291/1030 395/502/1031 401/503/1032
s 54
f 388/504/654 389/505/669 414/313/672 411/312/655
f 392/506/670 397/507/693 418/315/696 415/314/671
f 400/307/694 393/303/681 422/317/684 419/316/695
f 396/302/682 385/292/653 410/508/656 423/311/683
s off
f 412/509/1033 413/510/1034 429/321/1035 426/320/1036
f 416/511/1037 417/512/1038 432/323/1039 430/322/1040
f 420/513/1041 421/514/1042 435/325/1043 433/324/1044
f 424/318/1045 409/310/1046 425/515/1047 436/319/1048
f 438/331/1049 441/516/1050 447/341/1051 444/340/1052
f 445/517/1053 446/518/1054 451/519/1055 450/338/1056
f 437/327/1057 453/520/1058 456/334/1059 442/333/1060
f 440/336/1061 455/521/1062 452/522/1063 448/551/1064
f 454/523/1065 439/524/1066 443/525/1067 449/526/1068
f 1/4/1069 2/5/1070 3/353/1071
f 4/9/1072 5/344/1073 6/527/1074
f 7/354/1075 8/12/1076 9/345/1077
f 10/346/1078 11/13/1079 12/528/1080
f 13/11/1081 14/17/1082 15/347/1083
f 16/348/1084 17/18/1085 18/529/1086
f 19/16/1087 20/21/1088 21/349/1089
f 22/23/1090 23/22/1091 24/20/1092
f 25/24/1093 26/27/1094 27/25/1095
s 1
f 28/29/61 29/356/56 30/31/55 31/30/62
s off
f 32/33/1096 33/34/1097 34/362/1098
s 6
f 35/36/85 36/357/80 37/38/79 38/374/86
s off
f 39/35/1099 40/563/1100 41/39/1101
s 10
f 42/42/105 43/363/104 44/41/103 45/561/106
s off
f 46/45/1102 47/359/1103 48/560/1104
s 13
f 49/32/121 50/558/120 51/48/119 52/367/122
s 2
f 53/52/133 54/53/132 55/360/60 56/50/59
s 16
f 57/57/1105 58/58/149 59/365/148 60/51/1106 61/55/1107
s 9
f 62/59/156 63/553/155 64/552/100 65/60/99
s off
f 66/69/1108 67/72/1109 68/71/1110 69/61/1111 70/67/1112
s 2
f 71/364/76 72/66/75 73/65/135 74/75/134
s 9
f 75/62/157 76/358/116 77/555/115 78/554/158
s 17
f 79/49/181 80/78/1113 81/74/1114 82/73/1115 83/79/182
s 16
f 84/375/185 85/77/1116 86/76/151 87/70/150 88/81/186
s off
f 105/83/1117 106/86/1118 107/591/1119
f 108/590/1120 109/377/1121 110/88/1122
f 111/91/1123 112/94/1124 113/378/1125
f 114/379/1126 115/95/1127 116/588/1128
s 19
f 125/101/226 126/102/225 127/391/229
f 128/103/232 129/386/228 130/530/227 131/394/233
s 21
f 132/107/244 133/584/248 134/403/245
f 135/113/260 136/583/259 137/582/250 138/111/249
s 20
f 139/412/267 140/645/1129 141/644/1130 142/114/268
f 143/115/239 144/119/238 145/411/258 146/116/257
s off
f 149/388/1131 150/614/1132 151/122/1133 152/121/1134
f 155/398/1135 156/123/1136 157/613/1137 158/612/1138
s 28
f 159/124/294 160/395/293 161/595/298 162/400/297
s off
f 163/397/1139 164/641/1140 165/580/1141
s 30
f 166/399/305 167/592/310 168/131/309 169/408/306
s 27
f 170/390/292 171/134/291 172/409/316 173/132/315
s off
f 174/410/1142 175/130/1143 176/135/1144
s 29
f 177/128/304 178/578/303 179/576/324 180/136/323
s off
f 181/140/1145 182/406/1146 183/601/1147
f 184/142/1148 185/606/1149 186/141/1150
s 32
f 187/396/336 188/145/335 189/404/332 190/144/331
s off
f 191/407/1151 192/139/1152 193/147/1153
f 194/401/1154 195/602/1155 196/150/1156
s 35
f 197/152/356 198/151/355 199/149/352 200/148/351
s off
f 205/153/1157 206/156/1158 207/154/1159
f 208/585/1160 209/413/1161 210/158/1162
f 211/161/1163 212/164/1164 213/414/1165
f 214/415/1166 215/165/1167 216/586/1168
f 225/171/1169 226/172/1170 227/431/1171
f 228/177/1172 229/423/1173 230/533/1174
f 231/432/1175 232/181/1176 233/424/1177
f 234/425/1178 235/182/1179 236/534/1180
s 37
f 245/188/426 246/189/425 247/439/429
f 248/190/432 249/434/428 250/535/427 251/575/433
s 39
f 252/194/444 253/574/448 254/450/445
f 255/200/460 256/573/459 257/572/450 258/198/449
s 38
f 259/459/467 260/643/1181 261/642/1182 262/201/468
f 263/202/439 264/206/438 265/458/458 266/203/457
s off
f 269/436/1183 270/626/1184 271/209/1185 272/208/1186
f 275/445/1187 276/210/1188 277/630/1189 278/631/1190
s 46
f 279/211/494 280/442/493 281/621/498 282/447/497
s off
f 283/444/1191 284/639/1192 285/570/1193
s 48
f 286/446/505 287/618/510 288/218/509 289/455/506
s 45
f 290/438/492 291/221/491 292/456/516 293/219/515
s off
f 294/457/1194 295/217/1195 296/222/1196
s 47
f 297/215/504 298/568/503 299/566/524 300/223/523
s off
f 301/227/1197 302/453/1198 303/636/1199
f 304/229/1200 305/634/1201 306/228/1202
s 50
f 307/443/536 308/232/535 309/451/532 310/231/531
s off
f 311/454/1203 312/226/1204 313/234/1205
f 314/448/1206 315/647/1207 316/237/1208
s 53
f 317/239/556 318/238/555 319/236/552 320/235/551
s off
f 325/243/1209 326/244/1210 327/468/1211
f 328/249/1212 329/460/1213 330/538/1214
f 331/469/1215 332/253/1216 333/461/1217
f 334/462/1218 335/254/1219 336/539/1220
f 345/260/1221 346/261/1222 347/479/1223
f 348/266/1224 349/471/1225 350/540/1226
f 351/480/1227 352/270/1228 353/472/1229
f 354/473/1230 355/271/1231 356/541/1232
f 365/277/1233 366/278/1234 367/490/1235
f 368/283/1236 369/482/1237 370/542/1238
f 371/491/1239 372/287/1240 373/483/1241
f 374/484/1242 375/288/1243 376/543/1244
s 55
f 385/544/1245 386/293/1246 387/295/666 388/545/665
f 389/296/668 390/297/667 391/546/1247 392/547/1248
s 57
f 393/303/686 394/304/685 395/548/1249 396/549/1250
f 397/507/1251 398/308/1252 399/496/688 400/307/687
s 58
f 409/310/706 410/508/705 411/312/1253 412/509/1254
s 59
f 413/510/1255 414/313/1256 415/314/718 416/511/717
f 417/512/720 418/315/719 419/316/1257 420/513/1258
s 58
f 421/514/1259 422/317/1260 423/311/708 424/318/707
s off
f 425/515/1261 426/320/1262 427/493/1263
f 428/494/1264 429/321/1265 430/322/1266
f 431/495/1267 432/323/1268 433/324/1269
f 434/326/1270 435/325/1271 436/319/1272
f 437/330/1273 438/331/1274 439/524/1275
f 440/336/1276 441/516/1277 442/550/1278
f 443/525/1279 444/340/1280 445/517/1281
f 446/518/1282 447/341/1283 448/551/1284
g default
v -231.433350 574.196899 4044.965332
v 267.114258 574.196899 4044.965332
v -231.433350 -19.793823 4044.965332
v 267.114258 -19.793823 4044.965332
v -220.644775 -5.066040 4070.886230
v -220.644775 -5.066040 4061.507812
v 256.325928 -5.066040 4061.507812
v 256.325928 567.753784 4061.507812
v -220.644775 567.753784 4061.507812
v 175.737061 -19.793823 4070.886230
v 176.229736 -5.066040 4070.886230
v 176.229736 -5.066040 4061.507812
v 175.465576 598.116089 4061.507812
v 176.062988 610.817627 4044.965332
v -142.855957 -19.793823 4070.886230
v -142.142822 -5.066040 4070.886230
v -142.142822 -5.066040 4061.507812
v -141.378418 598.116089 4061.507812
v -141.371338 610.817627 4044.965332
v -60.728271 -19.793823 4070.886230
v -60.097900 -5.066040 4070.886230
v -60.097900 -5.066040 4061.507812
v -60.097900 608.197754 4061.507812
v -59.917480 621.043701 4044.965332
v 97.690674 -19.793823 4070.886230
v 97.952393 -5.066040 4070.886230
v 97.952393 -5.066040 4061.507812
v 97.952393 608.197754 4061.507812
v 98.171631 621.043701 4044.965332
v 18.481201 -19.793823 4070.886230
v 18.927246 -5.066040 4070.886230
v 18.927246 -5.066040 4061.507812
v 18.927246 615.537231 4061.507812
v 19.127197 628.383057 4044.965332
v 69.954834 456.127441 4080.141602
v 277.305420 456.135376 4080.137695
v 69.954834 434.539429 4080.141602
v 277.365723 432.948730 4080.125488
v 41.416504 445.333374 4080.141602
v 284.060791 445.333374 4086.062500
v 294.589844 432.939941 4056.334961
v 286.857178 432.939941 4050.716797
v 277.298828 432.939941 4050.716797
v 269.566406 432.939941 4056.334961
v 266.612793 432.939941 4065.425293
v 269.566406 432.939941 4074.515625
v 286.857178 432.939941 4080.133301
v 295.162842 432.939941 4074.515625
v 297.543457 432.939941 4065.425293
v 294.589844 456.143311 4056.334961
v 286.857178 456.143311 4050.716797
v 277.298828 456.143311 4050.716797
v 269.566406 456.143311 4056.334961
v 266.612793 456.143311 4065.425293
v 269.566406 456.143311 4074.515625
v 286.857178 456.143311 4080.133301
v 295.162842 456.143311 4074.515625
v 297.543457 456.143311 4065.425293
v 282.078125 432.939941 4065.425293
v 282.078125 456.143311 4065.425293
v 277.335449 444.542114 4080.131836
v 269.566406 444.541504 4074.515625
v 266.612793 444.541504 4065.425293
v 269.566406 444.541504 4056.334961
v 277.298828 444.541504 4050.716797
v 286.857178 444.541504 4050.716797
v 294.589844 444.541504 4056.334961
v 297.543457 444.541504 4065.425293
v 295.162842 444.541504 4074.515625
v 290.779053 433.739624 4081.885742
v 290.779053 444.937500 4081.885742
v 290.779053 456.135376 4081.885742
v -34.582520 434.115356 4080.141602
v -241.799805 434.107422 4080.137695
v -34.582520 455.703369 4080.141602
v -241.860352 457.293823 4080.125488
v -6.043945 444.909302 4080.141602
v -248.555176 444.909302 4086.062500
v -259.084473 457.302612 4056.334961
v -251.351562 457.302612 4050.716797
v -241.793701 457.302612 4050.716797
v -234.060791 457.302612 4056.334961
v -231.107422 457.302612 4065.425293
v -234.060791 457.302612 4074.515625
v -251.351562 457.302612 4080.133301
v -259.657715 457.302612 4074.515625
v -262.038086 457.302612 4065.425293
v -259.084473 434.099487 4056.334961
v -251.351562 434.099487 4050.716797
v -241.793701 434.099487 4050.716797
v -234.060791 434.099487 4056.334961
v -231.107422 434.099487 4065.425293
v -234.060791 434.099487 4074.515625
v -251.351562 434.099487 4080.133301
v -259.657715 434.099487 4074.515625
v -262.038086 434.099487 4065.425293
v -246.572754 457.302612 4065.425293
v -246.572754 434.099487 4065.425293
v -241.830322 445.700562 4080.131836
v -234.060791 445.700928 4074.515625
v -231.107422 445.700928 4065.425293
v -234.060791 445.700928 4056.334961
v -241.793701 445.700928 4050.716797
v -251.351562 445.700928 4050.716797
v -259.084473 445.700928 4056.334961
v -262.038086 445.700928 4065.425293
v -259.657715 445.700928 4074.515625
v -255.273438 456.503052 4081.885742
v -255.273438 445.305176 4081.885742
v -255.273438 434.107422 4081.885742
v -217.958984 565.077637 4068.743652
v -142.175781 593.508911 4068.743652
v -217.958984 -2.024048 4068.743652
v -142.175781 -2.024048 4068.743652
v -137.869873 594.724121 4068.743652
v -62.086670 603.567871 4068.743652
v -137.869873 -2.024048 4068.743652
v -62.086670 -2.024048 4068.743652
v -58.787842 604.343628 4068.743652
v 16.995361 611.278076 4068.743652
v -58.787842 -2.024048 4068.743652
v 16.995361 -2.024048 4068.743652
v 18.042480 611.278076 4068.743652
v 93.825684 604.343628 4068.743652
v 18.042480 -2.024048 4068.743652
v 93.825684 -2.024048 4068.743652
v 97.170898 603.567871 4068.743652
v 172.954346 594.724121 4068.743652
v 97.170898 -2.024048 4068.743652
v 172.954346 -2.024048 4068.743652
v 176.658447 593.508911 4068.743652
v 252.441650 565.077637 4068.743652
v 176.658447 -2.024048 4068.743652
v 252.441650 -2.024048 4068.743652
v 69.954834 106.139038 4080.141602
v 277.305420 106.146973 4080.137695
v 69.954834 84.551025 4080.141602
v 277.365723 82.960327 4080.125488
v 41.416504 95.345093 4080.141602
v 284.060791 95.345093 4086.062500
v 294.589844 82.951660 4056.334961
v 286.857178 82.951660 4050.716797
v 277.298828 82.951660 4050.716797
v 269.566406 82.951660 4056.334961
v 266.612793 82.951660 4065.425293
v 269.566406 82.951660 4074.515625
v 286.857178 82.951660 4080.133301
v 295.162842 82.951660 4074.515625
v 297.543457 82.951660 4065.425293
v 294.589844 106.154907 4056.334961
v 286.857178 106.154907 4050.716797
v 277.298828 106.154907 4050.716797
v 269.566406 106.154907 4056.334961
v 266.612793 106.154907 4065.425293
v 269.566406 106.154907 4074.515625
v 286.857178 106.154907 4080.133301
v 295.162842 106.154907 4074.515625
v 297.543457 106.154907 4065.425293
v 282.078125 82.951660 4065.425293
v 282.078125 106.154907 4065.425293
v 277.335449 94.553711 4080.131836
v 269.566406 94.553223 4074.515625
v 266.612793 94.553223 4065.425293
v 269.566406 94.553223 4056.334961
v 277.298828 94.553223 4050.716797
v 286.857178 94.553223 4050.716797
v 294.589844 94.553223 4056.334961
v 297.543457 94.553223 4065.425293
v 295.162842 94.553223 4074.515625
v 290.779053 83.751343 4081.885742
v 290.779053 94.949219 4081.885742
v 290.779053 106.146973 4081.885742
v -34.582520 84.126953 4080.141602
v -241.799805 84.119019 4080.137695
v -34.582520 105.715088 4080.141602
v -241.860352 107.305664 4080.125488
v -6.043945 94.921143 4080.141602
v -248.555176 94.921143 4086.062500
v -259.084473 107.314453 4056.334961
v -251.351562 107.314453 4050.716797
v -241.793701 107.314453 4050.716797
v -234.060791 107.314453 4056.334961
v -231.107422 107.314453 4065.425293
v -234.060791 107.314453 4074.515625
v -251.351562 107.314453 4080.133301
v -259.657715 107.314453 4074.515625
v -262.038086 107.314453 4065.425293
v -259.084473 84.111206 4056.334961
v -251.351562 84.111206 4050.716797
v -241.793701 84.111206 4050.716797
v -234.060791 84.111206 4056.334961
v -231.107422 84.111206 4065.425293
v -234.060791 84.111206 4074.515625
v -251.351562 84.111206 4080.133301
v -259.657715 84.111206 4074.515625
v -262.038086 84.111206 4065.425293
v -246.572754 107.314453 4065.425293
v -246.572754 84.111206 4065.425293
v -241.830322 95.712402 4080.131836
v -234.060791 95.712891 4074.515625
v -231.107422 95.712891 4065.425293
v -234.060791 95.712891 4056.334961
v -241.793701 95.712891 4050.716797
v -251.351562 95.712891 4050.716797
v -259.084473 95.712891 4056.334961
v -262.038086 95.712891 4065.425293
v -259.657715 95.712891 4074.515625
v -255.273438 106.514771 4081.885742
v -255.273438 95.316895 4081.885742
v -255.273438 84.119019 4081.885742
v 292.987305 419.810181 4057.749512
v 286.458252 419.810181 4053.005371
v 278.387451 419.810181 4053.005371
v 271.858398 419.810181 4057.749512
v 269.364258 419.810181 4065.425293
v 271.858398 419.810181 4073.101074
v 278.387451 419.810181 4077.844238
v 286.458252 419.810181 4077.844238
v 292.987305 419.810181 4073.101074
v 295.481445 419.810181 4065.425293
v 292.987305 469.272949 4057.749512
v 286.458252 469.272949 4053.005371
v 278.387451 469.272949 4053.005371
v 271.858398 469.272949 4057.749512
v 269.364258 469.272949 4065.425293
v 271.858398 469.272949 4073.101074
v 278.387451 469.272949 4077.844238
v 286.458252 469.272949 4077.844238
v 292.987305 469.272949 4073.101074
v 295.481445 469.272949 4065.425293
v 282.422607 419.810181 4065.425293
v 282.422607 469.272949 4065.425293
v 292.987305 69.821899 4057.749512
v 286.458252 69.821899 4053.005371
v 278.387451 69.821899 4053.005371
v 271.858398 69.821899 4057.749512
v 269.364258 69.821899 4065.425293
v 271.858398 69.821899 4073.101074
v 278.387451 69.821899 4077.844238
v 286.458252 69.821899 4077.844238
v 292.987305 69.821899 4073.101074
v 295.481445 69.821899 4065.425293
v 292.987305 119.284668 4057.749512
v 286.458252 119.284668 4053.005371
v 278.387451 119.284668 4053.005371
v 271.858398 119.284668 4057.749512
v 269.364258 119.284668 4065.425293
v 271.858398 119.284668 4073.101074
v 278.387451 119.284668 4077.844238
v 286.458252 119.284668 4077.844238
v 292.987305 119.284668 4073.101074
v 295.481445 119.284668 4065.425293
v 282.422607 69.821899 4065.425293
v 282.422607 119.284668 4065.425293
v -257.482178 120.444214 4057.749512
v -250.952881 120.444214 4053.005371
v -242.882324 120.444214 4053.005371
v -236.353027 120.444214 4057.749512
v -233.858887 120.444214 4065.425293
v -236.353027 120.444214 4073.101074
v -242.882324 120.444214 4077.844238
v -250.952881 120.444214 4077.844238
v -257.482178 120.444214 4073.101074
v -259.975830 120.444214 4065.425293
v -257.482178 70.981567 4057.749512
v -250.952881 70.981567 4053.005371
v -242.882324 70.981567 4053.005371
v -236.353027 70.981567 4057.749512
v -233.858887 70.981567 4065.425293
v -236.353027 70.981567 4073.101074
v -242.882324 70.981567 4077.844238
v -250.952881 70.981567 4077.844238
v -257.482178 70.981567 4073.101074
v -259.975830 70.981567 4065.425293
v -246.917480 120.444214 4065.425293
v -246.917480 70.981567 4065.425293
v -257.482178 470.432373 4057.749512
v -250.952881 470.432373 4053.005371
v -242.882324 470.432373 4053.005371
v -236.353027 470.432373 4057.749512
v -233.858887 470.432373 4065.425293
v -236.353027 470.432373 4073.101074
v -242.882324 470.432373 4077.844238
v -250.952881 470.432373 4077.844238
v -257.482178 470.432373 4073.101074
v -259.975830 470.432373 4065.425293
v -257.482178 420.969604 4057.749512
v -250.952881 420.969604 4053.005371
v -242.882324 420.969604 4053.005371
v -236.353027 420.969604 4057.749512
v -233.858887 420.969604 4065.425293
v -236.353027 420.969604 4073.101074
v -242.882324 420.969604 4077.844238
v -250.952881 420.969604 4077.844238
v -257.482178 420.969604 4073.101074
v -259.975830 420.969604 4065.425293
v -246.917480 470.432373 4065.425293
v -246.917480 420.969604 4065.425293
v -231.433350 574.196899 4070.004883
v -230.552002 573.604004 4070.886230
v -141.146729 609.957886 4070.886230
v -141.371338 610.817627 4070.004883
v -230.585693 -19.523682 4070.882812
v -231.433350 -19.786865 4070.004883
v 266.491211 -19.793823 4070.886230
v 267.114258 -19.786865 4070.004883
v 266.233154 573.601562 4070.886230
v 267.114258 574.196899 4070.004883
v 256.014404 -5.066040 4070.445801
v 256.167236 567.813477 4070.244629
v 175.837646 609.958618 4070.886230
v 176.062988 610.817627 4070.004883
v -59.917480 621.043701 4070.004883
v -59.822021 620.167603 4070.886230
v 98.073730 620.167847 4070.886230
v 98.171631 621.043701 4070.004883
v 19.127197 627.498169 4070.886230
v 19.127197 628.383057 4070.004883
v 70.115967 435.420410 4086.062500
v 69.954834 434.539429 4085.181641
v 285.713623 434.342529 4085.034668
v 284.060791 435.324707 4086.062500
v 283.205322 434.336182 4085.304199
v 284.871338 434.075806 4084.343750
v 70.115967 455.246338 4086.062500
v 69.954834 456.127441 4085.181641
v 285.730713 456.129395 4085.024414
v 284.899414 456.132202 4084.284180
v 283.056641 456.128662 4085.182129
v 284.060791 455.246948 4086.062500
v 41.416504 445.333374 4082.806152
v 43.906738 445.333374 4086.062500
v -34.743408 454.822266 4086.062500
v -34.582520 455.703369 4085.181641
v -250.208008 455.900024 4085.034668
v -248.555176 454.917969 4086.062500
v -247.699707 455.906616 4085.304199
v -249.365967 456.166992 4084.343750
v -34.743408 434.996338 4086.062500
v -34.582520 434.115356 4085.181641
v -250.225098 434.113281 4085.024414
v -249.394043 434.110596 4084.284180
v -247.551270 434.114136 4085.182129
v -248.555176 434.995728 4086.062500
v -6.043945 444.909302 4082.806152
v -8.534180 444.909302 4086.062500
v -217.077881 564.467285 4080.241699
v -217.958984 565.077637 4079.360840
v -143.056641 592.237427 4080.241699
v -142.175781 593.508911 4079.360840
v -217.958984 -2.024048 4079.360840
v -216.825684 -2.024048 4079.859863
v -142.175781 -2.024048 4079.360840
v -143.056641 -2.024048 4080.241699
v -136.988770 593.939941 4080.241699
v -137.869873 594.724121 4079.360840
v -62.967773 602.577881 4080.241699
v -62.086670 603.567871 4079.360840
v -137.869873 -2.024048 4079.360840
v -136.988770 -2.024042 4080.241699
v -62.086670 -2.024048 4079.360840
v -62.967773 -2.024042 4080.241699
v -58.787842 -2.024048 4079.360840
v -57.906982 -2.024048 4080.241699
v -58.787842 604.343628 4079.360840
v -57.906982 603.539429 4080.241699
v 16.995361 -2.024048 4079.360840
v 16.114258 -2.024048 4080.241699
v 16.114258 610.312622 4080.241699
v 16.995361 611.278076 4079.360840
v 18.042480 -2.024048 4079.360840
v 18.923584 -2.024048 4080.241699
v 18.042480 611.278076 4079.360840
v 18.923584 610.312622 4080.241699
v 93.825684 -2.024048 4079.360840
v 92.944824 -2.024048 4080.241699
v 92.944824 603.539429 4080.241699
v 93.825684 604.343628 4079.360840
v 98.052246 602.577881 4080.241699
v 97.170898 603.567871 4079.360840
v 172.073242 593.939941 4080.241699
v 172.954346 594.724121 4079.360840
v 97.170898 -2.024048 4079.360840
v 98.052246 -2.024048 4080.241699
v 172.954346 -2.024048 4079.360840
v 172.073242 -2.024048 4080.241699
v 177.539307 592.237427 4080.241699
v 176.658447 593.508911 4079.360840
v 251.560547 564.467285 4080.241699
v 252.441650 565.077637 4079.360840
v 176.658447 -2.024048 4079.360840
v 177.539307 -2.024048 4080.241699
v 252.441650 -2.024048 4079.360840
v 251.560547 -2.024048 4080.241699
v 70.115967 85.432007 4086.062500
v 69.954834 84.551025 4085.181641
v 285.713623 84.354370 4085.034668
v 284.060791 85.336426 4086.062500
v 283.205322 84.347778 4085.304199
v 284.871338 84.087402 4084.343750
v 70.115967 105.258057 4086.062500
v 69.954834 106.139038 4085.181641
v 285.730713 106.140991 4085.024414
v 284.899414 106.143799 4084.284180
v 283.056641 106.140259 4085.182129
v 284.060791 105.258667 4086.062500
v 41.416504 95.345093 4082.806152
v 43.906738 95.345093 4086.062500
v -34.743408 104.834106 4086.062500
v -34.582520 105.715088 4085.181641
v -250.208008 105.911743 4085.034668
v -248.555176 104.929688 4086.062500
v -247.699707 105.918335 4085.304199
v -249.365967 106.178711 4084.343750
v -34.743408 85.007935 4086.062500
v -34.582520 84.126953 4085.181641
v -250.225098 84.125000 4085.024414
v -249.394043 84.122192 4084.284180
v -247.551270 84.125732 4085.182129
v -248.555176 85.007324 4086.062500
v -6.043945 94.921143 4082.806152
v -8.534180 94.921143 4086.062500
v -221.085938 568.014404 4070.886230
v -220.644775 567.611938 4070.685547
v -141.378418 598.116089 4070.484863
v -141.476318 598.508179 4070.886230
v 175.465576 598.116089 4070.484863
v 175.562744 598.507935 4070.886230
v 256.975586 568.232544 4070.831543
v -60.097900 608.197754 4070.484863
v -60.141113 608.596558 4070.886230
v 97.952393 608.197754 4070.484863
v 97.996826 608.596436 4070.886230
v 18.927246 615.537231 4070.484863
v 18.927246 615.940063 4070.886230
v 256.956787 -5.488892 4070.777344
v 285.722168 95.247192 4085.029785
v -250.216553 95.018921 4085.029785
v -250.216553 445.007080 4085.029785
v 285.722168 445.235474 4085.029785
v 16.475830 161.040039 4093.529297
v 28.297852 170.284058 4097.736816
v 39.511963 182.099731 4097.236816
v 40.281250 186.522461 4093.037109
v 36.880371 186.603394 4087.934570
v 24.853271 176.570801 4083.429688
v 14.182861 165.224609 4084.005859
v 13.193848 161.008789 4088.348145
v 14.308105 163.080688 4094.947754
v 25.813965 172.622559 4099.362305
v 36.666748 184.778320 4099.098633
v 37.994385 188.675293 4094.533691
v 34.712646 188.643921 4089.353516
v 22.369141 178.909302 4085.055176
v 12.015137 167.265381 4085.423828
v 10.907227 163.161621 4089.845215
v 21.513672 164.851685 4091.714355
v 28.763428 170.573975 4094.332520
v 35.537842 178.060791 4094.142090
v 36.145020 180.669189 4091.461914
v 34.121094 180.646240 4088.258301
v 26.312744 174.761841 4085.703125
v 20.097168 167.437134 4085.830566
v 19.408447 164.905273 4088.564453
v 17.059326 169.045410 4094.629883
v 24.179932 174.889038 4097.332031
v 31.083252 182.254517 4097.057617
v 32.179443 185.403564 4094.496582
v 29.666504 184.839844 4091.173340
v 22.374023 178.469849 4088.281250
v 15.642578 171.630859 4088.745605
v 14.379883 168.638184 4091.415039
v 28.711914 178.401001 4095.563477
v 34.079102 192.881836 4097.667480
v 43.089600 206.348633 4095.918945
v 47.456543 207.564819 4091.767090
v 49.323486 203.234863 4087.845703
v 43.946045 187.953003 4086.073242
v 35.280029 175.120361 4087.845703
v 30.696533 174.012451 4091.767090
v 26.574219 179.468750 4093.290527
v 31.629639 194.105103 4095.062988
v 40.283936 207.750244 4092.935547
v 45.201660 208.691284 4089.369141
v 47.186035 204.302612 4085.573242
v 41.496338 189.176514 4083.468750
v 33.142578 176.188110 4085.573242
v 28.441406 175.138794 4089.369141
v 33.773926 182.584595 4095.284180
v 37.043701 191.521240 4096.548828
v 42.450684 199.955566 4095.284180
v 45.278809 200.642090 4092.856934
v 46.508789 197.928589 4090.515625
v 42.822266 188.634644 4089.047363
v 37.832031 180.557617 4090.515625
v 34.923584 179.911255 4092.856934
v 29.381104 184.779053 4090.612793
v 32.523682 193.778931 4091.742676
v 38.058350 202.149902 4090.612793
v 41.173340 203.515747 4088.141602
v 42.116211 200.122803 4085.844238
v 38.938232 190.574829 4084.916992
v 33.439209 182.751953 4085.844238
v 30.159912 181.467773 4088.141602
v 45.263916 193.169189 4089.038574
v 53.780762 206.200928 4089.782227
v 58.028809 221.887451 4088.558105
v 54.556885 226.723511 4087.026855
v 48.759766 225.941772 4085.184082
v 40.113037 212.179199 4083.991699
v 36.166016 197.148682 4085.184082
v 39.526855 192.360962 4087.026855
v 44.170654 193.647461 4092.112793
v 52.528076 206.748901 4093.305176
v 56.593506 222.515259 4092.593262
v 53.403320 227.227905 4090.270020
v 47.666504 226.419800 4088.258301
v 38.860352 212.727173 4087.514160
v 35.072510 197.626709 4088.258301
v 38.373535 192.865479 4090.270020
v 46.506836 199.179565 4086.686035
v 51.739990 207.211182 4087.192871
v 54.288086 216.969727 4086.686035
v 52.209229 219.928467 4085.553223
v 48.666748 219.428467 4084.304688
v 43.132812 210.975952 4084.071777
v 40.885254 201.638184 4084.304688
v 42.922852 198.697388 4085.553223
v 44.259766 200.162354 4093.003906
v 49.428223 208.222412 4093.693359
v 52.041016 217.952515 4093.003906
v 50.236084 221.595093 4091.930664
v 46.419678 220.411133 4090.622070
v 41.146240 211.844971 4089.658203
v 38.638428 202.620972 4090.622070
v 40.359375 199.014893 4091.930664
v 51.517578 215.162354 4093.993652
v 53.379883 230.403442 4096.668457
v 55.352539 246.358643 4093.993652
v 55.251221 249.425903 4088.667480
v 54.839844 246.413086 4083.341309
v 53.379883 230.403442 4080.666016
v 51.517578 215.162354 4083.341309
v 51.286865 212.130249 4088.667480
v 48.238770 215.510864 4093.993652
v 49.622314 230.802856 4096.668457
v 51.047852 246.816162 4093.993652
v 51.791748 249.793579 4088.667480
v 51.560547 246.761719 4083.341309
v 49.622314 230.802856 4080.666016
v 48.238770 215.510864 4083.341309
v 47.827148 212.498047 4088.667480
v 53.876709 220.949951 4091.958008
v 54.973389 230.342407 4093.611328
v 55.928955 240.258667 4091.958008
v 56.065918 242.132568 4088.667480
v 55.928955 240.258667 4085.376465
v 54.485840 230.394287 4083.723633
v 53.876709 220.949951 4085.376465
v 53.616211 219.088989 4088.667480
v 47.137451 221.666382 4091.958008
v 48.039551 231.079590 4093.611328
v 49.189941 240.975220 4091.958008
v 49.340332 243.587891 4088.667480
v 49.189941 240.975220 4085.376465
v 48.527100 231.027710 4083.723633
v 47.137451 221.666382 4085.376465
v 46.735107 219.080322 4088.667480
v 65.072021 245.355469 4087.018555
v 52.265381 254.235718 4086.778320
v 36.555664 258.564453 4086.503418
v 31.559326 255.009033 4086.928223
v 32.078613 248.898926 4087.018555
v 45.539551 239.715332 4086.778320
v 60.594727 235.689941 4087.018555
v 65.591309 239.244995 4086.928223
v 65.072021 245.355469 4090.316406
v 52.265381 254.235718 4090.557129
v 36.555664 258.564453 4090.832031
v 31.559326 255.009033 4090.407227
v 32.078613 248.898926 4090.316406
v 45.539551 239.715332 4090.557129
v 60.594727 235.689941 4090.316406
v 65.591309 239.244995 4090.407227
v 58.768066 246.032349 4085.285156
v 50.882812 251.506714 4085.187500
v 41.148926 254.193726 4085.285156
v 38.061768 251.997070 4085.347168
v 38.382568 248.221802 4085.285156
v 46.727051 242.534912 4085.677734
v 56.001709 240.060547 4085.285156
v 59.088623 242.257080 4085.347168
v 58.768066 246.032349 4092.062500
v 50.882812 251.506714 4092.160156
v 41.148926 254.193726 4092.062500
v 37.393799 252.306519 4092.188965
v 38.382568 248.221802 4092.062500
v 46.727051 242.534912 4091.669922
v 56.001709 240.060547 4092.062500
v 59.756836 241.947632 4092.188965
v 48.377441 250.869263 4093.993652
v 33.024902 251.109741 4096.668457
v 16.950684 251.384644 4093.993652
v 13.911133 250.959961 4088.667480
v 16.950684 250.869263 4083.341309
v 33.024902 251.109741 4080.666016
v 48.377441 250.869263 4083.341309
v 51.416992 250.959961 4088.667480
v 48.377441 247.571411 4093.993652
v 33.024902 247.330933 4096.668457
v 16.950684 247.055908 4093.993652
v 13.911133 247.480835 4088.667480
v 16.950684 247.571411 4083.341309
v 33.024902 247.330933 4080.666016
v 48.377441 247.571411 4083.341309
v 51.416992 247.480835 4088.667480
v 42.372803 252.602905 4091.958008
v 32.917236 252.700928 4093.611328
v 22.955322 252.602905 4091.958008
v 21.077393 252.540894 4088.667480
v 22.955322 252.602905 4085.376465
v 32.917236 252.210449 4083.723633
v 42.372803 252.602905 4085.376465
v 44.250488 252.540894 4088.667480
v 42.372803 245.825806 4091.958008
v 32.917236 245.727783 4093.611328
v 22.955322 245.825806 4091.958008
v 20.341309 245.699341 4088.667480
v 22.955322 245.825806 4085.376465
v 32.917236 246.218384 4083.723633
v 42.372803 245.825806 4085.376465
v 44.986816 245.699341 4088.667480
v 38.088623 263.355225 4102.832520
v 38.088623 269.710449 4093.080078
v 38.088623 269.710449 4077.972656
v 38.088623 236.434692 4077.972656
v 38.088623 236.434692 4093.080078
v 38.088623 242.789795 4102.832520
v 38.088623 253.072510 4105.735840
v 32.372803 263.355225 4102.832520
v 32.372803 269.710449 4093.080078
v 32.372803 269.710449 4077.972656
v 32.372803 236.434692 4077.972656
v 32.372803 236.434692 4093.080078
v 32.372803 242.789795 4102.832520
v 32.372803 253.072510 4105.735840
v 32.372803 263.355225 4102.832520
v 32.372803 269.710449 4093.080078
v 32.372803 269.710449 4077.972656
v 32.372803 236.434692 4077.972656
v 32.372803 236.434692 4093.080078
v 32.372803 242.789795 4102.832520
v 32.372803 253.072510 4105.735840
v 37.097900 259.789551 4095.974609
v 37.097900 263.940918 4090.460938
v 37.097900 263.940918 4080.592285
v 37.097900 242.203979 4080.592285
v 37.097900 242.203979 4090.460938
v 37.097900 246.355469 4095.974609
v 37.097900 253.072510 4097.259277
v 33.364014 259.789551 4095.974609
v 33.364014 263.940918 4090.460938
v 33.364014 263.940918 4080.592285
v 33.364014 242.203979 4080.592285
v 33.364014 242.203979 4090.460938
v 33.364014 246.355469 4095.974609
v 33.364014 253.072510 4097.259277
v 29.662598 254.597046 4087.018555
v 14.310059 257.272339 4086.778320
v -1.764160 254.597046 4086.503418
v -4.803467 249.270996 4086.928223
v -1.764160 243.944946 4087.018555
v 14.310059 241.269775 4086.778320
v 29.662598 243.944946 4087.018555
v 32.702148 249.270996 4086.928223
v 29.662598 254.597046 4090.316406
v 14.310059 257.272339 4090.557129
v -1.764160 254.597046 4090.832031
v -4.803467 249.270996 4090.407227
v -1.764160 243.944946 4090.316406
v 14.310059 241.269775 4090.557129
v 29.662598 243.944946 4090.316406
v 32.702148 249.270996 4090.407227
v 23.657959 252.561890 4085.285156
v 14.202148 254.214722 4085.187500
v 4.240234 252.561890 4085.285156
v 2.362549 249.270996 4085.347168
v 4.240234 245.980347 4085.285156
v 14.202148 244.327271 4085.677734
v 23.657959 245.980347 4085.285156
v 25.535889 249.270996 4085.347168
v 23.657959 252.561890 4092.062500
v 14.202148 254.214722 4092.160156
v 4.240234 252.561890 4092.062500
v 1.626465 249.270996 4092.188965
v 4.240234 245.980347 4092.062500
v 14.202148 244.327271 4091.669922
v 23.657959 245.980347 4092.062500
v 26.272217 249.270996 4092.188965
v 8.715576 251.410645 4093.993652
v -6.356201 248.478516 4096.668457
v -22.141357 245.431519 4093.993652
v -25.027588 244.388794 4088.667480
v -22.035400 244.927002 4083.341309
v -6.356201 248.478516 4080.666016
v 8.715576 251.410645 4083.341309
v 11.671143 252.126343 4088.667480
v 9.395996 248.183838 4093.993652
v -5.576904 244.781128 4096.668457
v -21.248535 241.195923 4093.993652
v -24.310059 240.984619 4088.667480
v -21.354736 241.700195 4083.341309
v -5.576904 244.781128 4080.666016
v 9.395996 248.183838 4083.341309
v 12.388672 248.722168 4088.667480
v 2.482422 251.868286 4091.958008
v -6.790039 250.013184 4093.611328
v -16.517090 247.862305 4091.958008
v -18.342041 247.414185 4088.667480
v -16.517090 247.862305 4085.376465
v -6.688721 249.533325 4083.723633
v 2.482422 251.868286 4085.376465
v 4.332764 252.194946 4088.667480
v 3.880615 245.236816 4091.958008
v -5.351318 243.190063 4093.611328
v -15.119385 241.231079 4091.958008
v -17.650879 240.567871 4088.667480
v -15.119385 241.231079 4085.376465
v -5.452637 243.670166 4083.723633
v 3.880615 245.236816 4085.376465
v 6.464600 245.652344 4088.667480
v -1.181396 263.355225 4102.832520
v -1.181396 269.710449 4093.080078
v -1.181396 269.710449 4077.972656
v -1.181396 236.434692 4077.972656
v -1.181396 236.434692 4093.080078
v -1.181396 242.789795 4102.832520
v -1.181396 253.072510 4105.735840
v -6.897217 263.355225 4102.832520
v -6.897217 269.710449 4093.080078
v -6.897217 269.710449 4077.972656
v -6.897217 236.434692 4077.972656
v -6.897217 236.434692 4093.080078
v -6.897217 242.789795 4102.832520
v -6.897217 253.072510 4105.735840
v -6.897217 263.355225 4102.832520
v -6.897217 269.710449 4093.080078
v -6.897217 269.710449 4077.972656
v -6.897217 236.434692 4077.972656
v -6.897217 236.434692 4093.080078
v -6.897217 242.789795 4102.832520
v -6.897217 253.072510 4105.735840
v -2.172119 259.789551 4095.974609
v -2.172119 263.940918 4090.460938
v -2.172119 263.940918 4080.592285
v -2.172119 242.203979 4080.592285
v -2.172119 242.203979 4090.460938
v -2.172119 246.355469 4095.974609
v -2.172119 253.072510 4097.259277
v -5.906006 259.789551 4095.974609
v -5.906006 263.940918 4090.460938
v -5.906006 263.940918 4080.592285
v -5.906006 242.203979 4080.592285
v -5.906006 242.203979 4090.460938
v -5.906006 246.355469 4095.974609
v -5.906006 253.072510 4097.259277
v -13.099121 252.585938 4086.670898
v -27.732666 247.226440 4086.430176
v -40.315430 236.872314 4086.155273
v -40.284668 230.740356 4086.580078
v -34.989746 227.647583 4086.670898
v -19.731445 233.367920 4086.430176
v -7.773193 243.360962 4086.670898
v -7.803711 249.493286 4086.580078
v -13.099121 252.585938 4089.968750
v -27.732666 247.226440 4090.208984
v -40.315430 236.872314 4090.483887
v -40.284668 230.740356 4090.059082
v -34.989746 227.647583 4089.968750
v -19.731445 233.367920 4090.208984
v -7.773193 243.360962 4089.968750
v -7.803711 249.493286 4090.059082
v -17.281738 247.820923 4084.937012
v -26.296875 244.524658 4084.839355
v -34.097656 238.112183 4084.937012
v -34.078369 234.323364 4084.999512
v -30.807129 232.412476 4084.937012
v -21.353516 235.961792 4085.329590
v -13.990967 242.121338 4084.937012
v -14.010010 245.910034 4084.999512
v -17.281738 247.820923 4091.714355
v -26.296875 244.524658 4091.812012
v -34.097656 238.112183 4091.714355
v -34.716064 233.955322 4091.840820
v -30.807129 232.412476 4091.714355
v -21.353516 235.961792 4091.321777
v -13.990967 242.121338 4091.714355
v -13.372314 246.278198 4091.840820
v -28.468018 238.760742 4095.955566
v -27.029297 223.473633 4098.630859
v -25.546143 207.465820 4095.955566
v -24.791992 204.490845 4090.629395
v -25.033691 207.521973 4085.303711
v -27.029297 223.473633 4082.628418
v -28.468018 238.760742 4085.303711
v -28.890137 241.771973 4090.629395
v -25.189941 239.121094 4095.955566
v -23.273193 223.886475 4098.630859
v -21.243408 207.938599 4095.955566
v -21.333740 204.871216 4090.629395
v -21.755615 207.882446 4085.303711
v -23.273193 223.886475 4082.628418
v -25.189941 239.121094 4085.303711
v -25.432129 242.152100 4090.629395
v -29.535156 232.602539 4093.920410
v -28.599365 223.192749 4095.573242
v -27.413086 213.301392 4093.920410
v -27.146240 211.441406 4090.629395
v -27.413086 213.301392 4087.338867
v -28.111572 223.246216 4085.686035
v -29.535156 232.602539 4087.338867
v -29.678711 234.475952 4090.629395
v -22.798584 233.343140 4093.920410
v -21.667725 223.954712 4095.573242
v -20.676514 214.041870 4093.920410
v -20.265381 211.457275 4090.629395
v -20.676514 214.041870 4087.338867
v -22.155518 223.901001 4085.686035
v -22.798584 233.343140 4087.338867
v -22.958252 235.955444 4090.629395
v -30.143799 220.480957 4088.170410
v -31.609863 204.966064 4087.929688
v -27.685059 189.150391 4087.654785
v -22.137451 186.536987 4088.079102
v -17.065674 189.983765 4088.170410
v -15.656250 206.218018 4087.929688
v -19.524414 221.314453 4088.170410
v -25.072021 223.927734 4088.079102
v -30.143799 220.480957 4091.467773
v -31.609863 204.966064 4091.708496
v -27.685059 189.150391 4091.983398
v -22.137451 186.536987 4091.558594
v -17.065674 189.983765 4091.467773
v -15.656250 206.218018 4091.708496
v -19.524414 221.314453 4091.467773
v -25.072021 223.927734 4091.558594
v -27.645264 214.653931 4086.436523
v -28.552979 205.097778 4086.338379
v -26.125977 195.295898 4086.436523
v -22.698242 193.681396 4086.498535
v -19.564697 195.810791 4086.436523
v -18.696045 205.871338 4086.829102
v -21.083740 215.168823 4086.436523
v -24.511475 216.783569 4086.498535
v -27.645264 214.653931 4093.213379
v -28.552979 205.097778 4093.311523
v -26.125977 195.295898 4093.213379
v -22.640625 192.947388 4093.339844
v -19.564697 195.810791 4093.213379
v -18.696045 205.871338 4092.820801
v -21.083740 215.168823 4093.213379
v -24.568848 217.517700 4093.339844
v -25.231934 200.629639 4095.827637
v -17.131104 187.501221 4098.051270
v -10.264404 172.998047 4095.202148
v -9.978516 169.823120 4089.946289
v -12.944092 171.788330 4084.950684
v -21.793213 185.319092 4082.899414
v -28.334961 199.177124 4085.741211
v -28.346191 202.509644 4090.889648
v -22.521729 202.182983 4094.770020
v -14.025879 189.281128 4096.839355
v -6.707275 175.037231 4093.813477
v -7.119629 171.461914 4088.830078
v -10.233887 173.341675 4083.893066
v -18.687988 187.098877 4081.687500
v -25.625000 200.730469 4084.683594
v -25.487305 204.148315 4089.774414
v -24.308594 194.302490 4094.305176
v -19.276611 186.240967 4095.663574
v -14.799316 177.380005 4093.816406
v -14.787354 175.323730 4090.633789
v -16.716553 176.482422 4087.584473
v -21.754150 185.123779 4086.144531
v -26.226074 193.405029 4088.073242
v -26.135986 195.519531 4091.216309
v -18.739502 197.494751 4092.131836
v -13.546387 189.525635 4093.427734
v -9.229980 180.572144 4091.643066
v -8.804443 177.905029 4088.420898
v -11.147217 179.674683 4085.411621
v -16.829834 187.946411 4084.223145
v -20.656738 196.597290 4085.899902
v -20.874268 199.383667 4089.041504
v -18.526611 174.228394 4094.236816
v -6.058105 165.007568 4095.794922
v 8.571045 158.342407 4093.116699
v 12.922852 160.047974 4089.124512
v 11.859131 164.534180 4085.080566
v -1.429688 173.787598 4083.242188
v -15.445801 180.072632 4085.880859
v -19.663330 178.592285 4090.080078
v -17.201416 176.451660 4096.280273
v -4.539795 167.555054 4098.136719
v 10.310547 161.260498 4095.799316
v 14.320801 162.393433 4091.280762
v 13.184326 166.757446 4087.124023
v 0.088867 176.334839 4085.583984
v -14.120605 182.295898 4087.924316
v -18.265381 180.937744 4092.235840
v -13.417480 171.207397 4091.412598
v -5.719482 165.559082 4092.407715
v 3.453369 161.606567 4090.918457
v 6.061523 162.525391 4088.327637
v 5.356689 165.217651 4085.755859
v -2.662598 171.314453 4084.956055
v -11.513916 174.818237 4086.250488
v -14.072510 173.983032 4088.917969
v -10.694336 175.776367 4095.612793
v -2.917480 170.260010 4096.729004
v 6.176514 166.175415 4095.118164
v 9.450195 166.773926 4092.548340
v 8.080078 169.786499 4089.955078
v -0.254883 175.354248 4088.669434
v -8.790771 179.387207 4090.449707
v -11.962891 178.959595 4093.176270
v -9.560791 133.380249 4091.341797
v -9.460693 133.749634 4091.825684
v -9.894531 133.894897 4091.411621
v 20.340576 127.385620 4090.019531
v 19.923584 127.423340 4090.471680
v 19.822266 127.054443 4089.988281
v -3.957520 160.783081 4094.644531
v -3.522705 160.637939 4095.055664
v -3.437012 161.114014 4094.674805
v 25.945557 154.788940 4093.321289
v 25.861816 154.311646 4093.702148
v 26.275635 154.274780 4093.250488
v -4.108154 161.751953 4086.856934
v -3.589600 162.083496 4086.888184
v -3.689697 161.714233 4086.403809
v 25.693359 155.387939 4085.050293
v 25.793457 155.757202 4085.532715
v 26.127197 155.243042 4085.462402
v -10.043945 134.863281 4083.625977
v -9.628906 134.826172 4083.173340
v -9.711426 134.349121 4083.555176
v 19.669434 128.024048 4082.201172
v 19.755371 128.500244 4081.818848
v 20.190186 128.354248 4082.231934
v 2.551514 175.368286 4092.448242
v 4.038574 175.134399 4093.811035
v 4.250000 176.448975 4092.472168
v 2.882568 170.001099 4093.490234
v 3.321289 171.952271 4093.627441
v 1.842041 172.221802 4092.296387
v 1.401855 170.256958 4092.147949
v 25.400879 170.258423 4092.836914
v 26.743652 169.938599 4091.329590
v 25.603271 171.674683 4091.430176
v 25.600830 164.848389 4091.002930
v 26.038818 166.813477 4091.152344
v 24.754639 167.163818 4092.657227
v 24.322510 165.211182 4092.518555
v 25.619385 171.606079 4090.004395
v 26.631104 169.928223 4089.935547
v 25.208740 170.253540 4088.582520
v 24.001221 165.087524 4088.261719
v 24.438721 167.038818 4088.398926
v 25.920410 166.779663 4089.735840
v 25.480225 164.815430 4089.596191
v 3.642578 175.072144 4089.559570
v 2.427734 175.309814 4091.057129
v 4.059082 176.423584 4090.980957
v 1.282227 170.224609 4090.739258
v 1.721191 172.187988 4090.880859
v 3.000000 171.828735 4089.371094
v 2.570068 169.875610 4089.232422
v 9.601807 173.788818 4093.552734
v 9.803955 175.204224 4092.146973
v 7.846680 175.641235 4092.234863
v 7.646729 174.225342 4093.641113
v 7.280518 168.530518 4091.835938
v 8.904297 169.617920 4091.962891
v 8.947021 171.014526 4093.393066
v 6.893799 171.229614 4093.471680
v 6.143311 169.308472 4093.344727
v 20.178467 171.377319 4088.810547
v 20.589600 172.729614 4090.232910
v 22.544678 172.293213 4090.144043
v 22.132568 170.941040 4088.722168
v 20.023438 165.625488 4089.813477
v 18.969482 167.299438 4089.971680
v 19.583740 168.565674 4088.648438
v 21.503662 167.780640 4088.538086
v 21.355957 165.715332 4088.384277
v 22.465332 170.914551 4092.968750
v 22.666504 172.330322 4091.563965
v 20.711182 172.767334 4091.650391
v 20.509277 171.351318 4093.058105
v 9.268799 173.815430 4089.303711
v 7.313965 174.251953 4089.394043
v 7.728027 175.603394 4090.814941
v 9.681152 175.166992 4090.727051
v 5.815918 169.182739 4089.088379
v 6.521484 171.128296 4089.216309
v 8.660156 171.080688 4089.147949
v 8.857666 169.559814 4090.468262
v 7.160645 168.512573 4090.384277
v 21.678467 165.833252 4092.640137
v 21.848145 167.880493 4092.791992
v 19.882568 168.621582 4092.901367
v 19.128662 167.333008 4091.486816
v 20.154053 165.684692 4091.283691
v -3.145996 150.157715 4089.054199
v -1.863037 149.805420 4087.541992
v -1.547607 149.928467 4091.799805
v -3.025879 150.194458 4090.461914
v 1.337891 149.089966 4087.397461
v 2.814941 148.823853 4088.734863
v 2.936768 148.860962 4090.142578
v 1.655762 149.213257 4091.654785
v 17.283203 145.721436 4090.946289
v 15.805176 145.988037 4089.607910
v 15.685547 145.950073 4088.200195
v 16.968994 145.597778 4086.689453
v 19.570068 145.016235 4086.571777
v 21.051758 144.749146 4087.909668
v 21.172119 144.786255 4089.315918
v 19.890137 145.139282 4090.827637
vt 0.122390 0.960527
vt 0.131334 0.956951
vt 0.948885 0.022240
vt 0.939451 0.022238
vt 0.136468 0.948802
vt 0.958318 0.022241
vt 0.948883 0.033690
vt 0.939450 0.033689
vt 0.113054 0.958162
vt 0.930018 0.022237
vt 0.857373 0.009359
vt 0.967780 0.022243
vt 0.958316 0.033692
vt 0.930016 0.033688
vt 0.967758 0.033685
vt 0.892444 0.010781
vt 0.111394 0.933001
vt 0.901717 0.022233
vt 0.892442 0.022232
vt 0.106257 0.941149
vt 0.911151 0.022235
vt 0.901715 0.033684
vt 0.153990 0.963090
vt 0.883979 0.022621
vt 0.128536 0.927557
vt 0.106892 0.950760
vt 0.920584 0.022236
vt 0.911149 0.033685
vt 0.145456 0.961809
vt 0.878101 0.022915
vt 0.878093 0.012164
vt 0.920582 0.033686
vt 0.878110 0.033667
vt 0.864009 0.026177
vt 0.864039 0.016036
vt 0.137708 0.964205
vt 0.122332 0.960526
vt 0.131275 0.956952
vt 0.948885 0.022240
vt 0.939451 0.022239
vt 0.136410 0.948803
vt 0.958318 0.022241
vt 0.948883 0.033690
vt 0.939450 0.033689
vt 0.112996 0.958161
vt 0.930017 0.022237
vt 0.857307 0.009358
vt 0.967780 0.022242
vt 0.958317 0.033691
vt 0.930016 0.033688
vt 0.967758 0.033685
vt 0.892444 0.010782
vt 0.111337 0.933000
vt 0.901717 0.022234
vt 0.892443 0.022232
vt 0.106200 0.941148
vt 0.911151 0.022235
vt 0.901715 0.033684
vt 0.153995 0.963095
vt 0.883979 0.022622
vt 0.128479 0.927554
vt 0.106834 0.950759
vt 0.920584 0.022236
vt 0.911149 0.033685
vt 0.145464 0.961808
vt 0.878102 0.022915
vt 0.878093 0.012164
vt 0.920583 0.033686
vt 0.878110 0.033667
vt 0.863942 0.026177
vt 0.863970 0.016036
vt 0.137698 0.964205
vt 0.122391 0.960526
vt 0.131334 0.956951
vt 0.948884 0.022240
vt 0.939451 0.022239
vt 0.136468 0.948802
vt 0.958318 0.022242
vt 0.948883 0.033690
vt 0.939450 0.033689
vt 0.113054 0.958161
vt 0.930018 0.022237
vt 0.857374 0.009359
vt 0.967780 0.022244
vt 0.958316 0.033692
vt 0.930016 0.033688
vt 0.967757 0.033686
vt 0.892444 0.010781
vt 0.111395 0.933001
vt 0.901717 0.022233
vt 0.892442 0.022231
vt 0.106258 0.941149
vt 0.911151 0.022234
vt 0.901715 0.033683
vt 0.153994 0.963094
vt 0.883979 0.022621
vt 0.128536 0.927557
vt 0.106892 0.950759
vt 0.920584 0.022236
vt 0.911149 0.033685
vt 0.145463 0.961809
vt 0.878102 0.022914
vt 0.878094 0.012163
vt 0.920582 0.033686
vt 0.878110 0.033666
vt 0.864009 0.026176
vt 0.864039 0.016036
vt 0.137697 0.964207
vt 0.122391 0.960526
vt 0.131334 0.956952
vt 0.948885 0.022240
vt 0.939451 0.022239
vt 0.136468 0.948803
vt 0.958318 0.022241
vt 0.948883 0.033690
vt 0.939450 0.033689
vt 0.113054 0.958161
vt 0.930018 0.022237
vt 0.857306 0.009359
vt 0.967780 0.022243
vt 0.958317 0.033691
vt 0.930016 0.033688
vt 0.967758 0.033685
vt 0.892444 0.010782
vt 0.111395 0.933001
vt 0.901717 0.022233
vt 0.892443 0.022232
vt 0.106258 0.941149
vt 0.911151 0.022235
vt 0.901715 0.033684
vt 0.153995 0.963095
vt 0.883979 0.022622
vt 0.128536 0.927557
vt 0.106892 0.950759
vt 0.920584 0.022236
vt 0.911149 0.033685
vt 0.145464 0.961808
vt 0.878102 0.022915
vt 0.878093 0.012164
vt 0.920583 0.033686
vt 0.878110 0.033667
vt 0.863942 0.026176
vt 0.863972 0.016036
vt 0.137698 0.964205
vt 0.190889 0.945427
vt 0.186109 0.952006
vt 0.186109 0.960137
vt 0.190889 0.966716
vt 0.186110 0.960138
vt 0.186110 0.952005
vt 0.198623 0.942913
vt 0.198623 0.969229
vt 0.190890 0.966716
vt 0.190889 0.945426
vt 0.206358 0.966716
vt 0.211137 0.960137
vt 0.211137 0.952005
vt 0.206357 0.945426
vt 0.211137 0.952005
vt 0.211137 0.960137
vt 0.198624 0.969229
vt 0.198624 0.942913
vt 0.206357 0.945426
vt 0.206358 0.966716
vt 0.190889 0.945427
vt 0.186109 0.952006
vt 0.186109 0.960136
vt 0.190889 0.966715
vt 0.186110 0.960138
vt 0.186110 0.952004
vt 0.198623 0.942913
vt 0.198623 0.969229
vt 0.190890 0.966716
vt 0.190890 0.945426
vt 0.206357 0.966716
vt 0.211137 0.960137
vt 0.211137 0.952005
vt 0.206357 0.945426
vt 0.211137 0.952005
vt 0.211137 0.960137
vt 0.198624 0.969229
vt 0.198624 0.942913
vt 0.206357 0.945426
vt 0.206357 0.966716
vt 0.190889 0.945427
vt 0.186109 0.952006
vt 0.186109 0.960137
vt 0.190889 0.966716
vt 0.186110 0.960138
vt 0.186109 0.952005
vt 0.198623 0.942913
vt 0.198624 0.969229
vt 0.190890 0.966716
vt 0.190889 0.945426
vt 0.206358 0.966716
vt 0.211137 0.960137
vt 0.211137 0.952004
vt 0.206357 0.945426
vt 0.211137 0.952005
vt 0.211137 0.960136
vt 0.198624 0.969229
vt 0.198623 0.942913
vt 0.206357 0.945426
vt 0.206358 0.966716
vt 0.190889 0.945427
vt 0.186109 0.952006
vt 0.186109 0.960137
vt 0.190889 0.966716
vt 0.186110 0.960138
vt 0.186109 0.952005
vt 0.198623 0.942913
vt 0.198624 0.969229
vt 0.190890 0.966716
vt 0.190889 0.945426
vt 0.206358 0.966716
vt 0.211137 0.960137
vt 0.211137 0.952004
vt 0.206357 0.945426
vt 0.211137 0.952005
vt 0.211137 0.960136
vt 0.198624 0.969229
vt 0.198623 0.942913
vt 0.206357 0.945426
vt 0.206357 0.966716
vt 0.026215 0.009672
vt 0.608375 0.009612
vt 0.026217 0.034553
vt 0.439045 0.638465
vt 0.608377 0.009650
vt 0.026457 0.048590
vt 0.026452 0.073300
vt 0.029920 0.643078
vt 0.669152 0.713405
vt 0.082162 0.721440
vt 0.080752 0.711046
vt 0.669698 0.702863
vt 0.669475 0.652461
vt 0.081886 0.722637
vt 0.648670 0.732856
vt 0.646734 0.743305
vt 0.088922 0.749382
vt 0.086711 0.738942
vt 0.602243 0.627238
vt 0.647090 0.744498
vt 0.628775 0.910537
vt 0.030920 0.917748
vt 0.718578 0.851325
vt 0.631132 0.900133
vt 0.592054 0.660081
vt 0.714720 0.862098
vt 0.645098 0.831093
vt 0.643912 0.841515
vt 0.684989 0.957368
vt 0.692476 0.949436
vt 0.524820 0.652241
vt 0.644213 0.842706
vt 0.689079 0.726801
vt 0.084548 0.735215
vt 0.083143 0.724819
vt 0.689625 0.716260
vt 0.084272 0.736412
vt 0.902148 0.658511
vt 0.689546 0.749522
vt 0.687740 0.760008
vt 0.089632 0.763310
vt 0.087421 0.752909
vt 0.687975 0.761239
vt 0.835758 0.652442
vt 0.635673 0.882785
vt 0.036467 0.888359
vt 0.725883 0.821712
vt 0.637029 0.872330
vt 0.722015 0.832482
vt 0.821215 0.659793
vt 0.652414 0.801417
vt 0.651224 0.811840
vt 0.699327 0.918081
vt 0.704866 0.909184
vt 0.651525 0.813031
vt 0.753983 0.665955
vt 0.631693 0.896529
vt 0.041983 0.904951
vt 0.720919 0.837454
vt 0.632924 0.886089
vt 0.980685 0.657975
vt 0.717052 0.848225
vt 0.647448 0.817170
vt 0.646258 0.827591
vt 0.695864 0.931236
vt 0.701425 0.922089
vt 0.912599 0.665931
vt 0.646558 0.828783
vt 0.635728 0.868638
vt 0.076889 0.874752
vt 0.715603 0.865681
vt 0.637447 0.858177
vt 0.745095 0.628644
vt 0.711716 0.876443
vt 0.642174 0.845249
vt 0.640960 0.855668
vt 0.706572 0.903112
vt 0.711645 0.893663
vt 0.677863 0.653871
vt 0.641258 0.856859
vt 0.037903 0.638510
vt 0.028118 0.182534
vt 0.034910 0.185567
vt 0.044591 0.635822
vt 0.424186 0.631320
vt 0.424378 0.181608
vt 0.430648 0.178386
vt 0.430686 0.633945
vt 0.565070 0.921881
vt 0.568095 0.927479
vt 0.563138 0.932259
vt 0.562103 0.928570
vt 0.550958 0.995929
vt 0.551802 0.926589
vt 0.564741 0.943409
vt 0.561691 0.943230
vt 0.566003 0.990303
vt 0.560986 0.985361
vt 0.548985 0.990124
vt 0.566824 0.956086
vt 0.561903 0.953736
vt 0.562864 0.974221
vt 0.559978 0.974141
vt 0.568262 0.959362
vt 0.561018 0.958895
vt 0.548082 0.961750
vt 0.546913 0.958125
vt 0.553505 0.958404
vt 0.553238 0.964005
vt 0.566454 0.962451
vt 0.548328 0.954711
vt 0.553672 0.952766
vt 0.554046 0.974309
vt 0.551020 0.974334
vt 0.551873 0.942577
vt 0.555031 0.942933
vt 0.553583 0.985344
vt 0.483724 0.977380
vt 0.479856 0.964553
vt 0.485106 0.966351
vt 0.486668 0.976928
vt 0.495536 0.976877
vt 0.498034 0.963837
vt 0.478304 0.961117
vt 0.485472 0.960856
vt 0.486874 0.987712
vt 0.482441 0.992651
vt 0.499555 0.991908
vt 0.499584 0.960779
vt 0.479836 0.957629
vt 0.484784 0.955359
vt 0.484713 0.998360
vt 0.488223 0.991497
vt 0.493192 0.934216
vt 0.498179 0.929167
vt 0.495494 0.944422
vt 0.492378 0.944602
vt 0.495019 0.923655
vt 0.492207 0.929748
vt 0.481214 0.929063
vt 0.482549 0.944358
vt 0.497807 0.957784
vt 0.493099 0.955287
vt 0.494190 0.987234
vt 0.492937 0.960763
vt 0.564741 0.943411
vt 0.568095 0.927481
vt 0.551806 0.926591
vt 0.551874 0.942579
vt 0.561691 0.943233
vt 0.563139 0.932262
vt 0.565067 0.921884
vt 0.550946 0.995929
vt 0.548330 0.954710
vt 0.566822 0.956086
vt 0.561903 0.953738
vt 0.551015 0.974335
vt 0.562861 0.974224
vt 0.566454 0.962452
vt 0.548081 0.961750
vt 0.565995 0.990307
vt 0.548976 0.990123
vt 0.568262 0.959361
vt 0.546914 0.958123
vt 0.554041 0.974312
vt 0.553236 0.964008
vt 0.553575 0.985345
vt 0.553505 0.958406
vt 0.561288 0.964149
vt 0.559974 0.974144
vt 0.560979 0.985364
vt 0.561018 0.958897
vt 0.555032 0.942937
vt 0.555661 0.931803
vt 0.553672 0.952769
vt 0.562104 0.928574
vt 0.554593 0.989960
vt 0.485673 0.944736
vt 0.482549 0.944357
vt 0.481212 0.929062
vt 0.485704 0.933981
vt 0.479835 0.957629
vt 0.484784 0.955359
vt 0.484711 0.998363
vt 0.488225 0.991500
vt 0.478304 0.961118
vt 0.485472 0.960856
vt 0.482442 0.992653
vt 0.486874 0.987714
vt 0.479858 0.964553
vt 0.485106 0.966351
vt 0.483724 0.977381
vt 0.486667 0.976929
vt 0.493191 0.934215
vt 0.498178 0.929166
vt 0.495494 0.944422
vt 0.492377 0.944601
vt 0.495019 0.923654
vt 0.492206 0.929748
vt 0.497806 0.957785
vt 0.493098 0.955287
vt 0.499560 0.991903
vt 0.494192 0.987233
vt 0.499584 0.960779
vt 0.492936 0.960763
vt 0.492590 0.976820
vt 0.495534 0.976876
vt 0.498033 0.963838
vt 0.493157 0.966203
vt 0.565069 0.921879
vt 0.566004 0.990303
vt 0.548987 0.990124
vt 0.550960 0.995929
vt 0.562865 0.974220
vt 0.551020 0.974333
vt 0.568093 0.927478
vt 0.551800 0.926589
vt 0.568262 0.959361
vt 0.566824 0.956085
vt 0.548328 0.954710
vt 0.546913 0.958125
vt 0.564740 0.943408
vt 0.551872 0.942576
vt 0.566454 0.962451
vt 0.548083 0.961750
vt 0.560987 0.985360
vt 0.562102 0.928568
vt 0.554604 0.989957
vt 0.553584 0.985343
vt 0.563137 0.932258
vt 0.555657 0.931799
vt 0.554046 0.974309
vt 0.559979 0.974140
vt 0.561903 0.953735
vt 0.561018 0.958894
vt 0.553505 0.958404
vt 0.553671 0.952766
vt 0.561289 0.964146
vt 0.553239 0.964005
vt 0.561690 0.943229
vt 0.555030 0.942933
vt 0.522512 0.926199
vt 0.520163 0.920559
vt 0.510114 0.995067
vt 0.506278 0.927079
vt 0.524167 0.989924
vt 0.507154 0.989433
vt 0.526411 0.961624
vt 0.527734 0.958134
vt 0.506267 0.958226
vt 0.507881 0.961371
vt 0.526305 0.954557
vt 0.507865 0.955038
vt 0.180188 0.934640
vt 0.189069 0.928935
vt 0.190652 0.936463
vt 0.183608 0.939811
vt 0.198503 0.927321
vt 0.198468 0.936319
vt 0.170618 0.946059
vt 0.177145 0.947814
vt 0.207989 0.928957
vt 0.206233 0.936491
vt 0.216787 0.934750
vt 0.213174 0.939936
vt 0.226185 0.946183
vt 0.219718 0.947812
vt 0.186655 0.993021
vt 0.178951 0.981408
vt 0.185910 0.978163
vt 0.190929 0.984728
vt 0.178670 0.963323
vt 0.185726 0.966349
vt 0.198973 0.996474
vt 0.198973 0.986256
vt 0.211291 0.993022
vt 0.207017 0.984728
vt 0.218995 0.981409
vt 0.212036 0.978164
vt 0.219277 0.963324
vt 0.212220 0.966350
vt 0.568091 0.927474
vt 0.565062 0.921878
vt 0.550959 0.995929
vt 0.551800 0.926589
vt 0.566003 0.990303
vt 0.548985 0.990124
vt 0.566454 0.962451
vt 0.568262 0.959362
vt 0.546913 0.958125
vt 0.548083 0.961750
vt 0.566824 0.956085
vt 0.548329 0.954710
vt 0.479835 0.957629
vt 0.478300 0.961124
vt 0.499588 0.960791
vt 0.497813 0.957796
vt 0.479862 0.964559
vt 0.498035 0.963846
vt 0.482468 0.992659
vt 0.484745 0.998366
vt 0.495071 0.923669
vt 0.499580 0.991901
vt 0.481257 0.929056
vt 0.498221 0.929185
vt 0.180187 0.934640
vt 0.189068 0.928935
vt 0.190652 0.936462
vt 0.183608 0.939811
vt 0.198502 0.927320
vt 0.198467 0.936318
vt 0.170619 0.946060
vt 0.177146 0.947815
vt 0.207989 0.928956
vt 0.206232 0.936490
vt 0.216786 0.934748
vt 0.213174 0.939934
vt 0.226184 0.946180
vt 0.219718 0.947810
vt 0.186660 0.993024
vt 0.178954 0.981412
vt 0.185912 0.978166
vt 0.190933 0.984730
vt 0.178670 0.963327
vt 0.185727 0.966352
vt 0.198978 0.996475
vt 0.198977 0.986257
vt 0.211295 0.993021
vt 0.207020 0.984728
vt 0.218998 0.981407
vt 0.212038 0.978162
vt 0.219277 0.963322
vt 0.212221 0.966349
vt 0.568090 0.927474
vt 0.565061 0.921878
vt 0.550960 0.995928
vt 0.551799 0.926589
vt 0.566004 0.990302
vt 0.548986 0.990123
vt 0.564741 0.943408
vt 0.551873 0.942577
vt 0.566454 0.962451
vt 0.568262 0.959361
vt 0.546914 0.958125
vt 0.548083 0.961750
vt 0.566824 0.956085
vt 0.548329 0.954710
vt 0.551020 0.974334
vt 0.562865 0.974220
vt 0.562100 0.928569
vt 0.563135 0.932257
vt 0.555656 0.931799
vt 0.554603 0.989957
vt 0.561690 0.943229
vt 0.555030 0.942933
vt 0.561018 0.958894
vt 0.561289 0.964146
vt 0.553239 0.964005
vt 0.553505 0.958404
vt 0.559978 0.974140
vt 0.554046 0.974309
vt 0.561691 0.943234
vt 0.564741 0.943412
vt 0.566823 0.956087
vt 0.561903 0.953738
vt 0.568099 0.927485
vt 0.563141 0.932264
vt 0.568262 0.959363
vt 0.561018 0.958897
vt 0.565074 0.921887
vt 0.562108 0.928575
vt 0.566454 0.962453
vt 0.561288 0.964149
vt 0.566001 0.990305
vt 0.560984 0.985362
vt 0.562863 0.974223
vt 0.559976 0.974143
vt 0.553672 0.952769
vt 0.548330 0.954711
vt 0.551874 0.942579
vt 0.555031 0.942936
vt 0.546914 0.958126
vt 0.553505 0.958406
vt 0.551807 0.926589
vt 0.555661 0.931802
vt 0.548081 0.961751
vt 0.553237 0.964008
vt 0.550956 0.995930
vt 0.554600 0.989959
vt 0.554044 0.974311
vt 0.551018 0.974335
vt 0.548983 0.990125
vt 0.553581 0.985345
vt 0.548330 0.954708
vt 0.566823 0.956083
vt 0.564742 0.943408
vt 0.551875 0.942578
vt 0.568263 0.959358
vt 0.546913 0.958122
vt 0.568095 0.927477
vt 0.551806 0.926589
vt 0.566004 0.990303
vt 0.562865 0.974221
vt 0.551019 0.974334
vt 0.548986 0.990124
vt 0.566456 0.962449
vt 0.548080 0.961749
vt 0.565066 0.921881
vt 0.550959 0.995930
vt 0.561290 0.964147
vt 0.559978 0.974141
vt 0.554045 0.974310
vt 0.553237 0.964006
vt 0.560986 0.985361
vt 0.553583 0.985344
vt 0.562103 0.928571
vt 0.554603 0.989958
vt 0.563138 0.932259
vt 0.561691 0.943231
vt 0.555032 0.942935
vt 0.555660 0.931801
vt 0.561904 0.953735
vt 0.553673 0.952767
vt 0.561019 0.958895
vt 0.553505 0.958405
vt 0.561287 0.964148
vt 0.566455 0.962451
vt 0.562859 0.974223
vt 0.559972 0.974143
vt 0.568262 0.959358
vt 0.561017 0.958896
vt 0.565994 0.990305
vt 0.560978 0.985363
vt 0.546914 0.958120
vt 0.548079 0.961746
vt 0.566822 0.956083
vt 0.561903 0.953736
vt 0.565065 0.921881
vt 0.562103 0.928572
vt 0.561691 0.943231
vt 0.564742 0.943408
vt 0.568094 0.927478
vt 0.563138 0.932260
vt 0.555660 0.931801
vt 0.554592 0.989958
vt 0.551875 0.942578
vt 0.551804 0.926590
vt 0.555032 0.942935
vt 0.550948 0.995930
vt 0.553673 0.952767
vt 0.548332 0.954707
vt 0.548976 0.990124
vt 0.553574 0.985344
vt 0.553504 0.958405
vt 0.551012 0.974334
vt 0.554038 0.974310
vt 0.553235 0.964006
vt 0.565066 0.921881
vt 0.566008 0.990294
vt 0.548987 0.990126
vt 0.550960 0.995931
vt 0.553583 0.985345
vt 0.554605 0.989959
vt 0.568095 0.927477
vt 0.551806 0.926588
vt 0.551016 0.974334
vt 0.554042 0.974310
vt 0.555661 0.931800
vt 0.568262 0.959356
vt 0.566822 0.956081
vt 0.548332 0.954706
vt 0.546914 0.958119
vt 0.561017 0.958894
vt 0.561903 0.953735
vt 0.566455 0.962447
vt 0.548078 0.961746
vt 0.561288 0.964145
vt 0.561691 0.943230
vt 0.564742 0.943407
vt 0.560988 0.985357
vt 0.562104 0.928571
vt 0.563139 0.932259
vt 0.553504 0.958404
vt 0.553673 0.952766
vt 0.553235 0.964005
vt 0.251121 0.938982
vt 0.243628 0.932222
vt 0.293429 0.932222
vt 0.287039 0.938982
vt 0.250591 0.939499
vt 0.243572 0.933090
vt 0.294562 0.932222
vt 0.243572 0.932222
vt 0.287569 0.939499
vt 0.294562 0.932530
vt 0.251121 0.939499
vt 0.287039 0.939499
vt 0.244732 0.985773
vt 0.251121 0.979167
vt 0.287039 0.979167
vt 0.294562 0.985773
vt 0.250591 0.978648
vt 0.243572 0.985773
vt 0.251121 0.978648
vt 0.287039 0.978648
vt 0.287569 0.978648
vt 0.294562 0.985056
vt 0.294562 0.985773
vt 0.337979 0.976932
vt 0.449649 0.947139
vt 0.449010 0.948362
vt 0.447649 0.947840
vt 0.466498 0.947608
vt 0.451715 0.947918
vt 0.450927 0.949249
vt 0.468826 0.950297
vt 0.447642 0.950277
vt 0.465149 0.949177
vt 0.464409 0.947864
vt 0.466955 0.927560
vt 0.451086 0.926854
vt 0.449269 0.951149
vt 0.453146 0.927263
vt 0.467025 0.951023
vt 0.447636 0.951720
vt 0.446113 0.951803
vt 0.464888 0.927393
vt 0.450339 0.971110
vt 0.451039 0.972274
vt 0.449613 0.972763
vt 0.467102 0.970105
vt 0.452188 0.970085
vt 0.453055 0.971363
vt 0.453490 0.992551
vt 0.452059 0.992946
vt 0.464385 0.970733
vt 0.465092 0.969388
vt 0.448876 0.969349
vt 0.447565 0.969738
vt 0.450417 0.968398
vt 0.455527 0.992027
vt 0.466203 0.991438
vt 0.466975 0.967508
vt 0.448710 0.967861
vt 0.468744 0.966574
vt 0.458799 0.949625
vt 0.457180 0.949748
vt 0.458394 0.927596
vt 0.459737 0.927471
vt 0.457046 0.953091
vt 0.458697 0.953050
vt 0.455042 0.949521
vt 0.456481 0.927653
vt 0.460920 0.949161
vt 0.461654 0.927361
vt 0.457829 0.969516
vt 0.459458 0.969556
vt 0.461522 0.991531
vt 0.460162 0.991481
vt 0.459294 0.966138
vt 0.457632 0.966242
vt 0.461556 0.969868
vt 0.463466 0.991557
vt 0.455714 0.969929
vt 0.458226 0.991554
vt 0.461241 0.965754
vt 0.462307 0.967784
vt 0.094985 0.162996
vt 0.295672 0.157672
vt 0.361057 0.160710
vt 0.096640 0.168094
vt 0.098302 0.175586
vt 0.165209 0.163548
vt 0.165751 0.171154
vt 0.230507 0.162355
vt 0.230560 0.169977
vt 0.295628 0.163035
vt 0.295261 0.170665
vt 0.360629 0.165971
vt 0.359380 0.173308
vt 0.121361 0.944979
vt 0.129669 0.931807
vt 0.134315 0.930493
vt 0.136162 0.931165
vt 0.650808 0.010237
vt 0.651774 0.015222
vt 0.652079 0.016478
vt 0.624887 0.026186
vt 0.622520 0.026186
vt 0.629377 0.026186
vt 0.152758 0.979086
vt 0.144304 0.965986
vt 0.139807 0.964859
vt 0.863056 0.037482
vt 0.651775 0.037147
vt 0.650817 0.042134
vt 0.652080 0.035891
vt 0.121303 0.944979
vt 0.129610 0.931804
vt 0.134258 0.930498
vt 0.136104 0.931163
vt 0.650860 0.010242
vt 0.651823 0.015229
vt 0.652131 0.016484
vt 0.624952 0.026190
vt 0.622586 0.026190
vt 0.629441 0.026189
vt 0.152757 0.979086
vt 0.144299 0.965982
vt 0.139801 0.964847
vt 0.862988 0.037483
vt 0.651826 0.037148
vt 0.650872 0.042135
vt 0.652134 0.035892
vt 0.121361 0.944979
vt 0.129670 0.931807
vt 0.134316 0.930492
vt 0.136163 0.931165
vt 0.650808 0.010237
vt 0.651774 0.015223
vt 0.652079 0.016478
vt 0.624887 0.026187
vt 0.622519 0.026187
vt 0.629378 0.026186
vt 0.152759 0.979086
vt 0.144298 0.965983
vt 0.139800 0.964849
vt 0.863056 0.037481
vt 0.651775 0.037147
vt 0.650817 0.042134
vt 0.652080 0.035892
vt 0.121361 0.944979
vt 0.129670 0.931807
vt 0.134316 0.930493
vt 0.136163 0.931165
vt 0.650872 0.010237
vt 0.651838 0.015223
vt 0.652143 0.016478
vt 0.624952 0.026188
vt 0.622585 0.026190
vt 0.629443 0.026186
vt 0.152758 0.979086
vt 0.144299 0.965983
vt 0.139801 0.964847
vt 0.862988 0.037482
vt 0.651839 0.037147
vt 0.650882 0.042134
vt 0.652146 0.035892
vt 0.198623 0.956071
vt 0.198623 0.956071
vt 0.198623 0.956071
vt 0.198623 0.956071
vt 0.198623 0.956071
vt 0.198623 0.956071
vt 0.198623 0.956071
vt 0.198623 0.956071
vt 0.122396 0.073319
vt 0.122401 0.048608
vt 0.203414 0.048624
vt 0.203410 0.073334
vt 0.104757 0.677681
vt 0.171191 0.688321
vt 0.281755 0.048639
vt 0.281750 0.073349
vt 0.235839 0.694163
vt 0.360096 0.048654
vt 0.360091 0.073364
vt 0.300558 0.687910
vt 0.437622 0.048668
vt 0.437617 0.073379
vt 0.364652 0.676397
vt 0.107704 0.661142
vt 0.105265 0.668044
vt 0.172351 0.671243
vt 0.171303 0.678493
vt 0.037537 0.638867
vt 0.105109 0.668478
vt 0.235565 0.677051
vt 0.235615 0.684335
vt 0.171242 0.678950
vt 0.298774 0.670876
vt 0.299967 0.678103
vt 0.235617 0.684797
vt 0.360530 0.660239
vt 0.363226 0.666900
vt 0.300038 0.678559
vt 0.363398 0.667325
vt 0.431491 0.634339
vt 0.431465 0.178167
vt 0.554602 0.989957
vt 0.555658 0.931799
vt 0.493158 0.966203
vt 0.485704 0.933981
vt 0.519487 0.942318
vt 0.522625 0.942036
vt 0.520968 0.952790
vt 0.518697 0.931308
vt 0.520536 0.958154
vt 0.517139 0.927622
vt 0.521035 0.963531
vt 0.519726 0.985002
vt 0.522710 0.973933
vt 0.519744 0.973737
vt 0.512723 0.952684
vt 0.509734 0.943117
vt 0.512830 0.942987
vt 0.512977 0.958126
vt 0.511254 0.931944
vt 0.512957 0.963539
vt 0.513177 0.989113
vt 0.513808 0.973701
vt 0.510882 0.973602
vt 0.512345 0.984632
vt 0.166239 0.942195
vt 0.176415 0.930373
vt 0.186912 0.923643
vt 0.220519 0.930267
vt 0.230759 0.942250
vt 0.209867 0.923545
vt 0.564742 0.943408
vt 0.551873 0.942577
vt 0.562864 0.974221
vt 0.551020 0.974333
vt 0.561289 0.964146
vt 0.559978 0.974140
vt 0.554046 0.974309
vt 0.553238 0.964005
vt 0.560986 0.985361
vt 0.553583 0.985344
vt 0.561018 0.958894
vt 0.553505 0.958404
vt 0.562101 0.928569
vt 0.554602 0.989957
vt 0.563136 0.932257
vt 0.561691 0.943229
vt 0.555031 0.942933
vt 0.555657 0.931799
vt 0.561903 0.953735
vt 0.553671 0.952766
vt 0.485693 0.944737
vt 0.482568 0.944354
vt 0.485740 0.933982
vt 0.484790 0.955361
vt 0.488248 0.991499
vt 0.485474 0.960857
vt 0.486895 0.987715
vt 0.485111 0.966353
vt 0.483738 0.977384
vt 0.486680 0.976930
vt 0.493227 0.934226
vt 0.495514 0.944436
vt 0.492398 0.944611
vt 0.492249 0.929758
vt 0.493107 0.955294
vt 0.494211 0.987231
vt 0.492941 0.960768
vt 0.492602 0.976820
vt 0.495546 0.976875
vt 0.493162 0.966205
vt 0.166239 0.942196
vt 0.176415 0.930374
vt 0.186911 0.923643
vt 0.220518 0.930265
vt 0.230758 0.942248
vt 0.209866 0.923543
vt 0.560986 0.985360
vt 0.553583 0.985343
vt 0.561903 0.953735
vt 0.553671 0.952766
vt 0.551876 0.942577
vt 0.562862 0.974217
vt 0.449240 0.954032
vt 0.449957 0.955247
vt 0.448453 0.955471
vt 0.447753 0.954448
vt 0.452103 0.954721
vt 0.451265 0.953293
vt 0.450271 0.964646
vt 0.448773 0.964525
vt 0.463820 0.954335
vt 0.464652 0.953026
vt 0.452381 0.965005
vt 0.448254 0.965652
vt 0.449728 0.965939
vt 0.464008 0.964544
vt 0.451761 0.966466
vt 0.464977 0.965828
vt 0.460856 0.953305
vt 0.454983 0.953576
vt 0.455423 0.965907
vt 0.454035 0.951543
vt 0.561289 0.964147
vt 0.485675 0.944736
vt 0.492592 0.976820
vt 0.198372 0.921555
vt 0.198371 0.921554
vt 0.555033 0.942934
vt 0.559975 0.974139
vt 0.454614 0.968017
vt 0.461840 0.951152
vt 0.608377 0.034493
vt 0.439285 0.173861
vt 0.534467 0.073398
vt 0.440046 0.639036
vt 0.534471 0.048687
vt 0.026217 0.009634
vt 0.028930 0.643661
vt 0.026216 0.034515
vt 0.300720 0.688908
vt 0.235846 0.695175
vt 0.171047 0.689321
vt 0.365022 0.677343
vt 0.440160 0.173882
vt 0.104422 0.678640
vt 0.608376 0.034530
vt 0.018832 0.178334
vt 0.019824 0.178506
vt 0.230113 0.156991
vt 0.164325 0.158213
vt 0.082075 0.953194
vt 0.086917 0.961050
vt 0.073549 0.949667
vt 0.064876 0.952334
vt 0.058440 0.958862
vt 0.057603 0.967961
vt 0.062265 0.975962
vt 0.070819 0.979246
vt 0.079930 0.977327
vt 0.085879 0.970266
vt 0.083496 0.955122
vt 0.087269 0.963386
vt 0.075686 0.950280
vt 0.066328 0.950730
vt 0.058679 0.956404
vt 0.056438 0.965390
vt 0.060142 0.974073
vt 0.068279 0.977610
vt 0.077729 0.978101
vt 0.084681 0.972392
vt 0.086623 0.961048
vt 0.082027 0.952997
vt 0.085982 0.970256
vt 0.079753 0.977168
vt 0.070913 0.979568
vt 0.062428 0.975862
vt 0.057734 0.968017
vt 0.059066 0.958943
vt 0.064515 0.951679
vt 0.073484 0.949511
vt 0.137929 0.965773
vt 0.139790 0.963724
vt 0.138239 0.973455
vt 0.857252 0.042582
vt 0.883977 0.033674
vt 0.892441 0.033682
vt 0.162610 0.967024
vt 0.167824 0.975117
vt 0.137700 0.983077
vt 0.142916 0.991167
vt 0.151891 0.994647
vt 0.161199 0.992188
vt 0.167284 0.984729
vt 0.081367 0.936507
vt 0.095958 0.947270
vt 0.063281 0.936458
vt 0.048596 0.947035
vt 0.042798 0.964321
vt 0.048342 0.981676
vt 0.063010 0.992486
vt 0.080965 0.992485
vt 0.095770 0.981912
vt 0.101422 0.964663
vt 0.081144 0.936582
vt 0.095834 0.947247
vt 0.062984 0.936575
vt 0.048404 0.947192
vt 0.042775 0.964454
vt 0.048382 0.981712
vt 0.063069 0.992418
vt 0.081166 0.992409
vt 0.095858 0.981758
vt 0.101447 0.964533
vt 0.095830 0.947254
vt 0.081111 0.936592
vt 0.101464 0.964468
vt 0.095867 0.981732
vt 0.081243 0.992401
vt 0.063067 0.992395
vt 0.048375 0.981748
vt 0.042758 0.964487
vt 0.048284 0.947324
vt 0.062959 0.936630
vt 0.095838 0.947259
vt 0.081123 0.936595
vt 0.101464 0.964474
vt 0.095864 0.981735
vt 0.081242 0.992399
vt 0.063068 0.992393
vt 0.048375 0.981745
vt 0.042757 0.964480
vt 0.048290 0.947312
vt 0.062971 0.936623
vt 0.135783 0.939146
vt 0.138240 0.973457
vt 0.086651 0.961049
vt 0.082040 0.952998
vt 0.086023 0.970265
vt 0.079808 0.977208
vt 0.070953 0.979599
vt 0.062470 0.975883
vt 0.057780 0.968041
vt 0.059125 0.958982
vt 0.064541 0.951708
vt 0.073496 0.949524
vt 0.745066 0.114105
vt 0.677833 0.114109
vt 0.980602 0.109789
vt 0.912515 0.109800
vt 0.821131 0.109765
vt 0.753898 0.109776
vt 0.902101 0.109310
vt 0.835712 0.109315
vt 0.592000 0.110926
vt 0.524767 0.110933
vt 0.020816 0.787076
vt 0.669473 0.112699
vt 0.089413 0.750630
vt 0.602468 0.112700
vt 0.055303 0.859919
vt 0.635289 0.869889
vt 0.050390 0.832950
vt 0.631236 0.897757
vt 0.047718 0.817132
vt 0.635209 0.884009
vt 0.090219 0.764553
vt 0.030477 0.805042
vt 0.056574 0.847051
vt 0.628089 0.911795
vt 0.543414 0.958153
vt 0.544919 0.953605
vt 0.544627 0.962483
vt 0.547007 0.974780
vt 0.545616 0.990584
vt 0.550446 0.919465
vt 0.547483 0.925745
vt 0.547903 0.941797
vt 0.543414 0.958154
vt 0.544918 0.953607
vt 0.544627 0.962484
vt 0.547002 0.974779
vt 0.545604 0.990582
vt 0.550445 0.919466
vt 0.547481 0.925746
vt 0.547903 0.941799
vt 0.543413 0.958159
vt 0.544918 0.953608
vt 0.544630 0.962489
vt 0.547011 0.974781
vt 0.545615 0.990583
vt 0.550446 0.919465
vt 0.547482 0.925745
vt 0.547902 0.941798
vt 0.543414 0.958164
vt 0.544916 0.953613
vt 0.544631 0.962492
vt 0.547010 0.974782
vt 0.545612 0.990584
vt 0.550450 0.919465
vt 0.547485 0.925745
vt 0.547901 0.941801
vt 0.543414 0.958165
vt 0.544914 0.953613
vt 0.544632 0.962493
vt 0.547012 0.974780
vt 0.545615 0.990582
vt 0.550436 0.919467
vt 0.547476 0.925748
vt 0.547900 0.941800
vt 0.480049 0.922051
vt 0.477947 0.928476
vt 0.479107 0.993219
vt 0.479754 0.978135
vt 0.476569 0.965731
vt 0.474837 0.961554
vt 0.475203 0.956569
vt 0.478581 0.943730
vt 0.543414 0.958165
vt 0.544914 0.953613
vt 0.544632 0.962493
vt 0.547012 0.974781
vt 0.545614 0.990583
vt 0.550436 0.919467
vt 0.547476 0.925748
vt 0.547900 0.941800
vt 0.531223 0.957921
vt 0.529697 0.953547
vt 0.529836 0.962675
vt 0.526706 0.974606
vt 0.527497 0.990375
vt 0.525486 0.996864
vt 0.526786 0.925052
vt 0.526591 0.941235
vt 0.543414 0.958166
vt 0.544913 0.953614
vt 0.544632 0.962493
vt 0.547012 0.974781
vt 0.545616 0.990583
vt 0.550436 0.919466
vt 0.547476 0.925747
vt 0.547900 0.941800
vt 0.479994 0.922060
vt 0.477902 0.928487
vt 0.479080 0.993208
vt 0.479738 0.978125
vt 0.476562 0.965718
vt 0.474842 0.961547
vt 0.475202 0.956571
vt 0.478560 0.943738
vt 0.543414 0.958160
vt 0.544917 0.953611
vt 0.544629 0.962489
vt 0.547006 0.974780
vt 0.545604 0.990580
vt 0.550447 0.919468
vt 0.547483 0.925747
vt 0.547902 0.941800
vt 0.479995 0.922061
vt 0.477903 0.928488
vt 0.479080 0.993207
vt 0.479739 0.978125
vt 0.476561 0.965717
vt 0.474841 0.961544
vt 0.475204 0.956569
vt 0.478562 0.943739
vt 0.543414 0.958166
vt 0.544914 0.953614
vt 0.544632 0.962493
vt 0.547011 0.974781
vt 0.545614 0.990583
vt 0.550438 0.919466
vt 0.547478 0.925748
vt 0.547900 0.941800
vt 0.466862 0.964885
vt 0.466087 0.964038
vt 0.465857 0.954763
vt 0.466483 0.953937
vt 0.449637 0.926524
vt 0.448200 0.946718
vt 0.467162 0.948436
vt 0.446319 0.949931
vt 0.468670 0.952045
vt 0.466480 0.970911
vt 0.468256 0.991158
vt 0.468823 0.968286
vt 0.449010 0.971704
vt 0.447256 0.967959
vt 0.243572 0.985773
vt 0.337979 0.940916
vt 0.304778 0.940916
vt 0.304778 0.976932
vt 0.863973 0.036221
vt 0.137929 0.965773
vt 0.863136 0.014774
vt 0.876172 0.013133
vt 0.857251 0.042583
vt 0.876171 0.023011
vt 0.135725 0.939146
vt 0.863973 0.036221
vt 0.863134 0.014775
vt 0.876173 0.013133
vt 0.876171 0.023011
vt 0.876170 0.032796
vt 0.162610 0.967024
vt 0.167824 0.975117
vt 0.137700 0.983076
vt 0.138239 0.973455
vt 0.142916 0.991167
vt 0.151891 0.994647
vt 0.161199 0.992188
vt 0.167284 0.984729
vt 0.876169 0.032796
vt 0.139790 0.963724
vt 0.883977 0.033674
vt 0.892441 0.033682
vt 0.901718 0.010783
vt 0.911152 0.010784
vt 0.958320 0.010791
vt 0.967802 0.010801
vt 0.948886 0.010789
vt 0.939453 0.010788
vt 0.930019 0.010787
vt 0.920586 0.010786
vt 0.136415 0.929686
vt 0.134259 0.929364
vt 0.883980 0.011570
vt 0.119912 0.928984
vt 0.136475 0.929686
vt 0.134314 0.929360
vt 0.883981 0.011570
vt 0.119971 0.928983
vt 0.901719 0.010783
vt 0.911152 0.010784
vt 0.958320 0.010791
vt 0.967802 0.010801
vt 0.948886 0.010790
vt 0.939453 0.010788
vt 0.930019 0.010787
vt 0.920586 0.010786
vt 0.876170 0.032795
vt 0.864041 0.036220
vt 0.137928 0.965775
vt 0.863202 0.014775
vt 0.876173 0.013132
vt 0.136475 0.929686
vt 0.139789 0.963726
vt 0.857321 0.042581
vt 0.883977 0.033672
vt 0.134314 0.929359
vt 0.876171 0.023011
vt 0.883981 0.011569
vt 0.892441 0.033682
vt 0.119971 0.928983
vt 0.162609 0.967021
vt 0.167825 0.975113
vt 0.137703 0.983079
vt 0.142921 0.991169
vt 0.151897 0.994647
vt 0.161204 0.992185
vt 0.167288 0.984725
vt 0.901719 0.010783
vt 0.911152 0.010784
vt 0.958320 0.010791
vt 0.135783 0.939146
vt 0.967802 0.010802
vt 0.948886 0.010790
vt 0.939453 0.010789
vt 0.930019 0.010787
vt 0.920586 0.010786
vt 0.864041 0.036221
vt 0.137935 0.965769
vt 0.863202 0.014775
vt 0.876172 0.013133
vt 0.857320 0.042581
vt 0.876171 0.023011
vt 0.135783 0.939146
vt 0.876169 0.032795
vt 0.139790 0.963736
vt 0.883977 0.033673
vt 0.136475 0.929686
vt 0.134314 0.929360
vt 0.883980 0.011569
vt 0.892441 0.033682
vt 0.119970 0.928983
vt 0.162606 0.967016
vt 0.167823 0.975110
vt 0.137698 0.983076
vt 0.138236 0.973454
vt 0.142917 0.991168
vt 0.151895 0.994646
vt 0.161202 0.992184
vt 0.167286 0.984723
vt 0.901718 0.010783
vt 0.911152 0.010784
vt 0.958320 0.010791
vt 0.967802 0.010801
vt 0.948886 0.010789
vt 0.939453 0.010788
vt 0.930019 0.010787
vt 0.920586 0.010786
vt 0.486994 0.930207
vt 0.493471 0.991739
vt 0.481282 0.999590
vt 0.496721 0.997620
vt 0.483560 0.923374
vt 0.486995 0.930208
vt 0.493466 0.991739
vt 0.481284 0.999589
vt 0.496711 0.997623
vt 0.483562 0.923375
vt 0.487036 0.930209
vt 0.493490 0.991737
vt 0.481318 0.999598
vt 0.496740 0.997618
vt 0.483613 0.923371
vt 0.518405 0.988778
vt 0.512075 0.927438
vt 0.523468 0.919058
vt 0.509159 0.921413
vt 0.521887 0.995605
vt 0.559809 0.989040
vt 0.557120 0.927263
vt 0.553982 0.920968
vt 0.547479 0.997009
vt 0.562730 0.995771
vt 0.559817 0.989036
vt 0.557120 0.927260
vt 0.553981 0.920965
vt 0.547492 0.997011
vt 0.562738 0.995768
vt 0.559817 0.989036
vt 0.557114 0.927258
vt 0.553972 0.920965
vt 0.547493 0.997010
vt 0.562738 0.995767
vt 0.559808 0.989038
vt 0.557119 0.927260
vt 0.553980 0.920966
vt 0.547481 0.997010
vt 0.562728 0.995770
vt 0.559818 0.989036
vt 0.557115 0.927257
vt 0.553973 0.920964
vt 0.547494 0.997010
vt 0.562738 0.995767
vt 0.559816 0.989036
vt 0.557114 0.927258
vt 0.553973 0.920965
vt 0.547492 0.997010
vt 0.562737 0.995768
vt 0.559821 0.989034
vt 0.557120 0.927259
vt 0.553982 0.920965
vt 0.547493 0.997012
vt 0.562749 0.995762
vt 0.559815 0.989038
vt 0.557123 0.927262
vt 0.553986 0.920966
vt 0.547490 0.997011
vt 0.562735 0.995769
vt 0.559816 0.989037
vt 0.557116 0.927258
vt 0.553975 0.920965
vt 0.547492 0.997010
vt 0.562737 0.995768
vt 0.022374 0.795972
vt 0.053184 0.848165
vt 0.053928 0.858695
vt 0.019043 0.786603
vt 0.013704 0.777443
vt 0.704822 0.903647
vt 0.667801 0.714655
vt 0.688037 0.728048
vt 0.028898 0.804601
vt 0.014198 0.757314
vt 0.010109 0.746626
vt 0.011951 0.743107
vt 0.007725 0.732856
vt 0.028743 0.907277
vt 0.030726 0.918995
vt 0.075107 0.864313
vt 0.076653 0.875978
vt 0.054917 0.835297
vt 0.055689 0.845824
vt 0.683530 0.957791
vt 0.048533 0.821198
vt 0.049298 0.831725
vt 0.045888 0.805379
vt 0.046651 0.815906
vt 0.694331 0.931816
vt 0.697812 0.918659
vt 0.718127 0.847614
vt 0.042081 0.906187
vt 0.036563 0.889597
vt 0.723090 0.831871
vt 0.041149 0.894429
vt 0.035646 0.877831
vn 0.000000 0.000000 1.000000
vn 0.000000 0.000000 1.000000
vn 0.000000 0.000000 1.000000
vn 0.000000 0.000000 1.000000
vn 0.000000 1.000000 0.000000
vn 0.000000 1.000000 0.000000
vn 0.000000 1.000000 0.000000
vn 0.000000 1.000000 0.000000
vn -0.029847 -0.000301 0.999555
vn -0.005670 0.004239 0.999975
vn -0.007737 -0.000387 0.999970
vn -0.029159 -0.000429 0.999575
vn 0.000000 1.000000 0.000000
vn 0.000000 1.000000 0.000000
vn 0.000000 1.000000 0.000000
vn 0.000000 1.000000 0.000000
vn -0.000000 0.000000 1.000000
vn 0.000000 0.000000 1.000000
vn 0.000000 0.000000 1.000000
vn 0.000000 0.000000 1.000000
vn -0.000009 -0.000053 1.000000
vn -0.000010 -0.000057 1.000000
vn 0.000000 0.000000 1.000000
vn 0.000000 0.000000 1.000000
vn 0.000000 1.000000 0.000000
vn 0.000000 1.000000 0.000000
vn 0.000001 0.000000 1.000000
vn 0.000001 0.000000 1.000000
vn 0.000000 0.000000 1.000000
vn 0.000000 0.000000 1.000000
vn 0.000000 1.000000 0.000000
vn 0.000000 1.000000 0.000000
vn 0.000000 0.000000 1.000000
vn 0.000000 0.000000 1.000000
vn 0.000000 0.000000 1.000000
vn 0.000000 0.000000 1.000000
vn 0.001319 0.008089 0.999966
vn 0.001374 0.008426 0.999964
vn 0.000000 1.000000 0.000000
vn 0.000000 1.000000 0.000000
vn -0.000001 0.000000 1.000000
vn -0.000001 0.000000 1.000000
vn 0.587790 0.000000 -0.809013
vn 0.587790 0.000000 -0.809013
vn 0.587786 0.000000 -0.809016
vn 0.587786 0.000000 -0.809016
vn 0.000000 0.000000 -1.000000
vn 0.000000 0.000000 -1.000000
vn 0.000000 0.000000 -1.000000
vn 0.000000 0.000000 -1.000000
vn -0.587802 0.000000 -0.809005
vn -0.587802 0.000000 -0.809005
vn -0.587798 0.000000 -0.809008
vn -0.587798 0.000000 -0.809008
vn -0.951056 0.000000 -0.309018
vn -0.951056 0.000000 -0.309018
vn -0.951057 0.000000 -0.309016
vn -0.951057 0.000000 -0.309016
vn -0.951056 0.000000 0.309018
vn -0.951056 0.000000 0.309018
vn -0.951057 0.000000 0.309016
vn -0.951057 0.000000 0.309016
vn -0.584887 -0.000985 0.811114
vn -0.584887 -0.000985 0.811114
vn -0.585838 -0.000974 0.810428
vn -0.585839 -0.000974 0.810427
vn 0.967377 0.000000 0.253343
vn 0.967377 0.000000 0.253343
vn 0.967377 0.000000 0.253341
vn 0.967377 0.000000 0.253341
vn 0.951056 0.000000 -0.309018
vn 0.951056 0.000000 -0.309018
vn 0.951057 0.000000 -0.309016
vn 0.951057 0.000000 -0.309016
vn 0.000000 -1.000000 -0.000002
vn 0.000000 -1.000000 0.000000
vn -0.000034 -1.000000 0.000107
vn 0.000000 -1.000000 -0.000002
vn 0.000000 -1.000000 0.000000
vn 0.000000 -1.000000 0.000000
vn 0.000283 -1.000000 0.000390
vn -0.000177 -1.000000 0.000540
vn -0.000442 -1.000000 0.000142
vn 0.000000 -1.000000 0.000000
vn 0.000000 -1.000000 0.000000
vn 0.000000 1.000000 0.000000
vn 0.000000 1.000000 0.000000
vn -0.000031 1.000000 0.000097
vn 0.000000 1.000000 0.000000
vn 0.000000 1.000000 0.000000
vn 0.000000 1.000000 0.000000
vn 0.000256 1.000000 0.000354
vn -0.000159 1.000000 0.000488
vn -0.000398 1.000000 0.000128
vn 0.000000 1.000000 0.000000
vn 0.000000 1.000000 0.000000
vn -0.586792 -0.000964 0.809737
vn -0.586792 -0.000964 0.809737
vn -0.951057 0.000000 0.309015
vn -0.951057 0.000000 0.309015
vn -0.951057 0.000000 -0.309015
vn -0.951057 0.000000 -0.309015
vn -0.587795 0.000000 -0.809010
vn -0.587795 0.000000 -0.809010
vn 0.000000 0.000000 -1.000000
vn 0.000000 0.000000 -1.000000
vn 0.587782 0.000000 -0.809019
vn 0.587782 0.000000 -0.809019
vn 0.951057 0.000000 -0.309015
vn 0.951057 0.000000 -0.309015
vn 0.967377 0.000000 0.253340
vn 0.967377 0.000000 0.253340
vn -0.000028 1.000000 0.000690
vn 0.000018 0.946069 0.323964
vn 0.001016 0.999644 0.026676
vn -0.000827 0.999997 0.002292
vn 0.528003 -0.000016 0.849243
vn 0.528000 -0.000016 0.849245
vn 0.755886 -0.000006 0.654703
vn 0.741660 -0.000007 0.670776
vn 0.859456 0.000000 0.511210
vn 0.859456 0.000000 0.511210
vn 0.746695 0.000001 0.665167
vn 0.751315 0.000001 0.659944
vn 0.859458 0.000000 0.511206
vn 0.859458 0.000000 0.511206
vn 0.001063 0.999997 0.002152
vn 0.000937 0.999997 0.002440
vn 0.003927 0.998219 0.059522
vn 0.091710 -0.967372 0.236180
vn 0.103460 -0.971796 0.211917
vn 0.066404 -0.941462 0.330515
vn 0.019024 -0.958366 0.284909
vn -0.587797 0.000000 -0.809009
vn -0.587797 0.000000 -0.809009
vn -0.587789 0.000000 -0.809014
vn -0.587789 0.000000 -0.809014
vn 0.000000 0.000000 -1.000000
vn 0.000000 0.000000 -1.000000
vn 0.000000 0.000000 -1.000000
vn 0.000000 0.000000 -1.000000
vn 0.587797 0.000000 -0.809009
vn 0.587797 0.000000 -0.809009
vn 0.587789 0.000000 -0.809014
vn 0.587789 0.000000 -0.809014
vn 0.951063 0.000000 -0.308998
vn 0.951063 0.000000 -0.308998
vn 0.951064 0.000000 -0.308995
vn 0.951064 0.000000 -0.308995
vn 0.951066 0.000000 0.308988
vn 0.951066 0.000000 0.308988
vn 0.951065 0.000000 0.308990
vn 0.951065 0.000000 0.308990
vn 0.584867 0.000979 0.811128
vn 0.584867 0.000979 0.811128
vn 0.585815 0.000978 0.810444
vn 0.585816 0.000978 0.810444
vn -0.967384 0.000000 0.253313
vn -0.967384 0.000000 0.253313
vn -0.967384 0.000000 0.253315
vn -0.967384 0.000000 0.253315
vn -0.951055 0.000000 -0.309021
vn -0.951055 0.000000 -0.309021
vn -0.951056 0.000000 -0.309019
vn -0.951056 0.000000 -0.309019
vn 0.000000 1.000000 0.000000
vn 0.000000 1.000000 0.000000
vn 0.000034 1.000000 0.000108
vn 0.000000 1.000000 0.000000
vn 0.000000 1.000000 0.000000
vn 0.000000 1.000000 0.000000
vn -0.000283 1.000000 0.000391
vn 0.000177 1.000000 0.000541
vn 0.000442 1.000000 0.000142
vn 0.000000 1.000000 0.000003
vn 0.000000 1.000000 0.000004
vn 0.000000 -1.000000 0.000000
vn 0.000000 -1.000000 0.000000
vn 0.000031 -1.000000 0.000097
vn 0.000000 -1.000000 0.000000
vn 0.000000 -1.000000 0.000000
vn 0.000000 -1.000000 0.000000
vn -0.000256 -1.000000 0.000354
vn 0.000159 -1.000000 0.000490
vn 0.000398 -1.000000 0.000130
vn 0.000000 -1.000000 0.000000
vn 0.000000 -1.000000 0.000000
vn 0.586766 0.000976 0.809756
vn 0.586766 0.000976 0.809756
vn 0.951065 0.000000 0.308992
vn 0.951065 0.000000 0.308992
vn 0.951065 0.000000 -0.308992
vn 0.951065 0.000000 -0.308992
vn 0.587782 0.000000 -0.809019
vn 0.587782 0.000000 -0.809019
vn 0.000000 0.000000 -1.000000
vn 0.000000 0.000000 -1.000000
vn -0.587782 0.000000 -0.809019
vn -0.587782 0.000000 -0.809019
vn -0.951057 0.000000 -0.309016
vn -0.951057 0.000000 -0.309016
vn -0.967384 0.000000 0.253317
vn -0.967384 0.000000 0.253317
vn 0.000028 -1.000000 0.000691
vn -0.000017 -0.946081 0.323931
vn -0.001008 -0.999645 0.026645
vn 0.000827 -0.999997 0.002274
vn -0.527988 0.000018 0.849252
vn -0.527988 0.000018 0.849252
vn -0.527970 0.000017 0.849263
vn -0.527972 0.000017 0.849262
vn -0.741636 0.000007 0.670803
vn -0.755862 0.000006 0.654732
vn -0.859429 0.000000 0.511256
vn -0.859429 0.000000 0.511256
vn -0.746687 -0.000001 0.665176
vn -0.751308 -0.000001 0.659952
vn -0.859438 0.000000 0.511240
vn -0.859438 0.000000 0.511240
vn -0.001218 -0.999998 0.001802
vn -0.000931 -0.999997 0.002423
vn -0.001059 -0.999997 0.002145
vn -0.119919 0.976823 0.177303
vn -0.103453 0.971801 0.211896
vn -0.091717 0.967374 0.236168
vn 0.000000 -1.000000 -0.000000
vn 0.000000 -1.000000 -0.000000
vn 0.000000 -1.000000 -0.000000
vn 0.000000 -1.000000 -0.000000
vn 0.000000 -1.000000 0.000001
vn -0.000000 -1.000000 0.000001
vn -0.000000 -1.000000 0.000001
vn 0.000000 -1.000000 0.000001
vn 0.000000 -1.000000 0.000000
vn 0.000000 -1.000000 0.000000
vn 0.000000 -1.000000 0.000000
vn 0.000000 -1.000000 0.000000
vn 0.000000 -1.000000 -0.000000
vn 0.000000 -1.000000 -0.000000
vn 0.000000 -1.000000 -0.000000
vn 0.000000 -1.000000 -0.000000
vn 0.587790 0.000000 -0.809013
vn 0.587790 0.000000 -0.809013
vn 0.587800 0.000000 -0.809007
vn 0.587800 0.000000 -0.809007
vn 0.000000 0.000000 -1.000000
vn 0.000000 0.000000 -1.000000
vn 0.000000 0.000000 -1.000000
vn 0.000000 0.000000 -1.000000
vn -0.587802 0.000000 -0.809005
vn -0.587802 0.000000 -0.809005
vn -0.587812 0.000000 -0.808998
vn -0.587812 0.000000 -0.808998
vn -0.951056 0.000000 -0.309019
vn -0.951056 0.000000 -0.309019
vn -0.951056 0.000000 -0.309020
vn -0.951056 0.000000 -0.309020
vn -0.951056 0.000000 0.309019
vn -0.951056 0.000000 0.309019
vn -0.951057 0.000000 0.309015
vn -0.951057 0.000000 0.309015
vn -0.584886 -0.000985 0.811115
vn -0.584886 -0.000985 0.811115
vn -0.585839 -0.000974 0.810427
vn -0.585840 -0.000974 0.810426
vn 0.967376 0.000000 0.253343
vn 0.967376 0.000000 0.253343
vn 0.967377 0.000000 0.253340
vn 0.967377 0.000000 0.253340
vn 0.951056 0.000000 -0.309019
vn 0.951056 0.000000 -0.309019
vn 0.951056 0.000000 -0.309020
vn 0.951056 0.000000 -0.309020
vn 0.000000 -1.000000 -0.000000
vn 0.000000 -1.000000 0.000000
vn -0.000034 -1.000000 0.000106
vn 0.000000 -1.000000 -0.000001
vn 0.000000 -1.000000 -0.000000
vn 0.000000 -1.000000 0.000000
vn 0.000279 -1.000000 0.000384
vn -0.000175 -1.000000 0.000534
vn -0.000436 -1.000000 0.000142
vn 0.000000 -1.000000 -0.000001
vn 0.000000 -1.000000 -0.000000
vn 0.000000 1.000000 0.000000
vn 0.000000 1.000000 0.000001
vn -0.000031 1.000000 0.000097
vn 0.000000 1.000000 0.000000
vn 0.000000 1.000000 -0.000000
vn 0.000000 1.000000 0.000000
vn 0.000256 1.000000 0.000353
vn -0.000159 1.000000 0.000487
vn -0.000398 1.000000 0.000130
vn 0.000000 1.000000 0.000000
vn 0.000000 1.000000 -0.000001
vn -0.586795 -0.000964 0.809735
vn -0.586795 -0.000964 0.809735
vn -0.951058 0.000000 0.309011
vn -0.951058 0.000000 0.309011
vn -0.951055 0.000000 -0.309022
vn -0.951055 0.000000 -0.309022
vn -0.587821 0.000000 -0.808991
vn -0.587821 0.000000 -0.808991
vn 0.000000 0.000000 -1.000000
vn 0.000000 0.000000 -1.000000
vn 0.587809 0.000000 -0.809000
vn 0.587809 0.000000 -0.809000
vn 0.951055 0.000000 -0.309022
vn 0.951055 0.000000 -0.309022
vn 0.967378 0.000000 0.253337
vn 0.967378 0.000000 0.253337
vn -0.000028 1.000000 0.000690
vn 0.000018 0.946079 0.323936
vn 0.001016 0.999644 0.026658
vn -0.000827 0.999997 0.002277
vn 0.527897 -0.000018 0.849308
vn 0.527897 -0.000018 0.849308
vn 0.527979 -0.000016 0.849258
vn 0.527971 -0.000016 0.849262
vn 0.741661 -0.000007 0.670774
vn 0.755888 -0.000006 0.654701
vn 0.859456 0.000000 0.511210
vn 0.859456 0.000000 0.511210
vn 0.746698 0.000001 0.665163
vn 0.751319 0.000001 0.659940
vn 0.859461 0.000000 0.511202
vn 0.859461 0.000000 0.511202
vn 0.001218 0.999998 0.001802
vn 0.000937 0.999997 0.002438
vn 0.001063 0.999997 0.002154
vn 0.091728 -0.967366 0.236197
vn 0.103471 -0.971793 0.211925
vn 0.066452 -0.941442 0.330562
vn 0.019040 -0.958367 0.284904
vn -0.587778 0.000000 -0.809022
vn -0.587778 0.000000 -0.809022
vn -0.587787 0.000000 -0.809016
vn -0.587787 0.000000 -0.809016
vn 0.000000 0.000000 -1.000000
vn 0.000000 0.000000 -1.000000
vn 0.000000 0.000000 -1.000000
vn 0.000000 0.000000 -1.000000
vn 0.587778 0.000000 -0.809022
vn 0.587778 0.000000 -0.809022
vn 0.587787 0.000000 -0.809016
vn 0.587787 0.000000 -0.809016
vn 0.951064 0.000000 -0.308996
vn 0.951064 0.000000 -0.308996
vn 0.951063 0.000000 -0.308997
vn 0.951063 0.000000 -0.308997
vn 0.951064 0.000000 0.308996
vn 0.951064 0.000000 0.308996
vn 0.951065 0.000000 0.308992
vn 0.951065 0.000000 0.308992
vn 0.584870 0.000979 0.811127
vn 0.584870 0.000979 0.811127
vn 0.585824 0.000978 0.810438
vn 0.585825 0.000978 0.810437
vn -0.967383 0.000000 0.253319
vn -0.967383 0.000000 0.253319
vn -0.967384 0.000000 0.253316
vn -0.967384 0.000000 0.253316
vn -0.951056 0.000000 -0.309019
vn -0.951056 0.000000 -0.309019
vn -0.951056 0.000000 -0.309020
vn -0.951056 0.000000 -0.309020
vn 0.000000 1.000000 0.000000
vn 0.000000 1.000000 0.000000
vn 0.000034 1.000000 0.000108
vn 0.000000 1.000000 0.000000
vn 0.000000 1.000000 0.000000
vn 0.000000 1.000000 0.000000
vn -0.000283 1.000000 0.000390
vn 0.000177 1.000000 0.000541
vn 0.000442 1.000000 0.000144
vn 0.000000 1.000000 0.000001
vn 0.000000 1.000000 0.000000
vn 0.000000 -1.000000 0.000000
vn 0.000000 -1.000000 0.000000
vn 0.000031 -1.000000 0.000096
vn 0.000000 -1.000000 -0.000000
vn 0.000000 -1.000000 -0.000000
vn 0.000000 -1.000000 -0.000001
vn -0.000252 -1.000000 0.000347
vn 0.000156 -1.000000 0.000481
vn 0.000392 -1.000000 0.000128
vn 0.000000 -1.000000 0.000000
vn 0.000000 -1.000000 0.000000
vn 0.586781 0.000976 0.809745
vn 0.586781 0.000976 0.809745
vn 0.951066 0.000000 0.308988
vn 0.951066 0.000000 0.308988
vn 0.951063 0.000000 -0.308999
vn 0.951063 0.000000 -0.308999
vn 0.587797 0.000000 -0.809008
vn 0.587797 0.000000 -0.809008
vn 0.000000 0.000000 -1.000000
vn 0.000000 0.000000 -1.000000
vn -0.587797 0.000000 -0.809008
vn -0.587797 0.000000 -0.809008
vn -0.951055 0.000000 -0.309021
vn -0.951055 0.000000 -0.309021
vn -0.967384 0.000000 0.253313
vn -0.967384 0.000000 0.253313
vn 0.000028 -1.000000 0.000690
vn -0.000018 -0.946083 0.323925
vn -0.001019 -0.999645 0.026636
vn 0.000817 -0.999997 0.002261
vn -0.527854 0.000018 0.849335
vn -0.527854 0.000018 0.849335
vn -0.527971 0.000017 0.849262
vn -0.527960 0.000017 0.849269
vn -0.741645 0.000007 0.670793
vn -0.755870 0.000006 0.654722
vn -0.859431 0.000000 0.511252
vn -0.859431 0.000000 0.511252
vn -0.746671 -0.000001 0.665194
vn -0.751292 -0.000001 0.659970
vn -0.859430 0.000000 0.511254
vn -0.859430 0.000000 0.511254
vn -0.001046 -0.999997 0.002124
vn -0.000922 -0.999997 0.002408
vn -0.003918 -0.998222 0.059484
vn -0.119944 0.976815 0.177331
vn -0.103470 0.971793 0.211925
vn -0.091729 0.967366 0.236197
vn 0.587849 0.000000 -0.808971
vn 0.587849 0.000000 -0.808971
vn 0.587849 0.000000 -0.808971
vn 0.587849 0.000000 -0.808971
vn 0.000000 0.000000 -1.000000
vn 0.000000 0.000000 -1.000000
vn 0.000000 0.000000 -1.000000
vn 0.000000 0.000000 -1.000000
vn -0.587849 0.000000 -0.808971
vn -0.587849 0.000000 -0.808971
vn -0.587849 0.000000 -0.808971
vn -0.587849 0.000000 -0.808971
vn -0.951050 0.000000 -0.309038
vn -0.951050 0.000000 -0.309038
vn -0.951050 0.000000 -0.309038
vn -0.951050 0.000000 -0.309038
vn -0.951053 0.000000 0.309027
vn -0.951053 0.000000 0.309027
vn -0.951053 0.000000 0.309027
vn -0.951053 0.000000 0.309027
vn -0.587746 0.000000 0.809045
vn -0.587746 0.000000 0.809045
vn -0.587746 0.000000 0.809045
vn -0.587746 0.000000 0.809045
vn 0.000000 0.000000 1.000000
vn 0.000000 0.000000 1.000000
vn 0.000000 0.000000 1.000000
vn 0.000000 0.000000 1.000000
vn 0.587746 0.000000 0.809045
vn 0.587746 0.000000 0.809045
vn 0.587746 0.000000 0.809045
vn 0.587746 0.000000 0.809045
vn 0.951053 0.000000 0.309027
vn 0.951053 0.000000 0.309027
vn 0.951053 0.000000 0.309027
vn 0.951053 0.000000 0.309027
vn 0.951050 0.000000 -0.309038
vn 0.951050 0.000000 -0.309038
vn 0.951050 0.000000 -0.309038
vn 0.951050 0.000000 -0.309038
vn 0.000000 -1.000000 -0.000001
vn 0.000000 -1.000000 -0.000006
vn 0.000000 -1.000000 -0.000001
vn 0.000000 -1.000000 0.000000
vn 0.000000 -1.000000 0.000000
vn 0.000000 -1.000000 -0.000005
vn 0.000000 -1.000000 -0.000004
vn 0.000000 -1.000000 0.000001
vn 0.000000 -1.000000 0.000000
vn 0.000000 -1.000000 0.000005
vn 0.000000 -1.000000 0.000000
vn 0.000000 1.000000 0.000000
vn 0.000000 1.000000 -0.000001
vn 0.000000 1.000000 -0.000000
vn 0.000000 1.000000 -0.000002
vn 0.000000 1.000000 -0.000001
vn 0.000000 1.000000 0.000000
vn 0.000000 1.000000 0.000000
vn 0.000000 1.000000 0.000001
vn 0.000000 1.000000 0.000001
vn 0.000000 1.000000 0.000000
vn 0.000000 1.000000 0.000000
vn 0.587848 0.000000 -0.808971
vn 0.587848 0.000000 -0.808971
vn 0.587848 0.000000 -0.808971
vn 0.587848 0.000000 -0.808971
vn 0.000000 0.000000 -1.000000
vn 0.000000 0.000000 -1.000000
vn 0.000000 0.000000 -1.000000
vn 0.000000 0.000000 -1.000000
vn -0.587848 0.000000 -0.808971
vn -0.587848 0.000000 -0.808971
vn -0.587848 0.000000 -0.808971
vn -0.587848 0.000000 -0.808971
vn -0.951050 0.000000 -0.309038
vn -0.951050 0.000000 -0.309038
vn -0.951050 0.000000 -0.309038
vn -0.951050 0.000000 -0.309038
vn -0.951054 0.000000 0.309027
vn -0.951054 0.000000 0.309027
vn -0.951054 0.000000 0.309027
vn -0.951054 0.000000 0.309027
vn -0.587746 0.000000 0.809046
vn -0.587746 0.000000 0.809046
vn -0.587746 0.000000 0.809046
vn -0.587746 0.000000 0.809046
vn 0.000000 0.000000 1.000000
vn 0.000000 0.000000 1.000000
vn 0.000000 0.000000 1.000000
vn 0.000000 0.000000 1.000000
vn 0.587746 0.000000 0.809046
vn 0.587746 0.000000 0.809046
vn 0.587746 0.000000 0.809046
vn 0.587746 0.000000 0.809046
vn 0.951054 0.000000 0.309027
vn 0.951054 0.000000 0.309027
vn 0.951054 0.000000 0.309027
vn 0.951054 0.000000 0.309027
vn 0.951050 0.000000 -0.309038
vn 0.951050 0.000000 -0.309038
vn 0.951050 0.000000 -0.309038
vn 0.951050 0.000000 -0.309038
vn 0.000000 -1.000000 0.000000
vn 0.000000 -1.000000 0.000000
vn 0.000000 -1.000000 -0.000000
vn 0.000000 -1.000000 0.000000
vn 0.000000 -1.000000 0.000000
vn 0.000000 -1.000000 0.000000
vn 0.000000 -1.000000 -0.000000
vn 0.000000 -1.000000 -0.000001
vn 0.000000 -1.000000 -0.000000
vn 0.000000 -1.000000 0.000000
vn 0.000000 -1.000000 0.000000
vn 0.000000 1.000000 0.000000
vn 0.000000 1.000000 0.000000
vn 0.000000 1.000000 0.000000
vn 0.000000 1.000000 0.000000
vn 0.000000 1.000000 0.000000
vn 0.000000 1.000000 0.000000
vn 0.000000 1.000000 0.000000
vn 0.000000 1.000000 0.000000
vn 0.000000 1.000000 0.000000
vn 0.000000 1.000000 0.000000
vn 0.000000 1.000000 0.000000
vn -0.587810 0.000000 -0.808999
vn -0.587810 0.000000 -0.808999
vn -0.587810 0.000000 -0.808999
vn -0.587810 0.000000 -0.808999
vn 0.000000 0.000000 -1.000000
vn 0.000000 0.000000 -1.000000
vn 0.000000 0.000000 -1.000000
vn 0.000000 0.000000 -1.000000
vn 0.587810 0.000000 -0.808999
vn 0.587810 0.000000 -0.808999
vn 0.587810 0.000000 -0.808999
vn 0.587810 0.000000 -0.808999
vn 0.951050 0.000000 -0.309037
vn 0.951050 0.000000 -0.309037
vn 0.951050 0.000000 -0.309037
vn 0.951050 0.000000 -0.309037
vn 0.951054 0.000000 0.309026
vn 0.951054 0.000000 0.309026
vn 0.951054 0.000000 0.309026
vn 0.951054 0.000000 0.309026
vn 0.587733 0.000000 0.809055
vn 0.587733 0.000000 0.809055
vn 0.587733 0.000000 0.809055
vn 0.587733 0.000000 0.809055
vn 0.000000 0.000000 1.000000
vn 0.000000 0.000000 1.000000
vn 0.000000 0.000000 1.000000
vn 0.000000 0.000000 1.000000
vn -0.587733 0.000000 0.809055
vn -0.587733 0.000000 0.809055
vn -0.587733 0.000000 0.809055
vn -0.587733 0.000000 0.809055
vn -0.951072 0.000000 0.308971
vn -0.951072 0.000000 0.308971
vn -0.951072 0.000000 0.308971
vn -0.951072 0.000000 0.308971
vn -0.951068 0.000000 -0.308983
vn -0.951068 0.000000 -0.308983
vn -0.951068 0.000000 -0.308983
vn -0.951068 0.000000 -0.308983
vn 0.000000 1.000000 0.000000
vn 0.000000 1.000000 0.000001
vn 0.000000 1.000000 -0.000000
vn 0.000000 1.000000 0.000000
vn 0.000000 1.000000 0.000000
vn 0.000000 1.000000 0.000000
vn 0.000000 1.000000 0.000000
vn 0.000000 1.000000 -0.000000
vn 0.000000 1.000000 -0.000000
vn 0.000000 1.000000 -0.000001
vn 0.000000 1.000000 0.000000
vn 0.000000 -1.000000 -0.000001
vn 0.000000 -1.000000 -0.000001
vn 0.000000 -1.000000 -0.000000
vn 0.000000 -1.000000 0.000000
vn 0.000000 -1.000000 -0.000000
vn 0.000000 -1.000000 0.000000
vn 0.000000 -1.000000 0.000001
vn 0.000000 -1.000000 0.000000
vn 0.000000 -1.000000 0.000000
vn 0.000000 -1.000000 0.000000
vn 0.000000 -1.000000 0.000000
vn -0.587834 0.000000 -0.808981
vn -0.587834 0.000000 -0.808981
vn -0.587834 0.000000 -0.808981
vn -0.587834 0.000000 -0.808981
vn 0.000000 0.000000 -1.000000
vn 0.000000 0.000000 -1.000000
vn 0.000000 0.000000 -1.000000
vn 0.000000 0.000000 -1.000000
vn 0.587834 0.000000 -0.808981
vn 0.587834 0.000000 -0.808981
vn 0.587834 0.000000 -0.808981
vn 0.587834 0.000000 -0.808981
vn 0.951050 0.000000 -0.309038
vn 0.951050 0.000000 -0.309038
vn 0.951050 0.000000 -0.309038
vn 0.951050 0.000000 -0.309038
vn 0.951053 0.000000 0.309027
vn 0.951053 0.000000 0.309027
vn 0.951053 0.000000 0.309027
vn 0.951053 0.000000 0.309027
vn 0.587732 0.000000 0.809056
vn 0.587732 0.000000 0.809056
vn 0.587732 0.000000 0.809056
vn 0.587732 0.000000 0.809056
vn 0.000000 0.000000 1.000000
vn 0.000000 0.000000 1.000000
vn 0.000000 0.000000 1.000000
vn 0.000000 0.000000 1.000000
vn -0.587732 0.000000 0.809056
vn -0.587732 0.000000 0.809056
vn -0.587732 0.000000 0.809056
vn -0.587732 0.000000 0.809056
vn -0.951071 0.000000 0.308972
vn -0.951071 0.000000 0.308972
vn -0.951071 0.000000 0.308972
vn -0.951071 0.000000 0.308972
vn -0.951068 0.000000 -0.308984
vn -0.951068 0.000000 -0.308984
vn -0.951068 0.000000 -0.308984
vn -0.951068 0.000000 -0.308984
vn 0.000000 1.000000 -0.000001
vn 0.000000 1.000000 -0.000001
vn 0.000000 1.000000 -0.000000
vn 0.000000 1.000000 0.000000
vn 0.000000 1.000000 0.000005
vn 0.000000 1.000000 0.000000
vn 0.000000 1.000000 -0.000004
vn 0.000000 1.000000 0.000001
vn 0.000000 1.000000 0.000000
vn 0.000000 1.000000 0.000000
vn 0.000000 1.000000 0.000000
vn 0.000000 -1.000000 0.000000
vn 0.000000 -1.000000 0.000000
vn 0.000000 -1.000000 -0.000000
vn 0.000000 -1.000000 -0.000001
vn 0.000000 -1.000000 -0.000001
vn 0.000000 -1.000000 0.000000
vn 0.000000 -1.000000 0.000000
vn 0.000000 -1.000000 0.000000
vn 0.000000 -1.000000 -0.000001
vn 0.000000 -1.000000 -0.000001
vn 0.000000 -1.000000 0.000000
vn 0.007336 0.000099 0.999973
vn 0.008326 0.000127 0.999965
vn -0.002684 -0.910290 0.413962
vn -0.004234 -0.990435 0.137916
vn -0.001096 -0.965616 0.259970
vn 0.527994 0.000002 0.849248
vn 0.527995 0.000002 0.849247
vn -0.019030 0.958374 0.284880
vn 0.002686 0.910286 0.413971
vn 0.004236 0.990438 0.137895
vn 0.001113 0.965630 0.259919
vn -0.527986 -0.000003 0.849253
vn -0.527883 -0.000003 0.849317
vn -0.527883 -0.000003 0.849317
vn -0.527981 -0.000003 0.849256
vn 0.000000 -1.000000 0.000000
vn 0.000000 -1.000000 0.000000
vn 0.000000 -1.000000 0.000000
vn 0.000000 -1.000000 0.000000
vn 0.000000 -1.000000 0.000000
vn 0.000000 -1.000000 0.000000
vn 0.000000 -1.000000 0.000000
vn 0.000000 -1.000000 0.000000
vn -0.002684 -0.910282 0.413979
vn -0.004234 -0.990435 0.137916
vn -0.001096 -0.965623 0.259943
vn 0.527972 0.000002 0.849262
vn 0.527883 0.000003 0.849317
vn 0.527883 0.000003 0.849317
vn 0.527968 0.000002 0.849264
vn -0.019042 0.958368 0.284899
vn 0.002686 0.910288 0.413967
vn 0.004237 0.990436 0.137906
vn 0.001096 0.965625 0.259935
vn -0.527967 -0.000003 0.849265
vn -0.527876 -0.000003 0.849321
vn -0.527876 -0.000003 0.849321
vn -0.527963 -0.000003 0.849268
vn -0.266368 0.655118 0.707014
vn -0.266368 0.655118 0.707014
vn -0.185400 0.679341 0.710016
vn -0.185400 0.679341 0.710016
vn -0.713138 0.000018 0.701024
vn -0.713138 0.000018 0.701024
vn -0.713138 0.000018 0.701024
vn -0.713138 0.000018 0.701024
vn -0.076925 0.702941 0.707076
vn -0.076923 0.702941 0.707076
vn 0.760620 0.000165 0.649198
vn 0.760620 0.000165 0.649198
vn 0.760620 0.000165 0.649198
vn 0.760620 0.000165 0.649198
vn 0.263868 0.656128 0.707015
vn 0.263868 0.656128 0.707015
vn 0.188113 0.678846 0.709776
vn 0.188107 0.678847 0.709776
vn -0.464529 0.000183 0.885558
vn -0.464529 0.000183 0.885558
vn 0.078659 0.702760 0.707065
vn 0.078662 0.702760 0.707065
vn -0.000010 0.705670 0.708540
vn -0.000010 0.705671 0.708540
vn -0.068495 -0.712479 0.698342
vn -0.070589 -0.714020 0.696558
vn 0.000310 -0.661196 0.750214
vn -0.339449 -0.851827 0.398955
vn -0.339449 -0.851827 0.398955
vn -0.067585 0.748893 0.659236
vn -0.069685 0.750102 0.657641
vn -0.339447 0.851822 0.398968
vn -0.339447 0.851822 0.398968
vn 0.000445 0.710458 0.703739
vn 0.068541 0.712479 0.698338
vn 0.070606 0.713998 0.696578
vn -0.000311 0.661153 0.750251
vn 0.339445 0.851824 0.398966
vn 0.339445 0.851824 0.398966
vn 0.067633 -0.748946 0.659170
vn 0.069710 -0.750142 0.657592
vn 0.339449 -0.851834 0.398940
vn 0.339449 -0.851834 0.398940
vn -0.000443 -0.710489 0.703708
vn -0.565102 -0.000404 0.825021
vn -0.565102 -0.000404 0.825021
vn -0.565102 -0.000404 0.825021
vn -0.565102 -0.000404 0.825021
vn -0.248404 0.661985 0.707157
vn -0.248404 0.661985 0.707157
vn -0.248404 0.661985 0.707157
vn -0.248404 0.661985 0.707157
vn 0.707261 0.000000 0.706952
vn 0.707261 0.000000 0.706952
vn 0.707261 0.000000 0.706952
vn 0.707261 0.000000 0.706952
vn -0.706971 0.000000 0.707242
vn -0.706971 0.000000 0.707242
vn -0.706971 0.000000 0.707242
vn -0.706971 0.000000 0.707242
vn -0.081947 0.702238 0.707210
vn -0.081947 0.702239 0.707210
vn -0.081947 0.702238 0.707210
vn -0.081947 0.702239 0.707210
vn 0.707005 0.000000 0.707208
vn 0.707005 0.000000 0.707208
vn 0.707005 0.000000 0.707208
vn 0.707005 0.000000 0.707208
vn -0.707093 0.000000 0.707120
vn -0.707093 0.000000 0.707120
vn -0.707093 0.000000 0.707120
vn -0.707093 0.000000 0.707120
vn -0.064425 0.704082 0.707190
vn -0.064425 0.704082 0.707190
vn -0.064425 0.704082 0.707190
vn -0.064425 0.704082 0.707190
vn 0.706807 0.000000 0.707406
vn 0.706807 0.000000 0.707406
vn 0.706807 0.000000 0.707406
vn 0.706807 0.000000 0.707406
vn -0.706807 0.000000 0.707406
vn -0.706807 0.000000 0.707406
vn -0.706807 0.000000 0.707406
vn -0.706807 0.000000 0.707406
vn 0.064425 0.704082 0.707190
vn 0.064425 0.704082 0.707190
vn 0.064425 0.704082 0.707190
vn 0.064425 0.704082 0.707190
vn 0.707093 0.000000 0.707120
vn 0.707093 0.000000 0.707120
vn 0.707093 0.000000 0.707120
vn 0.707093 0.000000 0.707120
vn -0.706907 0.000000 0.707306
vn -0.706907 0.000000 0.707306
vn -0.706907 0.000000 0.707306
vn -0.706907 0.000000 0.707306
vn 0.081946 0.702239 0.707209
vn 0.081946 0.702239 0.707209
vn 0.081946 0.702239 0.707210
vn 0.081946 0.702239 0.707209
vn 0.706971 0.000000 0.707242
vn 0.706971 0.000000 0.707242
vn 0.706971 0.000000 0.707242
vn 0.706971 0.000000 0.707242
vn -0.707261 0.000000 0.706952
vn -0.707261 0.000000 0.706952
vn -0.707261 0.000000 0.706952
vn -0.707261 0.000000 0.706952
vn 0.248404 0.661985 0.707157
vn 0.248404 0.661985 0.707157
vn 0.248404 0.661985 0.707157
vn 0.248404 0.661985 0.707157
vn 0.706819 0.000000 0.707395
vn 0.706819 0.000000 0.707395
vn 0.706819 0.000000 0.707395
vn 0.706819 0.000000 0.707395
vn -0.068492 -0.712455 0.698368
vn -0.070586 -0.713995 0.696583
vn 0.000312 -0.661166 0.750240
vn -0.339448 -0.851825 0.398961
vn -0.339448 -0.851825 0.398961
vn -0.067587 0.748923 0.659201
vn -0.069689 0.750134 0.657604
vn -0.339449 0.851827 0.398955
vn -0.339449 0.851827 0.398955
vn 0.000445 0.710495 0.703702
vn 0.068540 0.712493 0.698323
vn 0.070608 0.714015 0.696561
vn -0.000312 0.661168 0.750238
vn 0.339449 0.851835 0.398937
vn 0.339449 0.851835 0.398937
vn 0.067646 -0.748951 0.659163
vn 0.069722 -0.750147 0.657585
vn 0.339502 -0.851815 0.398935
vn 0.339502 -0.851815 0.398935
vn -0.000445 -0.710496 0.703701
vn 1.000000 0.000000 0.000000
vn 1.000000 0.000000 0.000000
vn 1.000000 0.000000 0.000000
vn 1.000000 0.000000 0.000000
vn -1.000000 0.000000 0.000000
vn -1.000000 0.000000 0.000000
vn -1.000000 0.000000 0.000000
vn -1.000000 0.000000 0.000000
vn -0.000321 -0.001169 0.999999
vn -0.000433 -0.001578 0.999999
vn 0.008654 0.000146 0.999963
vn 0.009808 0.000141 0.999952
vn -0.124566 0.992211 0.000000
vn -0.124566 0.992211 0.000000
vn -0.108793 0.994064 0.000000
vn -0.108793 0.994064 0.000000
vn 0.000000 1.000000 0.000000
vn 0.000000 1.000000 0.000000
vn 0.111233 0.993794 0.000000
vn 0.111233 0.993794 0.000000
vn 0.130169 0.991492 0.000000
vn 0.130169 0.991492 0.000000
vn 0.000000 0.000000 1.000000
vn 0.000000 0.000000 1.000000
vn -0.000001 0.000000 1.000000
vn -0.000001 0.000000 1.000000
vn -0.033942 0.999424 0.000617
vn -0.035538 0.999368 0.000614
vn -0.038674 -0.991486 0.124335
vn -0.037112 -0.991474 0.124910
vn -0.353772 -0.935332 0.000000
vn -0.353772 -0.935332 0.000000
vn -0.353772 0.935332 0.000000
vn -0.353772 0.935332 0.000000
vn -0.000002 0.000000 1.000000
vn -0.000002 0.000000 1.000000
vn 0.000000 0.000000 1.000000
vn 0.000000 0.000000 1.000000
vn 0.000001 0.000000 1.000000
vn 0.000001 0.000000 1.000000
vn 0.033961 -0.999423 0.000617
vn 0.035559 -0.999367 0.000614
vn 0.038696 0.991489 0.124308
vn 0.037134 0.991476 0.124884
vn 0.353769 0.935333 0.000000
vn 0.353769 0.935333 0.000000
vn 0.353769 -0.935333 0.000000
vn 0.353769 -0.935333 0.000000
vn 0.000002 0.000000 1.000000
vn 0.000002 0.000000 1.000000
vn -0.002521 -0.000330 0.999997
vn -0.002521 -0.000330 0.999997
vn -0.002521 -0.000330 0.999997
vn -0.002521 -0.000330 0.999997
vn -0.351259 0.936278 0.000000
vn -0.351259 0.936278 0.000000
vn -0.351259 0.936278 0.000000
vn -0.351259 0.936278 0.000000
vn 1.000000 0.000000 0.000000
vn 1.000000 0.000000 0.000000
vn 1.000000 0.000000 0.000000
vn 1.000000 0.000000 0.000000
vn -1.000000 0.000000 0.000000
vn -1.000000 0.000000 0.000000
vn -1.000000 0.000000 0.000000
vn -1.000000 0.000000 0.000000
vn -0.000003 0.000000 1.000000
vn -0.000003 0.000000 1.000000
vn -0.000003 0.000000 1.000000
vn -0.000003 0.000000 1.000000
vn -0.115910 0.993260 0.000000
vn -0.115910 0.993260 0.000000
vn -0.115910 0.993260 0.000000
vn -0.115910 0.993260 0.000000
vn 1.000000 0.000000 0.000000
vn 1.000000 0.000000 0.000000
vn 1.000000 0.000000 0.000000
vn 1.000000 0.000000 0.000000
vn -1.000000 0.000000 0.000000
vn -1.000000 0.000000 0.000000
vn -1.000000 0.000000 0.000000
vn -1.000000 0.000000 0.000000
vn 0.000000 0.000000 1.000000
vn 0.000000 0.000000 1.000000
vn 0.000000 0.000000 1.000000
vn 0.000000 0.000000 1.000000
vn -0.091124 0.995840 0.000000
vn -0.091124 0.995840 0.000000
vn -0.091124 0.995840 0.000000
vn -0.091124 0.995840 0.000000
vn 1.000000 0.000000 0.000000
vn 1.000000 0.000000 0.000000
vn 1.000000 0.000000 0.000000
vn 1.000000 0.000000 0.000000
vn -1.000000 0.000000 0.000000
vn -1.000000 0.000000 0.000000
vn -1.000000 0.000000 0.000000
vn -1.000000 0.000000 0.000000
vn -0.000000 0.000000 1.000000
vn -0.000000 0.000000 1.000000
vn -0.000000 0.000000 1.000000
vn -0.000000 0.000000 1.000000
vn 0.091124 0.995840 0.000000
vn 0.091124 0.995840 0.000000
vn 0.091124 0.995840 0.000000
vn 0.091124 0.995840 0.000000
vn 1.000000 0.000000 0.000000
vn 1.000000 0.000000 0.000000
vn 1.000000 0.000000 0.000000
vn 1.000000 0.000000 0.000000
vn -1.000000 0.000000 0.000000
vn -1.000000 0.000000 0.000000
vn -1.000000 0.000000 0.000000
vn -1.000000 0.000000 0.000000
vn 0.000003 0.000000 1.000000
vn 0.000003 0.000000 1.000000
vn 0.000003 0.000000 1.000000
vn 0.000003 0.000000 1.000000
vn 0.115910 0.993260 0.000000
vn 0.115910 0.993260 0.000000
vn 0.115910 0.993260 0.000000
vn 0.115910 0.993260 0.000000
vn 1.000000 0.000000 0.000000
vn 1.000000 0.000000 0.000000
vn 1.000000 0.000000 0.000000
vn 1.000000 0.000000 0.000000
vn -1.000000 0.000000 0.000000
vn -1.000000 0.000000 0.000000
vn -1.000000 0.000000 0.000000
vn -1.000000 0.000000 0.000000
vn 0.000003 0.000000 1.000000
vn 0.000003 0.000000 1.000000
vn 0.000003 0.000000 1.000000
vn 0.000003 0.000000 1.000000
vn 0.351259 0.936278 0.000000
vn 0.351259 0.936278 0.000000
vn 0.351259 0.936278 0.000000
vn 0.351259 0.936278 0.000000
vn 1.000000 0.000000 0.000000
vn 1.000000 0.000000 0.000000
vn 1.000000 0.000000 0.000000
vn 1.000000 0.000000 0.000000
vn -1.000000 0.000000 0.000000
vn -1.000000 0.000000 0.000000
vn -1.000000 0.000000 0.000000
vn -1.000000 0.000000 0.000000
vn 0.000000 0.000000 1.000000
vn 0.000000 0.000000 1.000000
vn -0.000001 0.000000 1.000000
vn -0.000001 0.000000 1.000000
vn -0.033942 0.999424 0.000617
vn -0.035538 0.999368 0.000614
vn -0.038674 -0.991486 0.124335
vn -0.037112 -0.991474 0.124910
vn -0.353772 -0.935332 0.000000
vn -0.353772 -0.935332 0.000000
vn -0.353772 0.935332 0.000000
vn -0.353772 0.935332 0.000000
vn -0.000002 0.000000 1.000000
vn -0.000002 0.000000 1.000000
vn 0.000000 0.000000 1.000000
vn 0.000000 0.000000 1.000000
vn 0.000000 0.000000 1.000000
vn 0.000000 0.000000 1.000000
vn 0.033961 -0.999423 0.000617
vn 0.035559 -0.999367 0.000614
vn 0.038696 0.991488 0.124318
vn 0.037134 0.991475 0.124894
vn 0.353769 0.935333 0.000000
vn 0.353769 0.935333 0.000000
vn 0.353769 -0.935333 0.000000
vn 0.353769 -0.935333 0.000000
vn 0.000000 0.000000 1.000000
vn 0.000000 0.000000 1.000000
vn -0.066456 0.941447 0.330547
vn -0.003906 -0.998222 0.059484
vn 0.003927 0.998220 0.059504
vn -0.066455 0.941439 0.330570
vn 0.000000 -1.000000 0.000000
vn 0.000000 -1.000000 0.000000
vn 0.000000 -1.000000 0.000000
vn 0.000000 -1.000000 0.000000
vn -0.000006 -1.000000 0.000000
vn 0.000000 -1.000000 0.000000
vn 0.000000 -1.000000 0.000000
vn 0.000006 -1.000000 0.000000
vn 0.000000 -1.000000 0.000000
vn 0.000000 -1.000000 0.000000
vn 0.000000 -1.000000 0.000000
vn 0.000000 -1.000000 0.000000
vn 1.000000 0.000000 0.000000
vn 1.000000 0.000000 0.000000
vn 1.000000 0.000000 0.000000
vn 1.000000 0.000000 0.000000
vn 0.194866 -0.504898 0.840896
vn 0.194866 -0.504898 0.840896
vn 0.142640 -0.607808 0.781168
vn 0.142654 -0.607784 0.781184
vn 0.076391 -0.703148 0.706928
vn 0.076390 -0.703148 0.706928
vn -0.176779 -0.664020 0.726516
vn -0.176704 -0.664056 0.726502
vn -0.078272 -0.702953 0.706916
vn -0.078272 -0.702953 0.706916
vn -0.235648 -0.634252 0.736339
vn -0.235648 -0.634252 0.736339
vn -0.000022 -0.705828 0.708384
vn -0.000022 -0.705828 0.708384
vn 0.245338 -0.969430 -0.003760
vn 0.245427 -0.969408 -0.003763
vn 0.358412 -0.933535 -0.007293
vn 0.358412 -0.933535 -0.007293
vn 0.108039 -0.994147 0.000000
vn 0.108039 -0.994147 0.000000
vn 0.000000 -1.000000 0.000000
vn 0.000000 -1.000000 0.000000
vn -0.246627 -0.969111 0.000003
vn -0.246527 -0.969136 0.000003
vn -0.110607 -0.993864 0.000000
vn -0.110607 -0.993864 0.000000
vn -0.351532 -0.936176 0.000006
vn -0.351532 -0.936176 0.000006
vn -0.000002 0.000000 1.000000
vn -0.000003 0.000000 1.000000
vn -0.000790 -0.001338 0.999999
vn -0.000001 0.000000 1.000000
vn -0.000001 0.000000 1.000000
vn 0.000000 0.000000 1.000000
vn -0.000000 0.000000 1.000000
vn -0.000001 0.000000 1.000000
vn -0.000001 0.000000 1.000000
vn -0.001200 -0.999998 0.001772
vn 0.119948 -0.976815 0.177327
vn 0.002072 0.015479 0.999878
vn -0.999646 0.000129 -0.026594
vn -0.999646 0.000129 -0.026594
vn -0.999646 0.000129 -0.026594
vn -0.999646 0.000129 -0.026594
vn 0.373150 0.927771 0.000000
vn 0.373150 0.927771 0.000000
vn 0.373150 0.927771 0.000000
vn 0.373150 0.927771 0.000000
vn 0.119948 -0.976814 0.177334
vn 0.001218 0.999998 0.001795
vn 0.528019 0.000003 0.849232
vn 0.528019 0.000003 0.849232
vn 0.528032 -0.000018 0.849224
vn 0.528032 -0.000018 0.849224
vn 0.088125 -0.503770 0.859331
vn 0.088125 -0.503770 0.859331
vn 0.088125 -0.503770 0.859331
vn 0.088125 -0.503770 0.859331
vn 0.330883 -0.275836 0.902458
vn 0.330883 -0.275836 0.902458
vn 0.330883 -0.275836 0.902458
vn 0.330883 -0.275836 0.902458
vn 0.733983 0.396168 0.551652
vn 0.733983 0.396168 0.551652
vn 0.733983 0.396168 0.551652
vn 0.733983 0.396168 0.551652
vn 0.520541 0.785577 -0.334523
vn 0.520541 0.785577 -0.334523
vn 0.520541 0.785577 -0.334523
vn 0.520541 0.785577 -0.334523
vn -0.093792 0.499230 -0.861378
vn -0.093792 0.499230 -0.861378
vn -0.093792 0.499230 -0.861378
vn -0.093792 0.499230 -0.861378
vn -0.335988 0.270170 -0.902286
vn -0.335988 0.270170 -0.902286
vn -0.335988 0.270170 -0.902286
vn -0.335988 0.270170 -0.902286
vn -0.733983 -0.396131 -0.551678
vn -0.733983 -0.396131 -0.551678
vn -0.733983 -0.396131 -0.551679
vn -0.733983 -0.396131 -0.551678
vn -0.520560 -0.785566 0.334521
vn -0.520560 -0.785566 0.334521
vn -0.520560 -0.785565 0.334521
vn -0.520560 -0.785565 0.334521
vn 0.611896 -0.790578 0.023884
vn 0.611896 -0.790578 0.023884
vn 0.611896 -0.790577 0.023884
vn 0.611896 -0.790577 0.023884
vn 0.731505 -0.681834 -0.001621
vn 0.731505 -0.681834 -0.001621
vn 0.731505 -0.681834 -0.001621
vn 0.731505 -0.681834 -0.001621
vn 0.799249 -0.492915 -0.343854
vn 0.799249 -0.492915 -0.343854
vn 0.799249 -0.492915 -0.343854
vn 0.799249 -0.492915 -0.343854
vn 0.767934 -0.394920 -0.504297
vn 0.767934 -0.394920 -0.504297
vn 0.767934 -0.394920 -0.504297
vn 0.767934 -0.394920 -0.504297
vn 0.548760 -0.346293 -0.760883
vn 0.548760 -0.346293 -0.760883
vn 0.548760 -0.346293 -0.760883
vn 0.548760 -0.346293 -0.760883
vn 0.454423 -0.440222 -0.774406
vn 0.454423 -0.440222 -0.774406
vn 0.454423 -0.440222 -0.774406
vn 0.454423 -0.440222 -0.774406
vn 0.445885 -0.698214 -0.560074
vn 0.445885 -0.698214 -0.560074
vn 0.445885 -0.698214 -0.560074
vn 0.445885 -0.698214 -0.560074
vn 0.502059 -0.800709 -0.326806
vn 0.502059 -0.800709 -0.326806
vn 0.502059 -0.800708 -0.326806
vn 0.502059 -0.800708 -0.326806
vn -0.545244 0.297566 0.783686
vn -0.545244 0.297566 0.783686
vn -0.545243 0.297566 0.783686
vn -0.545244 0.297566 0.783686
vn -0.454188 0.434567 0.777731
vn -0.454188 0.434566 0.777731
vn -0.454188 0.434566 0.777731
vn -0.454188 0.434566 0.777731
vn -0.457393 0.705205 0.541736
vn -0.457393 0.705205 0.541736
vn -0.457393 0.705205 0.541736
vn -0.457393 0.705205 0.541736
vn -0.492003 0.825167 0.277548
vn -0.492003 0.825167 0.277548
vn -0.492003 0.825167 0.277548
vn -0.492003 0.825166 0.277548
vn -0.636763 0.770963 0.012181
vn -0.636763 0.770963 0.012181
vn -0.636763 0.770963 0.012181
vn -0.636763 0.770963 0.012181
vn -0.734280 0.678846 0.000343
vn -0.734280 0.678846 0.000343
vn -0.734280 0.678846 0.000343
vn -0.734280 0.678846 0.000343
vn -0.839683 0.497678 0.217369
vn -0.839683 0.497678 0.217369
vn -0.839683 0.497678 0.217369
vn -0.839683 0.497678 0.217369
vn -0.761339 0.354789 0.542667
vn -0.761339 0.354789 0.542667
vn -0.761339 0.354789 0.542667
vn -0.761339 0.354789 0.542667
vn 0.336426 -0.269841 0.902221
vn 0.336426 -0.269841 0.902221
vn 0.336426 -0.269841 0.902221
vn 0.336426 -0.269841 0.902221
vn 0.094093 -0.498941 0.861513
vn 0.094093 -0.498941 0.861513
vn 0.094093 -0.498941 0.861513
vn 0.094093 -0.498941 0.861513
vn -0.504740 -0.754960 0.418657
vn -0.504740 -0.754960 0.418657
vn -0.504740 -0.754960 0.418657
vn -0.504740 -0.754960 0.418657
vn -0.746721 -0.313224 -0.586770
vn -0.746721 -0.313224 -0.586770
vn -0.746721 -0.313224 -0.586770
vn -0.746721 -0.313224 -0.586770
vn -0.330583 0.276203 -0.902456
vn -0.330583 0.276203 -0.902456
vn -0.330583 0.276203 -0.902456
vn -0.330583 0.276203 -0.902456
vn -0.087688 0.504140 -0.859159
vn -0.087688 0.504140 -0.859159
vn -0.087688 0.504140 -0.859159
vn -0.087688 0.504140 -0.859159
vn 0.446022 0.810209 -0.380296
vn 0.446022 0.810209 -0.380296
vn 0.446022 0.810209 -0.380296
vn 0.446022 0.810209 -0.380296
vn 0.688057 0.368421 0.625175
vn 0.688057 0.368421 0.625175
vn 0.688057 0.368421 0.625175
vn 0.688057 0.368421 0.625175
vn -0.684109 0.149859 0.713818
vn -0.684110 0.149859 0.713818
vn -0.684109 0.149859 0.713818
vn -0.684109 0.149859 0.713818
vn -0.534860 0.450671 0.714717
vn -0.534860 0.450671 0.714717
vn -0.534860 0.450671 0.714717
vn -0.534860 0.450671 0.714717
vn 0.082542 0.929637 0.359113
vn 0.082542 0.929637 0.359113
vn 0.082542 0.929637 0.359113
vn 0.082542 0.929637 0.359113
vn 0.693716 0.624330 -0.359123
vn 0.693716 0.624330 -0.359123
vn 0.693716 0.624330 -0.359123
vn 0.693716 0.624330 -0.359123
vn 0.681534 -0.156919 -0.714764
vn 0.681534 -0.156919 -0.714764
vn 0.681534 -0.156919 -0.714764
vn 0.681534 -0.156919 -0.714764
vn 0.530632 -0.456987 -0.713858
vn 0.530632 -0.456987 -0.713858
vn 0.530632 -0.456987 -0.713858
vn 0.530632 -0.456987 -0.713858
vn -0.082510 -0.929634 -0.359127
vn -0.082510 -0.929634 -0.359127
vn -0.082510 -0.929634 -0.359127
vn -0.082510 -0.929634 -0.359127
vn -0.693667 -0.624385 0.359124
vn -0.693667 -0.624385 0.359124
vn -0.693667 -0.624385 0.359124
vn -0.693667 -0.624385 0.359124
vn 0.243548 -0.225547 0.943299
vn 0.243548 -0.225547 0.943299
vn 0.243548 -0.225547 0.943299
vn 0.243548 -0.225547 0.943299
vn 0.352853 -0.104411 0.929835
vn 0.352853 -0.104411 0.929835
vn 0.352853 -0.104411 0.929835
vn 0.352853 -0.104411 0.929835
vn 0.687090 -0.120849 0.716451
vn 0.687090 -0.120849 0.716451
vn 0.687090 -0.120849 0.716451
vn 0.687090 -0.120849 0.716451
vn 0.806250 -0.153493 0.571315
vn 0.806250 -0.153493 0.571315
vn 0.806250 -0.153493 0.571315
vn 0.806250 -0.153493 0.571315
vn 0.876905 -0.364709 0.313089
vn 0.876905 -0.364709 0.313089
vn 0.876905 -0.364709 0.313089
vn 0.876905 -0.364709 0.313089
vn 0.815688 -0.483433 0.317720
vn 0.815688 -0.483433 0.317720
vn 0.815688 -0.483433 0.317720
vn 0.815688 -0.483433 0.317720
vn 0.606927 -0.552460 0.571338
vn 0.606928 -0.552460 0.571338
vn 0.606928 -0.552460 0.571338
vn 0.606928 -0.552460 0.571338
vn 0.446071 -0.472110 0.760351
vn 0.446071 -0.472110 0.760351
vn 0.446071 -0.472110 0.760351
vn 0.446071 -0.472110 0.760351
vn -0.899447 0.344923 -0.268371
vn -0.899447 0.344923 -0.268371
vn -0.899447 0.344923 -0.268371
vn -0.899447 0.344923 -0.268371
vn -0.818862 0.481490 -0.312461
vn -0.818862 0.481490 -0.312461
vn -0.818862 0.481490 -0.312461
vn -0.818862 0.481490 -0.312461
vn -0.598816 0.541870 -0.589743
vn -0.598816 0.541870 -0.589743
vn -0.598816 0.541870 -0.589743
vn -0.598816 0.541870 -0.589743
vn -0.398248 0.467954 -0.788934
vn -0.398248 0.467954 -0.788935
vn -0.398248 0.467954 -0.788934
vn -0.398249 0.467954 -0.788934
vn -0.289686 0.218625 -0.931818
vn -0.289686 0.218625 -0.931818
vn -0.289686 0.218625 -0.931818
vn -0.289686 0.218625 -0.931818
vn -0.354071 0.100215 -0.929834
vn -0.354071 0.100215 -0.929834
vn -0.354071 0.100215 -0.929834
vn -0.354071 0.100215 -0.929834
vn -0.613308 0.037324 -0.788961
vn -0.613308 0.037324 -0.788961
vn -0.613308 0.037324 -0.788961
vn -0.613308 0.037324 -0.788961
vn -0.837680 0.149421 -0.525324
vn -0.837680 0.149421 -0.525324
vn -0.837680 0.149421 -0.525324
vn -0.837680 0.149421 -0.525324
vn -0.530454 0.457458 0.713688
vn -0.530454 0.457458 0.713688
vn -0.530454 0.457458 0.713688
vn -0.530454 0.457458 0.713688
vn -0.681465 0.157398 0.714725
vn -0.681465 0.157398 0.714725
vn -0.681465 0.157398 0.714725
vn -0.681465 0.157398 0.714725
vn -0.744656 -0.551045 0.376613
vn -0.744656 -0.551045 0.376613
vn -0.744656 -0.551045 0.376613
vn -0.744656 -0.551045 0.376613
vn -0.051210 -0.897435 -0.438164
vn -0.051210 -0.897435 -0.438164
vn -0.051210 -0.897435 -0.438164
vn -0.051210 -0.897435 -0.438164
vn 0.535174 -0.450263 -0.714739
vn 0.535174 -0.450263 -0.714739
vn 0.535174 -0.450263 -0.714739
vn 0.535174 -0.450263 -0.714739
vn 0.684303 -0.149370 -0.713735
vn 0.684303 -0.149370 -0.713735
vn 0.684303 -0.149370 -0.713735
vn 0.684303 -0.149370 -0.713735
vn 0.686777 0.579949 -0.438174
vn 0.686777 0.579949 -0.438174
vn 0.686777 0.579949 -0.438174
vn 0.686777 0.579949 -0.438174
vn -0.006657 0.926332 0.376648
vn -0.006657 0.926332 0.376648
vn -0.006657 0.926332 0.376648
vn -0.006657 0.926332 0.376648
vn 0.772653 -0.525301 0.356463
vn 0.772653 -0.525301 0.356463
vn 0.772653 -0.525301 0.356463
vn 0.772653 -0.525301 0.356463
vn 0.908288 -0.218119 0.356983
vn 0.908288 -0.218119 0.356983
vn 0.908288 -0.218119 0.356983
vn 0.908288 -0.218119 0.356983
vn 0.771328 0.610630 0.179400
vn 0.771328 0.610630 0.179400
vn 0.771328 0.610630 0.179400
vn 0.771328 0.610630 0.179400
vn -0.075271 0.980907 -0.179320
vn -0.075271 0.980907 -0.179320
vn -0.075271 0.980907 -0.179320
vn -0.075271 0.980907 -0.179320
vn -0.776739 0.518920 -0.356929
vn -0.776739 0.518920 -0.356929
vn -0.776739 0.518920 -0.356929
vn -0.776739 0.518920 -0.356929
vn -0.910213 0.210747 -0.356508
vn -0.910213 0.210748 -0.356508
vn -0.910213 0.210747 -0.356508
vn -0.910213 0.210747 -0.356508
vn -0.771408 -0.610536 -0.179377
vn -0.771408 -0.610536 -0.179377
vn -0.771408 -0.610536 -0.179377
vn -0.771408 -0.610536 -0.179377
vn 0.075293 -0.980896 0.179374
vn 0.075293 -0.980896 0.179374
vn 0.075293 -0.980896 0.179374
vn 0.075293 -0.980896 0.179374
vn 0.650882 -0.386133 -0.653647
vn 0.650882 -0.386133 -0.653647
vn 0.650882 -0.386133 -0.653647
vn 0.650882 -0.386133 -0.653647
vn 0.687319 -0.230430 -0.688836
vn 0.687319 -0.230430 -0.688836
vn 0.687319 -0.230430 -0.688836
vn 0.687319 -0.230430 -0.688836
vn 0.453843 0.018626 -0.890887
vn 0.453843 0.018626 -0.890887
vn 0.453843 0.018626 -0.890887
vn 0.453843 0.018626 -0.890887
vn 0.298169 0.112889 -0.947814
vn 0.298169 0.112889 -0.947814
vn 0.298169 0.112889 -0.947814
vn 0.298169 0.112889 -0.947814
vn -0.038592 0.088475 -0.995331
vn -0.038592 0.088475 -0.995331
vn -0.038592 0.088475 -0.995331
vn -0.038592 0.088475 -0.995331
vn -0.087561 -0.035972 -0.995509
vn -0.087561 -0.035972 -0.995509
vn -0.087561 -0.035972 -0.995510
vn -0.087561 -0.035972 -0.995510
vn 0.119539 -0.295611 -0.947800
vn 0.119539 -0.295611 -0.947800
vn 0.119539 -0.295611 -0.947800
vn 0.119539 -0.295611 -0.947800
vn 0.342346 -0.393077 -0.853399
vn 0.342346 -0.393077 -0.853399
vn 0.342346 -0.393077 -0.853399
vn 0.342346 -0.393077 -0.853399
vn 0.069261 -0.132229 0.988796
vn 0.069261 -0.132229 0.988796
vn 0.069261 -0.132229 0.988796
vn 0.069261 -0.132229 0.988796
vn 0.091508 0.030742 0.995330
vn 0.091508 0.030742 0.995330
vn 0.091508 0.030742 0.995330
vn 0.091508 0.030742 0.995330
vn -0.141605 0.298953 0.943703
vn -0.141605 0.298953 0.943703
vn -0.141605 0.298953 0.943703
vn -0.141605 0.298953 0.943703
vn -0.374968 0.426701 0.822998
vn -0.374968 0.426701 0.822998
vn -0.374968 0.426701 0.822998
vn -0.374968 0.426701 0.822998
vn -0.638669 0.351482 0.684516
vn -0.638669 0.351482 0.684516
vn -0.638669 0.351482 0.684516
vn -0.638669 0.351482 0.684516
vn -0.689383 0.226715 0.688006
vn -0.689383 0.226715 0.688006
vn -0.689383 0.226715 0.688006
vn -0.689383 0.226715 0.688006
vn -0.567893 -0.014279 0.822979
vn -0.567893 -0.014279 0.822979
vn -0.567893 -0.014279 0.822979
vn -0.567893 -0.014279 0.822979
vn -0.257181 -0.150214 0.954617
vn -0.257181 -0.150214 0.954617
vn -0.257181 -0.150214 0.954617
vn -0.257181 -0.150214 0.954617
vn 0.910353 -0.210239 0.356452
vn 0.910353 -0.210239 0.356452
vn 0.910353 -0.210239 0.356452
vn 0.910353 -0.210239 0.356452
vn 0.776988 -0.518505 0.356990
vn 0.776988 -0.518505 0.356990
vn 0.776988 -0.518505 0.356990
vn 0.776988 -0.518505 0.356990
vn 0.134527 -0.960120 0.245095
vn 0.134527 -0.960120 0.245095
vn 0.134527 -0.960120 0.245095
vn 0.134527 -0.960120 0.245095
vn -0.825945 -0.540015 -0.161861
vn -0.825945 -0.540015 -0.161861
vn -0.825945 -0.540015 -0.161861
vn -0.825945 -0.540015 -0.161861
vn -0.908171 0.218585 -0.356995
vn -0.908171 0.218585 -0.356995
vn -0.908171 0.218585 -0.356995
vn -0.908171 0.218585 -0.356995
vn -0.772336 0.525758 -0.356477
vn -0.772336 0.525758 -0.356477
vn -0.772336 0.525758 -0.356477
vn -0.772336 0.525758 -0.356477
vn -0.164154 0.973063 -0.161871
vn -0.164154 0.973063 -0.161871
vn -0.164154 0.973063 -0.161871
vn -0.164154 0.973063 -0.161871
vn 0.796352 0.552935 0.245125
vn 0.796352 0.552935 0.245125
vn 0.796352 0.552935 0.245125
vn 0.796352 0.552935 0.245125
vn -0.018137 -0.170679 0.985160
vn -0.018137 -0.170679 0.985160
vn -0.018137 -0.170679 0.985160
vn -0.018137 -0.170679 0.985160
vn 0.017405 0.163226 0.986435
vn 0.017405 0.163226 0.986435
vn 0.017405 0.163226 0.986435
vn 0.017405 0.163226 0.986435
vn 0.091781 0.863672 0.495627
vn 0.091781 0.863672 0.495627
vn 0.091781 0.863672 0.495627
vn 0.091781 0.863672 0.495627
vn 0.091799 0.863669 -0.495629
vn 0.091799 0.863669 -0.495629
vn 0.091799 0.863669 -0.495629
vn 0.091799 0.863669 -0.495629
vn 0.017359 0.163255 -0.986431
vn 0.017359 0.163255 -0.986431
vn 0.017359 0.163255 -0.986431
vn 0.017359 0.163255 -0.986431
vn -0.018208 -0.170709 -0.985153
vn -0.018208 -0.170709 -0.985153
vn -0.018208 -0.170709 -0.985153
vn -0.018208 -0.170709 -0.985153
vn -0.091773 -0.863664 -0.495644
vn -0.091773 -0.863664 -0.495644
vn -0.091773 -0.863664 -0.495644
vn -0.091773 -0.863664 -0.495644
vn -0.091819 -0.863660 0.495642
vn -0.091819 -0.863660 0.495642
vn -0.091819 -0.863660 0.495642
vn -0.091819 -0.863660 0.495642
vn 0.866318 -0.185546 0.463753
vn 0.866318 -0.185546 0.463753
vn 0.866317 -0.185546 0.463753
vn 0.866318 -0.185546 0.463753
vn 0.905177 -0.031547 0.423863
vn 0.905177 -0.031547 0.423863
vn 0.905177 -0.031547 0.423863
vn 0.905177 -0.031547 0.423863
vn 0.993832 0.094379 0.058231
vn 0.993832 0.094379 0.058231
vn 0.993832 0.094379 0.058231
vn 0.993832 0.094379 0.058231
vn 0.984216 0.119593 -0.130448
vn 0.984216 0.119593 -0.130448
vn 0.984216 0.119593 -0.130448
vn 0.984216 0.119593 -0.130448
vn 0.904144 -0.030151 -0.426163
vn 0.904144 -0.030151 -0.426163
vn 0.904144 -0.030151 -0.426163
vn 0.904144 -0.030151 -0.426163
vn 0.891948 -0.163223 -0.421648
vn 0.891948 -0.163223 -0.421648
vn 0.891948 -0.163223 -0.421648
vn 0.891948 -0.163223 -0.421648
vn 0.937078 -0.323828 -0.130465
vn 0.937078 -0.323828 -0.130465
vn 0.937078 -0.323828 -0.130465
vn 0.937078 -0.323828 -0.130465
vn 0.937075 -0.323832 0.130473
vn 0.937075 -0.323832 0.130473
vn 0.937075 -0.323832 0.130473
vn 0.937075 -0.323832 0.130473
vn -0.884564 0.000134 0.466420
vn -0.884564 0.000134 0.466420
vn -0.884564 0.000134 0.466420
vn -0.884564 0.000134 0.466420
vn -0.890124 0.159793 0.426784
vn -0.890124 0.159793 0.426784
vn -0.890124 0.159793 0.426784
vn -0.890124 0.159793 0.426784
vn -0.941670 0.318442 0.108863
vn -0.941670 0.318442 0.108863
vn -0.941670 0.318442 0.108863
vn -0.941670 0.318442 0.108863
vn -0.922622 0.340105 -0.181925
vn -0.922622 0.340105 -0.181925
vn -0.922622 0.340105 -0.181925
vn -0.922622 0.340105 -0.181925
vn -0.888800 0.160928 -0.429112
vn -0.888800 0.160928 -0.429112
vn -0.888800 0.160928 -0.429112
vn -0.888800 0.160928 -0.429112
vn -0.905016 0.027276 -0.424501
vn -0.905016 0.027276 -0.424501
vn -0.905016 0.027276 -0.424501
vn -0.905016 0.027276 -0.424501
vn -0.973491 -0.138556 -0.181980
vn -0.973491 -0.138556 -0.181980
vn -0.973491 -0.138556 -0.181980
vn -0.973491 -0.138556 -0.181980
vn -0.973493 -0.138545 0.181981
vn -0.973493 -0.138545 0.181981
vn -0.973493 -0.138545 0.181981
vn -0.973493 -0.138545 0.181981
vn 0.018200 0.171220 0.985065
vn 0.018200 0.171220 0.985065
vn 0.018200 0.171220 0.985065
vn 0.018200 0.171220 0.985065
vn -0.017328 -0.162763 0.986513
vn -0.017328 -0.162763 0.986513
vn -0.017328 -0.162763 0.986513
vn -0.017328 -0.162763 0.986513
vn -0.131704 -0.816412 0.562250
vn -0.131704 -0.816412 0.562250
vn -0.131704 -0.816412 0.562250
vn -0.131704 -0.816412 0.562250
vn -0.131663 -0.816378 -0.562309
vn -0.131664 -0.816378 -0.562310
vn -0.131664 -0.816378 -0.562309
vn -0.131664 -0.816378 -0.562309
vn -0.017299 -0.162810 -0.986506
vn -0.017299 -0.162810 -0.986506
vn -0.017299 -0.162810 -0.986506
vn -0.017299 -0.162810 -0.986506
vn 0.018182 0.171269 -0.985056
vn 0.018182 0.171269 -0.985056
vn 0.018182 0.171269 -0.985057
vn 0.018182 0.171269 -0.985056
vn 0.042924 0.825794 -0.562336
vn 0.042924 0.825794 -0.562336
vn 0.042924 0.825794 -0.562336
vn 0.042924 0.825794 -0.562336
vn 0.042931 0.825833 0.562279
vn 0.042931 0.825833 0.562279
vn 0.042931 0.825833 0.562279
vn 0.042931 0.825833 0.562279
vn 0.569830 0.821763 0.000000
vn 0.569830 0.821763 0.000000
vn 0.569830 0.821763 0.000000
vn 0.569830 0.821763 0.000000
vn 0.265665 0.964066 0.000000
vn 0.265665 0.964066 0.000000
vn 0.265665 0.964066 0.000000
vn 0.265665 0.964066 0.000000
vn -0.579770 0.814780 0.000000
vn -0.579770 0.814780 0.000000
vn -0.579770 0.814780 0.000000
vn -0.579770 0.814780 0.000000
vn -0.996408 -0.084677 0.000000
vn -0.996409 -0.084677 0.000000
vn -0.996408 -0.084677 0.000000
vn -0.996409 -0.084677 0.000000
vn -0.563593 -0.826053 0.000000
vn -0.563593 -0.826053 0.000000
vn -0.563593 -0.826053 0.000000
vn -0.563593 -0.826053 0.000000
vn -0.258286 -0.966069 0.000000
vn -0.258286 -0.966069 0.000000
vn -0.258286 -0.966069 0.000000
vn -0.258286 -0.966069 0.000000
vn 0.579728 -0.814810 0.000000
vn 0.579728 -0.814810 0.000000
vn 0.579728 -0.814810 0.000000
vn 0.579728 -0.814810 0.000000
vn 0.996409 0.084677 0.000000
vn 0.996409 0.084677 0.000000
vn 0.996408 0.084677 0.000000
vn 0.996409 0.084677 0.000000
vn 0.279140 0.381676 -0.881138
vn 0.279140 0.381676 -0.881138
vn 0.279140 0.381676 -0.881138
vn 0.279140 0.381676 -0.881138
vn 0.119766 0.411633 -0.903446
vn 0.119766 0.411633 -0.903446
vn 0.119766 0.411633 -0.903446
vn 0.119766 0.411633 -0.903446
vn -0.156043 0.136457 -0.978279
vn -0.156043 0.136457 -0.978279
vn -0.156043 0.136457 -0.978279
vn -0.156043 0.136457 -0.978279
vn -0.257092 -0.024619 -0.966073
vn -0.257092 -0.024619 -0.966073
vn -0.257092 -0.024619 -0.966073
vn -0.257092 -0.024619 -0.966073
vn -0.238594 -0.359140 -0.902270
vn -0.238594 -0.359140 -0.902270
vn -0.238594 -0.359140 -0.902270
vn -0.238594 -0.359140 -0.902270
vn -0.115512 -0.411103 -0.904241
vn -0.115512 -0.411103 -0.904241
vn -0.115512 -0.411103 -0.904241
vn -0.115512 -0.411103 -0.904241
vn 0.147529 -0.212044 -0.966060
vn 0.147529 -0.212044 -0.966060
vn 0.147529 -0.212044 -0.966060
vn 0.147529 -0.212044 -0.966060
vn 0.257121 0.024611 -0.966066
vn 0.257121 0.024611 -0.966066
vn 0.257121 0.024611 -0.966066
vn 0.257121 0.024611 -0.966066
vn 0.280734 0.383970 0.879634
vn 0.280733 0.383970 0.879634
vn 0.280734 0.383970 0.879634
vn 0.280734 0.383970 0.879634
vn 0.120557 0.414525 0.902017
vn 0.120557 0.414525 0.902017
vn 0.120557 0.414525 0.902017
vn 0.120557 0.414525 0.902017
vn -0.151244 0.190079 0.970049
vn -0.151244 0.190079 0.970049
vn -0.151244 0.190079 0.970049
vn -0.151244 0.190079 0.970049
vn -0.294855 -0.063942 0.953400
vn -0.294855 -0.063942 0.953400
vn -0.294855 -0.063942 0.953400
vn -0.294855 -0.063942 0.953400
vn -0.240355 -0.361631 0.900807
vn -0.240355 -0.361631 0.900807
vn -0.240355 -0.361631 0.900807
vn -0.240355 -0.361631 0.900807
vn -0.116230 -0.414025 0.902815
vn -0.116230 -0.414025 0.902815
vn -0.116230 -0.414025 0.902815
vn -0.116230 -0.414025 0.902815
vn 0.141935 -0.266290 0.953386
vn 0.141935 -0.266290 0.953386
vn 0.141935 -0.266290 0.953386
vn 0.141935 -0.266290 0.953386
vn 0.294816 0.063940 0.953412
vn 0.294816 0.063940 0.953412
vn 0.294816 0.063940 0.953412
vn 0.294816 0.063940 0.953412
vn 0.257766 0.966207 0.000000
vn 0.257766 0.966208 0.000000
vn 0.257766 0.966208 0.000000
vn 0.257766 0.966207 0.000000
vn 0.563177 0.826336 0.000000
vn 0.563177 0.826336 0.000000
vn 0.563177 0.826336 0.000000
vn 0.563177 0.826336 0.000000
vn 0.985592 0.163148 0.044634
vn 0.985592 0.163148 0.044634
vn 0.985592 0.163148 0.044634
vn 0.985592 0.163148 0.044634
vn 0.512906 -0.857283 0.044636
vn 0.512907 -0.857283 0.044636
vn 0.512906 -0.857283 0.044636
vn 0.512907 -0.857283 0.044636
vn -0.266087 -0.963949 0.000000
vn -0.266087 -0.963949 0.000000
vn -0.266087 -0.963949 0.000000
vn -0.266087 -0.963949 0.000000
vn -0.570295 -0.821440 0.000000
vn -0.570295 -0.821440 0.000000
vn -0.570295 -0.821440 0.000000
vn -0.570295 -0.821440 0.000000
vn -0.985596 -0.163116 0.044653
vn -0.985596 -0.163116 0.044653
vn -0.985596 -0.163116 0.044653
vn -0.985596 -0.163116 0.044653
vn -0.512907 0.857283 0.044642
vn -0.512907 0.857283 0.044642
vn -0.512907 0.857283 0.044642
vn -0.512907 0.857283 0.044642
vn 0.171644 0.000000 0.985159
vn 0.171644 0.000000 0.985159
vn 0.171644 0.000000 0.985159
vn 0.171644 0.000000 0.985159
vn -0.164171 0.000000 0.986432
vn -0.164171 0.000000 0.986432
vn -0.164171 0.000000 0.986432
vn -0.164171 0.000000 0.986432
vn -0.868522 0.000000 0.495651
vn -0.868522 0.000000 0.495651
vn -0.868522 0.000000 0.495651
vn -0.868522 0.000000 0.495651
vn -0.868513 0.000000 -0.495667
vn -0.868513 0.000000 -0.495667
vn -0.868513 0.000000 -0.495667
vn -0.868513 0.000000 -0.495667
vn -0.164171 0.000000 -0.986432
vn -0.164171 0.000000 -0.986432
vn -0.164171 0.000000 -0.986432
vn -0.164171 0.000000 -0.986432
vn 0.171672 0.000000 -0.985154
vn 0.171672 0.000000 -0.985154
vn 0.171672 0.000000 -0.985154
vn 0.171672 0.000000 -0.985154
vn 0.868513 0.000000 -0.495667
vn 0.868513 0.000000 -0.495667
vn 0.868513 0.000000 -0.495667
vn 0.868513 0.000000 -0.495667
vn 0.868524 0.000000 0.495647
vn 0.868524 0.000000 0.495647
vn 0.868524 0.000000 0.495647
vn 0.868524 0.000000 0.495647
vn 0.092923 0.881102 0.463707
vn 0.092923 0.881102 0.463707
vn 0.092923 0.881102 0.463707
vn 0.092923 0.881102 0.463707
vn -0.064334 0.903425 0.423893
vn -0.064334 0.903425 0.423893
vn -0.064334 0.903425 0.423893
vn -0.064334 0.903425 0.423893
vn -0.198915 0.978284 0.058261
vn -0.198915 0.978283 0.058261
vn -0.198915 0.978283 0.058261
vn -0.198915 0.978283 0.058261
vn -0.222960 0.966060 -0.130451
vn -0.222960 0.966060 -0.130451
vn -0.222960 0.966060 -0.130451
vn -0.222960 0.966060 -0.130451
vn -0.065576 0.902249 -0.426200
vn -0.065576 0.902249 -0.426200
vn -0.065576 0.902249 -0.426200
vn -0.065576 0.902249 -0.426200
vn 0.068009 0.904224 -0.421610
vn 0.068009 0.904224 -0.421610
vn 0.068009 0.904224 -0.421610
vn 0.068009 0.904224 -0.421610
vn 0.222958 0.966062 -0.130442
vn 0.222958 0.966062 -0.130442
vn 0.222958 0.966061 -0.130442
vn 0.222958 0.966061 -0.130442
vn 0.222950 0.966063 0.130446
vn 0.222950 0.966063 0.130446
vn 0.222950 0.966063 0.130446
vn 0.222950 0.966063 0.130446
vn 0.093366 -0.879657 0.466354
vn 0.093366 -0.879657 0.466354
vn 0.093366 -0.879657 0.466354
vn 0.093366 -0.879657 0.466354
vn -0.064825 -0.902030 0.426779
vn -0.064825 -0.902030 0.426779
vn -0.064825 -0.902030 0.426779
vn -0.064825 -0.902030 0.426779
vn -0.217126 -0.970055 0.108859
vn -0.217126 -0.970055 0.108859
vn -0.217126 -0.970055 0.108859
vn -0.217126 -0.970055 0.108859
vn -0.240654 -0.953412 -0.181911
vn -0.240654 -0.953412 -0.181911
vn -0.240654 -0.953412 -0.181911
vn -0.240654 -0.953412 -0.181911
vn -0.066064 -0.900852 -0.429070
vn -0.066064 -0.900852 -0.429070
vn -0.066064 -0.900852 -0.429070
vn -0.066064 -0.900852 -0.429070
vn 0.068514 -0.902853 -0.424456
vn 0.068514 -0.902853 -0.424456
vn 0.068514 -0.902853 -0.424456
vn 0.068514 -0.902853 -0.424456
vn 0.240654 -0.953412 -0.181911
vn 0.240654 -0.953412 -0.181911
vn 0.240654 -0.953412 -0.181911
vn 0.240654 -0.953412 -0.181911
vn 0.240661 -0.953409 0.181916
vn 0.240660 -0.953409 0.181916
vn 0.240660 -0.953409 0.181916
vn 0.240660 -0.953409 0.181916
vn -0.172190 0.000000 0.985064
vn -0.172190 0.000000 0.985064
vn -0.172190 0.000000 0.985064
vn -0.172190 0.000000 0.985064
vn 0.163692 0.000000 0.986511
vn 0.163692 0.000000 0.986512
vn 0.163692 0.000000 0.986512
vn 0.163692 0.000000 0.986512
vn 0.825738 -0.044634 0.562286
vn 0.825738 -0.044634 0.562286
vn 0.825738 -0.044634 0.562286
vn 0.825738 -0.044634 0.562286
vn 0.825737 -0.044627 -0.562286
vn 0.825737 -0.044627 -0.562286
vn 0.825737 -0.044627 -0.562286
vn 0.825737 -0.044627 -0.562286
vn 0.163703 0.000000 -0.986510
vn 0.163703 0.000000 -0.986510
vn 0.163703 0.000000 -0.986510
vn 0.163703 0.000000 -0.986510
vn -0.172215 0.000000 -0.985059
vn -0.172215 0.000000 -0.985059
vn -0.172215 0.000000 -0.985059
vn -0.172215 0.000000 -0.985059
vn -0.825751 -0.044643 -0.562265
vn -0.825751 -0.044643 -0.562265
vn -0.825751 -0.044643 -0.562265
vn -0.825751 -0.044643 -0.562265
vn -0.825751 -0.044649 0.562265
vn -0.825751 -0.044649 0.562265
vn -0.825751 -0.044649 0.562265
vn -0.825751 -0.044649 0.562265
vn 0.000000 0.837810 0.545963
vn 0.000000 0.837810 0.545963
vn 0.000000 0.837810 0.545963
vn 0.000000 0.837810 0.545963
vn 0.000000 1.000000 0.000000
vn 0.000000 1.000000 0.000000
vn 0.000000 1.000000 0.000000
vn 0.000000 1.000000 0.000000
vn 0.000000 -1.000000 0.000000
vn 0.000000 -1.000000 0.000000
vn 0.000000 -1.000000 0.000000
vn 0.000000 -1.000000 0.000000
vn 0.000000 -0.837815 0.545955
vn 0.000000 -0.837815 0.545955
vn 0.000000 -0.837815 0.545955
vn 0.000000 -0.837815 0.545955
vn 0.000000 -0.271726 0.962375
vn 0.000000 -0.271726 0.962375
vn 0.000000 -0.271726 0.962375
vn 0.000000 -0.271726 0.962375
vn 0.000000 0.271726 0.962375
vn 0.000000 0.271726 0.962375
vn 0.000000 0.271726 0.962375
vn 0.000000 0.271726 0.962375
vn 0.000000 0.000000 0.000000
vn 0.000000 0.000000 0.000000
vn 0.000000 0.000000 0.000000
vn 0.000000 0.000000 0.000000
vn 0.000000 0.000000 0.000000
vn 0.000000 0.000000 0.000000
vn 0.000000 0.000000 0.000000
vn 0.000000 0.000000 0.000000
vn 0.000000 0.000000 0.000000
vn 0.000000 0.000000 0.000000
vn 0.000000 0.000000 0.000000
vn 0.000000 0.000000 0.000000
vn 0.000000 0.000000 0.000000
vn 0.000000 0.000000 0.000000
vn 0.000000 0.000000 0.000000
vn 0.000000 0.000000 0.000000
vn 0.000000 0.000000 0.000000
vn 0.000000 0.000000 0.000000
vn 0.000000 0.000000 0.000000
vn 0.000000 0.000000 0.000000
vn 0.000000 0.000000 0.000000
vn 0.000000 0.000000 0.000000
vn 0.000000 0.000000 0.000000
vn 0.000000 0.000000 0.000000
vn 0.988690 -0.123542 -0.085025
vn 0.988690 -0.123542 -0.085025
vn 0.988690 -0.123542 -0.085025
vn 0.988690 -0.123542 -0.085025
vn 0.985575 -0.169238 0.000000
vn 0.985575 -0.169238 0.000000
vn 0.985575 -0.169238 0.000000
vn 0.985575 -0.169238 0.000000
vn 0.985574 0.169246 0.000000
vn 0.985574 0.169246 0.000000
vn 0.985574 0.169246 0.000000
vn 0.985574 0.169246 0.000000
vn 0.988689 0.123546 -0.085028
vn 0.988689 0.123546 -0.085028
vn 0.988689 0.123546 -0.085028
vn 0.988689 0.123546 -0.085028
vn 0.992171 0.029873 -0.121260
vn 0.992171 0.029873 -0.121260
vn 0.992171 0.029873 -0.121260
vn 0.992171 0.029873 -0.121260
vn 0.992171 -0.029873 -0.121260
vn 0.992171 -0.029873 -0.121260
vn 0.992171 -0.029873 -0.121260
vn 0.992171 -0.029873 -0.121260
vn -0.988679 -0.123602 -0.085066
vn -0.988679 -0.123602 -0.085066
vn -0.988679 -0.123602 -0.085066
vn -0.988679 -0.123602 -0.085066
vn -0.985561 -0.169319 0.000000
vn -0.985561 -0.169319 0.000000
vn -0.985561 -0.169319 0.000000
vn -0.985561 -0.169319 0.000000
vn -0.985560 0.169328 0.000000
vn -0.985560 0.169328 0.000000
vn -0.985560 0.169328 0.000000
vn -0.985560 0.169328 0.000000
vn -0.988678 0.123605 -0.085069
vn -0.988678 0.123605 -0.085069
vn -0.988679 0.123605 -0.085069
vn -0.988678 0.123605 -0.085069
vn -0.992164 0.029888 -0.121319
vn -0.992164 0.029888 -0.121319
vn -0.992164 0.029888 -0.121319
vn -0.992164 0.029888 -0.121319
vn -0.992164 -0.029888 -0.121319
vn -0.992164 -0.029888 -0.121319
vn -0.992164 -0.029888 -0.121319
vn -0.992164 -0.029888 -0.121319
vn 0.171683 0.985152 0.000000
vn 0.171683 0.985152 0.000000
vn 0.171683 0.985152 0.000000
vn 0.171683 0.985152 0.000000
vn -0.164173 0.986432 0.000000
vn -0.164173 0.986431 0.000000
vn -0.164173 0.986431 0.000000
vn -0.164173 0.986432 0.000000
vn -0.868526 0.495644 0.000000
vn -0.868526 0.495644 0.000000
vn -0.868526 0.495644 0.000000
vn -0.868526 0.495644 0.000000
vn -0.868534 -0.495630 0.000000
vn -0.868534 -0.495630 0.000000
vn -0.868534 -0.495630 0.000000
vn -0.868534 -0.495630 0.000000
vn -0.164171 -0.986432 0.000000
vn -0.164171 -0.986432 0.000000
vn -0.164171 -0.986432 0.000000
vn -0.164171 -0.986432 0.000000
vn 0.171666 -0.985155 0.000000
vn 0.171666 -0.985155 0.000000
vn 0.171666 -0.985155 0.000000
vn 0.171666 -0.985155 0.000000
vn 0.868517 -0.495660 0.000000
vn 0.868517 -0.495660 0.000000
vn 0.868517 -0.495660 0.000000
vn 0.868517 -0.495660 0.000000
vn 0.868517 0.495660 0.000000
vn 0.868517 0.495660 0.000000
vn 0.868517 0.495660 0.000000
vn 0.868517 0.495660 0.000000
vn 0.092885 0.463652 -0.881135
vn 0.092885 0.463652 -0.881135
vn 0.092885 0.463652 -0.881135
vn 0.092885 0.463652 -0.881135
vn -0.064324 0.423862 -0.903440
vn -0.064324 0.423862 -0.903440
vn -0.064324 0.423862 -0.903440
vn -0.064324 0.423862 -0.903440
vn -0.198938 0.058245 -0.978280
vn -0.198938 0.058245 -0.978280
vn -0.198938 0.058245 -0.978280
vn -0.198938 0.058245 -0.978280
vn -0.222979 -0.130406 -0.966061
vn -0.222979 -0.130406 -0.966061
vn -0.222979 -0.130406 -0.966061
vn -0.222979 -0.130406 -0.966061
vn -0.065555 -0.426165 -0.902267
vn -0.065555 -0.426165 -0.902267
vn -0.065555 -0.426165 -0.902267
vn -0.065555 -0.426165 -0.902267
vn 0.067973 -0.421564 -0.904248
vn 0.067973 -0.421564 -0.904248
vn 0.067973 -0.421564 -0.904248
vn 0.067973 -0.421564 -0.904248
vn 0.222971 -0.130415 -0.966062
vn 0.222971 -0.130415 -0.966062
vn 0.222971 -0.130415 -0.966062
vn 0.222971 -0.130415 -0.966062
vn 0.222967 0.130412 -0.966064
vn 0.222967 0.130412 -0.966063
vn 0.222967 0.130412 -0.966063
vn 0.222967 0.130412 -0.966064
vn 0.093334 0.466402 0.879635
vn 0.093334 0.466402 0.879635
vn 0.093334 0.466402 0.879635
vn 0.093334 0.466402 0.879635
vn -0.064802 0.426819 0.902012
vn -0.064802 0.426819 0.902012
vn -0.064802 0.426819 0.902012
vn -0.064802 0.426819 0.902012
vn -0.217165 0.108887 0.970043
vn -0.217165 0.108887 0.970043
vn -0.217165 0.108887 0.970043
vn -0.217165 0.108887 0.970043
vn -0.240716 -0.181960 0.953387
vn -0.240716 -0.181960 0.953387
vn -0.240716 -0.181960 0.953387
vn -0.240716 -0.181960 0.953387
vn -0.066094 -0.429152 0.900811
vn -0.066094 -0.429153 0.900811
vn -0.066094 -0.429153 0.900811
vn -0.066094 -0.429153 0.900811
vn 0.068535 -0.424531 0.902816
vn 0.068535 -0.424531 0.902816
vn 0.068535 -0.424531 0.902816
vn 0.068535 -0.424531 0.902816
vn 0.240708 -0.181976 0.953386
vn 0.240708 -0.181976 0.953386
vn 0.240708 -0.181976 0.953386
vn 0.240708 -0.181976 0.953386
vn 0.240703 0.181971 0.953388
vn 0.240703 0.181971 0.953388
vn 0.240703 0.181971 0.953388
vn 0.240703 0.181971 0.953388
vn -0.172212 0.985060 0.000000
vn -0.172212 0.985060 0.000000
vn -0.172212 0.985060 0.000000
vn -0.172212 0.985060 0.000000
vn 0.163704 0.986510 0.000000
vn 0.163704 0.986510 0.000000
vn 0.163704 0.986510 0.000000
vn 0.163704 0.986510 0.000000
vn 0.825757 0.562258 0.044628
vn 0.825757 0.562258 0.044628
vn 0.825757 0.562258 0.044628
vn 0.825757 0.562258 0.044628
vn 0.825768 -0.562241 0.044632
vn 0.825768 -0.562241 0.044632
vn 0.825768 -0.562241 0.044632
vn 0.825768 -0.562241 0.044632
vn 0.163678 -0.986514 0.000000
vn 0.163678 -0.986514 0.000000
vn 0.163678 -0.986514 0.000000
vn 0.163678 -0.986514 0.000000
vn -0.172186 -0.985065 0.000000
vn -0.172186 -0.985065 0.000000
vn -0.172186 -0.985065 0.000000
vn -0.172186 -0.985065 0.000000
vn -0.825725 -0.562303 0.044645
vn -0.825725 -0.562303 0.044645
vn -0.825725 -0.562303 0.044645
vn -0.825725 -0.562303 0.044645
vn -0.825714 0.562320 0.044641
vn -0.825714 0.562320 0.044641
vn -0.825714 0.562320 0.044641
vn -0.825714 0.562320 0.044641
vn 0.167935 0.035406 0.985162
vn 0.167935 0.035406 0.985162
vn 0.167935 0.035406 0.985162
vn 0.167935 0.035406 0.985162
vn -0.160599 -0.033855 0.986439
vn -0.160599 -0.033855 0.986439
vn -0.160599 -0.033855 0.986439
vn -0.160599 -0.033855 0.986439
vn -0.849873 -0.179138 0.495607
vn -0.849873 -0.179138 0.495607
vn -0.849873 -0.179138 0.495607
vn -0.849873 -0.179138 0.495607
vn -0.849856 -0.179205 -0.495611
vn -0.849856 -0.179205 -0.495611
vn -0.849856 -0.179205 -0.495610
vn -0.849856 -0.179205 -0.495611
vn -0.160652 -0.033871 -0.986430
vn -0.160652 -0.033871 -0.986430
vn -0.160652 -0.033871 -0.986430
vn -0.160652 -0.033871 -0.986430
vn 0.167987 0.035412 -0.985153
vn 0.167987 0.035412 -0.985153
vn 0.167987 0.035412 -0.985153
vn 0.167987 0.035412 -0.985153
vn 0.849849 0.179163 -0.495638
vn 0.849849 0.179163 -0.495638
vn 0.849849 0.179163 -0.495638
vn 0.849849 0.179163 -0.495638
vn 0.849850 0.179163 0.495637
vn 0.849850 0.179163 0.495637
vn 0.849850 0.179163 0.495637
vn 0.849850 0.179163 0.495637
vn -0.090844 0.881313 0.463719
vn -0.090844 0.881313 0.463719
vn -0.090844 0.881313 0.463719
vn -0.090844 0.881313 0.463719
vn -0.249347 0.870716 0.423886
vn -0.249347 0.870716 0.423886
vn -0.249347 0.870716 0.423886
vn -0.249347 0.870716 0.423886
vn -0.396448 0.916207 0.058247
vn -0.396448 0.916207 0.058247
vn -0.396448 0.916207 0.058247
vn -0.396448 0.916207 0.058247
vn -0.417473 0.899278 -0.130443
vn -0.417473 0.899278 -0.130443
vn -0.417473 0.899278 -0.130443
vn -0.417473 0.899278 -0.130443
vn -0.250306 0.869304 -0.426212
vn -0.250306 0.869304 -0.426212
vn -0.250306 0.869304 -0.426212
vn -0.250306 0.869304 -0.426212
vn -0.119996 0.898794 -0.421629
vn -0.119996 0.898794 -0.421629
vn -0.119996 0.898794 -0.421629
vn -0.119996 0.898794 -0.421629
vn 0.018879 0.991277 -0.130438
vn 0.018879 0.991277 -0.130438
vn 0.018879 0.991277 -0.130438
vn 0.018879 0.991277 -0.130438
vn 0.018864 0.991277 0.130439
vn 0.018864 0.991277 0.130439
vn 0.018864 0.991277 0.130439
vn 0.018864 0.991277 0.130439
vn 0.272842 -0.841445 0.466399
vn 0.272842 -0.841445 0.466399
vn 0.272842 -0.841445 0.466399
vn 0.272842 -0.841445 0.466399
vn 0.122662 -0.895995 0.426786
vn 0.122662 -0.895995 0.426786
vn 0.122662 -0.895995 0.426786
vn 0.122662 -0.895995 0.426787
vn -0.012331 -0.993979 0.108878
vn -0.012331 -0.993979 0.108878
vn -0.012331 -0.993979 0.108878
vn -0.012331 -0.993979 0.108878
vn -0.038795 -0.982551 -0.181906
vn -0.038795 -0.982551 -0.181906
vn -0.038795 -0.982551 -0.181906
vn -0.038795 -0.982550 -0.181906
vn 0.121205 -0.895103 -0.429068
vn 0.121205 -0.895104 -0.429068
vn 0.121205 -0.895103 -0.429068
vn 0.121205 -0.895104 -0.429068
vn 0.253278 -0.869283 -0.424497
vn 0.253278 -0.869283 -0.424497
vn 0.253278 -0.869283 -0.424497
vn 0.253278 -0.869283 -0.424497
vn 0.432191 -0.883241 -0.181927
vn 0.432191 -0.883241 -0.181927
vn 0.432191 -0.883241 -0.181927
vn 0.432191 -0.883241 -0.181927
vn 0.432199 -0.883236 0.181931
vn 0.432199 -0.883236 0.181931
vn 0.432199 -0.883236 0.181931
vn 0.432199 -0.883235 0.181931
vn -0.168522 -0.035522 0.985058
vn -0.168522 -0.035522 0.985058
vn -0.168522 -0.035522 0.985058
vn -0.168522 -0.035522 0.985058
vn 0.160168 0.033761 0.986512
vn 0.160168 0.033761 0.986512
vn 0.160168 0.033761 0.986512
vn 0.160168 0.033761 0.986512
vn 0.817205 0.126656 0.562258
vn 0.817205 0.126656 0.562258
vn 0.817205 0.126656 0.562258
vn 0.817205 0.126656 0.562258
vn 0.817184 0.126645 -0.562292
vn 0.817184 0.126645 -0.562292
vn 0.817184 0.126645 -0.562292
vn 0.817184 0.126645 -0.562292
vn 0.160190 0.033774 -0.986508
vn 0.160190 0.033774 -0.986508
vn 0.160190 0.033774 -0.986508
vn 0.160190 0.033774 -0.986508
vn -0.168541 -0.035535 -0.985054
vn -0.168541 -0.035535 -0.985054
vn -0.168541 -0.035535 -0.985054
vn -0.168541 -0.035535 -0.985054
vn -0.798750 -0.214018 -0.562312
vn -0.798750 -0.214018 -0.562312
vn -0.798750 -0.214018 -0.562312
vn -0.798750 -0.214018 -0.562312
vn -0.798772 -0.214036 0.562274
vn -0.798772 -0.214036 0.562274
vn -0.798772 -0.214036 0.562274
vn -0.798772 -0.214036 0.562274
vn 0.000000 0.837810 0.545963
vn 0.000000 0.837810 0.545963
vn 0.000000 0.837810 0.545963
vn 0.000000 0.837810 0.545963
vn 0.000000 1.000000 0.000000
vn 0.000000 1.000000 0.000000
vn 0.000000 1.000000 0.000000
vn 0.000000 1.000000 0.000000
vn 0.000000 -1.000000 0.000000
vn 0.000000 -1.000000 0.000000
vn 0.000000 -1.000000 0.000000
vn 0.000000 -1.000000 0.000000
vn 0.000000 -0.837815 0.545955
vn 0.000000 -0.837815 0.545955
vn 0.000000 -0.837815 0.545955
vn 0.000000 -0.837815 0.545955
vn 0.000000 -0.271726 0.962375
vn 0.000000 -0.271726 0.962375
vn 0.000000 -0.271726 0.962375
vn 0.000000 -0.271726 0.962375
vn 0.000000 0.271726 0.962375
vn 0.000000 0.271726 0.962375
vn 0.000000 0.271726 0.962375
vn 0.000000 0.271726 0.962375
vn 0.000000 0.000000 0.000000
vn 0.000000 0.000000 0.000000
vn 0.000000 0.000000 0.000000
vn 0.000000 0.000000 0.000000
vn 0.000000 0.000000 0.000000
vn 0.000000 0.000000 0.000000
vn 0.000000 0.000000 0.000000
vn 0.000000 0.000000 0.000000
vn 0.000000 0.000000 0.000000
vn 0.000000 0.000000 0.000000
vn 0.000000 0.000000 0.000000
vn 0.000000 0.000000 0.000000
vn 0.000000 0.000000 0.000000
vn 0.000000 0.000000 0.000000
vn 0.000000 0.000000 0.000000
vn 0.000000 0.000000 0.000000
vn 0.000000 0.000000 0.000000
vn 0.000000 0.000000 0.000000
vn 0.000000 0.000000 0.000000
vn 0.000000 0.000000 0.000000
vn 0.000000 0.000000 0.000000
vn 0.000000 0.000000 0.000000
vn 0.000000 0.000000 0.000000
vn 0.000000 0.000000 0.000000
vn 0.988690 -0.123542 -0.085025
vn 0.988690 -0.123542 -0.085025
vn 0.988690 -0.123542 -0.085025
vn 0.988690 -0.123542 -0.085025
vn 0.985575 -0.169238 0.000000
vn 0.985575 -0.169238 0.000000
vn 0.985575 -0.169238 0.000000
vn 0.985575 -0.169238 0.000000
vn 0.985574 0.169247 0.000000
vn 0.985574 0.169247 0.000000
vn 0.985574 0.169247 0.000000
vn 0.985574 0.169247 0.000000
vn 0.988689 0.123546 -0.085028
vn 0.988689 0.123546 -0.085028
vn 0.988689 0.123546 -0.085028
vn 0.988689 0.123546 -0.085028
vn 0.992171 0.029873 -0.121260
vn 0.992171 0.029873 -0.121260
vn 0.992171 0.029873 -0.121260
vn 0.992171 0.029873 -0.121260
vn 0.992171 -0.029873 -0.121260
vn 0.992171 -0.029873 -0.121260
vn 0.992171 -0.029873 -0.121260
vn 0.992171 -0.029873 -0.121260
vn -0.988679 -0.123602 -0.085066
vn -0.988679 -0.123602 -0.085066
vn -0.988679 -0.123602 -0.085066
vn -0.988679 -0.123602 -0.085066
vn -0.985561 -0.169319 0.000000
vn -0.985561 -0.169319 0.000000
vn -0.985561 -0.169319 0.000000
vn -0.985561 -0.169319 0.000000
vn -0.985560 0.169328 0.000000
vn -0.985560 0.169328 0.000000
vn -0.985560 0.169328 0.000000
vn -0.985560 0.169328 0.000000
vn -0.988678 0.123606 -0.085069
vn -0.988678 0.123606 -0.085069
vn -0.988678 0.123606 -0.085069
vn -0.988678 0.123606 -0.085069
vn -0.992164 0.029888 -0.121319
vn -0.992164 0.029888 -0.121319
vn -0.992164 0.029888 -0.121319
vn -0.992164 0.029888 -0.121319
vn -0.992164 -0.029888 -0.121319
vn -0.992164 -0.029888 -0.121319
vn -0.992164 -0.029888 -0.121319
vn -0.992164 -0.029888 -0.121319
vn -0.343895 0.939008 0.000000
vn -0.343895 0.939008 0.000000
vn -0.343895 0.939008 0.000000
vn -0.343895 0.939008 0.000000
vn -0.635409 0.772175 0.000000
vn -0.635409 0.772175 0.000000
vn -0.635409 0.772175 0.000000
vn -0.635409 0.772175 0.000000
vn -0.999987 -0.005017 0.000000
vn -0.999987 -0.005017 0.000000
vn -0.999987 -0.005017 0.000000
vn -0.999987 -0.005017 0.000000
vn -0.504361 -0.863493 0.000000
vn -0.504361 -0.863493 0.000000
vn -0.504361 -0.863493 0.000000
vn -0.504361 -0.863493 0.000000
vn 0.351038 -0.936361 0.000000
vn 0.351038 -0.936361 0.000000
vn 0.351038 -0.936361 0.000000
vn 0.351038 -0.936361 0.000000
vn 0.641245 -0.767336 0.000000
vn 0.641245 -0.767336 0.000000
vn 0.641245 -0.767336 0.000000
vn 0.641245 -0.767336 0.000000
vn 0.999988 0.004976 0.000000
vn 0.999988 0.004976 0.000000
vn 0.999988 0.004976 0.000000
vn 0.999988 0.004976 0.000000
vn 0.504326 0.863513 0.000000
vn 0.504326 0.863513 0.000000
vn 0.504326 0.863513 0.000000
vn 0.504326 0.863513 0.000000
vn -0.151388 0.448014 -0.881116
vn -0.151388 0.448014 -0.881116
vn -0.151388 0.448014 -0.881116
vn -0.151388 0.448014 -0.881116
vn -0.267570 0.334909 -0.903461
vn -0.267570 0.334909 -0.903461
vn -0.267570 0.334909 -0.903461
vn -0.267570 0.334909 -0.903461
vn -0.201349 -0.049069 -0.978290
vn -0.201349 -0.049069 -0.978290
vn -0.201349 -0.049069 -0.978290
vn -0.201349 -0.049069 -0.978290
vn -0.127916 -0.224410 -0.966063
vn -0.127916 -0.224410 -0.966063
vn -0.127916 -0.224410 -0.966063
vn -0.127916 -0.224410 -0.966063
vn 0.156319 -0.401913 -0.902237
vn 0.156319 -0.401913 -0.902236
vn 0.156319 -0.401913 -0.902236
vn 0.156319 -0.401913 -0.902236
vn 0.269718 -0.331125 -0.904217
vn 0.269718 -0.331125 -0.904217
vn 0.269718 -0.331125 -0.904217
vn 0.269718 -0.331125 -0.904217
vn 0.258294 -0.001467 -0.966065
vn 0.258294 -0.001467 -0.966065
vn 0.258294 -0.001467 -0.966065
vn 0.258294 -0.001467 -0.966065
vn 0.127846 0.224419 -0.966070
vn 0.127846 0.224419 -0.966070
vn 0.127846 0.224419 -0.966070
vn 0.127846 0.224419 -0.966070
vn -0.152352 0.450540 0.879661
vn -0.152352 0.450540 0.879661
vn -0.152352 0.450540 0.879661
vn -0.152352 0.450540 0.879661
vn -0.269538 0.337212 0.902018
vn -0.269538 0.337212 0.902018
vn -0.269538 0.337212 0.902018
vn -0.269538 0.337212 0.902018
vn -0.242508 -0.014277 0.970044
vn -0.242508 -0.014277 0.970044
vn -0.242508 -0.014277 0.970044
vn -0.242508 -0.014277 0.970044
vn -0.117458 -0.277866 0.953412
vn -0.117458 -0.277866 0.953412
vn -0.117458 -0.277866 0.953412
vn -0.117458 -0.277866 0.953412
vn 0.157301 -0.404665 0.900834
vn 0.157301 -0.404665 0.900834
vn 0.157301 -0.404665 0.900834
vn 0.157301 -0.404665 0.900834
vn 0.271568 -0.333372 0.902837
vn 0.271568 -0.333372 0.902837
vn 0.271568 -0.333372 0.902837
vn 0.271568 -0.333372 0.902837
vn 0.299378 -0.037202 0.953409
vn 0.299378 -0.037202 0.953409
vn 0.299378 -0.037202 0.953409
vn 0.299378 -0.037202 0.953409
vn 0.117450 0.277875 0.953410
vn 0.117450 0.277875 0.953410
vn 0.117450 0.277875 0.953410
vn 0.117450 0.277875 0.953410
vn -0.641654 0.766994 0.000000
vn -0.641654 0.766994 0.000000
vn -0.641654 0.766994 0.000000
vn -0.641654 0.766994 0.000000
vn -0.351483 0.936194 0.000000
vn -0.351483 0.936194 0.000000
vn -0.351483 0.936194 0.000000
vn -0.351483 0.936194 0.000000
vn 0.433998 0.899808 0.044638
vn 0.433997 0.899808 0.044638
vn 0.433998 0.899808 0.044638
vn 0.433998 0.899808 0.044638
vn 0.996254 -0.074061 0.044650
vn 0.996254 -0.074061 0.044650
vn 0.996254 -0.074061 0.044650
vn 0.996254 -0.074061 0.044650
vn 0.635018 -0.772497 0.000000
vn 0.635018 -0.772497 0.000000
vn 0.635018 -0.772497 0.000000
vn 0.635018 -0.772497 0.000000
vn 0.343406 -0.939187 0.000000
vn 0.343406 -0.939187 0.000000
vn 0.343406 -0.939187 0.000000
vn 0.343406 -0.939187 0.000000
vn -0.433935 -0.899837 0.044645
vn -0.433935 -0.899837 0.044645
vn -0.433935 -0.899837 0.044645
vn -0.433935 -0.899837 0.044645
vn -0.996249 0.074122 0.044647
vn -0.996249 0.074122 0.044647
vn -0.996249 0.074122 0.044647
vn -0.996249 0.074122 0.044647
vn -0.018773 0.170640 0.985155
vn -0.018773 0.170640 0.985155
vn -0.018773 0.170640 0.985155
vn -0.018773 0.170640 0.985155
vn 0.017863 -0.163194 0.986432
vn 0.017863 -0.163194 0.986432
vn 0.017863 -0.163194 0.986432
vn 0.017863 -0.163194 0.986432
vn 0.094903 -0.863335 0.495628
vn 0.094903 -0.863335 0.495628
vn 0.094903 -0.863335 0.495628
vn 0.094903 -0.863335 0.495628
vn 0.094946 -0.863311 -0.495660
vn 0.094946 -0.863311 -0.495660
vn 0.094946 -0.863311 -0.495660
vn 0.094946 -0.863311 -0.495660
vn 0.018017 -0.163193 -0.986430
vn 0.018017 -0.163193 -0.986430
vn 0.018017 -0.163193 -0.986430
vn 0.018017 -0.163193 -0.986430
vn -0.018702 0.170640 -0.985156
vn -0.018702 0.170640 -0.985156
vn -0.018702 0.170640 -0.985156
vn -0.018702 0.170640 -0.985156
vn -0.094892 0.863319 -0.495657
vn -0.094892 0.863319 -0.495657
vn -0.094892 0.863319 -0.495657
vn -0.094892 0.863319 -0.495657
vn -0.094961 0.863333 0.495619
vn -0.094961 0.863333 0.495619
vn -0.094961 0.863333 0.495619
vn -0.094961 0.863333 0.495619
vn -0.885962 -0.003914 0.463741
vn -0.885962 -0.003914 0.463741
vn -0.885962 -0.003914 0.463742
vn -0.885962 -0.003914 0.463742
vn -0.890957 -0.162693 0.423941
vn -0.890957 -0.162693 0.423941
vn -0.890957 -0.162693 0.423941
vn -0.890957 -0.162693 0.423941
vn -0.950709 -0.304565 0.058252
vn -0.950709 -0.304565 0.058252
vn -0.950709 -0.304565 0.058252
vn -0.950709 -0.304565 0.058252
vn -0.935920 -0.327156 -0.130475
vn -0.935920 -0.327156 -0.130475
vn -0.935920 -0.327156 -0.130475
vn -0.935920 -0.327156 -0.130475
vn -0.889686 -0.163786 -0.426185
vn -0.889686 -0.163786 -0.426185
vn -0.889686 -0.163786 -0.426184
vn -0.889686 -0.163786 -0.426184
vn -0.906221 -0.031213 -0.421650
vn -0.906221 -0.031213 -0.421650
vn -0.906221 -0.031213 -0.421650
vn -0.906221 -0.031213 -0.421650
vn -0.984635 0.116082 -0.130455
vn -0.984635 0.116082 -0.130455
vn -0.984635 0.116082 -0.130455
vn -0.984635 0.116082 -0.130455
vn -0.984637 0.116082 0.130439
vn -0.984637 0.116082 0.130439
vn -0.984637 0.116082 0.130439
vn -0.984637 0.116082 0.130439
vn 0.864168 0.188940 0.466385
vn 0.864168 0.188940 0.466385
vn 0.864168 0.188940 0.466385
vn 0.864168 0.188940 0.466385
vn 0.903666 0.034134 0.426876
vn 0.903666 0.034134 0.426876
vn 0.903666 0.034134 0.426876
vn 0.903666 0.034134 0.426876
vn 0.987970 -0.109860 0.108836
vn 0.987970 -0.109860 0.108836
vn 0.987970 -0.109860 0.108836
vn 0.987970 -0.109860 0.108836
vn 0.973999 -0.135068 -0.181888
vn 0.973999 -0.135068 -0.181888
vn 0.973999 -0.135068 -0.181888
vn 0.973999 -0.135068 -0.181888
vn 0.902654 0.032778 -0.429116
vn 0.902654 0.032778 -0.429116
vn 0.902654 0.032778 -0.429116
vn 0.902654 0.032778 -0.429116
vn 0.889942 0.166774 -0.424488
vn 0.889942 0.166774 -0.424488
vn 0.889942 0.166774 -0.424488
vn 0.889942 0.166774 -0.424488
vn 0.921387 0.343421 -0.181957
vn 0.921387 0.343421 -0.181957
vn 0.921387 0.343421 -0.181957
vn 0.921387 0.343421 -0.181957
vn 0.921375 0.343454 0.181955
vn 0.921375 0.343454 0.181955
vn 0.921375 0.343454 0.181955
vn 0.921375 0.343454 0.181955
vn 0.018795 -0.171153 0.985065
vn 0.018795 -0.171153 0.985065
vn 0.018795 -0.171153 0.985065
vn 0.018795 -0.171153 0.985065
vn -0.017874 0.162702 0.986513
vn -0.017874 0.162702 0.986513
vn -0.017874 0.162702 0.986513
vn -0.017874 0.162702 0.986513
vn -0.045858 0.825639 0.562333
vn -0.045858 0.825639 0.562333
vn -0.045858 0.825639 0.562333
vn -0.045858 0.825639 0.562333
vn -0.045854 0.825678 -0.562276
vn -0.045854 0.825678 -0.562276
vn -0.045854 0.825678 -0.562276
vn -0.045854 0.825678 -0.562276
vn -0.017903 0.162700 -0.986513
vn -0.017903 0.162700 -0.986513
vn -0.017903 0.162700 -0.986513
vn -0.017903 0.162700 -0.986513
vn 0.018807 -0.171155 -0.985065
vn 0.018807 -0.171155 -0.985065
vn 0.018807 -0.171155 -0.985065
vn 0.018807 -0.171155 -0.985065
vn 0.134579 -0.815932 -0.562266
vn 0.134579 -0.815932 -0.562266
vn 0.134579 -0.815932 -0.562266
vn 0.134579 -0.815932 -0.562266
vn 0.134592 -0.815892 0.562322
vn 0.134592 -0.815892 0.562322
vn 0.134592 -0.815892 0.562322
vn 0.134592 -0.815892 0.562322
vn -0.995565 0.094072 0.000000
vn -0.995565 0.094072 0.000000
vn -0.995565 0.094072 0.000000
vn -0.995565 0.094072 0.000000
vn -0.970562 -0.240850 0.000000
vn -0.970562 -0.240850 0.000000
vn -0.970562 -0.240850 0.000000
vn -0.970562 -0.240850 0.000000
vn -0.426175 -0.904641 0.000000
vn -0.426175 -0.904641 0.000000
vn -0.426175 -0.904641 0.000000
vn -0.426175 -0.904641 0.000000
vn 0.562101 -0.827069 0.000000
vn 0.562101 -0.827069 0.000000
vn 0.562101 -0.827069 0.000000
vn 0.562101 -0.827069 0.000000
vn 0.996252 -0.086494 0.000000
vn 0.996252 -0.086494 0.000000
vn 0.996252 -0.086494 0.000000
vn 0.996252 -0.086494 0.000000
vn 0.968708 0.248205 0.000000
vn 0.968708 0.248205 0.000000
vn 0.968708 0.248205 0.000000
vn 0.968708 0.248205 0.000000
vn 0.426133 0.904660 0.000000
vn 0.426133 0.904660 0.000000
vn 0.426133 0.904660 0.000000
vn 0.426133 0.904660 0.000000
vn -0.562101 0.827069 0.000000
vn -0.562101 0.827069 0.000000
vn -0.562101 0.827069 0.000000
vn -0.562101 0.827069 0.000000
vn -0.469591 0.056370 -0.881083
vn -0.469591 0.056370 -0.881083
vn -0.469591 0.056370 -0.881083
vn -0.469591 0.056370 -0.881083
vn -0.417573 -0.097300 -0.903419
vn -0.417573 -0.097300 -0.903419
vn -0.417573 -0.097300 -0.903419
vn -0.417573 -0.097300 -0.903419
vn -0.042515 -0.202831 -0.978290
vn -0.042515 -0.202831 -0.978291
vn -0.042515 -0.202831 -0.978291
vn -0.042515 -0.202831 -0.978290
vn 0.147529 -0.212043 -0.966061
vn 0.147529 -0.212043 -0.966061
vn 0.147529 -0.212043 -0.966061
vn 0.147529 -0.212043 -0.966061
vn 0.430003 -0.032045 -0.902259
vn 0.430003 -0.032045 -0.902259
vn 0.430003 -0.032045 -0.902259
vn 0.430003 -0.032045 -0.902259
vn 0.414969 0.100798 -0.904235
vn 0.414969 0.100798 -0.904235
vn 0.414968 0.100798 -0.904235
vn 0.414968 0.100798 -0.904235
vn 0.112748 0.232464 -0.966048
vn 0.112748 0.232464 -0.966048
vn 0.112748 0.232464 -0.966048
vn 0.112748 0.232464 -0.966048
vn -0.147531 0.212052 -0.966058
vn -0.147531 0.212052 -0.966058
vn -0.147531 0.212052 -0.966058
vn -0.147531 0.212052 -0.966058
vn -0.472174 0.056601 0.879686
vn -0.472174 0.056601 0.879686
vn -0.472174 0.056601 0.879686
vn -0.472174 0.056601 0.879686
vn -0.420419 -0.097999 0.902022
vn -0.420419 -0.097999 0.902022
vn -0.420419 -0.097999 0.902022
vn -0.420419 -0.097999 0.902022
vn -0.091526 -0.224948 0.970063
vn -0.091526 -0.224948 0.970062
vn -0.091526 -0.224948 0.970063
vn -0.091526 -0.224948 0.970062
vn 0.200255 -0.225659 0.953402
vn 0.200255 -0.225659 0.953402
vn 0.200255 -0.225659 0.953402
vn 0.200255 -0.225659 0.953402
vn 0.432892 -0.032299 0.900867
vn 0.432892 -0.032299 0.900867
vn 0.432892 -0.032299 0.900867
vn 0.432892 -0.032299 0.900867
vn 0.417681 0.101516 0.902905
vn 0.417681 0.101516 0.902905
vn 0.417681 0.101516 0.902905
vn 0.417681 0.101516 0.902905
vn 0.162650 0.254134 0.953395
vn 0.162650 0.254134 0.953395
vn 0.162650 0.254134 0.953395
vn 0.162650 0.254134 0.953395
vn -0.200253 0.225672 0.953400
vn -0.200253 0.225672 0.953400
vn -0.200253 0.225672 0.953400
vn -0.200253 0.225672 0.953400
vn -0.968568 -0.248748 0.000000
vn -0.968568 -0.248748 0.000000
vn -0.968568 -0.248748 0.000000
vn -0.968568 -0.248748 0.000000
vn -0.996293 0.086021 0.000000
vn -0.996293 0.086021 0.000000
vn -0.996293 0.086021 0.000000
vn -0.996293 0.086021 0.000000
vn -0.625181 0.779202 0.044641
vn -0.625181 0.779202 0.044641
vn -0.625181 0.779202 0.044641
vn -0.625181 0.779202 0.044641
vn 0.495935 0.867211 0.044644
vn 0.495935 0.867211 0.044643
vn 0.495935 0.867211 0.044643
vn 0.495935 0.867211 0.044644
vn 0.970689 0.240338 0.000000
vn 0.970689 0.240338 0.000000
vn 0.970689 0.240338 0.000000
vn 0.970689 0.240338 0.000000
vn 0.995519 -0.094561 0.000000
vn 0.995519 -0.094561 0.000000
vn 0.995519 -0.094561 0.000000
vn 0.995519 -0.094561 0.000000
vn 0.625180 -0.779203 0.044638
vn 0.625180 -0.779203 0.044638
vn 0.625180 -0.779203 0.044638
vn 0.625180 -0.779203 0.044638
vn -0.496009 -0.867168 0.044658
vn -0.496009 -0.867168 0.044658
vn -0.496009 -0.867168 0.044658
vn -0.496009 -0.867168 0.044658
vn 0.202887 0.283960 0.937125
vn 0.202887 0.283960 0.937125
vn 0.202887 0.283960 0.937125
vn 0.202887 0.283960 0.937125
vn 0.367896 -0.008520 0.929828
vn 0.367896 -0.008520 0.929828
vn 0.367896 -0.008520 0.929828
vn 0.367896 -0.008520 0.929828
vn 0.569829 -0.689304 0.447387
vn 0.569829 -0.689304 0.447387
vn 0.569829 -0.689304 0.447387
vn 0.569829 -0.689304 0.447387
vn 0.280930 -0.824541 -0.491132
vn 0.280930 -0.824541 -0.491132
vn 0.280930 -0.824541 -0.491132
vn 0.280930 -0.824541 -0.491132
vn -0.207044 -0.277604 -0.938120
vn -0.207044 -0.277604 -0.938120
vn -0.207044 -0.277604 -0.938120
vn -0.207044 -0.277604 -0.938120
vn -0.371014 0.015225 -0.928503
vn -0.371014 0.015225 -0.928503
vn -0.371014 0.015225 -0.928503
vn -0.371014 0.015225 -0.928502
vn -0.569656 0.689401 -0.447458
vn -0.569656 0.689401 -0.447458
vn -0.569656 0.689401 -0.447458
vn -0.569656 0.689401 -0.447458
vn -0.280972 0.824523 0.491138
vn -0.280972 0.824523 0.491138
vn -0.280972 0.824523 0.491138
vn -0.280972 0.824523 0.491138
vn -0.634482 -0.270867 0.723923
vn -0.634482 -0.270867 0.723923
vn -0.634482 -0.270867 0.723923
vn -0.634482 -0.270867 0.723923
vn -0.587501 -0.423785 0.689383
vn -0.587501 -0.423785 0.689383
vn -0.587501 -0.423785 0.689383
vn -0.587501 -0.423785 0.689383
vn -0.689494 -0.626247 0.363886
vn -0.689494 -0.626247 0.363886
vn -0.689494 -0.626247 0.363886
vn -0.689494 -0.626247 0.363886
vn -0.722709 -0.667131 0.180631
vn -0.722709 -0.667131 0.180631
vn -0.722709 -0.667131 0.180631
vn -0.722709 -0.667131 0.180631
vn -0.833470 -0.540279 -0.115873
vn -0.833470 -0.540279 -0.115873
vn -0.833470 -0.540279 -0.115873
vn -0.833470 -0.540279 -0.115873
vn -0.899199 -0.424125 -0.107517
vn -0.899199 -0.424125 -0.107517
vn -0.899199 -0.424125 -0.107517
vn -0.899199 -0.424125 -0.107517
vn -0.941071 -0.278494 0.191903
vn -0.941071 -0.278494 0.191903
vn -0.941071 -0.278494 0.191903
vn -0.941071 -0.278494 0.191903
vn -0.865083 -0.242970 0.438859
vn -0.865083 -0.242970 0.438859
vn -0.865083 -0.242970 0.438859
vn -0.865083 -0.242970 0.438859
vn 0.812974 0.559350 0.161868
vn 0.812974 0.559350 0.161868
vn 0.812974 0.559350 0.161868
vn 0.812974 0.559350 0.161868
vn 0.897333 0.426585 0.113222
vn 0.897333 0.426585 0.113222
vn 0.897333 0.426585 0.113222
vn 0.897333 0.426585 0.113222
vn 0.935208 0.282540 -0.213442
vn 0.935208 0.282540 -0.213442
vn 0.935208 0.282540 -0.213442
vn 0.935208 0.282540 -0.213442
vn 0.848347 0.214537 -0.484027
vn 0.848347 0.214537 -0.484027
vn 0.848347 0.214537 -0.484027
vn 0.848347 0.214537 -0.484027
vn 0.647608 0.308231 -0.696849
vn 0.647608 0.308231 -0.696849
vn 0.647608 0.308231 -0.696849
vn 0.647608 0.308231 -0.696849
vn 0.584655 0.427086 -0.689765
vn 0.584655 0.427087 -0.689765
vn 0.584655 0.427087 -0.689765
vn 0.584655 0.427087 -0.689765
vn 0.612662 0.634018 -0.471876
vn 0.612662 0.634018 -0.471876
vn 0.612662 0.634018 -0.471876
vn 0.612662 0.634018 -0.471876
vn 0.718583 0.683670 -0.127412
vn 0.718583 0.683670 -0.127412
vn 0.718583 0.683670 -0.127412
vn 0.718583 0.683670 -0.127412
vn 0.371319 -0.015717 0.928372
vn 0.371319 -0.015717 0.928372
vn 0.371319 -0.015717 0.928372
vn 0.371319 -0.015717 0.928372
vn 0.207208 0.277141 0.938221
vn 0.207208 0.277141 0.938221
vn 0.207208 0.277141 0.938221
vn 0.207208 0.277141 0.938221
vn -0.203924 0.817349 0.538846
vn -0.203924 0.817349 0.538846
vn -0.203924 0.817349 0.538846
vn -0.203924 0.817349 0.538846
vn -0.531473 0.663985 -0.525985
vn -0.531473 0.663985 -0.525985
vn -0.531473 0.663985 -0.525985
vn -0.531473 0.663985 -0.525985
vn -0.367557 0.008157 -0.929965
vn -0.367557 0.008157 -0.929965
vn -0.367557 0.008157 -0.929965
vn -0.367557 0.008157 -0.929965
vn -0.202637 -0.284400 -0.937046
vn -0.202637 -0.284399 -0.937046
vn -0.202637 -0.284399 -0.937046
vn -0.202637 -0.284399 -0.937046
vn 0.277315 -0.775278 -0.567486
vn 0.277315 -0.775278 -0.567486
vn 0.277315 -0.775278 -0.567486
vn 0.277315 -0.775278 -0.567486
vn 0.604850 -0.621978 0.497293
vn 0.604850 -0.621978 0.497293
vn 0.604850 -0.621978 0.497293
vn 0.604850 -0.621978 0.497293
vn -0.434064 -0.455638 0.777163
vn -0.434064 -0.455638 0.777163
vn -0.434064 -0.455638 0.777163
vn -0.434064 -0.455638 0.777163
vn -0.142677 -0.622409 0.769578
vn -0.142677 -0.622409 0.769578
vn -0.142677 -0.622409 0.769578
vn -0.142677 -0.622409 0.769578
vn 0.611240 -0.701401 0.366637
vn 0.611240 -0.701401 0.366637
vn 0.611240 -0.701401 0.366637
vn 0.611240 -0.701401 0.366637
vn 0.897982 -0.157500 -0.410880
vn 0.897982 -0.157500 -0.410880
vn 0.897982 -0.157500 -0.410880
vn 0.897982 -0.157500 -0.410880
vn 0.427963 0.460029 -0.777960
vn 0.427963 0.460029 -0.777960
vn 0.427963 0.460029 -0.777960
vn 0.427963 0.460029 -0.777960
vn 0.135773 0.625401 -0.768401
vn 0.135773 0.625401 -0.768401
vn 0.135772 0.625401 -0.768400
vn 0.135772 0.625401 -0.768400
vn -0.611245 0.701371 -0.366686
vn -0.611245 0.701371 -0.366686
vn -0.611245 0.701371 -0.366686
vn -0.611245 0.701371 -0.366686
vn -0.897947 0.157523 0.410947
vn -0.897947 0.157523 0.410947
vn -0.897947 0.157523 0.410947
vn -0.897947 0.157523 0.410947
vn -0.568937 -0.802460 -0.179913
vn -0.568937 -0.802460 -0.179913
vn -0.568937 -0.802460 -0.179913
vn -0.568937 -0.802460 -0.179913
vn -0.429708 -0.873445 -0.229006
vn -0.429708 -0.873446 -0.229006
vn -0.429708 -0.873445 -0.229006
vn -0.429708 -0.873445 -0.229006
vn -0.237160 -0.789836 -0.565610
vn -0.237160 -0.789836 -0.565610
vn -0.237160 -0.789836 -0.565610
vn -0.237160 -0.789836 -0.565610
vn -0.156758 -0.689925 -0.706704
vn -0.156758 -0.689925 -0.706704
vn -0.156758 -0.689925 -0.706704
vn -0.156758 -0.689925 -0.706704
vn -0.182253 -0.406917 -0.895099
vn -0.182253 -0.406917 -0.895099
vn -0.182253 -0.406917 -0.895099
vn -0.182253 -0.406917 -0.895099
vn -0.300509 -0.344737 -0.889298
vn -0.300509 -0.344736 -0.889298
vn -0.300509 -0.344736 -0.889298
vn -0.300509 -0.344736 -0.889298
vn -0.544193 -0.469485 -0.695297
vn -0.544193 -0.469485 -0.695297
vn -0.544193 -0.469485 -0.695297
vn -0.544193 -0.469485 -0.695297
vn -0.619667 -0.612603 -0.490644
vn -0.619667 -0.612603 -0.490644
vn -0.619667 -0.612603 -0.490643
vn -0.619667 -0.612603 -0.490644
vn 0.137402 0.383294 0.913349
vn 0.137402 0.383294 0.913349
vn 0.137402 0.383294 0.913349
vn 0.137402 0.383294 0.913349
vn 0.295270 0.341911 0.892139
vn 0.295270 0.341911 0.892139
vn 0.295270 0.341911 0.892139
vn 0.295270 0.341911 0.892139
vn 0.546980 0.486896 0.680988
vn 0.546980 0.486896 0.680989
vn 0.546980 0.486896 0.680989
vn 0.546980 0.486896 0.680988
vn 0.644791 0.623590 0.442018
vn 0.644791 0.623590 0.442018
vn 0.644791 0.623590 0.442018
vn 0.644791 0.623590 0.442018
vn 0.543441 0.810109 0.219988
vn 0.543441 0.810109 0.219988
vn 0.543441 0.810109 0.219988
vn 0.543441 0.810109 0.219988
vn 0.426015 0.875447 0.228261
vn 0.426015 0.875447 0.228261
vn 0.426015 0.875447 0.228261
vn 0.426015 0.875447 0.228261
vn 0.226585 0.861594 0.454219
vn 0.226585 0.861594 0.454219
vn 0.226585 0.861594 0.454219
vn 0.226585 0.861594 0.454219
vn 0.121329 0.661958 0.739656
vn 0.121329 0.661958 0.739656
vn 0.121329 0.661958 0.739656
vn 0.121329 0.661958 0.739656
vn -0.135286 -0.625576 0.768344
vn -0.135286 -0.625576 0.768344
vn -0.135286 -0.625576 0.768344
vn -0.135286 -0.625576 0.768344
vn -0.427499 -0.460313 0.778047
vn -0.427500 -0.460313 0.778047
vn -0.427499 -0.460313 0.778047
vn -0.427500 -0.460313 0.778047
vn -0.862113 0.129882 0.489787
vn -0.862113 0.129882 0.489787
vn -0.862113 0.129882 0.489787
vn -0.862113 0.129882 0.489787
vn -0.536919 0.746846 -0.392350
vn -0.536919 0.746847 -0.392350
vn -0.536919 0.746847 -0.392350
vn -0.536919 0.746847 -0.392350
vn 0.143114 0.622191 -0.769673
vn 0.143114 0.622191 -0.769674
vn 0.143114 0.622191 -0.769674
vn 0.143114 0.622191 -0.769674
vn 0.434582 0.455328 -0.777055
vn 0.434582 0.455328 -0.777055
vn 0.434582 0.455328 -0.777055
vn 0.434582 0.455328 -0.777055
vn 0.897998 -0.069650 -0.434453
vn 0.897998 -0.069650 -0.434453
vn 0.897998 -0.069650 -0.434453
vn 0.897998 -0.069650 -0.434453
vn 0.572755 -0.686656 0.447722
vn 0.572755 -0.686656 0.447722
vn 0.572755 -0.686656 0.447722
vn 0.572755 -0.686656 0.447722
vn -0.841411 -0.538011 -0.050717
vn -0.841411 -0.538011 -0.050717
vn -0.841411 -0.538011 -0.050717
vn -0.841411 -0.538011 -0.050717
vn -0.137895 -0.773255 0.618920
vn -0.137895 -0.773255 0.618920
vn -0.137894 -0.773255 0.618920
vn -0.137895 -0.773255 0.618920
vn -0.676589 0.061225 0.733812
vn -0.676589 0.061225 0.733811
vn -0.676589 0.061225 0.733811
vn -0.676589 0.061225 0.733812
vn 0.538325 -0.834938 -0.114386
vn 0.538325 -0.834938 -0.114386
vn 0.538325 -0.834938 -0.114386
vn 0.538325 -0.834938 -0.114386
vn 0.705409 -0.236136 0.668310
vn 0.705409 -0.236136 0.668310
vn 0.705409 -0.236136 0.668310
vn 0.705409 -0.236136 0.668310
vn -0.538868 0.834591 0.114364
vn -0.538868 0.834591 0.114364
vn -0.538868 0.834591 0.114364
vn -0.538868 0.834591 0.114364
vn 0.164712 0.597628 0.784672
vn 0.164712 0.597628 0.784672
vn 0.164712 0.597628 0.784672
vn 0.164712 0.597628 0.784672
vn 0.842208 0.536784 0.050484
vn 0.842208 0.536784 0.050484
vn 0.842208 0.536784 0.050484
vn 0.842208 0.536784 0.050484
vn -0.705213 0.236074 -0.668539
vn -0.705213 0.236074 -0.668539
vn -0.705213 0.236074 -0.668539
vn -0.705213 0.236074 -0.668539
vn 0.137944 0.773089 -0.619116
vn 0.137944 0.773089 -0.619116
vn 0.137944 0.773089 -0.619116
vn 0.137944 0.773089 -0.619116
vn 0.676547 -0.061234 -0.733849
vn 0.676547 -0.061234 -0.733849
vn 0.676547 -0.061234 -0.733849
vn 0.676547 -0.061234 -0.733849
vn -0.165071 -0.598968 -0.783574
vn -0.165071 -0.598968 -0.783574
vn -0.165071 -0.598968 -0.783574
vn -0.165071 -0.598968 -0.783574
vn 0.019152 -0.123421 0.992170
vn 0.019152 -0.123421 0.992170
vn 0.019152 -0.123421 0.992170
vn 0.019152 -0.123421 0.992170
vn 0.214164 0.969829 0.116469
vn 0.214164 0.969829 0.116469
vn 0.214164 0.969829 0.116469
vn 0.214164 0.969829 0.116469
vn -0.019143 0.123450 -0.992166
vn -0.019143 0.123450 -0.992166
vn -0.019143 0.123450 -0.992166
vn -0.019143 0.123450 -0.992166
vn -0.214151 -0.969823 -0.116542
vn -0.214151 -0.969823 -0.116542
vn -0.214151 -0.969823 -0.116542
vn -0.214151 -0.969823 -0.116542
vn 0.976627 -0.210206 -0.044877
vn 0.976627 -0.210206 -0.044877
vn 0.976627 -0.210206 -0.044877
vn 0.976627 -0.210206 -0.044877
vn -0.976621 0.210213 0.044966
vn -0.976621 0.210213 0.044966
vn -0.976621 0.210213 0.044966
vn -0.976621 0.210213 0.044966
vn -0.676713 -0.510941 0.530093
vn -0.676713 -0.510941 0.530093
vn -0.676713 -0.510941 0.530093
vn 0.451498 -0.752463 0.479531
vn 0.451498 -0.752463 0.479530
vn 0.451498 -0.752463 0.479530
vn -0.426770 0.610554 0.667152
vn -0.426770 0.610554 0.667152
vn -0.426770 0.610554 0.667152
vn 0.700743 0.365755 0.612521
vn 0.700743 0.365755 0.612521
vn 0.700743 0.365755 0.612521
vn -0.452015 0.751941 -0.479862
vn -0.452016 0.751941 -0.479862
vn -0.452015 0.751941 -0.479862
vn 0.675455 0.511175 -0.531471
vn 0.675455 0.511175 -0.531471
vn 0.675455 0.511175 -0.531471
vn -0.699852 -0.368597 -0.611836
vn -0.699852 -0.368597 -0.611836
vn -0.699852 -0.368597 -0.611836
vn 0.427737 -0.611508 -0.665657
vn 0.427737 -0.611508 -0.665657
vn 0.427737 -0.611508 -0.665657
vn -0.549614 0.834656 0.035701
vn -0.549614 0.834656 0.035701
vn -0.549614 0.834656 0.035701
vn -0.549614 0.834656 0.035701
vn -0.658140 0.108873 0.744982
vn -0.658140 0.108873 0.744982
vn -0.658171 0.102575 0.745848
vn -0.658169 0.103245 0.745757
vn 0.201636 0.679151 0.705760
vn 0.201636 0.679151 0.705759
vn 0.195026 0.679287 0.707485
vn 0.195310 0.679281 0.707411
vn -0.660683 0.084107 0.745938
vn -0.660733 0.083926 0.745915
vn -0.660954 0.083114 0.745810
vn -0.660954 0.083114 0.745810
vn 0.029653 -0.068993 0.997176
vn 0.025521 -0.088217 0.995774
vn 0.025548 -0.088093 0.995785
vn 0.030028 -0.067587 0.997261
vn -0.974825 0.208936 0.077864
vn -0.973614 0.214524 0.077816
vn -0.973662 0.214301 0.077830
vn -0.974844 0.208846 0.077861
vn 0.183905 0.679195 0.710544
vn 0.183905 0.679195 0.710544
vn 0.183841 0.679280 0.710480
vn 0.183844 0.679277 0.710482
vn 0.717566 -0.194222 0.668862
vn 0.717566 -0.194222 0.668862
vn 0.718783 -0.199446 0.666012
vn 0.718946 -0.200152 0.665624
vn 0.844159 0.534297 -0.043833
vn 0.844159 0.534297 -0.043833
vn 0.844159 0.534297 -0.043833
vn 0.844159 0.534297 -0.043833
vn 0.720177 -0.214091 0.659932
vn 0.720193 -0.213975 0.659953
vn 0.720115 -0.214555 0.659849
vn 0.720115 -0.214555 0.659849
vn 0.973798 -0.214010 -0.076927
vn 0.974799 -0.208924 -0.078219
vn 0.974815 -0.208839 -0.078240
vn 0.973837 -0.213813 -0.076980
vn 0.025229 -0.088192 0.995784
vn 0.029309 -0.069066 0.997181
vn 0.029912 -0.067460 0.997274
vn 0.025257 -0.088049 0.995796
vn 0.124678 0.700680 -0.702498
vn 0.124678 0.700680 -0.702498
vn 0.124685 0.700719 -0.702457
vn 0.124685 0.700718 -0.702459
vn 0.663513 -0.109793 -0.740065
vn 0.663513 -0.109793 -0.740065
vn 0.661372 -0.104333 -0.742766
vn 0.661079 -0.103592 -0.743131
vn 0.659184 -0.083660 -0.747313
vn 0.659155 -0.083849 -0.747318
vn 0.659332 -0.082699 -0.747290
vn 0.659332 -0.082699 -0.747290
vn -0.029883 0.068780 -0.997184
vn -0.025283 0.088132 -0.995788
vn -0.025319 0.087974 -0.995801
vn -0.030264 0.067221 -0.997279
vn 0.124822 0.700520 -0.702631
vn 0.124822 0.700520 -0.702631
vn 0.124740 0.700657 -0.702510
vn 0.124743 0.700652 -0.702514
vn -0.736053 0.193206 -0.648766
vn -0.736053 0.193206 -0.648766
vn -0.729695 0.199012 -0.654171
vn -0.730509 0.198274 -0.653486
vn -0.718760 0.213584 -0.661639
vn -0.718723 0.213712 -0.661637
vn -0.718562 0.214279 -0.661629
vn -0.718562 0.214279 -0.661629
vn -0.025392 0.088177 -0.995781
vn -0.029871 0.068792 -0.997184
vn -0.030213 0.067483 -0.997263
vn -0.025416 0.088075 -0.995790
vn 0.030841 -0.064499 0.997441
vn 0.030748 -0.064351 0.997454
vn 0.030843 -0.064499 0.997441
vn 0.183982 0.679469 0.710263
vn 0.183985 0.679469 0.710262
vn 0.183997 0.679462 0.710265
vn 0.183999 0.679463 0.710264
vn 0.215990 0.975397 -0.044157
vn 0.215934 0.975401 -0.044335
vn 0.215933 0.975401 -0.044332
vn 0.215993 0.975396 -0.044157
vn 0.721296 -0.216127 0.658044
vn 0.721296 -0.216127 0.658044
vn 0.721296 -0.216127 0.658044
vn 0.721296 -0.216127 0.658044
vn 0.541041 -0.840949 -0.008874
vn 0.541041 -0.840949 -0.008874
vn 0.541041 -0.840949 -0.008874
vn 0.541041 -0.840949 -0.008874
vn -0.011029 -0.672136 0.740345
vn -0.010607 -0.671997 0.740478
vn -0.206336 -0.626935 0.751251
vn -0.210285 -0.622923 0.753490
vn -0.030901 0.063911 -0.997477
vn -0.030998 0.064260 -0.997452
vn -0.030904 0.063917 -0.997477
vn 0.124862 0.700944 -0.702201
vn 0.124863 0.700945 -0.702200
vn 0.124845 0.700964 -0.702185
vn 0.124847 0.700964 -0.702184
vn 0.215834 0.975426 -0.044259
vn 0.215937 0.975399 -0.044351
vn 0.215937 0.975400 -0.044350
vn 0.215832 0.975427 -0.044259
vn -0.720454 0.212829 -0.660038
vn -0.720454 0.212829 -0.660038
vn -0.720454 0.212829 -0.660038
vn -0.720454 0.212829 -0.660038
vn -0.838767 -0.535587 0.098059
vn -0.838767 -0.535587 0.098059
vn -0.838767 -0.535587 0.098059
vn -0.838767 -0.535587 0.098059
vn -0.184603 -0.661677 -0.726709
vn -0.184603 -0.661677 -0.726709
vn -0.184603 -0.661677 -0.726709
vn -0.184603 -0.661677 -0.726709
vn 0.030742 -0.064347 0.997454
vn 0.030889 -0.064495 0.997440
vn 0.030893 -0.064494 0.997440
vn -0.030938 0.064280 -0.997452
vn -0.030921 0.063920 -0.997476
vn -0.030925 0.063926 -0.997475
vn 0.617531 -0.138563 -0.774245
vn 0.615241 -0.141044 -0.775619
vn 0.664532 -0.085072 -0.742402
vn 0.664532 -0.085072 -0.742402
vn -0.631663 0.002289 0.775240
vn -0.639970 0.021892 0.768088
vn -0.663784 0.082910 0.743315
vn -0.663784 0.082910 0.743315
vn 0.030643 -0.064289 0.997461
vn 0.973582 -0.215094 -0.076634
vn 0.973582 -0.215094 -0.076634
vn -0.030838 0.064316 -0.997453
vn -0.973340 0.215795 0.077734
vn -0.973340 0.215795 0.077734
vn 0.216058 0.975381 -0.044165
vn 0.216058 0.975381 -0.044165
vn 0.215799 0.975434 -0.044263
vn 0.215799 0.975434 -0.044263
vn -0.030994 0.064322 -0.997448
vn 0.030412 -0.064283 0.997468
vn -0.215924 -0.975397 0.044472
vn -0.215924 -0.975397 0.044472
vn -0.215924 -0.975397 0.044472
vn -0.215924 -0.975397 0.044472
vn -0.974906 0.208560 0.077852
vn -0.974906 0.208560 0.077852
vn -0.025101 0.089383 -0.995681
vn -0.025101 0.089383 -0.995681
vn 0.974856 -0.208592 -0.078398
vn 0.974856 -0.208592 -0.078398
vn 0.974855 -0.208592 -0.078398
vn 0.974855 -0.208592 -0.078398
vn 0.025262 -0.089404 0.995675
vn 0.025262 -0.089404 0.995675
vn -0.974911 0.208586 0.077721
vn -0.974911 0.208586 0.077721
vn -0.974911 0.208586 0.077721
vn -0.974911 0.208586 0.077721
vn -0.025004 0.089343 -0.995687
vn -0.025004 0.089343 -0.995687
vn 0.974868 -0.208568 -0.078306
vn 0.974868 -0.208568 -0.078306
vn 0.024989 -0.089373 0.995685
vn 0.024989 -0.089373 0.995685
vn -0.437709 0.675167 0.593768
vn -0.437709 0.675167 0.593768
vn -0.437709 0.675167 0.593768
vn 0.715358 0.438316 0.544189
vn 0.715358 0.438316 0.544189
vn 0.715358 0.438316 0.544189
vn 0.671866 0.429974 -0.603091
vn 0.671866 0.429974 -0.603091
vn 0.671866 0.429974 -0.603091
vn -0.499299 0.696275 -0.515657
vn -0.499299 0.696275 -0.515657
vn -0.499299 0.696275 -0.515657
vn 0.306632 -0.525664 0.793507
vn 0.306632 -0.525664 0.793507
vn 0.306632 -0.525664 0.793507
vn -0.519991 -0.248779 -0.817140
vn -0.519991 -0.248779 -0.817140
vn -0.519991 -0.248779 -0.817140
vn -0.519991 -0.248779 -0.817140
vn -0.519991 -0.248779 -0.817140
vn 0.292429 -0.414822 -0.861631
vn 0.292429 -0.414822 -0.861631
vn 0.292429 -0.414822 -0.861631
vn -0.423555 -0.353171 0.834189
vn -0.376669 0.926348 0.000000
vn -0.376669 0.926348 0.000000
vn -0.376669 0.926348 0.000000
vn -0.376669 0.926348 0.000000
s 1
g frontdoor
usemtl initialShadingGroup
f 462/954/1285 473/1443/1286 474/1543/1287 465/955/1288
s 2
f 461/953/1289 472/1442/1290 473/1443/1291 462/954/1292
s 3
f 892/1560/1293 761/1673/1294 763/875/1295 885/1559/1296
s 2
f 468/1451/1297 467/1450/1298 765/958/1299 463/957/1300
s 1
f 469/1555/1301 468/1451/1302 463/957/1303 464/956/1304
s 3
f 472/1442/1305 471/1439/1306 476/1690/1307 477/1444/1308
s 2
f 473/1443/1291 472/1442/1290 477/1444/1309 478/1445/1310
s 1
f 474/1543/1287 473/1443/1286 478/1445/1311 479/1545/1312
s 3
f 477/1444/1308 476/1690/1307 486/1689/1313 487/1446/1314
s 2
f 478/1445/1310 477/1444/1309 487/1446/1315 488/1447/1316
s 1
f 479/1545/1312 478/1445/1311 488/1447/1317 489/1549/1318
s 3
f 482/1448/1319 481/1440/1320 466/1441/1321 467/1450/1322
s 2
f 483/1449/1323 482/1448/1324 467/1450/1298 468/1451/1297
s 1
f 484/1552/1325 483/1449/1326 468/1451/1302 469/1555/1301
s 3
f 487/1446/1314 486/1689/1313 481/1440/1320 482/1448/1319
s 2
f 488/1447/1316 487/1446/1315 482/1448/1324 483/1449/1323
s 1
f 489/1549/1318 488/1447/1317 483/1449/1326 484/1552/1325
s 7
f 497/2034/1327 498/2040/1328 522/674/1329 523/668/1330
s 8
f 498/2040/1331 499/2039/1332 521/657/1333 522/674/1334
s 9
f 499/2039/1335 500/2038/1336 520/651/1337 521/657/1338
s 10
f 500/2038/1339 501/2037/1340 519/650/1341 520/651/1342
s 11
f 501/2037/1343 502/2035/1344 518/653/1345 519/650/1346
s 12
f 502/2035/1347 494/2036/1348 517/659/1349 518/653/1350
s 13
f 504/663/1351 505/2033/1352 524/665/1353 525/666/1354
s 14
f 505/2033/1355 497/2034/1356 523/668/1357 524/665/1358
s 15
f 498/673/1359 497/667/1360 515/1452/1361
f 499/656/1362 498/673/1359 515/1452/1361
f 500/648/1363 499/656/1362 515/1452/1361
f 501/649/1364 500/648/1363 515/1452/1361
f 502/652/1365 501/649/1364 515/1452/1361
f 494/2016/1366 502/652/1365 515/1452/1361
f 503/1453/1367 494/2016/1366 515/1452/1361
f 504/2024/1368 503/1453/1367 515/1452/1361
f 505/664/1369 504/2024/1368 515/1452/1361
f 497/667/1360 505/664/1369 515/1452/1361
s 16
f 506/2026/1370 507/2032/1371 516/1462/1372
f 507/2032/1371 508/2031/1373 516/1462/1372
f 508/2031/1373 509/2030/1374 516/1462/1372
f 509/2030/1374 510/2029/1375 516/1462/1372
f 510/2029/1375 511/2027/1376 516/1462/1372
f 511/2027/1376 492/2028/1377 516/1462/1372
f 492/2028/1377 512/1463/1378 516/1462/1372
f 512/1463/1378 513/670/1379 516/1462/1372
f 513/670/1379 514/2025/1380 516/1462/1372
f 514/2025/1380 506/2026/1370 516/1462/1372
s 12
f 518/653/1350 517/659/1349 492/662/1381 511/660/1382
s 11
f 519/650/1346 518/653/1345 511/660/1383 510/654/1384
s 10
f 520/651/1342 519/650/1341 510/654/1385 509/655/1386
s 9
f 521/657/1338 520/651/1337 509/655/1387 508/661/1388
s 8
f 522/674/1334 521/657/1333 508/661/1389 507/679/1390
s 7
f 523/668/1330 522/674/1329 507/679/1391 506/675/1392
s 14
f 524/665/1358 523/668/1357 506/675/1393 514/669/1394
s 13
f 525/666/1354 524/665/1353 514/669/1395 513/2023/1396
s 17
f 492/2028/1397 785/2011/1398 784/1464/1399 512/1463/1400
s 18
f 896/677/1401 777/678/1402 526/2022/1403 527/671/1404
f 527/671/1404 526/2022/1403 504/663/1405 525/666/1406
s 19
f 528/2019/1407 527/671/1408 525/666/1409 513/2023/1410
s 17
f 528/676/1411 512/1463/1412 784/1464/1399 783/2018/1413
s 21
f 503/1453/1414 526/672/1415 777/2021/1416 780/1454/1417
s 22
f 535/1957/1418 536/1963/1419 560/710/1420 561/704/1421
s 23
f 536/1963/1422 537/1962/1423 559/693/1424 560/710/1425
s 24
f 537/1962/1426 538/1961/1427 558/687/1428 559/693/1429
s 25
f 538/1961/1430 539/1960/1431 557/686/1432 558/687/1433
s 26
f 539/1960/1434 540/1958/1435 556/689/1436 557/686/1437
s 27
f 540/1958/1438 532/1959/1439 555/695/1440 556/689/1441
s 28
f 542/699/1442 543/1956/1443 562/701/1444 563/702/1445
s 29
f 543/1956/1446 535/1957/1447 561/704/1448 562/701/1449
s 30
f 536/709/1450 535/703/1451 553/1469/1452
f 537/692/1453 536/709/1450 553/1469/1452
f 538/684/1454 537/692/1453 553/1469/1452
f 539/685/1455 538/684/1454 553/1469/1452
f 540/688/1456 539/685/1455 553/1469/1452
f 532/1938/1457 540/688/1456 553/1469/1452
f 541/1470/1458 532/1938/1457 553/1469/1452
f 542/1967/1459 541/1470/1458 553/1469/1452
f 543/700/1460 542/1967/1459 553/1469/1452
f 535/703/1451 543/700/1460 553/1469/1452
s 31
f 544/1945/1461 545/1951/1462 554/1479/1463
f 545/1951/1462 546/1950/1464 554/1479/1463
f 546/1950/1464 547/1949/1465 554/1479/1463
f 547/1949/1465 548/1948/1466 554/1479/1463
f 548/1948/1466 549/1946/1467 554/1479/1463
f 549/1946/1467 530/1947/1468 554/1479/1463
f 530/1947/1468 550/1480/1469 554/1479/1463
f 550/1480/1469 551/706/1470 554/1479/1463
f 551/706/1470 552/1944/1471 554/1479/1463
f 552/1944/1471 544/1945/1461 554/1479/1463
s 27
f 556/689/1441 555/695/1440 530/698/1472 549/696/1473
s 26
f 557/686/1437 556/689/1436 549/696/1474 548/690/1475
s 25
f 558/687/1433 557/686/1432 548/690/1476 547/691/1477
s 24
f 559/693/1429 558/687/1428 547/691/1478 546/697/1479
s 23
f 560/710/1425 559/693/1424 546/697/1480 545/715/1481
s 22
f 561/704/1421 560/710/1420 545/715/1482 544/711/1483
s 29
f 562/701/1449 561/704/1448 544/711/1484 552/705/1485
s 28
f 563/702/1445 562/701/1444 552/705/1486 551/1955/1487
s 32
f 530/1947/1488 799/1933/1489 798/1481/1490 550/1480/1491
s 33
f 534/1937/1492 792/1935/1493 791/714/1494 895/713/1495
f 565/707/1496 564/1966/1497 542/699/1498 563/702/1499
s 34
f 566/1954/1500 565/707/1501 563/702/1502 551/1955/1503
s 32
f 551/706/1504 550/1480/1505 566/712/1506
s 36
f 542/1967/1507 564/708/1508 541/1470/1509
s 37
f 569/2118/1510 570/882/1511 810/885/1512 808/2117/1513
s 38
f 573/898/1514 574/894/1515 818/897/1516 816/903/1517
s 39
f 585/934/1518 586/930/1519 842/933/1520 840/939/1521
s 40
f 589/946/1522 590/942/1523 850/945/1524 848/951/1525
s 41
f 597/2002/1526 598/2009/1527 622/746/1528 623/740/1529
s 42
f 598/2009/1530 599/2008/1531 621/729/1532 622/746/1533
s 43
f 599/2008/1534 600/2007/1535 620/723/1536 621/729/1537
s 44
f 600/2007/1538 601/2006/1539 619/722/1540 620/723/1541
s 45
f 601/2006/1542 602/2003/1543 618/725/1544 619/722/1545
s 46
f 602/2003/1546 594/2005/1547 617/731/1548 618/725/1549
s 47
f 604/735/1550 605/2001/1551 624/737/1552 625/738/1553
s 48
f 605/2001/1554 597/2002/1555 623/740/1556 624/737/1557
s 49
f 598/745/1558 597/739/1559 615/1486/1560
f 599/728/1561 598/745/1558 615/1486/1560
f 600/720/1562 599/728/1561 615/1486/1560
f 601/721/1563 600/720/1562 615/1486/1560
f 602/724/1564 601/721/1563 615/1486/1560
f 594/2004/1565 602/724/1564 615/1486/1560
f 603/1487/1566 594/2004/1565 615/1486/1560
f 604/1993/1567 603/1487/1566 615/1486/1560
f 605/736/1568 604/1993/1567 615/1486/1560
f 597/739/1559 605/736/1568 615/1486/1560
s 50
f 606/1995/1569 607/2000/1570 616/1496/1571
f 607/2000/1570 608/1999/1572 616/1496/1571
f 608/1999/1572 609/1998/1573 616/1496/1571
f 609/1998/1573 610/1997/1574 616/1496/1571
f 610/1997/1574 611/1996/1575 616/1496/1571
f 611/1996/1575 592/1775/1576 616/1496/1571
f 592/1775/1576 612/1497/1577 616/1496/1571
f 612/1497/1577 613/742/1578 616/1496/1571
f 613/742/1578 614/1994/1579 616/1496/1571
f 614/1994/1579 606/1995/1569 616/1496/1571
s 46
f 618/725/1549 617/731/1548 592/734/1580 611/732/1581
s 45
f 619/722/1545 618/725/1544 611/732/1582 610/726/1583
s 44
f 620/723/1541 619/722/1540 610/726/1584 609/727/1585
s 43
f 621/729/1537 620/723/1536 609/727/1586 608/733/1587
s 42
f 622/746/1533 621/729/1532 608/733/1588 607/751/1589
s 41
f 623/740/1529 622/746/1528 607/751/1590 606/747/1591
s 48
f 624/737/1557 623/740/1556 606/747/1592 614/741/1593
s 47
f 625/738/1553 624/737/1552 614/741/1594 613/1992/1595
s 51
f 592/1775/1596 861/1982/1597 860/1498/1598 612/1497/1599
s 52
f 596/1990/1600 854/1984/1601 853/750/1602 893/749/1603
f 627/743/1604 626/1991/1605 604/735/1606 625/738/1607
s 53
f 628/1988/1608 627/743/1609 625/738/1610 613/1992/1611
s 51
f 613/742/1612 612/1497/1613 628/748/1614
s 55
f 603/1487/1615 626/744/1616 853/1989/1617 856/1488/1618
s 56
f 635/1973/1619 636/1979/1620 660/782/1621 661/776/1622
s 57
f 636/1979/1623 637/1978/1624 659/765/1625 660/782/1626
s 58
f 637/1978/1627 638/1977/1628 658/759/1629 659/765/1630
s 59
f 638/1977/1631 639/1976/1632 657/758/1633 658/759/1634
s 60
f 639/1976/1635 640/1974/1636 656/761/1637 657/758/1638
s 61
f 640/1974/1639 632/1975/1640 655/767/1641 656/761/1642
s 62
f 642/771/1643 643/1972/1644 662/773/1645 663/774/1646
s 63
f 643/1972/1647 635/1973/1648 661/776/1649 662/773/1650
s 64
f 636/781/1651 635/775/1652 653/1503/1653
f 637/764/1654 636/781/1651 653/1503/1653
f 638/756/1655 637/764/1654 653/1503/1653
f 639/757/1656 638/756/1655 653/1503/1653
f 640/760/1657 639/757/1656 653/1503/1653
f 632/1774/1658 640/760/1657 653/1503/1653
f 641/1504/1659 632/1774/1658 653/1503/1653
f 642/1971/1660 641/1504/1659 653/1503/1653
f 643/772/1661 642/1971/1660 653/1503/1653
f 635/775/1652 643/772/1661 653/1503/1653
s 65
f 644/1728/1662 645/1733/1663 654/1513/1664
f 645/1733/1663 646/1732/1665 654/1513/1664
f 646/1732/1665 647/1731/1666 654/1513/1664
f 647/1731/1666 648/1730/1667 654/1513/1664
f 648/1730/1667 649/1729/1668 654/1513/1664
f 649/1729/1668 630/1723/1669 654/1513/1664
f 630/1723/1669 650/1514/1670 654/1513/1664
f 650/1514/1670 651/778/1671 654/1513/1664
f 651/778/1671 652/1727/1672 654/1513/1664
f 652/1727/1672 644/1728/1662 654/1513/1664
s 61
f 656/761/1642 655/767/1641 630/770/1673 649/768/1674
s 60
f 657/758/1638 656/761/1637 649/768/1675 648/762/1676
s 59
f 658/759/1634 657/758/1633 648/762/1677 647/763/1678
s 58
f 659/765/1630 658/759/1629 647/763/1679 646/769/1680
s 57
f 660/782/1626 659/765/1625 646/769/1681 645/787/1682
s 56
f 661/776/1622 660/782/1621 645/787/1683 644/783/1684
s 63
f 662/773/1650 661/776/1649 644/783/1685 652/777/1686
s 62
f 663/774/1646 662/773/1645 652/777/1687 651/1726/1688
s 66
f 630/1723/1689 875/1721/1690 874/1515/1691 650/1514/1692
s 67
f 634/1942/1693 868/1941/1694 867/786/1695 894/785/1696
f 665/779/1697 664/1970/1698 642/771/1699 663/774/1700
s 68
f 666/1725/1701 665/779/1702 663/774/1703 651/1726/1704
s 66
f 666/784/1705 650/1514/1706 874/1515/1691 873/1722/1707
s 70
f 642/1971/1708 664/780/1709 641/1504/1710
s off
f 667/1712/1711 668/1720/1712 678/1773/1713 677/1765/1714
f 668/1720/1715 669/1719/1716 679/1772/1717 678/1773/1718
f 669/1719/1719 670/1718/1720 680/1771/1721 679/1772/1722
f 670/1718/1723 671/1717/1724 681/1770/1725 680/1771/1726
f 671/1717/1727 672/1716/1728 682/1769/1729 681/1770/1730
f 672/1716/1731 673/1715/1732 683/1768/1733 682/1769/1734
f 673/1715/1735 674/1714/1736 684/1767/1737 683/1768/1738
f 674/1714/1739 675/1713/1740 685/1766/1741 684/1767/1742
f 675/1713/1743 676/1711/1744 686/1764/1745 685/1766/1746
f 676/1711/1747 667/1712/1748 677/1765/1749 686/1764/1750
s 71
f 668/810/1751 667/806/1752 687/1520/1753
f 669/798/1754 668/810/1751 687/1520/1753
f 670/792/1755 669/798/1754 687/1520/1753
f 671/793/1756 670/792/1755 687/1520/1753
f 672/796/1757 671/793/1756 687/1520/1753
f 673/800/1758 672/796/1757 687/1520/1753
f 674/808/1759 673/800/1758 687/1520/1753
f 675/802/1760 674/808/1759 687/1520/1753
f 676/803/1761 675/802/1760 687/1520/1753
f 667/806/1752 676/803/1761 687/1520/1753
s 72
f 677/807/1762 678/811/1763 688/1521/1764
f 678/811/1763 679/799/1765 688/1521/1764
f 679/799/1765 680/795/1766 688/1521/1764
f 680/795/1766 681/794/1767 688/1521/1764
f 681/794/1767 682/797/1768 688/1521/1764
f 682/797/1768 683/801/1769 688/1521/1764
f 683/801/1769 684/809/1770 688/1521/1764
f 684/809/1770 685/805/1771 688/1521/1764
f 685/805/1771 686/804/1772 688/1521/1764
f 686/804/1772 677/807/1762 688/1521/1764
s off
f 689/1777/1773 690/1785/1774 700/1763/1775 699/1755/1776
f 690/1785/1777 691/1784/1778 701/1762/1779 700/1763/1780
f 691/1784/1781 692/1783/1782 702/1761/1783 701/1762/1784
f 692/1783/1785 693/1782/1786 703/1760/1787 702/1761/1788
f 693/1782/1789 694/1781/1790 704/1759/1791 703/1760/1792
f 694/1781/1793 695/1780/1794 705/1758/1795 704/1759/1796
f 695/1780/1797 696/1779/1798 706/1757/1799 705/1758/1800
f 696/1779/1801 697/1778/1802 707/1756/1803 706/1757/1804
f 697/1778/1805 698/1776/1806 708/1754/1807 707/1756/1808
f 698/1776/1809 689/1777/1810 699/1755/1811 708/1754/1812
s 73
f 690/830/1813 689/826/1814 709/1522/1815
f 691/818/1816 690/830/1813 709/1522/1815
f 692/812/1817 691/818/1816 709/1522/1815
f 693/813/1818 692/812/1817 709/1522/1815
f 694/816/1819 693/813/1818 709/1522/1815
f 695/820/1820 694/816/1819 709/1522/1815
f 696/828/1821 695/820/1820 709/1522/1815
f 697/822/1822 696/828/1821 709/1522/1815
f 698/823/1823 697/822/1822 709/1522/1815
f 689/826/1814 698/823/1823 709/1522/1815
s 74
f 699/827/1824 700/831/1825 710/1523/1826
f 700/831/1825 701/819/1827 710/1523/1826
f 701/819/1827 702/815/1828 710/1523/1826
f 702/815/1828 703/814/1829 710/1523/1826
f 703/814/1829 704/817/1830 710/1523/1826
f 704/817/1830 705/821/1831 710/1523/1826
f 705/821/1831 706/829/1832 710/1523/1826
f 706/829/1832 707/825/1833 710/1523/1826
f 707/825/1833 708/824/1834 710/1523/1826
f 708/824/1834 699/827/1824 710/1523/1826
s off
f 711/1735/1835 712/1743/1836 722/1710/1837 721/1702/1838
f 712/1743/1839 713/1742/1840 723/1709/1841 722/1710/1842
f 713/1742/1843 714/1741/1844 724/1708/1845 723/1709/1846
f 714/1741/1847 715/1740/1848 725/1707/1849 724/1708/1850
f 715/1740/1851 716/1739/1852 726/1706/1853 725/1707/1854
f 716/1739/1855 717/1738/1856 727/1705/1857 726/1706/1858
f 717/1738/1859 718/1737/1860 728/1704/1861 727/1705/1862
f 718/1737/1863 719/1736/1864 729/1703/1865 728/1704/1866
f 719/1736/1867 720/1734/1868 730/1701/1869 729/1703/1870
f 720/1734/1871 711/1735/1872 721/1702/1873 730/1701/1874
s 75
f 712/850/1875 711/846/1876 731/1524/1877
f 713/838/1878 712/850/1875 731/1524/1877
f 714/832/1879 713/838/1878 731/1524/1877
f 715/833/1880 714/832/1879 731/1524/1877
f 716/836/1881 715/833/1880 731/1524/1877
f 717/840/1882 716/836/1881 731/1524/1877
f 718/848/1883 717/840/1882 731/1524/1877
f 719/842/1884 718/848/1883 731/1524/1877
f 720/843/1885 719/842/1884 731/1524/1877
f 711/846/1876 720/843/1885 731/1524/1877
s 76
f 721/847/1886 722/851/1887 732/1525/1888
f 722/851/1887 723/839/1889 732/1525/1888
f 723/839/1889 724/835/1890 732/1525/1888
f 724/835/1890 725/834/1891 732/1525/1888
f 725/834/1891 726/837/1892 732/1525/1888
f 726/837/1892 727/841/1893 732/1525/1888
f 727/841/1893 728/849/1894 732/1525/1888
f 728/849/1894 729/845/1895 732/1525/1888
f 729/845/1895 730/844/1896 732/1525/1888
f 730/844/1896 721/847/1886 732/1525/1888
s off
f 733/1745/1897 734/1753/1898 744/1700/1899 743/1692/1900
f 734/1753/1901 735/1752/1902 745/1699/1903 744/1700/1904
f 735/1752/1905 736/1751/1906 746/1698/1907 745/1699/1908
f 736/1751/1909 737/1750/1910 747/1697/1911 746/1698/1912
f 737/1750/1913 738/1749/1914 748/1696/1915 747/1697/1916
f 738/1749/1917 739/1748/1918 749/1695/1919 748/1696/1920
f 739/1748/1921 740/1747/1922 750/1694/1923 749/1695/1924
f 740/1747/1925 741/1746/1926 751/1693/1927 750/1694/1928
f 741/1746/1929 742/1744/1930 752/1691/1931 751/1693/1932
f 742/1744/1933 733/1745/1934 743/1692/1935 752/1691/1936
s 77
f 734/870/1937 733/866/1938 753/1526/1939
f 735/858/1940 734/870/1937 753/1526/1939
f 736/852/1941 735/858/1940 753/1526/1939
f 737/853/1942 736/852/1941 753/1526/1939
f 738/856/1943 737/853/1942 753/1526/1939
f 739/860/1944 738/856/1943 753/1526/1939
f 740/868/1945 739/860/1944 753/1526/1939
f 741/862/1946 740/868/1945 753/1526/1939
f 742/863/1947 741/862/1946 753/1526/1939
f 733/866/1938 742/863/1947 753/1526/1939
s 78
f 743/867/1948 744/871/1949 754/1527/1950
f 744/871/1949 745/859/1951 754/1527/1950
f 745/859/1951 746/855/1952 754/1527/1950
f 746/855/1952 747/854/1953 754/1527/1950
f 747/854/1953 748/857/1954 754/1527/1950
f 748/857/1954 749/861/1955 754/1527/1950
f 749/861/1955 750/869/1956 754/1527/1950
f 750/869/1956 751/865/1957 754/1527/1950
f 751/865/1957 752/864/1958 754/1527/1950
f 752/864/1958 743/867/1948 754/1527/1950
s 3
f 759/1688/1959 471/1439/1306 472/1442/1305 461/953/1960
s 21
f 780/1454/1417 779/1455/1961 494/2016/1962 503/1453/1963
s 19
f 783/680/1964 896/677/1965 527/671/1408 528/2019/1407
s 36
f 794/1471/1966 793/1472/1967 532/1938/1968 541/1470/1969
s 34
f 797/716/1970 800/1952/1971 534/1937/1972 895/713/1973
s 80
f 578/906/1974 824/908/1975 820/2115/1976 577/2116/1977
s 81
f 582/918/1978 832/920/1979 828/926/1980 581/922/1981
s 55
f 856/1488/1618 855/1489/1982 594/2004/1983 603/1487/1984
s 53
f 859/752/1985 862/1980/1986 596/1990/1987 893/749/1988
s 70
f 870/1505/1989 869/1506/1990 632/1774/1991 641/1504/1992
s 68
f 873/788/1993 876/1943/1994 634/1942/1995 894/785/1996
s 83
f 755/1678/1997 756/879/1998 757/1532/1999 758/1685/2000
s off
f 756/879/2001 755/1678/2002 760/1687/2003 759/1688/2004
s 83
f 758/1685/2000 757/1532/1999 770/1533/2005 769/1682/2006
s off
f 762/1684/2007 764/1675/2008 763/875/2009 761/1673/2010
s 83
f 763/875/2011 764/1675/2012 768/1683/2013 767/1542/2014
s 3
f 885/1559/1296 766/959/2015 765/958/2016 892/1560/1293
s 83
f 767/1542/2014 768/1683/2013 772/1680/2017 771/1539/2018
f 769/1682/2006 770/1533/2005 773/1536/2019 774/1681/2020
f 771/1539/2018 772/1680/2017 774/1681/2020 773/1536/2019
s 21
f 775/1458/2021 776/1457/2022 779/2012/1961 778/682/2023
f 776/1457/2022 775/1458/2021 788/1461/2024 787/1459/2025
s 17
f 781/1468/2026 782/1466/2027 787/1459/2028 788/1461/2029
f 782/1466/2027 781/1468/2026 786/2010/2030 785/1465/1398
s 36
f 789/1475/2031 790/1474/2032 793/1934/1967 792/718/2033
f 790/1474/2032 789/1475/2031 802/1478/2034 801/1476/2035
s 32
f 795/1485/2036 796/1483/2037 801/1476/2038 802/1478/2039
f 796/1483/2037 795/1485/2036 800/1932/2040 799/1482/1489
s off
f 803/1798/2041 804/888/2042 807/887/2043 808/891/2044
f 804/888/2045 803/1798/2046 805/1796/2047 806/2109/2048
f 806/880/2049 805/2112/2050 810/885/2051 809/881/2052
f 811/1808/2053 812/2124/2054 815/899/2055 816/903/2056
f 812/900/2057 811/2125/2058 813/1809/2059 814/892/2060
f 814/892/2061 813/1809/2062 818/2120/2063 817/893/2064
f 819/911/2065 820/914/2066 822/1806/2067 821/912/2068
f 821/912/2069 822/1806/2070 825/1807/2071 826/2114/2072
f 824/908/2073 823/905/2074 826/904/2075 825/2113/2076
f 827/923/2077 828/926/2078 830/1804/2079 829/2129/2080
f 829/924/2081 830/2131/2082 833/1805/2083 834/916/2084
f 832/2134/2085 831/917/2086 834/916/2087 833/1805/2088
f 835/1802/2089 836/2127/2090 839/935/2091 840/939/2092
f 836/936/2093 835/2130/2094 837/1803/2095 838/928/2096
f 838/928/2097 837/1803/2098 842/2133/2099 841/929/2100
f 843/1800/2101 844/2108/2102 847/947/2103 848/951/2104
f 844/948/2105 843/2111/2106 845/1801/2107 846/940/2108
f 846/940/2109 845/1801/2110 850/2122/2111 849/941/2112
s 55
f 851/1492/2113 852/1491/2114 855/1983/1982 854/754/2115
f 852/1491/2114 851/1492/2113 864/1495/2116 863/1493/2117
s 51
f 857/1502/2118 858/1500/2119 863/1493/2120 864/1495/2121
f 858/1500/2119 857/1502/2118 862/1981/2122 861/1499/1597
s 70
f 865/1509/2123 866/1508/2124 869/1940/1990 868/790/2125
f 866/1508/2124 865/1509/2123 878/1512/2126 877/1510/2127
s 66
f 871/1519/2128 872/1517/2129 877/1510/2130 878/1512/2131
f 872/1517/2129 871/1519/2128 876/1939/2132 875/1516/1690
s off
f 764/872/2133 762/873/2134 460/1672/2135 458/874/2136
f 459/876/2137 760/1686/2138 755/1679/2139 457/1677/2140
s 3
f 885/1559/1296 763/875/1295 767/1542/2141 884/1558/2142
f 756/879/2143 759/1688/1959 461/953/1960 880/952/2144
s 93
f 475/1528/2145 758/1529/2146 769/1530/2147 480/1531/2148
f 480/1531/2148 769/1530/2147 774/1534/2149 490/1535/2150
f 485/1538/2151 772/1537/2152 768/1540/2153 470/1541/2154
f 490/1535/2150 774/1534/2149 772/1537/2152 485/1538/2151
s 94
f 775/1458/2155 778/682/2156 496/681/2157 788/1461/2158
s 17
f 782/1466/2159 785/1465/1398 492/2014/1397 491/1467/2160
s 21
f 493/1456/2161 494/658/1962 779/2012/1961 776/1457/2162
f 493/1456/2161 776/1457/2162 787/1459/2163 495/1460/2164
s 17
f 495/1460/2165 787/1459/2166 782/1466/2159 491/1467/2160
s 94
f 788/1461/2158 496/681/2157 786/2010/2167 781/1468/2168
s 95
f 789/1475/2169 792/718/2170 534/717/2171 802/1478/2172
s 32
f 796/1483/2173 799/1482/1489 530/1936/1488 529/1484/2174
s 36
f 531/1473/2175 532/694/1968 793/1934/1967 790/1474/2176
f 531/1473/2175 790/1474/2176 801/1476/2177 533/1477/2178
s 32
f 533/1477/2179 801/1476/2180 796/1483/2173 529/1484/2174
s 95
f 802/1478/2172 534/717/2171 800/1932/2181 795/1485/2182
s off
f 803/890/2183 808/1799/2184 810/1797/2185 805/884/2186
f 804/888/2187 806/2109/2188 568/2110/2189 567/889/2190
f 806/880/2191 809/881/2192 570/882/2193 568/883/2194
f 569/886/2195 807/887/2196 804/888/2197 567/889/2198
f 811/902/2199 816/1795/2200 818/1794/2201 813/896/2202
f 812/900/2203 814/892/2204 572/895/2205 571/901/2206
f 814/892/2207 817/893/2208 574/2119/2209 572/895/2210
f 573/898/2211 815/899/2212 812/2124/2213 571/2123/2214
f 822/915/2215 820/1793/2216 824/1792/2217 825/909/2218
f 575/913/2219 821/912/2220 826/2114/2221 576/2106/2222
f 826/904/2223 823/905/2224 578/906/2225 576/907/2226
f 577/910/2227 819/911/2228 821/912/2229 575/913/2230
f 830/927/2231 828/1791/2232 832/1790/2233 833/921/2234
f 579/925/2235 829/924/2236 834/916/2237 580/919/2238
f 834/916/2239 831/917/2240 582/2137/2241 580/919/2242
f 581/922/2243 827/923/2244 829/2129/2245 579/2128/2246
f 835/938/2247 840/1789/2248 842/1788/2249 837/932/2250
f 836/936/2251 838/928/2252 584/931/2253 583/937/2254
f 838/928/2255 841/929/2256 586/2136/2257 584/931/2258
f 585/934/2259 839/935/2260 836/2127/2261 583/2126/2262
f 843/950/2263 848/1787/2264 850/1786/2265 845/944/2266
f 844/948/2267 846/940/2268 588/943/2269 587/949/2270
f 846/940/2271 849/941/2272 590/2121/2273 588/943/2274
f 589/946/2275 847/947/2276 844/2108/2277 587/2107/2278
s 96
f 851/1492/2279 854/754/2280 596/753/2281 864/1495/2282
s 51
f 858/1500/2283 861/1499/1597 592/1987/1596 591/1501/2284
s 55
f 593/1490/2285 594/730/1983 855/1983/1982 852/1491/2286
f 593/1490/2285 852/1491/2286 863/1493/2287 595/1494/2288
s 51
f 595/1494/2289 863/1493/2290 858/1500/2283 591/1501/2284
s 96
f 864/1495/2282 596/753/2281 862/1981/2291 857/1502/2292
s 97
f 865/1509/2293 868/790/2294 634/789/2295 878/1512/2296
s 66
f 872/1517/2297 875/1516/1690 630/1724/1689 629/1518/2298
s 70
f 631/1507/2299 632/766/1991 869/1940/1990 866/1508/2300
f 631/1507/2299 866/1508/2300 877/1510/2301 633/1511/2302
s 66
f 633/1511/2303 877/1510/2304 872/1517/2297 629/1518/2298
s 97
f 878/1512/2296 634/789/2295 876/1939/2305 871/1519/2306
s 21
f 777/2021/1416 778/2020/2023 779/1455/1961 780/1454/1417
s 17
f 783/2018/1413 784/1464/1399 785/2011/1398 786/683/2030
s 36
f 791/1965/2307 792/1964/2033 793/1472/1967 794/1471/1966
s 32
f 797/1953/2308 798/1481/1490 799/1933/1489 800/719/2040
s 55
f 853/1989/1617 854/1985/2115 855/1489/1982 856/1488/1618
s 51
f 859/1986/2309 860/1498/1598 861/1982/1597 862/755/2122
s 70
f 867/1969/2310 868/1968/2125 869/1506/1990 870/1505/1989
s 66
f 873/1722/1707 874/1515/1691 875/1721/1690 876/791/2132
s 40
f 850/2122/1524 590/2121/1523 849/941/2311
s 39
f 842/933/1520 586/930/1519 841/2132/2312
s 81
f 831/2135/2313 832/920/1979 582/918/1978
s 80
f 823/905/2314 824/908/1975 578/906/1974
s 38
f 818/2120/1516 574/2119/1515 817/893/2315
s 37
f 810/885/1512 570/882/1511 809/881/2316
f 569/886/1510 808/891/1513 807/887/2317
s 38
f 573/898/1514 816/903/1517 815/899/2318
s 80
f 577/910/1977 820/914/1976 819/911/2319
s 81
f 581/922/1981 828/926/1980 827/923/2320
s 39
f 585/934/1518 840/939/1521 839/935/2321
s 40
f 589/946/1522 848/951/1525 847/947/2322
s off
f 880/952/2323 461/953/2324 462/954/2325 465/955/2326
s 98
f 879/1547/2327 880/952/2328 881/1544/2329 882/1548/2330
f 882/1548/2330 881/1544/2329 886/1546/2331 887/1551/2332
f 883/1556/2333 884/1558/2334 889/1557/2335 888/1553/2336
f 884/1558/2334 883/1556/2333 766/959/2337 885/1559/2338
f 887/1551/2332 886/1546/2331 890/1550/2339 891/1554/2340
f 888/1553/2336 889/1557/2335 891/1554/2340 890/1550/2339
s 100
f 474/1543/2341 881/1544/2342 880/952/2343 465/955/2344
f 479/1545/2345 886/1546/2346 881/1544/2342 474/1543/2341
f 886/1546/2346 479/1545/2345 489/1549/2347 890/1550/2348
f 469/1555/2349 883/1556/2350 888/1553/2351 484/1552/2352
f 890/1550/2348 489/1549/2347 484/1552/2352 888/1553/2351
f 766/959/2353 883/1556/2350 469/1555/2349 464/956/2354
s 3
f 882/1548/2355 757/1532/2356 756/879/2143 879/1547/2357
f 887/1551/2358 770/1533/2359 757/1532/2356 882/1548/2355
f 770/1533/2359 887/1551/2358 891/1554/2360 773/1536/2361
f 884/1558/2142 767/1542/2141 771/1539/2362 889/1557/2363
f 773/1536/2361 891/1554/2360 889/1557/2363 771/1539/2362
f 756/879/2143 880/952/2144 879/1547/2357
s 52
f 893/749/1603 853/750/1602 626/1991/1605 627/743/1604
s 53
f 859/752/1985 893/749/1988 627/743/1609 628/1988/1608
s 67
f 894/785/1696 867/786/1695 664/1970/1698 665/779/1697
s 68
f 873/788/1993 894/785/1996 665/779/1702 666/1725/1701
s 70
f 641/1504/1710 664/780/1709 867/1969/2310 870/1505/1989
s 66
f 651/778/2364 650/1514/1706 666/784/1705
s 55
f 604/1993/2365 626/744/1616 603/1487/1615
s 51
f 628/748/1614 612/1497/1613 860/1498/1598 859/1986/2309
s 33
f 895/713/1495 791/714/1494 564/1966/1497 565/707/1496
s 34
f 797/716/1970 895/713/1973 565/707/1501 566/1954/1500
s 36
f 541/1470/1509 564/708/1508 791/1965/2307 794/1471/1966
s 32
f 566/712/1506 550/1480/1505 798/1481/1490 797/1953/2308
s 3
f 765/958/2366 761/1673/1294 892/1560/1293
s off
f 464/956/2367 463/957/2368 765/958/2369 766/959/2370
f 764/1676/2371 458/1674/2372 470/1541/2373 768/1540/2374
s 3
f 467/1450/1322 466/1441/1321 761/1673/1294 765/958/2366
s 21
f 504/2024/2375 526/672/1415 503/1453/1414
s 17
f 513/670/2376 512/1463/1412 528/676/1411
s 19
f 783/680/1964 786/2017/2377 496/2015/2378 896/677/1965
s 18
f 496/2015/2379 778/2013/2380 777/678/1402 896/677/1401
s off
f 905/982/2381 897/1907/2382 898/1913/2383 906/986/2384
f 898/1913/2385 899/1912/2386 907/965/2387 906/986/2388
f 899/1912/2389 900/1911/2390 908/2103/2391 907/965/2392
f 900/2104/2393 901/1910/2394 909/970/2395 908/964/2396
f 901/1910/2397 902/1909/2398 910/985/2399 909/970/2400
f 910/985/2401 902/1909/2402 903/1908/2403 911/977/2404
f 903/1908/2405 904/1906/2406 912/978/2407 911/977/2408
f 904/1906/2409 897/1907/2410 905/982/2411 912/978/2412
f 914/967/2413 898/966/2414 897/971/2415 913/972/2416
f 899/961/2417 898/966/2418 914/967/2419 915/962/2420
f 900/960/2421 899/961/2422 915/962/2423 916/963/2424
f 901/968/2425 900/2105/2426 916/2101/2427 917/969/2428
f 902/973/2429 901/968/2430 917/969/2431 918/974/2432
f 919/1663/2433 903/981/2434 902/973/2435 918/974/2436
f 904/975/2437 903/981/2438 919/1663/2439 920/976/2440
f 897/971/2441 904/975/2442 920/976/2443 913/972/2444
f 921/983/2445 905/982/2446 906/986/2447 922/987/2448
f 906/986/2449 907/965/2450 923/1562/2451 922/987/2452
f 907/965/2453 908/2103/2454 924/2102/2455 923/1562/2456
f 908/964/2457 909/970/2458 925/988/2459 924/1561/2460
f 909/970/2461 910/985/2462 926/984/2463 925/988/2464
f 926/984/2465 910/985/2466 911/977/2467 927/980/2468
f 911/977/2469 912/978/2470 928/979/2471 927/980/2472
f 912/978/2473 905/982/2474 921/983/2475 928/979/2476
f 919/1663/2477 918/974/2478 926/984/2479 927/980/2480
f 926/984/2481 918/974/2482 917/969/2483 925/988/2484
f 917/969/2485 916/2101/2486 924/1561/2487 925/988/2488
f 916/963/2489 915/962/2490 923/1562/2491 924/2102/2492
f 915/962/2493 914/967/2494 922/987/2495 923/1562/2496
f 914/967/2497 913/972/2498 921/983/2499 922/987/2500
f 913/972/2501 920/976/2502 928/979/2503 921/983/2504
f 920/976/2505 919/1663/2506 927/980/2507 928/979/2508
f 937/1899/2509 929/1011/2510 930/1012/2511 938/1905/2512
f 930/1012/2513 931/1001/2514 939/1904/2515 938/1905/2516
f 931/1001/2517 932/995/2518 940/1903/2519 939/1904/2520
f 932/995/2521 933/990/2522 941/1902/2523 940/1903/2524
f 933/990/2525 934/989/2526 942/1901/2527 941/1902/2528
f 942/1901/2529 934/989/2530 935/998/2531 943/1900/2532
f 935/998/2533 936/1003/2534 944/2048/2535 943/1900/2536
f 936/2050/2537 929/1011/2538 937/1899/2539 944/1898/2540
f 946/1664/2541 930/1012/2542 929/1011/2543 945/1564/2544
f 931/1001/2545 930/1012/2546 946/1664/2547 947/1002/2548
f 932/995/2549 931/1001/2550 947/1002/2551 948/996/2552
f 933/990/2553 932/995/2554 948/996/2555 949/991/2556
f 934/989/2557 933/990/2558 949/991/2559 950/992/2560
f 951/997/2561 935/998/2562 934/989/2563 950/992/2564
f 936/1003/2565 935/998/2566 951/997/2567 952/1004/2568
f 929/1011/2569 936/2050/2570 952/2046/2571 945/1564/2572
f 953/1005/2573 937/1006/2574 938/1007/2575 954/1008/2576
f 938/1007/2577 939/1013/2578 955/1014/2579 954/1008/2580
f 939/1013/2581 940/1000/2582 956/1016/2583 955/1014/2584
f 940/1000/2585 941/994/2586 957/1563/2587 956/1016/2588
f 941/994/2589 942/993/2590 958/1665/2591 957/1563/2592
f 958/1665/2593 942/993/2594 943/999/2595 959/1015/2596
f 943/999/2597 944/2049/2598 960/2047/2599 959/1015/2600
f 944/1009/2601 937/1006/2602 953/1005/2603 960/1010/2604
f 951/997/2605 950/992/2606 958/1665/2607 959/1015/2608
f 958/1665/2609 950/992/2610 949/991/2611 957/1563/2612
f 949/991/2613 948/996/2614 956/1016/2615 957/1563/2616
f 948/996/2617 947/1002/2618 955/1014/2619 956/1016/2620
f 947/1002/2621 946/1664/2622 954/1008/2623 955/1014/2624
f 946/1664/2625 945/1564/2626 953/1005/2627 954/1008/2628
f 945/1564/2629 952/2046/2630 960/1010/2631 953/1005/2632
f 952/1004/2633 951/997/2634 959/1015/2635 960/2047/2636
f 969/1025/2637 961/1891/2638 962/1897/2639 970/1020/2640
f 962/1897/2641 963/1896/2642 971/1019/2643 970/1020/2644
f 963/1896/2645 964/1895/2646 972/2063/2647 971/1019/2648
f 964/2064/2649 965/1894/2650 973/1033/2651 972/1024/2652
f 965/1894/2653 966/1893/2654 974/1028/2655 973/1033/2656
f 974/1028/2657 966/1893/2658 967/1892/2659 975/1031/2660
f 967/1892/2661 968/1890/2662 976/1035/2663 975/1031/2664
f 968/1890/2665 961/1891/2666 969/1025/2667 976/1035/2668
f 978/1021/2669 962/1017/2670 961/1026/2671 977/1027/2672
f 963/1018/2673 962/1017/2674 978/1021/2675 979/1022/2676
f 964/1023/2677 963/1018/2678 979/1022/2679 980/1047/2680
f 965/1032/2681 964/2065/2682 980/2061/2683 981/1042/2684
f 966/1029/2685 965/1032/2686 981/1042/2687 982/1041/2688
f 983/1040/2689 967/1030/2690 966/1029/2691 982/1041/2692
f 968/1034/2693 967/1030/2694 983/1040/2695 984/1043/2696
f 961/1026/2697 968/1034/2698 984/1043/2699 977/1027/2700
f 985/1046/2701 969/1025/2702 970/1020/2703 986/1044/2704
f 970/1020/2705 971/1019/2706 987/1045/2707 986/1044/2708
f 971/1019/2709 972/2063/2710 988/2062/2711 987/1045/2712
f 972/1024/2713 973/1033/2714 989/1038/2715 988/1048/2716
f 973/1033/2717 974/1028/2718 990/1036/2719 989/1038/2720
f 990/1036/2721 974/1028/2722 975/1031/2723 991/1037/2724
f 975/1031/2725 976/1035/2726 992/1039/2727 991/1037/2728
f 976/1035/2729 969/1025/2730 985/1046/2731 992/1039/2732
f 983/1040/2733 982/1041/2734 990/1036/2735 991/1037/2736
f 990/1036/2737 982/1041/2738 981/1042/2739 989/1038/2740
f 981/1042/2741 980/2061/2742 988/1048/2743 989/1038/2744
f 980/1047/2745 979/1022/2746 987/1045/2747 988/2062/2748
f 979/1022/2749 978/1021/2750 986/1044/2751 987/1045/2752
f 978/1021/2753 977/1027/2754 985/1046/2755 986/1044/2756
f 977/1027/2757 984/1043/2758 992/1039/2759 985/1046/2760
f 984/1043/2761 983/1040/2762 991/1037/2763 992/1039/2764
f 1001/1883/2765 993/1051/2766 994/1050/2767 1002/1889/2768
f 994/1050/2769 995/1053/2770 1003/1888/2771 1002/1889/2772
f 995/1053/2773 996/1057/2774 1004/1887/2775 1003/1888/2776
f 996/1057/2777 997/1061/2778 1005/1886/2779 1004/1887/2780
f 997/1061/2781 998/1063/2782 1006/1885/2783 1005/1886/2784
f 1006/1885/2785 998/1063/2786 999/1059/2787 1007/1884/2788
f 999/1059/2789 1000/1055/2790 1008/2043/2791 1007/1884/2792
f 1000/2045/2793 993/1051/2794 1001/1883/2795 1008/1882/2796
f 1010/1049/2797 994/1050/2798 993/1051/2799 1009/1052/2800
f 995/1053/2801 994/1050/2802 1010/1049/2803 1011/1054/2804
f 996/1057/2805 995/1053/2806 1011/1054/2807 1012/1058/2808
f 997/1061/2809 996/1057/2810 1012/1058/2811 1013/1062/2812
f 998/1063/2813 997/1061/2814 1013/1062/2815 1014/1064/2816
f 1015/1060/2817 999/1059/2818 998/1063/2819 1014/1064/2820
f 1000/1055/2821 999/1059/2822 1015/1060/2823 1016/1056/2824
f 993/1051/2825 1000/2045/2826 1016/2041/2827 1009/1052/2828
f 1017/1065/2829 1001/1066/2830 1002/1067/2831 1018/1068/2832
f 1002/1067/2833 1003/1071/2834 1019/1072/2835 1018/1068/2836
f 1003/1071/2837 1004/1075/2838 1020/1076/2839 1019/1072/2840
f 1004/1075/2841 1005/1079/2842 1021/1080/2843 1020/1076/2844
f 1005/1079/2845 1006/1078/2846 1022/1077/2847 1021/1080/2848
f 1022/1077/2849 1006/1078/2850 1007/1073/2851 1023/1074/2852
f 1007/1073/2853 1008/2044/2854 1024/2042/2855 1023/1074/2856
f 1008/1069/2857 1001/1066/2858 1017/1065/2859 1024/1070/2860
f 1015/1060/2861 1014/1064/2862 1022/1077/2863 1023/1074/2864
f 1022/1077/2865 1014/1064/2866 1013/1062/2867 1021/1080/2868
f 1013/1062/2869 1012/1058/2870 1020/1076/2871 1021/1080/2872
f 1012/1058/2873 1011/1054/2874 1019/1072/2875 1020/1076/2876
f 1011/1054/2877 1010/1049/2878 1018/1068/2879 1019/1072/2880
f 1010/1049/2881 1009/1052/2882 1017/1065/2883 1018/1068/2884
f 1009/1052/2885 1016/2041/2886 1024/1070/2887 1017/1065/2888
f 1016/1056/2889 1015/1060/2890 1023/1074/2891 1024/2042/2892
f 1033/1091/2893 1025/1875/2894 1026/1881/2895 1034/1094/2896
f 1026/1881/2897 1027/1880/2898 1035/1088/2899 1034/1094/2900
f 1027/1880/2901 1028/1879/2902 1036/2083/2903 1035/1088/2904
f 1028/2084/2905 1029/1878/2906 1037/1083/2907 1036/1084/2908
f 1029/1878/2909 1030/1877/2910 1038/1086/2911 1037/1083/2912
f 1038/1086/2913 1030/1877/2914 1031/1876/2915 1039/1096/2916
f 1031/1876/2917 1032/1874/2918 1040/1092/2919 1039/1096/2920
f 1032/1874/2921 1025/1875/2922 1033/1091/2923 1040/1092/2924
f 1042/1111/2925 1026/1093/2926 1025/1090/2927 1041/1105/2928
f 1027/1087/2929 1026/1093/2930 1042/1111/2931 1043/1101/2932
f 1028/1081/2933 1027/1087/2934 1043/1101/2935 1044/1098/2936
f 1029/1082/2937 1028/2085/2938 1044/2081/2939 1045/1097/2940
f 1030/1085/2941 1029/1082/2942 1045/1097/2943 1046/1104/2944
f 1047/1109/2945 1031/1095/2946 1030/1085/2947 1046/1104/2948
f 1032/1089/2949 1031/1095/2950 1047/1109/2951 1048/1106/2952
f 1025/1090/2953 1032/1089/2954 1048/1106/2955 1041/1105/2956
f 1049/1108/2957 1033/1091/2958 1034/1094/2959 1050/1112/2960
f 1034/1094/2961 1035/1088/2962 1051/1102/2963 1050/1112/2964
f 1035/1088/2965 1036/2083/2966 1052/2082/2967 1051/1102/2968
f 1036/1084/2969 1037/1083/2970 1053/1100/2971 1052/1099/2972
f 1037/1083/2973 1038/1086/2974 1054/1103/2975 1053/1100/2976
f 1054/1103/2977 1038/1086/2978 1039/1096/2979 1055/1110/2980
f 1039/1096/2981 1040/1092/2982 1056/1107/2983 1055/1110/2984
f 1040/1092/2985 1033/1091/2986 1049/1108/2987 1056/1107/2988
f 1047/1109/2989 1046/1104/2990 1054/1103/2991 1055/1110/2992
f 1054/1103/2993 1046/1104/2994 1045/1097/2995 1053/1100/2996
f 1045/1097/2997 1044/2081/2998 1052/1099/2999 1053/1100/3000
f 1044/1098/3001 1043/1101/3002 1051/1102/3003 1052/2082/3004
f 1043/1101/3005 1042/1111/3006 1050/1112/3007 1051/1102/3008
f 1042/1111/3009 1041/1105/3010 1049/1108/3011 1050/1112/3012
f 1041/1105/3013 1048/1106/3014 1056/1107/3015 1049/1108/3016
f 1048/1106/3017 1047/1109/3018 1055/1110/3019 1056/1107/3020
f 1065/1867/3021 1057/1123/3022 1058/1566/3023 1066/1873/3024
f 1058/1566/3025 1059/1113/3026 1067/1872/3027 1066/1873/3028
f 1059/1113/3029 1060/1114/3030 1068/2058/3031 1067/1872/3032
f 1060/2060/3033 1061/1117/3034 1069/1870/3035 1068/1871/3036
f 1061/1117/3037 1062/1573/3038 1070/1869/3039 1069/1870/3040
f 1070/1869/3041 1062/1573/3042 1063/1119/3043 1071/1868/3044
f 1063/1119/3045 1064/1120/3046 1072/1866/3047 1071/1868/3048
f 1064/1120/3049 1057/1123/3050 1065/1867/3051 1072/1866/3052
f 1074/1565/3053 1058/1566/3054 1057/1123/3055 1073/1567/3056
f 1059/1113/3057 1058/1566/3058 1074/1565/3059 1075/1568/3060
f 1060/1114/3061 1059/1113/3062 1075/1568/3063 1076/1570/3064
f 1061/1117/3065 1060/2060/3066 1076/2056/3067 1077/1572/3068
f 1062/1573/3069 1061/1117/3070 1077/1572/3071 1078/1574/3072
f 1079/1571/3073 1063/1119/3074 1062/1573/3075 1078/1574/3076
f 1064/1120/3077 1063/1119/3078 1079/1571/3079 1080/1569/3080
f 1057/1123/3081 1064/1120/3082 1080/1569/3083 1073/1567/3084
f 1081/1575/3085 1065/1124/3086 1066/1576/3087 1082/1577/3088
f 1066/1576/3089 1067/1116/3090 1083/1579/3091 1082/1577/3092
f 1067/1116/3093 1068/2059/3094 1084/2057/3095 1083/1579/3096
f 1068/1115/3097 1069/1118/3098 1085/1584/3099 1084/1581/3100
f 1069/1118/3101 1070/1583/3102 1086/1582/3103 1085/1584/3104
f 1086/1582/3105 1070/1583/3106 1071/1122/3107 1087/1580/3108
f 1071/1122/3109 1072/1121/3110 1088/1578/3111 1087/1580/3112
f 1072/1121/3113 1065/1124/3114 1081/1575/3115 1088/1578/3116
f 1079/1571/3117 1078/1574/3118 1086/1582/3119 1087/1580/3120
f 1086/1582/3121 1078/1574/3122 1077/1572/3123 1085/1584/3124
f 1077/1572/3125 1076/2056/3126 1084/1581/3127 1085/1584/3128
f 1076/1570/3129 1075/1568/3130 1083/1579/3131 1084/2057/3132
f 1075/1568/3133 1074/1565/3134 1082/1577/3135 1083/1579/3136
f 1074/1565/3137 1073/1567/3138 1081/1575/3139 1082/1577/3140
f 1073/1567/3141 1080/1569/3142 1088/1578/3143 1081/1575/3144
f 1080/1569/3145 1079/1571/3146 1087/1580/3147 1088/1578/3148
f 1089/1126/3149 1090/1125/3150 1097/1586/3151 1096/1587/3152
f 1090/1125/3153 1091/1131/3154 1098/1585/3155 1097/1586/3156
f 1092/1137/3157 1093/1135/3158 1100/1588/3159 1099/1589/3160
f 1093/1135/3161 1094/1133/3162 1101/1590/3163 1100/1588/3164
f 1094/1133/3165 1095/1129/3166 1102/1666/3167 1101/1590/3168
f 1095/1129/3169 1089/1126/3170 1096/1587/3171 1102/1666/3172
f 1096//3173 1097//3174 1104//3175 1103//3176
f 1097//3177 1098//3178 1105//3179 1104//3180
f 1099//3181 1100//3182 1107//3183 1106//3184
f 1100//3185 1101//3186 1108//3187 1107//3188
f 1101//3189 1102//3190 1109//3191 1108//3192
f 1102//3193 1096//3194 1103//3195 1109//3196
f 1090/1125/3197 1089/1126/3198 1110/1127/3199 1111/1128/3200
f 1091/1131/3201 1090/1125/3202 1111/1128/3203 1112/1132/3204
f 1093/1135/3205 1092/1137/3206 1113/1138/3207 1114/1136/3208
f 1094/1133/3209 1093/1135/3210 1114/1136/3211 1115/1134/3212
f 1095/1129/3213 1094/1133/3214 1115/1134/3215 1116/1130/3216
f 1089/1126/3217 1095/1129/3218 1116/1130/3219 1110/1127/3220
f 1103/1139/3221 1104/1140/3222 1118/1141/3223 1117/1142/3224
f 1104/1140/3225 1105/1143/3226 1119/1144/3227 1118/1141/3228
f 1106/1151/3229 1107/1149/3230 1121/1150/3231 1120/1152/3232
f 1107/1149/3233 1108/1147/3234 1122/1148/3235 1121/1150/3236
f 1108/1147/3237 1109/1145/3238 1123/1146/3239 1122/1148/3240
f 1109/1145/3241 1103/1139/3242 1117/1142/3243 1123/1146/3244
f 1132/1164/3245 1124/1859/3246 1125/1865/3247 1133/1592/3248
f 1125/1865/3249 1126/1864/3250 1134/1156/3251 1133/1592/3252
f 1126/1864/3253 1127/1863/3254 1135/2088/3255 1134/1156/3256
f 1127/2089/3257 1128/1862/3258 1136/1158/3259 1135/1155/3260
f 1128/1862/3261 1129/1861/3262 1137/1594/3263 1136/1158/3264
f 1137/1594/3265 1129/1861/3266 1130/1860/3267 1138/1162/3268
f 1130/1860/3269 1131/1858/3270 1139/1161/3271 1138/1162/3272
f 1131/1858/3273 1124/1859/3274 1132/1164/3275 1139/1161/3276
f 1141/1606/3277 1125/1591/3278 1124/1163/3279 1140/1609/3280
f 1126/1153/3281 1125/1591/3282 1141/1606/3283 1142/1605/3284
f 1127/1154/3285 1126/1153/3286 1142/1605/3287 1143/1603/3288
f 1128/1157/3289 1127/2090/3290 1143/2086/3291 1144/1599/3292
f 1129/1593/3293 1128/1157/3294 1144/1599/3295 1145/1596/3296
f 1146/1595/3297 1130/1159/3298 1129/1593/3299 1145/1596/3300
f 1131/1160/3301 1130/1159/3302 1146/1595/3303 1147/1601/3304
f 1124/1163/3305 1131/1160/3306 1147/1601/3307 1140/1609/3308
f 1148/1610/3309 1132/1164/3310 1133/1592/3311 1149/1607/3312
f 1133/1592/3313 1134/1156/3314 1150/1608/3315 1149/1607/3316
f 1134/1156/3317 1135/2088/3318 1151/2087/3319 1150/1608/3320
f 1135/1155/3321 1136/1158/3322 1152/1600/3323 1151/1604/3324
f 1136/1158/3325 1137/1594/3326 1153/1597/3327 1152/1600/3328
f 1153/1597/3329 1137/1594/3330 1138/1162/3331 1154/1598/3332
f 1138/1162/3333 1139/1161/3334 1155/1602/3335 1154/1598/3336
f 1139/1161/3337 1132/1164/3338 1148/1610/3339 1155/1602/3340
f 1146/1595/3341 1145/1596/3342 1153/1597/3343 1154/1598/3344
f 1153/1597/3345 1145/1596/3346 1144/1599/3347 1152/1600/3348
f 1144/1599/3349 1143/2086/3350 1151/1604/3351 1152/1600/3352
f 1143/1603/3353 1142/1605/3354 1150/1608/3355 1151/2087/3356
f 1142/1605/3357 1141/1606/3358 1149/1607/3359 1150/1608/3360
f 1141/1606/3361 1140/1609/3362 1148/1610/3363 1149/1607/3364
f 1140/1609/3365 1147/1601/3366 1155/1602/3367 1148/1610/3368
f 1147/1601/3369 1146/1595/3370 1154/1598/3371 1155/1602/3372
f 1164/1851/3373 1156/1175/3374 1157/1612/3375 1165/1857/3376
f 1157/1612/3377 1158/1165/3378 1166/1856/3379 1165/1857/3380
f 1158/1165/3381 1159/1166/3382 1167/1855/3383 1166/1856/3384
f 1159/1166/3385 1160/1169/3386 1168/1854/3387 1167/1855/3388
f 1160/1169/3389 1161/1619/3390 1169/1853/3391 1168/1854/3392
f 1169/1853/3393 1161/1619/3394 1162/1171/3395 1170/1852/3396
f 1162/1171/3397 1163/1172/3398 1171/2053/3399 1170/1852/3400
f 1163/2055/3401 1156/1175/3402 1164/1851/3403 1171/1850/3404
f 1173/1611/3405 1157/1612/3406 1156/1175/3407 1172/1613/3408
f 1158/1165/3409 1157/1612/3410 1173/1611/3411 1174/1614/3412
f 1159/1166/3413 1158/1165/3414 1174/1614/3415 1175/1616/3416
f 1160/1169/3417 1159/1166/3418 1175/1616/3419 1176/1618/3420
f 1161/1619/3421 1160/1169/3422 1176/1618/3423 1177/1620/3424
f 1178/1617/3425 1162/1171/3426 1161/1619/3427 1177/1620/3428
f 1163/1172/3429 1162/1171/3430 1178/1617/3431 1179/1615/3432
f 1156/1175/3433 1163/2055/3434 1179/2051/3435 1172/1613/3436
f 1180/1621/3437 1164/1176/3438 1165/1622/3439 1181/1623/3440
f 1165/1622/3441 1166/1168/3442 1182/1625/3443 1181/1623/3444
f 1166/1168/3445 1167/1167/3446 1183/1627/3447 1182/1625/3448
f 1167/1167/3449 1168/1170/3450 1184/1630/3451 1183/1627/3452
f 1168/1170/3453 1169/1629/3454 1185/1628/3455 1184/1630/3456
f 1185/1628/3457 1169/1629/3458 1170/1174/3459 1186/1626/3460
f 1170/1174/3461 1171/2054/3462 1187/2052/3463 1186/1626/3464
f 1171/1173/3465 1164/1176/3466 1180/1621/3467 1187/1624/3468
f 1178/1617/3469 1177/1620/3470 1185/1628/3471 1186/1626/3472
f 1185/1628/3473 1177/1620/3474 1176/1618/3475 1184/1630/3476
f 1176/1618/3477 1175/1616/3478 1183/1627/3479 1184/1630/3480
f 1175/1616/3481 1174/1614/3482 1182/1625/3483 1183/1627/3484
f 1174/1614/3485 1173/1611/3486 1181/1623/3487 1182/1625/3488
f 1173/1611/3489 1172/1613/3490 1180/1621/3491 1181/1623/3492
f 1172/1613/3493 1179/2051/3494 1187/1624/3495 1180/1621/3496
f 1179/1615/3497 1178/1617/3498 1186/1626/3499 1187/2052/3500
f 1188/1178/3501 1189/1177/3502 1196/1632/3503 1195/1633/3504
f 1189/1177/3505 1190/1183/3506 1197/1631/3507 1196/1632/3508
f 1191/1189/3509 1192/1187/3510 1199/1634/3511 1198/1635/3512
f 1192/1187/3513 1193/1185/3514 1200/1636/3515 1199/1634/3516
f 1193/1185/3517 1194/1181/3518 1201/1667/3519 1200/1636/3520
f 1194/1181/3521 1188/1178/3522 1195/1633/3523 1201/1667/3524
f 1195//3525 1196//3526 1203//3527 1202//3528
f 1196//3529 1197//3530 1204//3531 1203//3532
f 1198//3533 1199//3534 1206//3535 1205//3536
f 1199//3537 1200//3538 1207//3539 1206//3540
f 1200//3541 1201//3542 1208//3543 1207//3544
f 1201//3545 1195//3546 1202//3547 1208//3548
f 1189/1177/3549 1188/1178/3550 1209/1179/3551 1210/1180/3552
f 1190/1183/3553 1189/1177/3554 1210/1180/3555 1211/1184/3556
f 1192/1187/3557 1191/1189/3558 1212/1190/3559 1213/1188/3560
f 1193/1185/3561 1192/1187/3562 1213/1188/3563 1214/1186/3564
f 1194/1181/3565 1193/1185/3566 1214/1186/3567 1215/1182/3568
f 1188/1178/3569 1194/1181/3570 1215/1182/3571 1209/1179/3572
f 1202/1191/3573 1203/1192/3574 1217/1193/3575 1216/1194/3576
f 1203/1192/3577 1204/1195/3578 1218/1196/3579 1217/1193/3580
f 1205/1203/3581 1206/1201/3582 1220/1202/3583 1219/1204/3584
f 1206/1201/3585 1207/1199/3586 1221/1200/3587 1220/1202/3588
f 1207/1199/3589 1208/1197/3590 1222/1198/3591 1221/1200/3592
f 1208/1197/3593 1202/1191/3594 1216/1194/3595 1222/1198/3596
f 1231/1218/3597 1223/1843/3598 1224/1849/3599 1232/1212/3600
f 1224/1849/3601 1225/1848/3602 1233/1208/3603 1232/1212/3604
f 1225/1848/3605 1226/1847/3606 1234/2073/3607 1233/1208/3608
f 1226/2074/3609 1227/1846/3610 1235/1210/3611 1234/1207/3612
f 1227/1846/3613 1228/1845/3614 1236/1219/3615 1235/1210/3616
f 1236/1219/3617 1228/1845/3618 1229/1844/3619 1237/1216/3620
f 1229/1844/3621 1230/1842/3622 1238/1215/3623 1237/1216/3624
f 1230/1842/3625 1223/1843/3626 1231/1218/3627 1238/1215/3628
f 1240/1225/3629 1224/1211/3630 1223/1217/3631 1239/1639/3632
f 1225/1205/3633 1224/1211/3634 1240/1225/3635 1241/1222/3636
f 1226/1206/3637 1225/1205/3638 1241/1222/3639 1242/1221/3640
f 1227/1209/3641 1226/2075/3642 1242/2071/3643 1243/1637/3644
f 1228/1220/3645 1227/1209/3646 1243/1637/3647 1244/1231/3648
f 1245/1228/3649 1229/1213/3650 1228/1220/3651 1244/1231/3652
f 1230/1214/3653 1229/1213/3654 1245/1228/3655 1246/1227/3656
f 1223/1217/3657 1230/1214/3658 1246/1227/3659 1239/1639/3660
f 1247/1640/3661 1231/1218/3662 1232/1212/3663 1248/1226/3664
f 1232/1212/3665 1233/1208/3666 1249/1223/3667 1248/1226/3668
f 1233/1208/3669 1234/2073/3670 1250/2072/3671 1249/1223/3672
f 1234/1207/3673 1235/1210/3674 1251/1638/3675 1250/1224/3676
f 1235/1210/3677 1236/1219/3678 1252/1232/3679 1251/1638/3680
f 1252/1232/3681 1236/1219/3682 1237/1216/3683 1253/1229/3684
f 1237/1216/3685 1238/1215/3686 1254/1230/3687 1253/1229/3688
f 1238/1215/3689 1231/1218/3690 1247/1640/3691 1254/1230/3692
f 1245/1228/3693 1244/1231/3694 1252/1232/3695 1253/1229/3696
f 1252/1232/3697 1244/1231/3698 1243/1637/3699 1251/1638/3700
f 1243/1637/3701 1242/2071/3702 1250/1224/3703 1251/1638/3704
f 1242/1221/3705 1241/1222/3706 1249/1223/3707 1250/2072/3708
f 1241/1222/3709 1240/1225/3710 1248/1226/3711 1249/1223/3712
f 1240/1225/3713 1239/1639/3714 1247/1640/3715 1248/1226/3716
f 1239/1639/3717 1246/1227/3718 1254/1230/3719 1247/1640/3720
f 1246/1227/3721 1245/1228/3722 1253/1229/3723 1254/1230/3724
f 1263/1250/3725 1255/1835/3726 1256/1841/3727 1264/1251/3728
f 1256/1841/3729 1257/1840/3730 1265/1255/3731 1264/1251/3732
f 1257/1840/3733 1258/1839/3734 1266/2098/3735 1265/1255/3736
f 1258/2099/3737 1259/1838/3738 1267/1263/3739 1266/1259/3740
f 1259/1838/3741 1260/1837/3742 1268/1262/3743 1267/1263/3744
f 1268/1262/3745 1260/1837/3746 1261/1836/3747 1269/1257/3748
f 1261/1836/3749 1262/1834/3750 1270/1253/3751 1269/1257/3752
f 1262/1834/3753 1255/1835/3754 1263/1250/3755 1270/1253/3756
f 1272/1233/3757 1256/1234/3758 1255/1235/3759 1271/1236/3760
f 1257/1237/3761 1256/1234/3762 1272/1233/3763 1273/1238/3764
f 1258/1241/3765 1257/1237/3766 1273/1238/3767 1274/1242/3768
f 1259/1245/3769 1258/2100/3770 1274/2096/3771 1275/1246/3772
f 1260/1247/3773 1259/1245/3774 1275/1246/3775 1276/1248/3776
f 1277/1244/3777 1261/1243/3778 1260/1247/3779 1276/1248/3780
f 1262/1239/3781 1261/1243/3782 1277/1244/3783 1278/1240/3784
f 1255/1235/3785 1262/1239/3786 1278/1240/3787 1271/1236/3788
f 1279/1249/3789 1263/1250/3790 1264/1251/3791 1280/1252/3792
f 1264/1251/3793 1265/1255/3794 1281/1256/3795 1280/1252/3796
f 1265/1255/3797 1266/2098/3798 1282/2097/3799 1281/1256/3800
f 1266/1259/3801 1267/1263/3802 1283/1264/3803 1282/1260/3804
f 1267/1263/3805 1268/1262/3806 1284/1261/3807 1283/1264/3808
f 1284/1261/3809 1268/1262/3810 1269/1257/3811 1285/1258/3812
f 1269/1257/3813 1270/1253/3814 1286/1254/3815 1285/1258/3816
f 1270/1253/3817 1263/1250/3818 1279/1249/3819 1286/1254/3820
f 1277/1244/3821 1276/1248/3822 1284/1261/3823 1285/1258/3824
f 1284/1261/3825 1276/1248/3826 1275/1246/3827 1283/1264/3828
f 1275/1246/3829 1274/2096/3830 1282/1260/3831 1283/1264/3832
f 1274/1242/3833 1273/1238/3834 1281/1256/3835 1282/2097/3836
f 1273/1238/3837 1272/1233/3838 1280/1252/3839 1281/1256/3840
f 1272/1233/3841 1271/1236/3842 1279/1249/3843 1280/1252/3844
f 1271/1236/3845 1278/1240/3846 1286/1254/3847 1279/1249/3848
f 1278/1240/3849 1277/1244/3850 1285/1258/3851 1286/1254/3852
f 1295/1265/3853 1287/1827/3854 1288/1833/3855 1296/1268/3856
f 1288/1833/3857 1289/1832/3858 1297/1272/3859 1296/1268/3860
f 1289/1832/3861 1290/1831/3862 1298/2068/3863 1297/1272/3864
f 1290/2069/3865 1291/1830/3866 1299/1276/3867 1298/1280/3868
f 1291/1830/3869 1292/1829/3870 1300/1275/3871 1299/1276/3872
f 1300/1275/3873 1292/1829/3874 1293/1828/3875 1301/1278/3876
f 1293/1828/3877 1294/1826/3878 1302/1270/3879 1301/1278/3880
f 1294/1826/3881 1287/1827/3882 1295/1265/3883 1302/1270/3884
f 1304/1290/3885 1288/1267/3886 1287/1266/3887 1303/1293/3888
f 1289/1271/3889 1288/1267/3890 1304/1290/3891 1305/1289/3892
f 1290/1279/3893 1289/1271/3894 1305/1289/3895 1306/1287/3896
f 1291/1273/3897 1290/2070/3898 1306/2066/3899 1307/1285/3900
f 1292/1274/3901 1291/1273/3902 1307/1285/3903 1308/1282/3904
f 1309/1281/3905 1293/1277/3906 1292/1274/3907 1308/1282/3908
f 1294/1269/3909 1293/1277/3910 1309/1281/3911 1310/1295/3912
f 1287/1266/3913 1294/1269/3914 1310/1295/3915 1303/1293/3916
f 1311/1294/3917 1295/1265/3918 1296/1268/3919 1312/1291/3920
f 1296/1268/3921 1297/1272/3922 1313/1292/3923 1312/1291/3924
f 1297/1272/3925 1298/2068/3926 1314/2067/3927 1313/1292/3928
f 1298/1280/3929 1299/1276/3930 1315/1286/3931 1314/1288/3932
f 1299/1276/3933 1300/1275/3934 1316/1283/3935 1315/1286/3936
f 1316/1283/3937 1300/1275/3938 1301/1278/3939 1317/1284/3940
f 1301/1278/3941 1302/1270/3942 1318/1296/3943 1317/1284/3944
f 1302/1270/3945 1295/1265/3946 1311/1294/3947 1318/1296/3948
f 1309/1281/3949 1308/1282/3950 1316/1283/3951 1317/1284/3952
f 1316/1283/3953 1308/1282/3954 1307/1285/3955 1315/1286/3956
f 1307/1285/3957 1306/2066/3958 1314/1288/3959 1315/1286/3960
f 1306/1287/3961 1305/1289/3962 1313/1292/3963 1314/2067/3964
f 1305/1289/3965 1304/1290/3966 1312/1291/3967 1313/1292/3968
f 1304/1290/3969 1303/1293/3970 1311/1294/3971 1312/1291/3972
f 1303/1293/3973 1310/1295/3974 1318/1296/3975 1311/1294/3976
f 1310/1295/3977 1309/1281/3978 1317/1284/3979 1318/1296/3980
f 1327/1322/3981 1319/1819/3982 1320/1825/3983 1328/1317/3984
f 1320/1825/3985 1321/1824/3986 1329/1318/3987 1328/1317/3988
f 1321/1824/3989 1322/1823/3990 1330/2078/3991 1329/1318/3992
f 1322/2079/3993 1323/1822/3994 1331/1323/3995 1330/1320/3996
f 1323/1822/3997 1324/1821/3998 1332/1326/3999 1331/1323/4000
f 1332/1326/4001 1324/1821/4002 1325/1820/4003 1333/1306/4004
f 1325/1820/4005 1326/1818/4006 1334/1305/4007 1333/1306/4008
f 1326/1818/4009 1319/1819/4010 1327/1322/4011 1334/1305/4012
f 1336/1311/4013 1320/1312/4014 1319/1307/4015 1335/1308/4016
f 1321/1313/4017 1320/1312/4018 1336/1311/4019 1337/1314/4020
f 1322/1309/4021 1321/1313/4022 1337/1314/4023 1338/1310/4024
f 1323/1303/4025 1322/2080/4026 1338/2076/4027 1339/1304/4028
f 1324/1299/4029 1323/1303/4030 1339/1304/4031 1340/1300/4032
f 1341/1297/4033 1325/1298/4034 1324/1299/4035 1340/1300/4036
f 1326/1301/4037 1325/1298/4038 1341/1297/4039 1342/1302/4040
f 1319/1307/4041 1326/1301/4042 1342/1302/4043 1335/1308/4044
f 1343/1321/4045 1327/1322/4046 1328/1317/4047 1344/1319/4048
f 1328/1317/4049 1329/1318/4050 1345/1315/4051 1344/1319/4052
f 1329/1318/4053 1330/2078/4054 1346/2077/4055 1345/1315/4056
f 1330/1320/4057 1331/1323/4058 1347/1324/4059 1346/1316/4060
f 1331/1323/4061 1332/1326/4062 1348/1327/4063 1347/1324/4064
f 1348/1327/4065 1332/1326/4066 1333/1306/4067 1349/1328/4068
f 1333/1306/4069 1334/1305/4070 1350/1325/4071 1349/1328/4072
f 1334/1305/4073 1327/1322/4074 1343/1321/4075 1350/1325/4076
f 1341/1297/4077 1340/1300/4078 1348/1327/4079 1349/1328/4080
f 1348/1327/4081 1340/1300/4082 1339/1304/4083 1347/1324/4084
f 1339/1304/4085 1338/2076/4086 1346/1316/4087 1347/1324/4088
f 1338/1310/4089 1337/1314/4090 1345/1315/4091 1346/2077/4092
f 1337/1314/4093 1336/1311/4094 1344/1319/4095 1345/1315/4096
f 1336/1311/4097 1335/1308/4098 1343/1321/4099 1344/1319/4100
f 1335/1308/4101 1342/1302/4102 1350/1325/4103 1343/1321/4104
f 1342/1302/4105 1341/1297/4106 1349/1328/4107 1350/1325/4108
f 1359/1342/4109 1351/1811/4110 1352/1817/4111 1360/1641/4112
f 1352/1817/4113 1353/1816/4114 1361/1336/4115 1360/1641/4116
f 1353/1816/4117 1354/1815/4118 1362/2093/4119 1361/1336/4120
f 1354/2094/4121 1355/1814/4122 1363/1331/4123 1362/1332/4124
f 1355/1814/4125 1356/1813/4126 1364/1337/4127 1363/1331/4128
f 1364/1337/4129 1356/1813/4130 1357/1812/4131 1365/1347/4132
f 1357/1812/4133 1358/1810/4134 1366/1343/4135 1365/1347/4136
f 1358/1810/4137 1351/1811/4138 1359/1342/4139 1366/1343/4140
f 1368/1349/4141 1352/1350/4142 1351/1341/4143 1367/1345/4144
f 1353/1335/4145 1352/1350/4146 1368/1349/4147 1369/1353/4148
f 1354/1329/4149 1353/1335/4150 1369/1353/4151 1370/1352/4152
f 1355/1330/4153 1354/2095/4154 1370/2091/4155 1371/1351/4156
f 1356/1642/4157 1355/1330/4158 1371/1351/4159 1372/1669/4160
f 1373/1348/4161 1357/1346/4162 1356/1642/4163 1372/1669/4164
f 1358/1340/4165 1357/1346/4166 1373/1348/4167 1374/1344/4168
f 1351/1341/4169 1358/1340/4170 1374/1344/4171 1367/1345/4172
f 1375/1355/4173 1359/1342/4174 1360/1641/4175 1376/1668/4176
f 1360/1641/4177 1361/1336/4178 1377/1339/4179 1376/1668/4180
f 1361/1336/4181 1362/2093/4182 1378/2092/4183 1377/1339/4184
f 1362/1332/4185 1363/1331/4186 1379/1333/4187 1378/1334/4188
f 1363/1331/4189 1364/1337/4190 1380/1338/4191 1379/1333/4192
f 1380/1338/4193 1364/1337/4194 1365/1347/4195 1381/1356/4196
f 1365/1347/4197 1366/1343/4198 1382/1354/4199 1381/1356/4200
f 1366/1343/4201 1359/1342/4202 1375/1355/4203 1382/1354/4204
f 1373/1348/4205 1372/1669/4206 1380/1338/4207 1381/1356/4208
f 1380/1338/4209 1372/1669/4210 1371/1351/4211 1379/1333/4212
f 1371/1351/4213 1370/2091/4214 1378/1334/4215 1379/1333/4216
f 1370/1352/4217 1369/1353/4218 1377/1339/4219 1378/2092/4220
f 1369/1353/4221 1368/1349/4222 1376/1668/4223 1377/1339/4224
f 1368/1349/4225 1367/1345/4226 1375/1355/4227 1376/1668/4228
f 1367/1345/4229 1374/1344/4230 1382/1354/4231 1375/1355/4232
f 1374/1344/4233 1373/1348/4234 1381/1356/4235 1382/1354/4236
f 1383/1373/4237 1385/1370/4238 1401/1369/4239 1403/1374/4240
f 1384/1375/4241 1383/1373/4242 1388/1361/4243 1387/1367/4244
f 1385/1370/4245 1384/1375/4246 1390/1376/4247 1389/1371/4248
f 1386/1357/4249 1388/1361/4250 1404/1362/4251 1406/1358/4252
f 1387/1367/4253 1386/1357/4254 1394/1360/4255 1393/1368/4256
f 1389/1371/4257 1391/1377/4258 1396/1378/4259 1395/1372/4260
f 1391/1377/4261 1390/1376/4262 1393/1368/4263 1392/1365/4264
f 1392/1365/4265 1394/1360/4266 1400/1359/4267 1399/1366/4268
f 1395/1372/4269 1397/1379/4270 1402/1928/4271 1401/1369/4272
f 1397/1379/4273 1396/1378/4274 1399/1366/4275 1398/1363/4276
f 1398/1363/4277 1400/1359/4278 1406/1358/4279 1405/1364/4280
f 1403/1374/4281 1402/1928/4282 1405/1364/4283 1404/1362/4284
f 1384/1375/4285 1387/1367/4286 1393/1368/4287 1390/1376/4288
f 1391/1377/4289 1392/1365/4290 1399/1366/4291 1396/1378/4292
f 1397/1931/4293 1398/1930/4294 1405/1929/4295 1402/1380/4296
f 1403/1374/4297 1404/1362/4298 1388/1361/4299 1383/1373/4300
f 1386/1357/4301 1406/1358/4302 1400/1359/4303 1394/1360/4304
f 1401/1369/4305 1385/1370/4306 1389/1371/4307 1395/1372/4308
f 1383/1373/4309 1384/1375/4310 1385/1370/4311
f 1386/1357/4312 1387/1367/4313 1388/1361/4314
f 1389/1371/4315 1390/1376/4316 1391/1377/4317
f 1392/1365/4318 1393/1368/4319 1394/1360/4320
f 1395/1372/4321 1396/1378/4322 1397/1379/4323
f 1398/1363/4324 1399/1366/4325 1400/1359/4326
f 1401/1369/4327 1402/1928/4328 1403/1374/4329
f 1404/1362/4330 1405/1364/4331 1406/1358/4332
f 1407/1388/4333 1409/1396/4334 1430/1397/4335 1429/1921/4336
s 103
f 1408/1393/4337 1407/1388/4338 1412/1382/4339 1411/1386/4340
s 104
f 1409/1396/4341 1408/1393/4342 1438/1648/4343 1437/1643/4344
s 103
f 1410/1385/4345 1413/1381/4346 1474/1392/4347 1473/1394/4348
s 105
f 1411/1386/4349 1410/1385/4350 1443/1423/4351 1442/1662/4352
s 106
f 1413/1381/4353 1412/1382/4354 1432/1383/4355 1431/1919/4356
s 104
f 1414/1411/4357 1416/1415/4358 1454/1655/4359 1453/1657/4360
s 108
f 1415/1409/4361 1414/1411/4362 1419/1403/4363 1418/1399/4364
s off
f 1416/1415/4365 1415/1409/4366 1422/1410/4367 1421/1927/4368
s 108
f 1417/1400/4369 1420/1404/4370 1486/1412/4371 1485/1405/4372
s 109
f 1418/1399/4373 1417/1400/4374 1427/1401/4375 1426/1926/4376
s 105
f 1420/1404/4377 1419/1403/4378 1467/1670/4379 1466/1435/4380
s 111
f 1421/1416/4381 1423/1414/4382 1447/1658/4383 1446/1914/4384
s 112
f 1423/1414/4385 1422/1925/4386 1426/1402/4387 1425/1408/4388
f 1424/1407/4389 1427/1923/4390 1484/1924/4391 1483/1413/4392
s 113
f 1425/1408/4393 1424/1407/4394 1452/1433/4395 1451/1438/4396
s 111
f 1428/1395/4397 1430/1922/4398 1459/1917/4399 1458/1652/4400
s 115
f 1429/1387/4401 1428/1395/4402 1433/1389/4403 1432/1920/4404
f 1431/1384/4405 1434/1390/4406 1472/1398/4407 1471/1391/4408
s 113
f 1434/1390/4409 1433/1389/4410 1462/1671/4411 1461/1425/4412
s 105
f 1435/1647/4413 1438/1648/4414 1442/1662/4352 1441/1660/4415
s 104
f 1436/1644/4416 1435/1647/4417 1456/1653/4418 1455/1649/4419
s 117
f 1437/1643/4420 1436/1644/4421 1460/1645/4422 1459/1646/4423
s off
f 1439/1418/4424 1443/1423/4425 1478/1424/4426 1477/1419/4427
f 1440/1421/4428 1439/1418/4429 1465/1417/4430 1464/1422/4431
s 118
f 1441/1660/4432 1440/1421/4433 1469/1432/4434 1468/1661/4435
s 113
f 1444/1656/4436 1447/1658/4437 1451/1438/4396 1450/1437/4438
s 111
f 1445/1915/4439 1444/1656/4440 1457/1651/4441 1460/1916/4442
s 117
f 1446/1654/4443 1445/1650/4444 1455/1649/4445 1454/1655/4446
s off
f 1448/1428/4447 1452/1433/4448 1482/1434/4449 1481/1429/4450
f 1449/1431/4451 1448/1428/4452 1470/1427/4453 1469/1432/4454
f 1450/1437/4455 1449/1431/4456 1464/1422/4457 1463/1659/4458
s 105
f 1453/1657/4459 1456/1653/4460 1468/1661/4461 1467/1670/4379
s 113
f 1458/1652/4462 1457/1651/4463 1463/1659/4464 1462/1671/4411
s 119
f 1461/1425/4465 1465/1417/4466 1476/1420/4467 1475/1426/4468
s 118
f 1466/1435/4469 1470/1427/4470 1480/1430/4471 1479/1436/4472
s 105
f 1408/1393/4473 1411/1386/4349 1442/1662/4352 1438/1648/4414
s 109
f 1415/1409/4474 1418/1399/4373 1426/1926/4376 1422/1410/4475
s 113
f 1458/1652/4462 1462/1671/4411 1433/1389/4410 1428/1395/4476
s 106
f 1429/1921/4477 1432/1383/4355 1412/1382/4354 1407/1388/4478
s 117
f 1430/1397/4479 1409/1396/4480 1437/1643/4420 1459/1646/4423
f 1446/1654/4443 1454/1655/4446 1416/1415/4481 1421/1927/4482
s 113
f 1423/1414/4483 1425/1408/4393 1451/1438/4396 1447/1658/4437
s 105
f 1453/1657/4459 1467/1670/4379 1419/1403/4378 1414/1411/4484
s 117
f 1460/1645/4422 1436/1644/4421 1455/1649/4445 1445/1650/4444
s 105
f 1435/1647/4413 1441/1660/4415 1468/1661/4461 1456/1653/4460
s off
f 1440/1421/4485 1464/1422/4486 1449/1431/4487 1469/1432/4488
s 113
f 1444/1656/4436 1450/1437/4438 1463/1659/4464 1457/1651/4463
s 106
f 1413/1381/4353 1431/1919/4356 1471/1918/4489 1474/1392/4490
s 113
f 1434/1390/4409 1461/1425/4412 1475/1426/4491 1472/1398/4492
s off
f 1465/1417/4493 1439/1418/4494 1477/1419/4495 1476/1420/4496
s 105
f 1443/1423/4351 1410/1385/4350 1473/1394/4497 1478/1424/4498
s off
f 1470/1427/4499 1448/1428/4500 1481/1429/4501 1480/1430/4502
s 113
f 1452/1433/4395 1424/1407/4394 1483/1413/4503 1482/1434/4504
s 109
f 1427/1401/4375 1417/1400/4374 1485/1405/4505 1484/1406/4506
s 105
f 1420/1404/4377 1466/1435/4380 1479/1436/4507 1486/1412/4508
s off
f 1407/1388/4509 1408/1393/4510 1409/1396/4511
s 103
f 1410/1385/4345 1411/1386/4340 1412/1382/4339 1413/1381/4346
s off
f 1414/1411/4512 1415/1409/4513 1416/1415/4514
s 108
f 1417/1400/4369 1418/1399/4364 1419/1403/4363 1420/1404/4370
s off
f 1421/1416/4515 1422/1925/4516 1423/1414/4517
s 112
f 1424/1407/4389 1425/1408/4388 1426/1402/4387 1427/1923/4390
s off
f 1428/1395/4518 1429/1387/4519 1430/1922/4520
s 115
f 1431/1384/4405 1432/1920/4404 1433/1389/4403 1434/1390/4406
s 104
f 1435/1647/4417 1436/1644/4416 1437/1643/4344 1438/1648/4343
s 118
f 1439/1418/4521 1440/1421/4433 1441/1660/4432 1442/1662/4522 1443/1423/4523
s 111
f 1444/1656/4440 1445/1915/4439 1446/1914/4384 1447/1658/4383
s off
f 1448/1428/4524 1449/1431/4525 1450/1437/4526 1451/1438/4527 1452/1433/4528
s 104
f 1453/1657/4360 1454/1655/4359 1455/1649/4419 1456/1653/4418
s 111
f 1457/1651/4441 1458/1652/4400 1459/1917/4399 1460/1916/4442
s 119
f 1461/1425/4465 1462/1671/4529 1463/1659/4530 1464/1422/4531 1465/1417/4466
s 118
f 1466/1435/4469 1467/1670/4532 1468/1661/4435 1469/1432/4434 1470/1427/4470
s off
f 758/1529/4533 475/1528/4534 457/878/4535 755/877/4536
