# This file uses centimeters as units for non-parametric coordinates.

mtllib cart_broken.mtl
g default
v -2.088830 2.167506 0.172705
v -1.751368 2.369589 0.170386
v -1.450090 2.281698 0.168739
v -1.157576 2.244175 0.167044
v -0.873735 2.182450 0.165467
v -0.606225 2.007890 0.164343
v -0.323974 1.860257 0.162943
v -0.046571 1.736405 0.161637
v 0.243372 1.765797 0.160090
v 0.534838 1.751906 0.158515
v 0.823072 1.562452 0.157001
v 1.100363 1.288404 0.155626
v 1.388152 1.143545 0.153665
v 1.682988 1.056886 0.151873
v 1.968451 0.942005 0.150381
v -2.095834 2.266492 -0.094092
v -1.757813 2.331165 -0.097003
v -1.375439 2.506531 -0.081687
v -1.077152 2.496111 -0.079185
v -0.799623 2.446436 -0.079212
v -0.519491 2.330819 -0.070668
v -0.260987 2.097026 -0.086073
v 0.000980 1.893647 -0.097650
v 0.284801 1.895548 -0.101961
v 0.576268 1.853639 -0.105783
v 0.868336 1.703751 -0.103978
v 1.155611 1.463374 -0.101872
v 1.439716 1.303812 -0.105311
v 1.696547 1.067600 -0.116049
v 2.006380 0.929146 -0.116976
v -2.123146 2.248180 -0.337064
v -1.804913 2.321157 -0.343730
v -1.442873 2.527652 -0.339315
v -1.092207 2.582255 -0.332657
v -0.769760 2.523316 -0.333057
v -0.490188 2.386635 -0.333187
v -0.239845 2.142806 -0.338817
v 0.031775 1.954328 -0.345122
v 0.303539 1.891471 -0.348851
v 0.597171 1.862633 -0.351457
v 0.905000 1.747388 -0.350702
v 1.207910 1.592878 -0.349813
v 1.468221 1.362992 -0.352836
v 1.825765 1.031775 -0.365045
v 2.191141 0.868404 -0.350360
v -2.137965 2.246701 -0.628214
v -1.844723 2.313076 -0.630494
v -1.482819 2.599353 -0.633964
v -1.122352 2.591865 -0.636194
v -0.778452 2.477346 -0.637785
v -0.492267 2.330511 -0.639088
v -0.223691 2.156305 -0.640226
v 0.043156 1.980822 -0.641331
v 0.316237 1.838034 -0.642556
v 0.620661 1.795750 -0.644379
v 0.929296 1.731505 -0.646372
v 1.246465 1.674626 -0.647955
v 1.616638 1.397327 -0.648569
v 1.998862 1.054390 -0.649171
v 2.334691 0.834241 -0.650670
v -2.128693 2.273169 -0.935330
v -1.839892 2.332160 -0.937611
v -1.472956 2.611561 -0.941127
v -1.113406 2.591035 -0.943325
v -0.778078 2.463201 -0.944901
v -0.495211 2.313626 -0.946188
v -0.229058 2.140598 -0.947280
v 0.038354 1.971364 -0.948396
v 0.307649 1.807796 -0.949548
v 0.628402 1.799176 -0.951683
v 0.952703 1.786287 -0.953829
v 1.377479 1.695282 -0.955434
v 1.787977 1.500336 -0.956163
v 2.149552 1.068616 -0.956263
v 2.366515 0.858919 -0.957794
v -2.147779 2.310772 -1.204974
v -1.894662 2.342572 -1.234116
v -1.504324 2.589807 -1.248244
v -1.098902 2.576397 -1.250442
v -0.776100 2.453910 -1.252001
v -0.505613 2.287303 -1.253146
v -0.249365 2.080513 -1.254048
v 0.026728 1.921907 -1.255330
v 0.297438 1.774266 -1.256509
v 0.614150 1.761259 -1.258567
v 0.961915 1.777936 -1.260931
v 1.463745 1.717239 -1.262841
v 1.811515 1.537552 -1.263533
v 2.174676 1.149267 -1.263877
v 2.376190 0.902416 -1.265172
v -2.166708 2.308781 -1.340961
v -1.936865 2.297966 -1.427578
v -1.588158 2.451260 -1.547482
v -1.170636 2.497581 -1.557198
v -0.804537 2.383521 -1.558691
v -0.533229 2.207006 -1.559774
v -0.287886 1.885810 -1.560468
v -0.004824 1.707410 -1.561883
v 0.280405 1.643722 -1.563340
v 0.607581 1.741483 -1.565598
v 0.930557 1.738442 -1.567768
v 1.382133 1.721207 -1.570040
v 1.810542 1.570207 -1.571282
v 2.180854 1.190914 -1.571256
v 2.360311 0.905068 -1.572400
v -2.209434 2.305923 -1.547322
v -1.986797 2.255619 -1.658291
v -1.651038 2.325815 -1.742281
v -1.241129 2.295465 -1.856118
v -0.851956 2.271229 -1.860650
v -0.585380 2.027878 -1.817840
v -0.317744 1.739455 -1.811915
v -0.036586 1.538488 -1.861665
v 0.260011 1.529714 -1.870106
v 0.586356 1.623156 -1.872134
v 0.929950 1.652275 -1.874329
v 1.332624 1.658326 -1.876640
v 1.810120 1.465443 -1.878030
v 2.111688 1.144342 -1.878428
v 2.300873 0.909862 -1.879344
v -1.960780 2.230706 -1.868482
v -1.637435 2.224447 -1.975774
v -1.256483 2.219638 -2.035614
v -0.892769 2.115285 -2.027485
v -0.611441 1.951416 -1.951692
v -0.334984 1.693512 -1.961500
v 0.260600 1.490838 -2.167590
v 0.659738 1.541886 -2.178826
v 1.024957 1.539327 -2.180799
v 1.350873 1.536283 -2.182972
v 1.738213 1.359519 -2.184194
v 1.991596 1.085271 -2.184805
v 2.167987 0.938753 -2.185896
v -1.893888 2.191642 -2.175006
v -1.576207 2.195312 -2.183125
v -1.210254 2.172465 -2.165330
v -0.904192 2.071856 -2.117082
v -0.613658 1.972261 -2.149986
v -0.340694 1.743322 -2.162409
v -0.051702 1.527488 -2.277009
v 0.327282 1.459463 -2.392266
v 0.685817 1.475531 -2.485628
v 1.081115 1.442775 -2.487378
v 1.398321 1.422863 -2.491658
v 1.688800 1.323083 -2.499852
v 1.942836 1.113567 -2.499886
v 2.214301 0.956535 -2.494973
v -1.848493 2.162203 -2.468010
v -1.520809 2.178125 -2.361196
v -1.210587 2.134412 -2.300004
v -0.913903 2.063067 -2.291302
v -0.619799 1.977315 -2.362785
v -0.350070 1.805792 -2.459150
v -0.042310 1.626579 -2.470884
v 0.369054 1.508289 -2.651169
v 0.753072 1.443185 -2.792664
v 1.075601 1.432234 -2.796070
v 1.407034 1.454095 -2.820666
v 1.707509 1.384417 -2.836885
v 1.957066 1.161415 -2.837764
v 2.220613 0.980540 -2.823168
v -1.857718 2.177855 -2.652488
v -1.542883 2.152453 -2.588746
v -1.244520 2.077448 -2.498747
v -0.942141 2.014538 -2.513213
v -0.655380 1.900728 -2.608282
v -0.380763 1.735066 -2.741297
v -0.059012 1.611373 -2.777559
v 0.752993 1.444517 -3.099660
v 1.069512 1.417828 -3.106282
v 1.397917 1.431643 -3.141103
v 1.715837 1.414493 -3.163039
v 1.961958 1.181147 -3.163748
v 2.222181 0.990261 -3.144403
v -1.868372 2.190987 -2.880480
v -1.580257 2.085127 -2.790703
v -1.283470 2.005380 -2.805062
v -0.983481 1.935275 -2.819482
v -0.688282 1.832659 -2.914752
v -0.397928 1.715533 -2.983537
v 0.653591 1.397906 -3.406234
v 1.035409 1.319530 -3.408356
v 1.341396 1.266448 -3.426613
v 1.646759 1.211489 -3.442918
v 1.954614 1.164031 -3.452029
v 2.142294 0.986284 -3.437493
v 1.243013 1.212027 -3.716677
v 1.546098 1.141350 -3.722311
v 1.844856 1.070647 -3.726331
v 2.068376 0.965808 -3.723494
v 1.849328 0.398990 -16.240414
v 2.251578 0.398990 -16.240414
v 1.849328 -0.003259 -16.240414
v 2.251578 -0.003259 -16.240414
v -2.861095 0.398115 -16.137836
v -2.458845 0.398115 -16.137836
v -2.861095 -0.001832 -16.094852
v -2.458845 -0.001832 -16.094852
v 1.849328 0.901104 -2.252444
v 2.251578 0.901104 -2.252444
v 2.251578 0.901104 -2.461449
v 1.849328 0.901104 -2.461449
v -2.458845 2.370074 -2.488930
v -2.861095 2.370074 -2.488930
v -2.861095 2.392140 -2.283622
v -2.458845 2.392140 -2.283622
v -2.861095 1.481923 -2.289624
v -2.861095 1.595599 -2.198012
v -2.458845 1.481923 -2.289624
v -2.458845 1.595599 -2.198012
v 1.849328 -0.003259 -2.356937
v 1.849328 0.101234 -2.252444
v 2.251578 -0.003259 -2.356937
v 2.251578 0.101234 -2.252444
v -2.861095 1.852423 -2.448198
v -2.861095 1.719244 -2.555528
v -2.458845 1.852423 -2.448198
v -2.458845 1.719244 -2.555528
v 1.849328 0.381271 -2.461449
v 1.849328 0.260324 -2.582396
v 2.251578 0.381271 -2.461449
v 2.251578 0.260324 -2.582396
v -3.641531 1.133354 -0.784122
v -3.701528 1.111371 -0.803768
v -3.766903 1.125333 -0.803768
v -3.812684 1.169907 -0.784122
v -3.821388 1.228068 -0.752333
v -3.789685 1.277598 -0.720544
v -3.729688 1.299581 -0.700897
v -3.664313 1.285618 -0.700897
v -3.618531 1.241045 -0.720544
v -3.609828 1.182885 -0.752333
v -3.139988 3.274275 -4.575934
v -3.199986 3.252294 -4.595581
v -3.265362 3.266255 -4.595581
v -3.311144 3.310829 -4.575934
v -3.319847 3.368989 -4.544145
v -3.288144 3.418521 -4.512356
v -3.228147 3.440504 -4.492710
v -3.162772 3.426541 -4.492710
v -3.116989 3.381968 -4.512356
v -3.108287 3.323808 -4.544145
v 3.107650 0.358912 -2.554357
v 3.085781 0.290148 -2.485352
v 3.056424 0.198271 -2.460093
v 3.027258 0.107200 -2.485352
v 3.006010 0.040917 -2.554357
v 2.998299 0.016865 -2.648621
v 3.006010 0.040917 -2.742884
v 3.027077 0.106628 -2.811889
v 3.056029 0.196966 -2.837147
v 3.085176 0.288042 -2.811889
v 3.106809 0.355871 -2.742884
v 3.115337 0.382972 -2.648621
v -3.218429 2.597289 -2.856284
v -3.257372 2.440818 -3.010447
v -3.321896 2.235405 -3.066875
v -3.391160 2.034253 -3.010447
v -3.441931 1.888691 -2.856284
v -3.460515 1.835411 -2.645693
v -3.441931 1.888691 -2.435102
v -3.389812 2.036066 -2.280939
v -3.322132 2.240233 -2.224511
v -3.261270 2.447528 -2.280939
v -3.224536 2.604069 -2.435102
v -3.211164 2.660249 -2.645693
v -3.524786 2.688944 -2.856284
v -3.565885 2.540665 -3.010447
v -3.630213 2.340451 -3.066875
v -3.698710 2.141521 -3.010447
v -3.749480 1.995958 -2.856284
v -3.768063 1.942678 -2.645693
v -3.749480 1.995958 -2.435102
v -3.698710 2.141521 -2.280939
v -3.630213 2.340451 -2.224511
v -3.565885 2.540665 -2.280939
v -3.524449 2.688859 -2.435102
v -3.515106 2.744589 -2.645693
v -3.259248 2.437447 -2.763303
v -3.283084 2.350343 -2.849399
v -3.319482 2.235223 -2.880913
v -3.357576 2.122697 -2.849399
v -3.385501 2.041255 -2.763303
v -3.395721 2.011446 -2.645693
v -3.385501 2.041255 -2.528083
v -3.357185 2.123820 -2.441988
v -3.319634 2.238557 -2.410474
v -3.284880 2.355255 -2.441988
v -3.262712 2.443489 -2.528083
v -3.253811 2.473718 -2.645693
v -3.570818 2.535002 -2.763303
v -3.595125 2.452689 -2.849399
v -3.632063 2.341236 -2.880913
v -3.670524 2.230165 -2.849399
v -3.698876 2.148873 -2.763303
v -3.709255 2.119115 -2.645693
v -3.698876 2.148873 -2.528083
v -3.670524 2.230165 -2.441988
v -3.632063 2.341236 -2.410474
v -3.595009 2.452666 -2.441988
v -3.570223 2.534867 -2.528083
v -3.563791 2.565595 -2.645693
v -3.152918 2.406053 -2.763303
v -3.176950 2.317813 -2.849399
v -3.213078 2.202524 -2.880913
v -3.250451 2.089311 -2.849399
v -3.277751 2.007658 -2.763303
v -3.287743 1.977770 -2.645693
v -3.277751 2.007658 -2.528083
v -3.249936 2.090840 -2.441988
v -3.212939 2.205844 -2.410474
v -3.178213 2.323757 -2.441988
v -3.155766 2.413446 -2.528083
v -3.146963 2.443706 -2.645693
v -3.676314 2.569972 -2.763303
v -3.701651 2.488611 -2.849399
v -3.738351 2.377748 -2.880913
v -3.776518 2.266842 -2.849399
v -3.804782 2.185809 -2.763303
v -3.815160 2.156053 -2.645693
v -3.804782 2.185809 -2.528083
v -3.776429 2.267102 -2.441988
v -3.738053 2.377933 -2.410474
v -3.700630 2.488839 -2.441988
v -3.674621 2.570138 -2.528083
v -3.667049 2.599854 -2.645693
v -3.160259 2.366581 -2.739957
v -3.179592 2.295397 -2.808962
v -3.208312 2.202441 -2.834220
v -3.237931 2.111427 -2.808962
v -3.259561 2.045899 -2.739957
v -3.267477 2.021914 -2.645693
v -3.259561 2.045899 -2.551430
v -3.237548 2.112825 -2.482424
v -3.208180 2.205571 -2.457166
v -3.180452 2.300627 -2.482424
v -3.162193 2.372874 -2.551430
v -3.155107 2.397084 -2.645693
v -3.703341 2.495662 -2.717229
v -3.718920 2.446419 -2.769596
v -3.741523 2.379074 -2.788764
v -3.764739 2.311691 -2.769596
v -3.781909 2.262350 -2.717229
v -3.788220 2.244250 -2.645693
v -3.781909 2.262350 -2.574158
v -3.764663 2.311797 -2.521791
v -3.741238 2.379257 -2.502623
v -3.718267 2.446641 -2.521791
v -3.702271 2.495903 -2.574158
v -3.697688 2.513744 -2.645693
v -3.913245 2.565742 -2.717229
v -3.928260 2.517658 -2.769596
v -3.950597 2.450963 -2.645693
v -3.950574 2.450992 -2.788764
v -3.973482 2.384198 -2.769596
v -3.990577 2.335029 -2.717229
v -3.996886 2.316927 -2.645693
v -3.990577 2.335029 -2.574158
v -3.973346 2.384480 -2.521791
v -3.949999 2.451769 -2.502623
v -3.927263 2.518623 -2.521791
v -3.911362 2.567221 -2.574158
v -3.906359 2.584502 -2.645693
v -3.817580 2.534089 -2.717229
v -3.812318 2.551816 -2.645693
v -3.816684 2.534591 -2.574158
v -3.832456 2.485779 -2.521791
v -3.855288 2.418618 -2.502623
v -3.878556 2.351323 -2.521791
v -3.895713 2.302042 -2.574158
v -3.902023 2.283943 -2.645693
v -3.895713 2.302042 -2.717229
v -3.878575 2.351287 -2.769596
v -3.855430 2.418463 -2.788764
v -3.832962 2.485412 -2.769596
v -3.874543 2.552621 -2.717229
v -3.868465 2.570801 -2.645693
v -3.872739 2.553884 -2.574158
v -3.888450 2.505332 -2.521791
v -3.911237 2.438387 -2.502623
v -3.934610 2.371070 -2.521791
v -3.951856 2.321624 -2.574158
v -3.958170 2.303525 -2.645693
v -3.951856 2.321624 -2.717229
v -3.934736 2.370821 -2.769596
v -3.911782 2.437707 -2.788764
v -3.889614 2.504312 -2.769596
v -3.804522 2.589921 -2.750719
v -3.796847 2.616152 -2.645693
v -3.854542 2.605880 -2.750719
v -3.845712 2.632602 -2.645693
v -3.803486 2.590378 -2.540668
v -3.852110 2.607217 -2.540668
v -3.826476 2.518419 -2.463783
v -3.875154 2.535519 -2.463783
v -3.859455 2.420063 -2.435642
v -3.908501 2.437063 -2.435642
v -3.893660 2.321318 -2.463783
v -3.942670 2.338411 -2.463783
v -3.918979 2.248722 -2.540668
v -3.967991 2.265819 -2.540668
v -3.928246 2.222149 -2.645693
v -3.977260 2.239245 -2.645693
v -3.918979 2.248722 -2.750719
v -3.967991 2.265819 -2.750719
v -3.893851 2.320829 -2.827604
v -3.942895 2.337828 -2.827604
v -3.860117 2.419335 -2.855746
v -3.909219 2.436170 -2.855746
v -3.827142 2.518003 -2.827604
v -3.876690 2.534369 -2.827604
v -4.137604 0.158995 -2.711817
v -4.192912 0.177744 -2.751111
v -4.257456 0.200127 -2.751110
v -4.308522 0.217938 -2.711819
v -4.328029 0.224741 -2.648239
v -4.308522 0.217938 -2.584661
v -4.256048 0.199715 -2.545369
v -4.188717 0.176665 -2.545368
v -4.130645 0.157414 -2.584661
v -4.111101 0.150731 -2.648239
v -2.964448 3.494083 -2.714006
v -2.949943 3.485764 -2.648627
v -2.969911 3.490461 -2.588929
v -3.021590 3.483528 -2.566270
v -3.083330 3.498613 -2.549528
v -3.132692 3.519828 -2.585108
v -3.149393 3.539759 -2.650738
v -3.125841 3.551895 -2.716237
v -3.075829 3.529154 -2.755986
v -3.017588 3.488844 -2.754891
v -3.095121 3.519851 -2.702143
v -3.117549 3.512893 -2.636571
v -2.984246 3.485900 -2.660024
v -3.005527 3.484170 -2.603847
v -3.025255 3.484570 -2.734077
v -3.048145 3.459894 -2.680076
v -3.067214 3.468526 -2.615695
v -3.079624 3.486769 -2.569173
v -2.920647 4.340600 -3.430722
v -3.016043 3.955697 -4.119778
v -3.085181 3.332340 -4.631214
v -3.251449 2.582555 -4.903344
v -3.513478 1.831285 -4.903344
v -3.759704 1.125323 -4.631215
v -3.960431 0.549818 -4.119779
v -4.091445 0.174181 -3.430724
v -4.136946 0.043724 -2.647158
v -4.081754 0.172076 -1.863591
v -3.836876 0.530937 -1.174535
v -3.621844 1.119169 -0.663099
v -3.467846 1.849334 -0.390970
v -3.292393 2.622357 -0.390969
v -3.109817 3.344348 -0.663099
v -2.954303 3.932157 -1.174535
v -2.870291 4.322789 -1.863591
v -2.864393 4.466507 -2.647157
v -3.161455 4.393492 -3.430722
v -3.257151 4.007191 -4.119778
v -3.323302 3.396234 -4.631214
v -3.484242 2.663749 -4.903344
v -3.746270 1.912478 -4.903344
v -3.992497 1.206517 -4.631215
v -4.193225 0.631012 -4.119779
v -4.324238 0.255374 -3.430724
v -4.369739 0.124918 -2.647158
v -4.324238 0.255374 -1.863591
v -4.074997 0.594832 -1.174535
v -3.862952 1.170663 -0.663099
v -3.708652 1.902226 -0.390970
v -3.532555 2.678096 -0.390969
v -3.349290 3.402973 -0.663099
v -3.193412 3.992261 -1.174535
v -3.109764 4.381413 -1.863591
v -3.104556 4.522245 -2.647157
v -2.960165 4.180220 -3.370563
v -3.046958 3.824522 -4.006715
v -3.103647 3.244446 -4.478885
v -3.264186 2.554648 -4.730123
v -3.506097 1.861058 -4.730123
v -3.733421 1.209296 -4.478887
v -3.918735 0.677978 -4.006716
v -4.039692 0.331181 -3.370561
v -4.081696 0.210739 -2.647156
v -4.039692 0.331181 -1.923751
v -3.815452 0.662972 -1.287597
v -3.606249 1.205767 -0.815427
v -3.463836 1.879892 -0.564191
v -3.302392 2.593551 -0.564191
v -3.134207 3.259953 -0.815427
v -2.990136 3.802270 -1.287597
v -2.913702 4.163425 -1.923750
v -2.908792 4.296473 -2.647157
v -3.195467 4.231741 -3.370563
v -3.282522 3.874831 -4.006715
v -3.335858 3.308475 -4.478885
v -3.491625 2.633975 -4.730123
v -3.733535 1.940385 -4.730123
v -3.960857 1.288624 -4.478887
v -4.146172 0.757304 -4.006716
v -4.267130 0.410508 -3.370565
v -4.309136 0.290066 -2.647161
v -4.267128 0.410507 -1.923750
v -4.047659 0.727001 -1.287597
v -3.841811 1.256077 -0.815427
v -3.699137 1.931412 -0.564191
v -3.537081 2.647795 -0.564191
v -3.368214 3.317065 -0.815427
v -3.223755 3.860954 -1.287597
v -3.147708 4.220538 -1.923750
v -3.143479 4.350715 -2.647157
v -2.848678 4.321723 -3.429739
v -2.945370 3.938268 -4.117930
v -2.933174 3.978089 -4.152747
v -2.833407 4.370351 -3.448265
v -3.017257 3.313087 -4.628725
v -3.008496 3.339291 -4.675633
v -3.183364 2.558279 -4.900513
v -3.176866 2.565974 -4.953856
v -3.445064 1.807952 -4.900513
v -3.444762 1.797884 -4.953856
v -3.690982 1.102875 -4.628726
v -3.696501 1.076118 -4.675634
v -3.891455 0.528093 -4.117931
v -3.901719 0.487729 -4.152748
v -4.022305 0.152927 -3.429741
v -4.035667 0.103682 -3.448266
v -4.067751 0.022634 -2.647158
v -4.082187 -0.029695 -2.647158
v -4.017180 0.151991 -1.864574
v -4.033875 0.103348 -1.846049
v -3.762152 0.514019 -1.176383
v -3.765968 0.472752 -1.141566
v -3.551016 1.105465 -0.665588
v -3.553287 1.078217 -0.618680
v -3.397264 1.834237 -0.393800
v -3.395909 1.824188 -0.340458
v -3.221925 2.605344 -0.393800
v -3.216098 2.613484 -0.340458
v -3.039576 3.325562 -0.665588
v -3.029223 3.350789 -0.618680
v -2.884638 3.912355 -1.176383
v -2.871030 3.951717 -1.141566
v -2.798948 4.302258 -1.864574
v -2.782563 4.350525 -1.846048
v -2.792039 4.446376 -2.647157
v -2.775107 4.497883 -2.647157
v -3.231933 4.406232 -3.429739
v -3.328044 4.020091 -4.117930
v -3.223717 4.456566 -3.448264
v -3.322681 4.061385 -4.152747
v -3.395147 3.413922 -4.628724
v -3.393502 3.441399 -4.675632
v -3.552658 2.687082 -4.900512
v -3.552959 2.697148 -4.953855
v -3.814359 1.936754 -4.900513
v -3.820857 1.929059 -4.953855
v -4.060276 1.231678 -4.628725
v -4.072593 1.207292 -4.675634
v -4.260748 0.656895 -4.117931
v -4.277812 0.618903 -4.152748
v -4.391599 0.281729 -3.429740
v -4.411761 0.234856 -3.448266
v -4.437045 0.151438 -2.647158
v -4.458281 0.101480 -2.647158
v -4.391599 0.281729 -1.864574
v -4.411761 0.234856 -1.846049
v -4.142003 0.614993 -1.176383
v -4.153671 0.575050 -1.141566
v -3.933609 1.187241 -0.665589
v -3.942795 1.161510 -0.618680
v -3.779426 1.918347 -0.393800
v -3.785085 1.909992 -0.340458
v -3.602527 2.693904 -0.393800
v -3.603661 2.703863 -0.340458
v -3.418820 3.418574 -0.665588
v -3.415428 3.445654 -0.618680
v -3.263944 4.007723 -1.176383
v -3.257319 4.048841 -1.141566
v -3.179882 4.395821 -1.864574
v -3.170460 4.445944 -1.846048
v -3.174600 4.535580 -2.647157
v -3.164700 4.588926 -2.647157
v -4.028518 0.467254 -3.797901
v -4.073114 0.503614 -3.831930
v -4.136234 0.525630 -3.831930
v -4.193770 0.524890 -3.797901
v -4.223744 0.501677 -3.742841
v -4.214708 0.464859 -3.687781
v -4.170113 0.428497 -3.653752
v -4.106995 0.406482 -3.653752
v -4.049456 0.407222 -3.687781
v -4.019482 0.430435 -3.742841
v -2.962602 4.047548 -1.608697
v -3.007200 4.083907 -1.642726
v -3.070318 4.105924 -1.642726
v -3.127854 4.105183 -1.608697
v -3.157829 4.081970 -1.553637
v -3.148791 4.045153 -1.498577
v -3.104197 4.008790 -1.464548
v -3.041077 3.986774 -1.464548
v -2.983539 3.987514 -1.498577
v -2.953566 4.010729 -1.553637
v -3.388132 2.319836 -4.837443
v -3.432815 2.369558 -4.837443
v -3.498190 2.383521 -4.837443
v -3.559287 2.356390 -4.837443
v -3.592768 2.298528 -4.837443
v -3.585844 2.232038 -4.837443
v -3.541161 2.182316 -4.837443
v -3.475787 2.168354 -4.837443
v -3.414690 2.195485 -4.837443
v -3.381209 2.253346 -4.837443
v -3.388132 2.319836 -0.459035
v -3.432815 2.369558 -0.459035
v -3.498190 2.383521 -0.459035
v -3.559287 2.356390 -0.459035
v -3.592768 2.298528 -0.459035
v -3.585844 2.232038 -0.459035
v -3.541161 2.182316 -0.459035
v -3.475787 2.168354 -0.459035
v -3.414690 2.195485 -0.459035
v -3.381209 2.253346 -0.459035
v -4.000256 0.372479 -1.608697
v -4.057249 0.364562 -1.642726
v -4.122622 0.378524 -1.642726
v -4.171409 0.409033 -1.608697
v -4.184973 0.444436 -1.553637
v -4.158131 0.471209 -1.498577
v -4.101138 0.479126 -1.464548
v -4.035763 0.465164 -1.464548
v -3.986977 0.434655 -1.498577
v -3.973414 0.399252 -1.553637
v -3.012069 4.080665 -3.797901
v -3.069063 4.072749 -3.831930
v -3.134438 4.086711 -3.831930
v -3.183223 4.117218 -3.797901
v -3.196787 4.152622 -3.742841
v -3.169944 4.179395 -3.687781
v -3.112952 4.187313 -3.653752
v -3.047577 4.173351 -3.653752
v -2.998790 4.142840 -3.687781
v -2.985227 4.107440 -3.742841
v 3.037959 0.140642 -2.519985
v 3.056470 0.198570 -2.579979
v 3.077880 0.265700 -2.649508
v 3.096301 0.323271 -2.709130
v 3.016669 0.074197 -2.589038
v 3.035084 0.131752 -2.649023
v 3.056343 0.198264 -2.718347
v 3.074666 0.255417 -2.777904
v -2.483656 2.611424 -8.447954
v -2.682927 2.674227 -8.447958
v -2.351236 4.753840 -8.378853
v -2.501515 4.801283 -8.378853
v -2.436548 4.483600 0.256969
v -2.586827 4.531043 0.256969
v -2.544205 2.419573 0.188347
v -2.736708 2.503830 0.189082
v 2.621778 0.999746 -8.447753
v 2.422432 1.062784 -8.447749
v 3.694267 2.845297 -8.378854
v 3.543988 2.892740 -8.378854
v 3.608955 2.575056 0.256968
v 3.458675 2.622499 0.256968
v 2.567950 0.829169 0.189081
v 2.361796 0.870766 0.188346
v 2.612827 0.542315 -10.721704
v -2.938375 2.294810 -10.721704
v 2.745405 0.962269 -10.707253
v -2.805797 2.714763 -10.707253
v 2.694840 0.802093 0.380213
v -2.856361 2.554588 0.380214
v 2.572936 0.415950 0.366925
v -2.978449 2.167863 0.366906
v 2.694622 0.801403 0.186495
v 2.576310 0.426637 0.173598
v -2.974892 2.179132 0.173600
v -2.856580 2.553897 0.186496
v 2.696656 0.807846 -0.019420
v 2.578344 0.433081 -0.032317
v -2.972857 2.185575 -0.032315
v -2.854542 2.560352 -0.019419
v -2.817159 2.248586 -10.721952
v -2.684581 2.668539 -10.707500
v -2.734989 2.509086 -0.018511
v -2.736858 2.502939 0.379778
v -2.856986 2.122422 0.366684
v -2.849329 2.146675 0.173824
v -2.845349 2.159283 -0.031878
v 2.487505 0.573922 -10.721953
v 2.620082 0.993876 -10.707502
v 2.569987 0.835622 -0.017136
v 2.567806 0.828276 0.379777
v 2.448040 0.448908 0.366723
v 2.455882 0.473746 0.173883
v 2.459314 0.484619 -0.031880
v 2.363833 0.877219 -0.017870
v 2.418954 1.052221 -10.707664
v 2.286377 0.632268 -10.722115
v 2.262371 0.556222 -0.031585
v 2.254464 0.531173 0.173690
v 2.246686 0.506537 0.366537
v 2.365021 0.881375 0.379436
v -2.542454 2.424819 -0.019246
v -2.486742 2.600932 -10.707663
v -2.619320 2.180979 -10.722114
v -2.644000 2.102796 -0.031657
v -2.652114 2.077093 0.173595
v -2.660099 2.051799 0.366419
v -2.541093 2.428762 0.379391
v -2.584787 4.537505 0.050452
v -2.434508 4.490063 0.050451
v 3.460716 2.628961 0.050450
v 3.610995 2.581519 0.050450
v 2.743943 0.957638 -8.449215
v 2.611365 0.537684 -8.463666
v 2.488372 0.576668 -8.463661
v 2.288753 0.639792 -8.463657
v -2.616944 2.188503 -8.463656
v -2.816291 2.251331 -8.463659
v -2.939836 2.290179 -8.463665
v -2.807259 2.710132 -8.449213
v -2.364711 4.540785 -8.385728
v -2.448015 4.276869 0.043246
v -2.450025 4.270529 0.249872
v -2.649206 4.333409 0.249872
v -2.647199 4.339751 0.043246
v -2.563891 4.603665 -8.385728
v 3.432703 2.710582 -8.385709
v 3.349420 2.446770 0.043383
v 3.347379 2.440309 0.249870
v 3.546576 2.377423 0.249870
v 3.548616 2.383885 0.043383
v 3.631897 2.647697 -8.385709
v 3.640452 2.950197 0.257225
v 3.642489 2.956650 0.051009
v -2.395955 4.861668 0.049634
v -2.397705 4.856421 0.257226
v 3.734277 2.542607 0.050450
v 3.671898 2.344973 0.043383
v 3.755178 2.608785 -8.385708
v 3.817548 2.806384 -8.378854
v 3.669858 2.338512 0.249870
v 3.732237 2.536146 0.256968
v -2.770480 4.378661 0.043245
v -2.708069 4.576416 0.050450
v -2.772488 4.372320 0.249869
v -2.710109 4.569954 0.256967
v -2.687172 4.642576 -8.385729
v -2.624797 4.840194 -8.378853
v 3.633420 2.652523 -8.538702
v 3.434227 2.715407 -8.538702
v 3.545446 2.897586 -8.531848
v 3.695791 2.850123 -8.531848
v 3.819072 2.811210 -8.531848
v 3.756702 2.613611 -8.538702
v -2.562363 4.608506 -8.538721
v -2.363183 4.545626 -8.538721
v -2.499987 4.806124 -8.531846
v -2.349643 4.758661 -8.531846
v -2.685645 4.647416 -8.538721
v -2.623269 4.845035 -8.531847
v -0.033894 1.826576 -10.707663
v -0.030612 1.837104 -8.447852
v -0.090789 1.646337 -0.018719
v 0.874323 4.704403 0.077687
v 0.872429 4.698554 0.284591
v -0.092683 1.640487 0.188185
v -0.089307 1.651043 0.379275
v -0.207467 1.276760 0.366395
v -0.199134 1.303155 0.173609
v -0.190802 1.329547 -0.031620
v -0.164096 1.414148 -8.463657
v -0.166471 1.406623 -10.722115
v 0.701961 1.594270 -10.707663
v 0.705301 1.604808 -8.447822
v 0.645341 1.414789 -0.018492
v 1.752320 4.330689 0.074866
v 1.750384 4.324658 0.281564
v 0.643404 1.408758 0.188206
v 0.646399 1.418266 0.379259
v 0.527715 1.042322 0.366322
v 0.535838 1.068053 0.173512
v 0.544106 1.094243 -0.031723
v 0.571759 1.181841 -8.463657
v 0.569383 1.174317 -10.722115
v -0.826545 1.879069 -0.018905
v -0.766526 2.069400 -8.447884
v -0.769748 2.058883 -10.707663
v -0.902326 1.638930 -10.722115
v -0.899950 1.646454 -8.463657
v -0.927603 1.558856 -0.031723
v -0.935871 1.532666 0.173513
v -0.943994 1.506936 0.366322
v -0.825310 1.882879 0.379259
v -0.828396 1.873400 0.188206
v -0.061064 4.896526 0.281565
v -0.059212 4.902195 0.074453
v 1.560457 1.323246 -10.707663
v 1.563866 1.333796 -8.447785
v 1.500198 1.132102 -0.018660
v 2.726668 3.736364 0.066127
v 2.724681 3.730122 0.272584
v 1.498211 1.125861 0.187798
v 1.501167 1.135431 0.378852
v 1.382887 0.760767 0.365959
v 1.391380 0.787669 0.173191
v 1.400002 0.814981 -0.032006
v 1.430256 0.910817 -8.463657
v 1.427880 0.903292 -10.722115
v -1.688888 2.138043 -0.019554
v -1.625091 2.340412 -8.447919
v -1.628245 2.329907 -10.707663
v -1.760823 1.909955 -10.722114
v -1.758447 1.917479 -8.463656
v -1.788700 1.821643 -0.032006
v -1.797322 1.794331 0.173191
v -1.805815 1.767429 0.365960
v -1.687386 2.142567 0.378869
v -1.690689 2.132585 0.187798
v -1.200121 4.969169 0.272585
v -1.198320 4.974626 0.065233
v -2.522365 2.638597 -8.292028
v -2.666131 2.644945 -8.293250
v -2.496886 3.219126 -8.273611
v -2.640653 3.225474 -8.274832
v -2.578076 2.961944 -0.055088
v -2.721842 2.968292 -0.056310
v -2.603555 2.381415 -0.073506
v -2.747321 2.387763 -0.074728
v -2.465851 3.926264 -8.251175
v -2.609617 3.932614 -8.252398
v -2.440373 4.506793 -8.232758
v -2.584139 4.513142 -8.233979
v -2.521563 4.249611 -0.014235
v -2.665329 4.255960 -0.015457
v -2.547041 3.669082 -0.032653
v -2.690807 3.675432 -0.033875
v -2.493866 3.287966 -8.271426
v -2.637632 3.294314 -8.272648
v -2.468387 3.868495 -8.253008
v -2.612153 3.874845 -8.254230
v -2.549577 3.611313 -0.034486
v -2.693343 3.617663 -0.035707
v -2.575056 3.030784 -0.052904
v -2.718822 3.037132 -0.054126
v -2.333035 4.274382 -2.463647
v -2.358443 3.694073 -2.489107
v -2.502209 3.700422 -2.490328
v -2.476799 4.280729 -2.464869
v -2.325405 4.298550 -3.235961
v -2.351995 3.714498 -3.141823
v -2.495761 3.720846 -3.143044
v -2.469170 4.304897 -3.237183
v -2.529206 4.075453 -0.019761
v -2.340541 4.100655 -2.482981
v -2.484306 4.107003 -2.484203
v -2.672972 4.081801 -0.020982
v -2.448016 4.332634 -8.238283
v -2.334225 4.120662 -3.122309
v -2.477991 4.127009 -3.123531
v -2.591782 4.338983 -8.239504
v -2.493742 3.902178 -2.438264
v -2.349976 3.895829 -2.437042
v -2.538124 3.872267 -0.026207
v -2.681890 3.878616 -0.027429
v -2.456934 4.129449 -8.244729
v -2.345004 3.911581 -2.940393
v -2.488770 3.917929 -2.941614
v -2.600700 4.135798 -8.245951
v -2.535449 3.933223 -0.024273
v -2.347301 3.956785 -2.435108
v -2.491066 3.963135 -2.436330
v -2.679214 3.939572 -0.025495
v -2.340100 3.979598 -3.164098
v -2.454259 4.190404 -8.242795
v -2.598024 4.196754 -8.244017
v -2.483865 3.985946 -3.165320
v -2.478579 3.636283 -8.260376
v -2.559768 3.379102 -0.041853
v -2.703534 3.385450 -0.043075
v -2.622344 3.642632 -8.261597
v -2.564354 3.274606 -0.045168
v -2.708121 3.280955 -0.046390
v -2.487445 3.434259 -8.266785
v -2.568635 3.177078 -0.048263
v -2.712402 3.183426 -0.049484
v -2.631212 3.440607 -8.268007
v -2.314244 3.621956 -2.502732
v -2.323956 3.391262 -2.558585
v -2.328923 3.285561 -2.523373
v -2.333354 3.187555 -2.511236
v -2.338400 3.045620 -2.655138
v -2.482166 3.051967 -2.656360
v -2.477121 3.193903 -2.512457
v -2.472689 3.291910 -2.524595
v -2.467723 3.397610 -2.559806
v -2.458010 3.628305 -2.503954
v -2.066571 3.566432 -3.161406
v -2.075739 3.337465 -3.272404
v -2.085857 3.131474 -3.152083
v -2.092051 2.985901 -3.179742
v -2.235817 2.992249 -3.180963
v -2.229624 3.137820 -3.153305
v -2.219505 3.343812 -3.273625
v -2.210337 3.572781 -3.162628
v 2.588214 0.986168 -8.293251
v 2.466861 1.063517 -8.292030
v 2.900675 1.476097 -8.274834
v 2.779322 1.553446 -8.273611
v 2.819485 1.218915 -0.056311
v 2.698133 1.296263 -0.055089
v 2.507024 0.728986 -0.074729
v 2.385672 0.806335 -0.073507
v 3.281282 2.072876 -8.252398
v 3.159930 2.150226 -8.251177
v 3.593743 2.562806 -8.233980
v 3.472392 2.640155 -8.232759
v 3.512553 2.305624 -0.015458
v 3.391202 2.382972 -0.014236
v 3.200092 1.815694 -0.033876
v 3.078740 1.893044 -0.032654
v 2.851286 1.585426 -8.275211
v 2.727910 1.656145 -8.251251
v 3.152822 2.078035 -8.264365
v 3.031350 2.151974 -8.242276
v 3.168999 1.766941 -0.035709
v 3.047647 1.844290 -0.034487
v 2.856538 1.277011 -0.054127
v 2.735186 1.354360 -0.052905
v 3.262741 1.921793 -6.651046
v 2.969395 1.416973 -6.388724
v 2.871596 1.474327 -6.366635
v 3.141269 1.995731 -6.628957
v 2.869772 1.318932 -1.393737
v 3.184113 1.814816 -1.565598
v 3.062761 1.892165 -1.564376
v 2.748420 1.396281 -1.392515
v 3.137752 1.717948 -0.037550
v 3.151896 1.762753 -1.469340
v 3.030545 1.840102 -1.468118
v 3.016401 1.795297 -0.036329
v 2.925817 1.406494 -1.370413
v 2.912781 1.365199 -0.050812
v 2.791429 1.442547 -0.049590
v 2.804465 1.483842 -1.369192
v 2.957775 1.435749 -0.048160
v 2.973752 1.486358 -1.665391
v 2.852400 1.563706 -1.664170
v 2.836423 1.513097 -0.046938
v 2.879727 1.631788 -8.272443
v 3.004705 1.464139 -6.538126
v 2.883233 1.538079 -6.516037
v 2.758254 1.705728 -8.250354
v 3.132297 1.694046 -6.606044
v 3.016274 1.854912 -8.268404
v 2.894802 1.928851 -8.246315
v 3.010824 1.767986 -6.583955
v 3.199577 1.741051 -6.393401
v 3.057239 1.921847 -8.267192
v 2.935766 1.995788 -8.245103
v 3.078104 1.814991 -6.371312
v 2.942580 0.871233 -7.918481
v 2.633622 1.068160 -7.915371
v 2.947542 0.853717 -7.536735
v 2.629850 1.056211 -7.533537
v 3.699124 2.616880 -7.856381
v 3.695352 2.604931 -7.474547
v 3.643826 2.652128 -7.855824
v 3.640054 2.640179 -7.473990
v 3.128260 1.450651 -7.898515
v 3.124488 1.438703 -7.516681
v 3.114881 1.544472 -7.895711
v 3.111109 1.532523 -7.513877
v 2.811862 0.954551 -7.917165
v 2.808090 0.942602 -7.535331
v 2.766975 0.968809 -7.534917
v 2.770747 0.980758 -7.916751
v 2.988694 1.624901 -7.894441
v 2.984922 1.612952 -7.512607
v 3.165220 1.220324 -7.905357
v 3.184448 1.330851 -7.901709
v 3.170182 1.202809 -7.523612
v 3.180676 1.318902 -7.519875
v 2.906134 0.894464 -7.918115
v 2.902362 0.882515 -7.536281
v 2.875295 0.658095 -1.107462
v 2.566337 0.855022 -1.104352
v 2.880257 0.640580 -0.725715
v 2.562565 0.843074 -0.722517
v 3.631839 2.403743 -1.045362
v 3.628067 2.391794 -0.663527
v 3.576541 2.438990 -1.044805
v 3.572769 2.427042 -0.662971
v 3.060975 1.237514 -1.087496
v 3.057203 1.225566 -0.705661
v 3.047596 1.331334 -1.084692
v 3.043825 1.319386 -0.702857
v 2.744578 0.741414 -1.106146
v 2.740805 0.729465 -0.724311
v 2.699690 0.755672 -0.723897
v 2.703462 0.767620 -1.105732
v 2.921409 1.411764 -1.083422
v 2.917637 1.399815 -0.701587
v 3.097935 1.007187 -1.094338
v 3.117163 1.117714 -1.090690
v 3.102897 0.989672 -0.712592
v 3.113391 1.105765 -0.708855
v 2.838849 0.681326 -1.107095
v 2.835077 0.669377 -0.725260
v -3.025017 2.742043 -7.536645
v -2.658992 2.725879 -7.533535
v -3.031592 2.754448 -7.918568
v -2.655220 2.737828 -7.915370
v -2.642131 4.605653 -7.474545
v -2.638359 4.617601 -7.856380
v -2.576619 4.602760 -7.473989
v -2.572847 4.614709 -7.855823
v -2.844356 3.323045 -7.516679
v -2.840584 3.334994 -7.898514
v -2.779534 3.392178 -7.513876
v -2.775762 3.404126 -7.895710
v -2.870155 2.735204 -7.535330
v -2.866383 2.747153 -7.917164
v -2.817673 2.745002 -7.916750
v -2.821445 2.733053 -7.534916
v -2.630040 3.385576 -7.512606
v -2.626268 3.397524 -7.894440
v -3.006863 3.155690 -7.523522
v -2.959145 3.257222 -7.519873
v -3.013438 3.168095 -7.905444
v -2.955373 3.269171 -7.901708
v -2.981839 2.740136 -7.536279
v -2.978067 2.752085 -7.918113
v -3.092303 2.528906 -0.725626
v -2.726278 2.512743 -0.722516
v -3.098877 2.541311 -1.107548
v -2.722506 2.524691 -1.104350
v -2.709416 4.392515 -0.663526
v -2.705644 4.404464 -1.045360
v -2.643904 4.389624 -0.662969
v -2.640132 4.401572 -1.044803
v -2.911641 3.109908 -0.705660
v -2.907869 3.121857 -1.087494
v -2.846820 3.179041 -0.702856
v -2.843048 3.190989 -1.084690
v -2.937441 2.522067 -0.724310
v -2.933669 2.534015 -1.106144
v -2.884959 2.531865 -1.105731
v -2.888731 2.519916 -0.723897
v -2.697325 3.172438 -0.701586
v -2.693553 3.184387 -1.083420
v -3.074149 2.942553 -0.712502
v -3.026431 3.044085 -0.708854
v -3.080723 2.954959 -1.094424
v -3.022658 3.056033 -1.090688
v -3.049125 2.526999 -0.725259
v -3.045352 2.538948 -1.107093
v 3.627987 1.039808 -5.157434
v 3.848660 0.839547 -4.419695
v 4.308744 0.603158 -3.815124
v 4.952747 0.359156 -3.416644
v 5.702996 0.136973 -3.272316
v 6.494027 -0.011183 -3.399445
v 7.197696 0.022547 -3.782870
v 7.721931 0.100686 -4.376282
v 8.010554 0.219962 -5.108085
v 8.028749 0.365973 -5.890015
v 7.774325 0.521124 -6.627757
v 7.293303 0.633748 -7.232349
v 6.714416 0.720917 -7.630934
v 5.964170 0.943101 -7.775262
v 5.198175 1.116670 -7.648028
v 4.508819 1.220689 -7.264582
v 3.979252 1.242616 -6.671168
v 3.673338 1.179791 -5.939363
v 3.688708 1.274388 -5.111919
v 3.909376 1.074126 -4.374179
v 4.369444 0.837734 -3.769608
v 5.013448 0.593733 -3.371127
v 5.763695 0.371548 -3.226799
v 6.517704 0.229960 -3.353928
v 7.213161 0.264355 -3.737354
v 7.737411 0.342499 -4.330765
v 8.026037 0.461770 -5.062569
v 8.044229 0.607788 -5.844499
v 7.789790 0.762933 -6.582241
v 7.316980 0.874891 -7.186833
v 6.775115 0.955492 -7.585417
v 6.024870 1.177676 -7.729746
v 5.258874 1.351245 -7.602512
v 4.569533 1.455268 -7.219065
v 4.039970 1.477189 -6.625652
v 3.734053 1.414369 -5.893847
v 3.798027 1.004136 -5.185040
v 4.001752 0.819249 -4.503940
v 4.426514 0.601010 -3.945786
v 5.021073 0.375742 -3.577899
v 5.713717 0.170616 -3.444652
v 6.438601 0.027283 -3.562015
v 7.088144 0.057509 -3.915998
v 7.572132 0.129649 -4.463853
v 7.838598 0.239762 -5.139471
v 7.855392 0.374568 -5.861364
v 7.620502 0.517808 -6.542465
v 7.178941 0.619676 -7.100644
v 6.647485 0.709727 -7.468632
v 5.954842 0.914853 -7.601879
v 5.247656 1.075096 -7.484414
v 4.611226 1.171129 -7.130406
v 4.122321 1.191367 -6.582554
v 3.839892 1.133370 -5.906934
v 3.857343 1.233325 -5.140571
v 4.061072 1.048432 -4.459471
v 4.485818 0.830190 -3.901317
v 5.080377 0.604922 -3.533429
v 5.773021 0.399796 -3.400182
v 6.462697 0.262783 -3.517545
v 7.103255 0.293756 -3.871529
v 7.587255 0.365902 -4.419379
v 7.853720 0.476021 -5.094996
v 7.870517 0.610820 -5.816895
v 7.635612 0.754055 -6.497996
v 7.203038 0.855176 -7.056174
v 6.706790 0.938908 -7.424162
v 6.014145 1.144033 -7.557410
v 5.306961 1.304276 -7.439945
v 4.670546 1.400312 -7.085938
v 4.181637 1.420556 -6.538084
v 3.899211 1.362554 -5.862465
v 3.612963 0.970415 -5.171238
v 3.833349 0.770396 -4.434425
v 3.785533 0.774052 -4.408986
v 3.559922 0.978795 -5.163243
v 4.292859 0.534304 -3.830613
v 4.255921 0.532371 -3.790880
v 4.936052 0.290610 -3.432632
v 4.914341 0.282907 -3.383478
v 5.685360 0.068704 -3.288485
v 5.681384 0.055748 -3.235918
v 6.484092 -0.082605 -3.415459
v 6.496666 -0.099966 -3.365911
v 7.191366 -0.047822 -3.798399
v 7.224927 -0.061265 -3.757906
v 7.714941 0.030218 -4.391066
v 7.760898 0.018624 -4.364604
v 8.003197 0.149339 -5.121950
v 8.055989 0.140565 -5.112791
v 8.021373 0.295172 -5.902900
v 8.074585 0.289851 -5.912227
v 7.767271 0.450130 -6.639716
v 7.814466 0.448475 -6.666484
v 7.287374 0.555258 -7.243555
v 7.328107 0.541317 -7.284627
v 6.695512 0.651916 -7.641634
v 6.715450 0.652766 -7.692118
v 5.946208 0.873822 -7.785781
v 5.948407 0.879924 -7.839677
v 5.181172 1.047173 -7.658709
v 5.165262 1.057379 -7.709596
v 4.492680 1.151060 -7.275742
v 4.460472 1.163727 -7.317564
v 3.963772 1.172955 -6.683073
v 3.919054 1.186138 -6.710866
v 3.658249 1.110214 -5.952187
v 3.606288 1.121914 -5.962677
v 3.709261 1.342531 -5.099036
v 3.929664 1.142523 -4.362220
v 3.658006 1.357774 -5.089709
v 3.883623 1.153029 -4.335451
v 4.389169 0.906434 -3.758407
v 4.354016 0.911349 -3.717347
v 5.032362 0.662740 -3.360426
v 5.012436 0.661885 -3.309944
v 5.781668 0.440833 -3.216279
v 5.779479 0.434727 -3.162385
v 6.524658 0.299638 -3.343254
v 6.543486 0.288690 -3.292377
v 7.215914 0.335782 -3.726192
v 7.249943 0.329402 -3.684372
v 7.739497 0.413821 -4.318861
v 7.785909 0.409289 -4.291069
v 8.027750 0.532938 -5.049747
v 8.080988 0.531229 -5.039257
v 8.045931 0.678777 -5.830695
v 8.099596 0.680517 -5.838692
v 7.791820 0.833734 -6.567510
v 7.839480 0.839142 -6.592951
v 7.327940 0.937500 -7.171349
v 7.374925 0.929973 -7.211094
v 6.791820 1.024045 -7.569427
v 6.813544 1.031744 -7.618584
v 6.042516 1.245950 -7.713574
v 6.046502 1.258902 -7.766144
v 5.277483 1.419301 -7.586501
v 5.263358 1.436357 -7.636063
v 4.588995 1.523187 -7.203536
v 4.558562 1.542703 -7.244028
v 4.060088 1.545073 -6.610868
v 4.017129 1.565114 -6.637331
v 3.754564 1.482341 -5.879982
v 3.704376 1.500892 -5.889142
v 7.286828 0.648491 -7.077954
v 7.327829 0.687904 -7.042820
v 7.344291 0.751508 -7.030478
v 7.329927 0.815010 -7.045644
v 7.290221 0.854155 -7.082524
v 7.240342 0.853988 -7.127031
v 7.199340 0.814577 -7.162166
v 7.182878 0.750972 -7.174507
v 7.197243 0.687469 -7.159342
v 7.236948 0.648325 -7.122462
v 4.413383 0.605749 -3.847726
v 4.454385 0.645161 -3.812592
v 4.470847 0.708765 -3.800250
v 4.456483 0.772269 -3.815415
v 4.416777 0.811412 -3.852295
v 4.366898 0.811247 -3.896802
v 4.325896 0.771834 -3.931936
v 4.309433 0.708229 -3.944278
v 4.323799 0.644727 -3.929112
v 4.363504 0.605583 -3.892233
v 7.886044 0.270985 -5.062519
v 7.881747 0.317378 -5.014581
v 7.885943 0.382944 -5.002239
v 7.897032 0.442640 -5.030209
v 7.910776 0.473664 -5.087807
v 7.921927 0.464166 -5.153032
v 7.926225 0.417772 -5.200971
v 7.922028 0.352206 -5.213312
v 7.910938 0.292510 -5.185342
v 7.897194 0.261486 -5.127745
v 3.747164 1.197788 -5.856868
v 3.751675 1.244160 -5.808930
v 3.768137 1.307765 -5.796588
v 3.790263 1.364308 -5.824558
v 3.809601 1.392190 -5.882156
v 3.818764 1.380763 -5.947381
v 3.814253 1.334390 -5.995320
v 3.797791 1.270785 -6.007661
v 3.775666 1.214244 -5.979692
v 3.756328 1.186360 -5.922094
v 7.299643 0.105310 -4.095372
v 7.274920 0.154774 -4.056681
v 7.291988 0.215956 -4.030337
v 7.306707 0.277147 -4.064477
v 7.314495 0.308367 -4.140714
v 7.345378 0.291339 -4.192995
v 7.367266 0.244309 -4.232966
v 7.375500 0.178318 -4.236972
v 7.375343 0.114195 -4.196537
v 7.340964 0.088800 -4.147649
v 4.241005 1.261552 -6.887081
v 4.228171 1.314092 -6.847791
v 4.244633 1.377696 -6.835450
v 4.284104 1.428071 -6.854771
v 4.331508 1.445975 -6.898375
v 4.368736 1.424568 -6.949606
v 4.381571 1.372028 -6.988895
v 4.365109 1.308423 -7.001237
v 4.325637 1.258048 -6.981916
v 4.278234 1.240145 -6.938313
v 6.386663 0.036809 -3.492062
v 6.353642 0.089913 -3.467434
v 6.357654 0.155505 -3.455209
v 6.398498 0.208541 -3.457832
v 6.460629 0.228928 -3.473029
v 6.519402 0.208660 -3.498046
v 6.553315 0.155655 -3.520523
v 6.548271 0.089890 -3.535653
v 6.507771 0.036927 -3.531950
v 6.445916 0.016580 -3.516022
v 5.146318 1.138225 -7.531007
v 5.123864 1.202934 -7.514506
v 5.142165 1.268768 -7.505111
v 5.193420 1.313459 -7.509848
v 5.258055 1.323337 -7.529636
v 5.312593 1.289190 -7.553434
v 5.336376 1.228238 -7.573754
v 5.319159 1.165700 -7.584990
v 5.268619 1.121129 -7.579985
v 5.202887 1.110561 -7.559658
v 5.275034 0.331061 -3.518582
v 5.251301 0.393491 -3.515725
v 5.267763 0.457095 -3.503384
v 5.318132 0.497580 -3.486271
v 5.383169 0.499482 -3.470925
v 5.438031 0.462074 -3.463206
v 5.461763 0.399643 -3.466063
v 5.445301 0.336039 -3.478405
v 5.394932 0.295554 -3.495517
v 5.329896 0.293652 -3.510863
v 6.256427 0.896875 -7.647309
v 6.232694 0.959305 -7.644452
v 6.249156 1.022910 -7.632111
v 6.299526 1.063395 -7.614999
v 6.364562 1.065296 -7.599652
v 6.419424 1.027887 -7.591933
v 6.443156 0.965457 -7.594790
v 6.426694 0.901853 -7.607132
v 6.376325 0.861368 -7.624244
v 6.311289 0.859467 -7.639590
v 5.539845 0.473438 -5.082644
v 5.618230 0.429351 -4.999486
v 5.730478 0.390765 -4.969062
v 5.846665 0.367987 -4.999526
v 5.935576 0.367161 -5.082706
v 5.973889 0.388382 -5.196316
v 5.951334 0.425966 -5.309912
v 5.873957 0.469840 -5.393054
v 5.762490 0.508249 -5.423469
v 5.646300 0.531020 -5.393008
v 5.556608 0.532016 -5.309838
v 5.517288 0.511012 -5.196243
v 5.564124 0.578931 -5.053657
v 5.641519 0.535124 -4.970495
v 5.753010 0.496805 -4.940055
v 5.868723 0.474245 -4.970495
v 5.957653 0.473485 -5.053657
v 5.995972 0.494731 -5.167259
v 5.973410 0.532290 -5.280862
v 5.896014 0.576097 -5.364023
v 5.784521 0.614414 -5.394464
v 5.668806 0.636977 -5.364022
v 5.579878 0.637735 -5.280863
v 5.541562 0.616493 -5.167260
v 5.645196 0.573163 -5.097227
v 5.692270 0.546513 -5.046644
v 5.760084 0.523211 -5.028130
v 5.830466 0.509489 -5.046645
v 5.884561 0.509025 -5.097227
v 5.907863 0.521947 -5.166327
v 5.894141 0.544795 -5.235423
v 5.847065 0.571440 -5.286006
v 5.779247 0.594740 -5.304520
v 5.708864 0.608463 -5.286005
v 5.654775 0.608924 -5.235422
v 5.631467 0.596002 -5.166325
v 5.700433 0.779321 -5.040036
v 5.747506 0.752676 -4.989453
v 5.824905 0.765136 -5.109135
v 5.815321 0.729369 -4.970939
v 5.885702 0.715646 -4.989453
v 5.939794 0.715184 -5.040036
v 5.963101 0.728107 -5.109135
v 5.949377 0.750952 -5.178231
v 5.902313 0.777604 -5.228817
v 5.834499 0.800910 -5.247332
v 5.764117 0.814634 -5.228817
v 5.710027 0.815094 -5.178233
v 5.686720 0.802173 -5.109136
v 5.675333 0.685615 -5.066033
v 5.661610 0.708461 -5.135132
v 5.684917 0.721383 -5.204229
v 5.739007 0.720923 -5.254812
v 5.809389 0.707199 -5.273327
v 5.877203 0.683892 -5.254812
v 5.924278 0.657246 -5.204229
v 5.938002 0.634402 -5.135132
v 5.914694 0.621479 -5.066033
v 5.860603 0.621941 -5.015450
v 5.790222 0.635664 -4.996936
v 5.722407 0.658970 -5.015450
v 5.690199 0.741095 -5.050643
v 5.676476 0.763941 -5.119741
v 5.699783 0.776863 -5.188838
v 5.753873 0.776402 -5.239422
v 5.824255 0.762679 -5.257936
v 5.892069 0.739372 -5.239422
v 5.939144 0.712726 -5.188838
v 5.952868 0.689881 -5.119741
v 5.929560 0.676959 -5.050643
v 5.875469 0.677420 -5.000060
v 5.805088 0.691144 -4.981545
v 5.737273 0.714450 -5.000060
v 5.618161 0.696372 -5.032542
v 5.598013 0.729912 -5.133990
v 5.631137 0.744802 -5.019108
v 5.610990 0.778342 -5.120556
v 5.632233 0.748884 -5.235436
v 5.645209 0.797314 -5.222002
v 5.711646 0.748207 -5.309702
v 5.724623 0.796637 -5.296268
v 5.814980 0.728060 -5.336884
v 5.827956 0.776489 -5.323450
v 5.914540 0.693842 -5.309702
v 5.927518 0.742272 -5.296268
v 5.983655 0.654722 -5.235436
v 5.996631 0.703152 -5.222002
v 6.003803 0.621181 -5.133990
v 6.016780 0.669612 -5.120556
v 5.969584 0.602209 -5.032542
v 5.982560 0.650638 -5.019108
v 5.890169 0.602886 -4.958278
v 5.903146 0.651316 -4.944843
v 5.786838 0.623034 -4.931095
v 5.799814 0.671463 -4.917661
v 5.687275 0.657252 -4.958278
v 5.700252 0.705682 -4.944843
v 6.045716 0.172603 -5.465509
v 5.908668 0.250175 -5.612770
v 5.711244 0.318027 -5.666672
v 5.506344 0.357977 -5.612770
v 5.348871 0.359321 -5.465509
v 5.281019 0.321699 -5.264348
v 5.320970 0.255192 -5.063187
v 5.458017 0.177620 -4.915926
v 5.655441 0.109768 -4.862025
v 5.860341 0.069818 -4.915926
v 6.017814 0.068474 -5.063187
v 6.085667 0.106096 -5.264348
v 6.111670 0.418746 -5.397229
v 5.974620 0.496317 -5.544490
v 5.777198 0.564169 -5.598392
v 5.572299 0.604120 -5.544490
v 5.414824 0.605464 -5.397229
v 5.346973 0.567842 -5.196068
v 5.386924 0.501334 -4.994906
v 5.523972 0.423763 -4.847646
v 5.721390 0.355910 -4.793744
v 5.926290 0.315959 -4.847645
v 6.083763 0.314615 -4.994905
v 6.151614 0.352236 -5.196067
v 5.683338 0.213896 -5.264347
v 5.749291 0.460038 -5.196068
v 5.286310 1.028947 -7.156972
v 5.334805 1.021224 -7.177780
v 5.395939 1.023864 -7.181494
v 5.438754 1.064794 -7.176605
v 5.437150 1.108742 -7.145842
v 5.409150 1.129653 -7.104446
v 5.373812 1.172834 -7.098987
v 5.323461 1.192243 -7.108660
v 5.279370 1.138667 -7.110181
v 5.267175 1.065164 -7.107463
v 6.273845 0.115396 -3.823524
v 6.331707 0.091296 -3.860373
v 6.374784 0.133769 -3.866778
v 6.418026 0.166865 -3.906947
v 6.415597 0.234660 -3.914353
v 6.383714 0.285505 -3.879104
v 6.333623 0.306161 -3.837213
v 6.275064 0.284425 -3.825884
v 6.227380 0.229502 -3.847876
v 6.229891 0.165745 -3.836369
v 6.880883 0.183134 -4.447533
v 6.912707 0.179753 -4.526428
v 6.949768 0.214086 -4.586060
v 6.976307 0.266221 -4.593350
v 6.976558 0.326887 -4.579566
v 6.949380 0.379330 -4.556707
v 6.885921 0.406089 -4.526238
v 6.845585 0.386617 -4.468800
v 6.836986 0.317524 -4.427197
v 6.856779 0.238215 -4.413866
v 5.276165 0.412805 -5.561227
v 5.313655 0.391921 -5.612445
v 5.329352 0.415706 -5.695439
v 5.337430 0.464911 -5.747948
v 5.327150 0.509140 -5.759011
v 5.290838 0.545555 -5.741047
v 5.277891 0.582600 -5.667147
v 5.256395 0.584247 -5.601209
v 5.217603 0.535610 -5.582365
v 5.232970 0.469192 -5.558158
v 6.376306 0.252488 -3.862503
v 6.322241 0.269282 -3.837739
v 6.346757 0.132228 -3.841958
v 6.288057 0.151640 -3.822956
v 6.404294 0.174488 -3.882285
v 6.361587 0.190619 -3.856102
v 6.307038 0.209892 -3.831359
v 6.248741 0.223758 -3.846694
v 6.862965 0.244080 -4.421007
v 6.839626 0.264746 -4.480971
v 6.806073 0.304132 -4.589439
v 6.924264 0.325338 -4.572877
v 6.826367 0.347202 -4.486374
v 6.847062 0.362903 -4.566292
v 6.891750 0.203603 -4.492538
v 6.900563 0.241363 -4.575352
v 5.227561 0.533035 -5.603658
v 5.261464 0.519769 -5.646114
v 5.293468 0.494092 -5.702223
v 5.322665 0.473828 -5.739259
v 5.260742 0.434519 -5.588745
v 5.298456 0.413226 -5.639424
v 5.259829 0.557267 -5.672426
v 5.277571 0.520709 -5.740098
v 5.308171 1.057352 -7.178567
v 5.353901 1.052415 -7.188604
v 5.356994 1.142670 -7.129012
v 5.392236 1.106525 -7.133807
v 5.296720 1.127009 -7.130633
v 5.336752 1.103685 -7.168092
v 5.376079 1.087891 -7.180314
v 5.419285 1.074266 -7.176021
v 6.532719 -0.041407 -5.029194
v 6.541882 -0.052835 -5.094419
v 6.561220 -0.024952 -5.152018
v 6.583345 0.031590 -5.179987
v 6.599808 0.095195 -5.167645
v 6.604319 0.141567 -5.119707
v 6.595155 0.152994 -5.054482
v 6.575817 0.125112 -4.996883
v 6.553692 0.068569 -4.968914
v 6.537230 0.004965 -4.981256
v 6.348890 0.167736 -5.861856
v 6.299011 0.167571 -5.906363
v 6.259306 0.206715 -5.943243
v 6.244941 0.270217 -5.958408
v 6.261403 0.333822 -5.946067
v 6.302404 0.373234 -5.910933
v 6.352283 0.373400 -5.866426
v 6.391989 0.334256 -5.829545
v 6.406354 0.270754 -5.814381
v 6.389892 0.207149 -5.826722
v 5.857592 0.342427 -6.106826
v 5.912455 0.305019 -6.099107
v 5.977490 0.306920 -6.083761
v 6.027860 0.347405 -6.066648
v 6.044322 0.411010 -6.054307
v 6.020589 0.473440 -6.051451
v 5.965727 0.510848 -6.059170
v 5.900691 0.508947 -6.074515
v 5.850321 0.468462 -6.091628
v 5.833859 0.404857 -6.103970
v 5.514104 0.144115 -4.626600
v 5.568967 0.106706 -4.618881
v 5.634003 0.108608 -4.603535
v 5.684372 0.149092 -4.586423
v 5.700834 0.212697 -4.574081
v 5.677102 0.275127 -4.571224
v 5.622240 0.312536 -4.578943
v 5.557203 0.310634 -4.594290
v 5.506834 0.270149 -4.611402
v 5.490372 0.206545 -4.623743
v 5.328928 0.209958 -4.718932
v 5.279050 0.209792 -4.763439
v 5.239344 0.248936 -4.800319
v 5.224979 0.312439 -4.815484
v 5.241441 0.376043 -4.803143
v 5.282442 0.415456 -4.768009
v 5.332322 0.415622 -4.723501
v 5.372027 0.376478 -4.686621
v 5.386392 0.312975 -4.671456
v 5.369930 0.249370 -4.683798
v 5.087732 0.386524 -5.307172
v 5.096896 0.375096 -5.372397
v 5.116234 0.402979 -5.429996
v 5.138360 0.459521 -5.457965
v 5.154822 0.523126 -5.445623
v 5.159332 0.569499 -5.397685
v 5.150169 0.580926 -5.332459
v 5.130832 0.553044 -5.274861
v 5.108706 0.496501 -5.246892
v 5.092244 0.432896 -5.259233
v -3.414457 2.057616 -2.612551
v -3.387615 2.084390 -2.557491
v -3.401178 2.119791 -2.502431
v -3.449965 2.150301 -2.468402
v -3.515340 2.164263 -2.468402
v -3.572332 2.156346 -2.502431
v -3.599174 2.129573 -2.557491
v -3.585610 2.094170 -2.612551
v -3.536825 2.063661 -2.646580
v -3.471450 2.049699 -2.646580
v -3.426488 2.207512 -2.777720
v -3.417452 2.170694 -2.722660
v -3.447426 2.147480 -2.667600
v -3.504964 2.146740 -2.633571
v -3.568083 2.168755 -2.633571
v -3.612678 2.205118 -2.667600
v -3.621715 2.241935 -2.722660
v -3.591741 2.265148 -2.777720
v -3.534204 2.265889 -2.811749
v -3.471085 2.243873 -2.811749
vt 0.534197 0.489615
vt 0.547775 0.489615
vt 0.561353 0.489615
vt 0.574930 0.489615
vt 0.588508 0.489615
vt 0.602085 0.489615
vt 0.615663 0.489615
vt 0.629240 0.489615
vt 0.642818 0.489615
vt 0.656395 0.489615
vt 0.669973 0.489615
vt 0.683550 0.489615
vt 0.697128 0.489615
vt 0.710705 0.489615
vt 0.724283 0.489615
vt 0.534197 0.503193
vt 0.547775 0.503193
vt 0.561353 0.503193
vt 0.574930 0.503193
vt 0.588508 0.503193
vt 0.602085 0.503193
vt 0.615663 0.503193
vt 0.629240 0.503193
vt 0.642818 0.503193
vt 0.656395 0.503193
vt 0.669973 0.503193
vt 0.683550 0.503193
vt 0.697128 0.503193
vt 0.710705 0.503193
vt 0.724283 0.503193
vt 0.534197 0.516770
vt 0.547775 0.516770
vt 0.561353 0.516770
vt 0.574930 0.516770
vt 0.588508 0.516770
vt 0.602085 0.516770
vt 0.615663 0.516770
vt 0.629240 0.516770
vt 0.642818 0.516770
vt 0.656395 0.516770
vt 0.669973 0.516770
vt 0.683550 0.516770
vt 0.697128 0.516770
vt 0.710705 0.516770
vt 0.724283 0.516770
vt 0.534197 0.530348
vt 0.547775 0.530348
vt 0.561353 0.530348
vt 0.574930 0.530348
vt 0.588508 0.530348
vt 0.602085 0.530348
vt 0.615663 0.530348
vt 0.629240 0.530348
vt 0.642818 0.530348
vt 0.656395 0.530348
vt 0.669973 0.530348
vt 0.683550 0.530348
vt 0.697128 0.530348
vt 0.710705 0.530348
vt 0.724283 0.530348
vt 0.534197 0.543925
vt 0.547775 0.543925
vt 0.561353 0.543925
vt 0.574930 0.543925
vt 0.588508 0.543925
vt 0.602085 0.543925
vt 0.615663 0.543925
vt 0.629240 0.543925
vt 0.642818 0.543925
vt 0.656395 0.543925
vt 0.669973 0.543925
vt 0.683550 0.543925
vt 0.697128 0.543925
vt 0.710705 0.543925
vt 0.724283 0.543925
vt 0.534197 0.557503
vt 0.547775 0.557503
vt 0.561353 0.557503
vt 0.574930 0.557503
vt 0.588508 0.557503
vt 0.602085 0.557503
vt 0.615663 0.557503
vt 0.629240 0.557503
vt 0.642818 0.557503
vt 0.656395 0.557503
vt 0.669973 0.557503
vt 0.683550 0.557503
vt 0.697128 0.557503
vt 0.710705 0.557503
vt 0.724283 0.557503
vt 0.534197 0.571080
vt 0.547775 0.571080
vt 0.561353 0.571080
vt 0.574930 0.571080
vt 0.588508 0.571080
vt 0.602085 0.571080
vt 0.615663 0.571080
vt 0.629240 0.571080
vt 0.642818 0.571080
vt 0.656395 0.571080
vt 0.669973 0.571080
vt 0.683550 0.571080
vt 0.697128 0.571080
vt 0.710705 0.571080
vt 0.724283 0.571080
vt 0.534197 0.584658
vt 0.547775 0.584658
vt 0.561353 0.584658
vt 0.574930 0.584658
vt 0.588508 0.584658
vt 0.602085 0.584658
vt 0.615663 0.584658
vt 0.629240 0.584658
vt 0.642818 0.584658
vt 0.656395 0.584658
vt 0.669973 0.584658
vt 0.683550 0.584658
vt 0.697128 0.584658
vt 0.710705 0.584658
vt 0.724283 0.584658
vt 0.547775 0.598236
vt 0.561353 0.598236
vt 0.574930 0.598236
vt 0.588508 0.598236
vt 0.602085 0.598236
vt 0.615663 0.598236
vt 0.642818 0.598236
vt 0.656395 0.598236
vt 0.669973 0.598236
vt 0.683550 0.598236
vt 0.697128 0.598236
vt 0.710705 0.598236
vt 0.724283 0.598236
vt 0.547775 0.611813
vt 0.561353 0.611813
vt 0.574930 0.611813
vt 0.588508 0.611813
vt 0.602085 0.611813
vt 0.615663 0.611813
vt 0.629240 0.611813
vt 0.642818 0.611813
vt 0.656395 0.611813
vt 0.669973 0.611813
vt 0.683550 0.611813
vt 0.697128 0.611813
vt 0.710705 0.611813
vt 0.724283 0.611813
vt 0.547775 0.625391
vt 0.561353 0.625391
vt 0.574930 0.625391
vt 0.588508 0.625391
vt 0.602085 0.625391
vt 0.615663 0.625391
vt 0.629240 0.625391
vt 0.642818 0.625391
vt 0.656395 0.625391
vt 0.669973 0.625391
vt 0.683550 0.625391
vt 0.697128 0.625391
vt 0.710705 0.625391
vt 0.724283 0.625391
vt 0.547775 0.638968
vt 0.561353 0.638968
vt 0.574930 0.638968
vt 0.588508 0.638968
vt 0.602085 0.638968
vt 0.615663 0.638968
vt 0.629240 0.638968
vt 0.656395 0.638968
vt 0.669973 0.638968
vt 0.683550 0.638968
vt 0.697128 0.638968
vt 0.710705 0.638968
vt 0.724283 0.638968
vt 0.547775 0.652546
vt 0.561353 0.652546
vt 0.574930 0.652546
vt 0.588508 0.652546
vt 0.602085 0.652546
vt 0.615663 0.652546
vt 0.656395 0.652546
vt 0.669973 0.652546
vt 0.683550 0.652546
vt 0.697128 0.652546
vt 0.710705 0.652546
vt 0.724283 0.652546
vt 0.683550 0.666123
vt 0.697128 0.666123
vt 0.710705 0.666123
vt 0.724283 0.666123
vt 0.759412 0.607526
vt 0.968058 0.631640
vt 0.743644 0.600677
vt 0.755335 0.602766
vt 0.760551 0.000080
vt 0.743627 0.000010
vt 0.726701 0.000131
vt 0.948080 0.000117
vt 0.728771 0.581182
vt 0.771391 0.581338
vt 0.797481 0.599841
vt 0.809143 0.601880
vt 0.813149 0.606690
vt 0.944917 0.631645
vt 0.813469 0.000049
vt 0.796555 0.000010
vt 0.779639 0.000161
vt 0.924017 0.000141
vt 0.945663 0.591104
vt 0.928542 0.591051
vt 0.812393 0.573462
vt 0.795304 0.573437
vt 0.758545 0.574446
vt 0.741459 0.574402
vt 0.769577 0.583125
vt 0.730678 0.582866
vt 0.741167 0.583383
vt 0.758821 0.583447
vt 0.795118 0.582387
vt 0.812575 0.582439
vt 0.823688 0.582873
vt 0.784268 0.582596
vt 0.825345 0.581011
vt 0.782540 0.580862
vt 0.830382 0.000262
vt 0.777474 0.000319
vt 0.668950 0.666123
vt 0.674902 0.666123
vt 0.674902 0.755409
vt 0.668950 0.755409
vt 0.680855 0.666123
vt 0.680855 0.755409
vt 0.686807 0.666123
vt 0.686807 0.755409
vt 0.692759 0.666123
vt 0.692759 0.755409
vt 0.698712 0.666123
vt 0.698712 0.755409
vt 0.704664 0.666123
vt 0.704664 0.755409
vt 0.710617 0.666123
vt 0.710617 0.755409
vt 0.716569 0.666123
vt 0.716569 0.755409
vt 0.722521 0.666123
vt 0.722521 0.755409
vt 0.728474 0.666123
vt 0.728474 0.755409
vt 0.982187 0.330033
vt 0.985338 0.333184
vt 0.490884 0.619757
vt 0.495166 0.619757
vt 0.977883 0.328880
vt 0.499462 0.619757
vt 0.973579 0.330033
vt 0.503706 0.619757
vt 0.970428 0.333184
vt 0.507892 0.619757
vt 0.969275 0.337488
vt 0.512046 0.619757
vt 0.970428 0.341791
vt 0.516201 0.619757
vt 0.973579 0.344942
vt 0.520354 0.619757
vt 0.977883 0.346096
vt 0.524551 0.619757
vt 0.982187 0.344942
vt 0.528796 0.619757
vt 0.985338 0.341791
vt 0.533057 0.619757
vt 0.986491 0.337488
vt 0.537265 0.619757
vt 0.677709 0.831048
vt 0.680378 0.831048
vt 0.680378 0.879076
vt 0.677709 0.879076
vt 0.683046 0.831048
vt 0.683046 0.879076
vt 0.685714 0.831048
vt 0.685714 0.879076
vt 0.688382 0.831048
vt 0.688382 0.879076
vt 0.691050 0.831048
vt 0.691050 0.879076
vt 0.693719 0.831048
vt 0.693719 0.879076
vt 0.696387 0.831048
vt 0.696387 0.879076
vt 0.699055 0.831048
vt 0.699055 0.879076
vt 0.701724 0.831048
vt 0.701724 0.879076
vt 0.704392 0.831048
vt 0.704392 0.879076
vt 0.707060 0.831048
vt 0.707060 0.879076
vt 0.709728 0.831048
vt 0.709728 0.879076
vt 0.976617 0.355475
vt 0.927048 0.790961
vt 0.933010 0.790961
vt 0.938973 0.790961
vt 0.944935 0.790961
vt 0.950898 0.790961
vt 0.956860 0.790961
vt 0.962822 0.790961
vt 0.968785 0.790961
vt 0.974747 0.790961
vt 0.980709 0.790961
vt 0.986672 0.790961
vt 0.433943 0.958091
vt 0.468483 0.958091
vt 0.345284 0.930119
vt 0.314038 0.930119
vt 0.398196 0.958091
vt 0.282690 0.930119
vt 0.361336 0.958091
vt 0.251047 0.930119
vt 0.325170 0.958091
vt 0.219773 0.930119
vt 0.288958 0.958091
vt 0.188499 0.930119
vt 0.250427 0.958091
vt 0.157225 0.930119
vt 0.212775 0.958091
vt 0.125951 0.930119
vt 0.176043 0.958091
vt 0.094677 0.930119
vt 0.139662 0.958091
vt 0.063403 0.930119
vt 0.102500 0.958091
vt 0.031694 0.930119
vt 0.064387 0.958091
vt 0.000000 0.930119
vt 0.030062 0.958091
vt 0.532728 0.930119
vt 0.632581 0.958091
vt 0.501525 0.930119
vt 0.602885 0.958091
vt 0.470361 0.930119
vt 0.570324 0.958091
vt 0.439181 0.930119
vt 0.535997 0.958091
vt 0.407896 0.930119
vt 0.502213 0.958091
vt 0.376577 0.930119
vt 0.486143 0.950604
vt 0.518421 0.950604
vt 0.314038 0.940375
vt 0.345284 0.940375
vt 0.550610 0.950604
vt 0.282690 0.940375
vt 0.581182 0.950604
vt 0.251047 0.940375
vt 0.032834 0.950604
vt 0.219773 0.940375
vt 0.065606 0.950604
vt 0.188499 0.940375
vt 0.097958 0.950604
vt 0.157225 0.940375
vt 0.130278 0.950604
vt 0.125951 0.940375
vt 0.162596 0.950604
vt 0.094677 0.940375
vt 0.194894 0.950604
vt 0.063403 0.940375
vt 0.227604 0.950604
vt 0.031694 0.940375
vt 0.260054 0.950604
vt 0.563986 0.940375
vt 0.292351 0.950604
vt 0.532728 0.940375
vt 0.324646 0.950604
vt 0.501525 0.940375
vt 0.356938 0.950604
vt 0.470361 0.940375
vt 0.389231 0.950604
vt 0.439181 0.940375
vt 0.421529 0.950604
vt 0.407896 0.940375
vt 0.453838 0.950604
vt 0.376577 0.940375
vt 0.407183 0.993484
vt 0.031965 0.982871
vt 0.370321 0.991352
vt 0.639606 0.900104
vt 0.068758 0.997825
vt 0.805780 0.988501
vt 0.032545 0.995691
vt 0.068758 0.995691
vt 0.332484 0.993484
vt 0.332484 0.991352
vt 0.107167 0.997825
vt 0.107167 0.995691
vt 0.293873 0.993484
vt 0.293873 0.991352
vt 0.143972 0.997825
vt 0.143972 0.995691
vt 0.255867 0.993484
vt 0.255867 0.991352
vt 0.181320 0.997825
vt 0.181320 0.995691
vt 0.218704 0.993484
vt 0.218704 0.991352
vt 0.218922 0.997825
vt 0.218922 0.995691
vt 0.181915 0.993484
vt 0.181915 0.991352
vt 0.256057 0.997825
vt 0.256057 0.995691
vt 0.144994 0.993484
vt 0.144994 0.991352
vt 0.293824 0.997825
vt 0.293824 0.995691
vt 0.107733 0.993484
vt 0.107733 0.991352
vt 0.332513 0.997825
vt 0.332513 0.995691
vt 0.069813 0.993484
vt 0.069813 0.991352
vt 0.370005 0.997825
vt 0.370005 0.995691
vt 0.032834 0.993484
vt 0.032834 0.991352
vt 0.407266 0.997825
vt 0.407266 0.995691
vt 0.001161 0.993484
vt 0.661899 0.991352
vt 0.443942 0.997825
vt 0.443942 0.995691
vt 0.628907 0.993484
vt 0.628907 0.991352
vt 0.480328 0.997825
vt 0.480328 0.995691
vt 0.593282 0.993484
vt 0.593282 0.991352
vt 0.517511 0.997825
vt 0.517511 0.995691
vt 0.556005 0.993484
vt 0.556005 0.991352
vt 0.554346 0.997825
vt 0.554346 0.995691
vt 0.518811 0.993484
vt 0.518811 0.991352
vt 0.590980 0.997825
vt 0.590980 0.995691
vt 0.481373 0.993484
vt 0.481373 0.991352
vt 0.626040 0.997825
vt 0.626040 0.995691
vt 0.444068 0.993484
vt 0.444068 0.991352
vt 0.000000 0.997825
vt 0.598148 0.915018
vt 0.000000 0.979937
vt 0.031965 0.979937
vt 0.066478 0.979937
vt 0.066478 0.982871
vt 0.710926 0.900104
vt 0.103247 0.979937
vt 0.103247 0.982871
vt 0.033510 0.900104
vt 0.138891 0.979937
vt 0.138891 0.982871
vt 0.071205 0.900104
vt 0.174871 0.979937
vt 0.174871 0.982871
vt 0.112668 0.900104
vt 0.211443 0.979937
vt 0.211443 0.982871
vt 0.152577 0.900104
vt 0.247768 0.979937
vt 0.247768 0.982871
vt 0.192814 0.900104
vt 0.284048 0.979937
vt 0.284048 0.982871
vt 0.233821 0.900104
vt 0.321189 0.979937
vt 0.321189 0.982871
vt 0.274713 0.900104
vt 0.359879 0.979937
vt 0.359879 0.982871
vt 0.319163 0.900104
vt 0.397303 0.979937
vt 0.397303 0.982871
vt 0.360799 0.900104
vt 0.433258 0.979937
vt 0.433258 0.982871
vt 0.398935 0.900104
vt 0.469146 0.979937
vt 0.469146 0.982871
vt 0.437603 0.900104
vt 0.506085 0.979937
vt 0.506085 0.982871
vt 0.476379 0.900104
vt 0.542578 0.979937
vt 0.542578 0.982871
vt 0.517125 0.900104
vt 0.578282 0.979937
vt 0.578282 0.982871
vt 0.557813 0.900104
vt 0.612460 0.979937
vt 0.612460 0.982871
vt 0.598148 0.900104
vt 0.767726 0.985674
vt 0.805780 0.985674
vt 0.767726 0.988501
vt 0.677552 0.915018
vt 0.728842 0.985674
vt 0.728842 0.988501
vt 0.000000 0.915018
vt 0.690878 0.985674
vt 0.690878 0.988501
vt 0.033510 0.915018
vt 0.652466 0.985674
vt 0.652466 0.988501
vt 0.071205 0.915018
vt 0.614646 0.985674
vt 0.614646 0.988501
vt 0.112668 0.915018
vt 0.577133 0.985674
vt 0.577133 0.988501
vt 0.152577 0.915018
vt 0.539435 0.985674
vt 0.539435 0.988501
vt 0.192814 0.915018
vt 0.501703 0.985674
vt 0.501703 0.988501
vt 0.233821 0.915018
vt 0.464785 0.985674
vt 0.464785 0.988501
vt 0.274713 0.915018
vt 0.428240 0.985674
vt 0.428240 0.988501
vt 0.319163 0.915018
vt 0.390889 0.985674
vt 0.390889 0.988501
vt 0.360799 0.915018
vt 0.355092 0.985674
vt 0.355092 0.988501
vt 0.398935 0.915018
vt 0.322444 0.985674
vt 0.322444 0.988501
vt 0.437603 0.915018
vt 0.951888 0.985674
vt 0.951888 0.988501
vt 0.476379 0.915018
vt 0.916897 0.985674
vt 0.916897 0.988501
vt 0.517125 0.915018
vt 0.879365 0.985674
vt 0.879365 0.988501
vt 0.557813 0.915018
vt 0.842423 0.985674
vt 0.859026 0.879579
vt 0.864943 0.879579
vt 0.864943 0.968323
vt 0.859026 0.968323
vt 0.870859 0.879579
vt 0.870859 0.968323
vt 0.876775 0.879579
vt 0.876775 0.968323
vt 0.882691 0.879579
vt 0.882691 0.968323
vt 0.888608 0.879579
vt 0.888608 0.968323
vt 0.894524 0.879579
vt 0.894524 0.968323
vt 0.900440 0.879579
vt 0.900440 0.968323
vt 0.906356 0.879579
vt 0.906356 0.968323
vt 0.912273 0.879579
vt 0.912273 0.968323
vt 0.918189 0.879579
vt 0.918189 0.968323
vt 0.928023 0.879203
vt 0.933972 0.879203
vt 0.933972 0.968440
vt 0.928023 0.968440
vt 0.939921 0.879203
vt 0.939921 0.968440
vt 0.945871 0.879203
vt 0.945871 0.968440
vt 0.951820 0.879203
vt 0.951820 0.968440
vt 0.957769 0.879203
vt 0.957769 0.968440
vt 0.963718 0.879203
vt 0.963718 0.968440
vt 0.969667 0.879203
vt 0.969667 0.968440
vt 0.975616 0.879203
vt 0.975616 0.968440
vt 0.981565 0.879203
vt 0.981565 0.968440
vt 0.987514 0.879203
vt 0.987514 0.968440
vt 0.543823 0.652546
vt 0.549800 0.652546
vt 0.549800 0.742206
vt 0.543823 0.742206
vt 0.555777 0.652546
vt 0.555777 0.742206
vt 0.561755 0.652546
vt 0.561755 0.742206
vt 0.567732 0.652546
vt 0.573709 0.652546
vt 0.573709 0.742206
vt 0.567732 0.742206
vt 0.579687 0.652546
vt 0.579687 0.742206
vt 0.585664 0.652546
vt 0.585664 0.742206
vt 0.591641 0.652546
vt 0.591641 0.742206
vt 0.597619 0.652546
vt 0.597619 0.742206
vt 0.603596 0.652546
vt 0.603596 0.742206
vt 0.977867 0.334354
vt 0.980993 0.337528
vt 0.983728 0.340250
vt 0.975148 0.331614
vt 0.971996 0.334767
vt 0.974714 0.337506
vt 0.977850 0.340671
vt 0.980588 0.343391
vt 0.841691 0.482315
vt 0.848403 0.482315
vt 0.848395 0.841501
vt 0.841683 0.841501
vt 0.884802 0.008840
vt 0.920450 0.008841
vt 0.911356 0.008842
vt 0.904642 0.008842
vt 0.904642 0.015361
vt 0.911354 0.015361
vt 0.911342 0.374547
vt 0.904631 0.374547
vt 0.884787 0.392165
vt 0.911342 0.383347
vt 0.875891 0.383333
vt 0.884787 0.383334
vt 0.899125 0.374547
vt 0.890294 0.374535
vt 0.890307 0.015360
vt 0.899136 0.015361
vt 0.000000 0.018473
vt 0.024618 0.000086
vt 0.024280 0.018863
vt 0.018765 0.018956
vt 0.024503 0.115196
vt 0.019002 0.115143
vt 0.288755 0.000045
vt 0.294292 0.000247
vt 0.294845 0.017189
vt 0.289363 0.017188
vt 0.289174 0.393445
vt 0.294669 0.393445
vt 0.294671 0.489638
vt 0.289166 0.489627
vt 0.266633 0.000242
vt 0.285617 0.114701
vt 0.266859 0.115067
vt 0.267007 0.018914
vt 0.000244 0.114790
vt 0.001787 0.490982
vt 0.002132 0.482763
vt 0.018925 0.483021
vt 0.019016 0.491292
vt 0.294790 0.025478
vt 0.289286 0.025457
vt 0.267129 0.482970
vt 0.283931 0.482680
vt 0.284314 0.490899
vt 0.267052 0.491239
vt 0.024484 0.483129
vt 0.002230 0.473991
vt 0.018975 0.474225
vt 0.294733 0.034264
vt 0.289208 0.034267
vt 0.267071 0.474169
vt 0.283816 0.473926
vt 0.024497 0.474337
vt 0.261474 0.018825
vt 0.261130 0.000050
vt 0.261350 0.115115
vt 0.261561 0.483080
vt 0.261532 0.474229
vt 0.531998 0.000203
vt 0.537555 0.000009
vt 0.531401 0.017186
vt 0.536905 0.017180
vt 0.531471 0.025477
vt 0.536990 0.025454
vt 0.531518 0.034266
vt 0.537063 0.034267
vt 0.531619 0.489621
vt 0.531604 0.393430
vt 0.537121 0.393430
vt 0.537145 0.489609
vt 0.252547 0.018793
vt 0.252279 0.000010
vt 0.252456 0.115110
vt 0.522986 0.000311
vt 0.035882 0.570656
vt 0.522544 0.017159
vt 0.522582 0.025455
vt 0.522614 0.034272
vt 0.522714 0.489629
vt 0.522701 0.393432
vt 0.033402 0.115186
vt 0.033222 0.018821
vt 0.033487 0.000041
vt 0.303588 0.393445
vt 0.303591 0.489645
vt 0.303693 0.025434
vt 0.303656 0.034264
vt 0.303723 0.017122
vt 0.033456 0.491247
vt 0.033465 0.483101
vt 0.071652 0.018949
vt 0.071724 0.115155
vt 0.071736 0.000187
vt 0.341934 0.393444
vt 0.341938 0.489644
vt 0.341974 0.025475
vt 0.341974 0.034287
vt 0.341973 0.017193
vt 0.341898 0.000436
vt 0.071818 0.483095
vt 0.259880 0.594117
vt 0.267724 0.591147
vt 0.311419 0.613344
vt 0.230546 0.695501
vt 0.848396 0.850301
vt 0.841684 0.850301
vt 0.875892 0.374535
vt 0.890293 0.383334
vt 0.890293 0.392165
vt 0.283579 0.495960
vt 0.324578 0.490457
vt 0.877136 0.850290
vt 0.877138 0.841485
vt 0.868240 0.850289
vt 0.853900 0.841501
vt 0.862737 0.841483
vt 0.862734 0.850287
vt 0.853902 0.850301
vt 0.862739 0.482314
vt 0.853909 0.482316
vt 0.877140 0.475794
vt 0.868245 0.475794
vt 0.868244 0.466964
vt 0.841690 0.475795
vt 0.252580 0.474221
vt 0.008527 0.671004
vt 0.532794 0.594283
vt 0.884788 0.374535
vt 0.884801 0.015359
vt 0.899137 0.008842
vt 0.890307 0.008840
vt 0.868243 0.841484
vt 0.868245 0.482314
vt 0.862739 0.475794
vt 0.853909 0.475796
vt 0.920450 0.015360
vt 0.832595 0.482313
vt 0.214126 0.115121
vt 0.214155 0.018917
vt 0.469673 0.489890
vt 0.485037 0.612542
vt 0.487479 0.621063
vt 0.074231 0.570728
vt 0.214243 0.491268
vt 0.484312 0.017151
vt 0.484302 0.025444
vt 0.484295 0.034265
vt 0.484355 0.393434
vt 0.484367 0.489634
vt 0.214060 0.000151
vt 0.110061 0.115147
vt 0.110027 0.018960
vt 0.142908 0.018953
vt 0.142923 0.115141
vt 0.363915 0.490033
vt 0.143016 0.474189
vt 0.357870 0.624872
vt 0.397976 0.628041
vt 0.183126 0.706192
vt 0.397925 0.636881
vt 0.110166 0.483129
vt 0.145415 0.572690
vt 0.380309 0.000398
vt 0.413124 0.000386
vt 0.380237 0.017150
vt 0.413132 0.017116
vt 0.380265 0.025438
vt 0.413133 0.025410
vt 0.380289 0.034253
vt 0.413135 0.034230
vt 0.380281 0.393441
vt 0.413147 0.393438
vt 0.380285 0.489642
vt 0.413153 0.489640
vt 0.142905 0.000192
vt 0.110047 0.000198
vt 0.175787 0.115133
vt 0.175879 0.474144
vt 0.175787 0.018944
vt 0.175762 0.000187
vt 0.446012 0.393435
vt 0.446022 0.489637
vt 0.445980 0.034228
vt 0.446002 0.025403
vt 0.446028 0.017105
vt 0.175892 0.491248
vt 0.112555 0.572043
vt 0.439457 0.632696
vt 0.438095 0.623936
vt 0.663378 0.356342
vt 0.607729 0.356346
vt 0.632489 0.356344
vt 0.638618 0.356344
vt 0.632463 0.006141
vt 0.638592 0.006141
vt 0.663351 0.000010
vt 0.601574 0.006143
vt 0.601600 0.356347
vt 0.607702 0.006143
vt 0.663352 0.006139
vt 0.349567 0.653115
vt 0.349637 0.646914
vt 0.358374 0.646971
vt 0.358301 0.653180
vt 0.374623 0.653267
vt 0.374649 0.647084
vt 0.381371 0.865984
vt 0.375229 0.866068
vt 0.948762 0.767381
vt 0.954875 0.767808
vt 0.941227 0.773366
vt 0.941339 0.767234
vt 0.351037 0.873355
vt 0.349511 0.880567
vt 0.405896 0.653731
vt 0.412079 0.654030
vt 0.397473 0.879512
vt 0.359611 0.878900
vt 0.810018 0.847572
vt 0.809960 0.853724
vt 0.760636 0.846924
vt 0.803768 0.847522
vt 0.785303 0.847431
vt 0.785241 0.853563
vt 0.791182 0.624064
vt 0.790738 0.629865
vt 0.613560 0.473795
vt 0.613429 0.479930
vt 0.607193 0.479796
vt 0.607355 0.473676
vt 0.815611 0.629705
vt 0.815313 0.623273
vt 0.754391 0.846617
vt 0.748289 0.845914
vt 0.808846 0.623637
vt 0.809365 0.629164
vt 0.941307 0.662341
vt 0.948729 0.662789
vt 0.924079 0.766902
vt 0.923947 0.773032
vt 0.979634 0.662491
vt 0.923836 0.662264
vt 0.948750 0.656511
vt 0.941189 0.656491
vt 0.962300 0.767687
vt 0.932540 0.663753
vt 0.932708 0.767065
vt 0.970996 0.664575
vt 0.970965 0.767545
vt 0.979632 0.767402
vt 0.932588 0.773196
vt 0.367856 0.870453
vt 0.367077 0.653221
vt 0.388797 0.871262
vt 0.367161 0.647060
vt 0.935167 0.663783
vt 0.968394 0.664619
vt 0.935297 0.767116
vt 0.935179 0.773247
vt 0.968365 0.767588
vt 0.361878 0.870463
vt 0.360936 0.653174
vt 0.366410 0.876181
vt 0.394509 0.653458
vt 0.800738 0.633050
vt 0.795175 0.847482
vt 0.632066 0.474142
vt 0.638184 0.474639
vt 0.622036 0.480099
vt 0.622150 0.473958
vt 0.769260 0.847346
vt 0.800616 0.626469
vt 0.617583 0.480013
vt 0.617697 0.473869
vt 0.621437 0.366894
vt 0.631330 0.368607
vt 0.616930 0.367712
vt 0.612692 0.367757
vt 0.668216 0.362110
vt 0.662102 0.362657
vt 0.614793 0.361450
vt 0.662971 0.473927
vt 0.656724 0.474108
vt 0.617905 0.361698
vt 0.652560 0.474228
vt 0.622031 0.361284
vt 0.648098 0.474357
vt 0.637452 0.369088
vt 0.725925 0.356342
vt 0.725925 0.362471
vt 0.695036 0.356343
vt 0.701165 0.356343
vt 0.695026 0.006140
vt 0.701155 0.006140
vt 0.725915 0.000010
vt 0.664137 0.006141
vt 0.670276 0.356343
vt 0.664146 0.356344
vt 0.670266 0.006140
vt 0.725915 0.006139
vt 0.539010 0.006146
vt 0.594659 0.006139
vt 0.569899 0.006142
vt 0.563770 0.006143
vt 0.569944 0.356345
vt 0.594705 0.356342
vt 0.600833 0.356341
vt 0.423508 0.648363
vt 0.478972 0.648559
vt 0.478906 0.646084
vt 0.485033 0.645918
vt 0.448098 0.647604
vt 0.478306 0.623807
vt 0.454437 0.717055
vt 0.448313 0.716792
vt 0.543823 0.356349
vt 0.574715 0.381106
vt 0.549952 0.358825
vt 0.543823 0.358825
vt 0.423827 0.729181
vt 0.478909 0.729426
vt 0.485105 0.648237
vt 0.476598 0.722887
vt 0.426188 0.722762
vt 0.583320 0.381104
vt 0.583328 0.442115
vt 0.580852 0.446296
vt 0.580844 0.381105
vt 0.543826 0.381109
vt 0.549955 0.381109
vt 0.549962 0.438191
vt 0.543833 0.438192
vt 0.549967 0.477066
vt 0.572246 0.442116
vt 0.572239 0.381106
vt 0.605604 0.381102
vt 0.543833 0.442730
vt 0.601147 0.381102
vt 0.554419 0.437338
vt 0.554412 0.381108
vt 0.543825 0.376653
vt 0.549954 0.376652
vt 0.597582 0.381103
vt 0.543835 0.455904
vt 0.549954 0.373086
vt 0.543825 0.373087
vt 0.557986 0.450020
vt 0.557977 0.381108
vt 0.488345 0.756707
vt 0.484642 0.631439
vt 0.482259 0.757435
vt 0.462018 0.648087
vt 0.484733 0.634780
vt 0.437219 0.719286
vt 0.465359 0.648180
vt 0.481106 0.747797
vt 0.195718 0.850965
vt 0.239516 0.850961
vt 0.284811 0.753743
vt 0.200479 0.847947
vt 0.203108 0.844882
vt 0.209484 0.879944
vt 0.209485 0.882020
vt 0.232680 0.873016
vt 0.234756 0.873016
vt 0.300953 0.781949
vt 0.284678 0.781803
vt 0.284836 0.764161
vt 0.301112 0.764307
vt 0.228540 0.792965
vt 0.300942 0.697628
vt 0.232125 0.844879
vt 0.209477 0.792967
vt 0.209481 0.844881
vt 0.225752 0.844880
vt 0.225747 0.792966
vt 0.225756 0.886780
vt 0.195720 0.873019
vt 0.225754 0.873016
vt 0.209484 0.873018
vt 0.017047 0.849514
vt 0.060845 0.849518
vt 0.260848 0.847906
vt 0.021809 0.846497
vt 0.024438 0.843433
vt 0.030809 0.878495
vt 0.030808 0.880572
vt 0.054005 0.871571
vt 0.056082 0.871571
vt 0.276989 0.876112
vt 0.260713 0.875965
vt 0.260873 0.858323
vt 0.277149 0.858471
vt 0.049878 0.791520
vt 0.276983 0.791792
vt 0.053455 0.843435
vt 0.030815 0.791519
vt 0.030811 0.843433
vt 0.047081 0.843434
vt 0.047085 0.791520
vt 0.047079 0.885334
vt 0.017046 0.871569
vt 0.047079 0.871571
vt 0.030809 0.871570
vt 0.080371 0.850200
vt 0.124169 0.850201
vt 0.284912 0.847890
vt 0.085133 0.847183
vt 0.087762 0.844118
vt 0.094134 0.879180
vt 0.094134 0.881257
vt 0.117330 0.872255
vt 0.119407 0.872255
vt 0.301051 0.876097
vt 0.284776 0.875949
vt 0.284937 0.858307
vt 0.301212 0.858456
vt 0.113200 0.792205
vt 0.301051 0.791776
vt 0.116779 0.844119
vt 0.094136 0.792204
vt 0.094135 0.844118
vt 0.110406 0.844119
vt 0.110407 0.792204
vt 0.110404 0.886019
vt 0.080371 0.872254
vt 0.110405 0.872255
vt 0.094134 0.872255
vt 0.141246 0.848641
vt 0.185044 0.848639
vt 0.255597 0.753161
vt 0.146008 0.845623
vt 0.148636 0.842558
vt 0.155012 0.877620
vt 0.155012 0.879697
vt 0.178207 0.870693
vt 0.180284 0.870693
vt 0.271739 0.781367
vt 0.255463 0.781221
vt 0.255623 0.763579
vt 0.271898 0.763726
vt 0.174070 0.790643
vt 0.271731 0.697047
vt 0.177653 0.842557
vt 0.155006 0.790644
vt 0.155010 0.842558
vt 0.171280 0.842557
vt 0.171277 0.790643
vt 0.171282 0.884457
vt 0.141248 0.870695
vt 0.171282 0.870694
vt 0.155011 0.870694
vt 0.382137 0.964958
vt 0.414264 0.964958
vt 0.528366 0.940375
vt 0.497400 0.940375
vt 0.350010 0.964958
vt 0.466435 0.940375
vt 0.317885 0.964958
vt 0.435469 0.940375
vt 0.285768 0.964958
vt 0.404503 0.940375
vt 0.253051 0.964958
vt 0.373550 0.940375
vt 0.220696 0.964958
vt 0.341835 0.940375
vt 0.188579 0.964958
vt 0.310205 0.940375
vt 0.156456 0.964958
vt 0.278576 0.940375
vt 0.124327 0.964958
vt 0.246947 0.940375
vt 0.092153 0.964958
vt 0.215318 0.940375
vt 0.060528 0.964958
vt 0.184546 0.940375
vt 0.031547 0.964958
vt 0.157109 0.940375
vt 0.573973 0.964958
vt 0.125688 0.940375
vt 0.542563 0.964958
vt 0.094266 0.940375
vt 0.510647 0.964958
vt 0.062844 0.940375
vt 0.478518 0.964958
vt 0.031422 0.940375
vt 0.446391 0.964958
vt 0.000000 0.940375
vt 0.509949 0.972452
vt 0.541900 0.972452
vt 0.497400 0.950604
vt 0.528366 0.950604
vt 0.573125 0.972452
vt 0.466435 0.950604
vt 0.033281 0.972452
vt 0.435469 0.950604
vt 0.065864 0.972452
vt 0.404504 0.950604
vt 0.097176 0.972452
vt 0.373549 0.950604
vt 0.129276 0.972452
vt 0.341835 0.950604
vt 0.161473 0.972452
vt 0.310205 0.950604
vt 0.193664 0.972452
vt 0.278576 0.950604
vt 0.225857 0.972452
vt 0.246947 0.950604
vt 0.258069 0.972452
vt 0.215318 0.950604
vt 0.289451 0.972452
vt 0.184546 0.950604
vt 0.316850 0.972452
vt 0.157109 0.950604
vt 0.349009 0.972452
vt 0.125688 0.950604
vt 0.381195 0.972452
vt 0.094266 0.950604
vt 0.413383 0.972452
vt 0.062844 0.950604
vt 0.445574 0.972452
vt 0.031422 0.950604
vt 0.477763 0.972452
vt 0.559331 0.950604
vt 0.427226 0.995691
vt 0.638929 0.982871
vt 0.390692 0.993484
vt 0.272966 0.930119
vt 0.390907 1.000000
vt 0.578101 0.991351
vt 0.353666 0.997825
vt 0.390907 0.997825
vt 0.354844 0.995691
vt 0.354844 0.993484
vt 0.428253 1.000000
vt 0.428253 0.997825
vt 0.319005 0.995691
vt 0.319005 0.993484
vt 0.465096 1.000000
vt 0.465096 0.997825
vt 0.283192 0.995691
vt 0.283192 0.993484
vt 0.502028 1.000000
vt 0.502028 0.997825
vt 0.245744 0.995691
vt 0.245744 0.993484
vt 0.538376 1.000000
vt 0.538376 0.997825
vt 0.208227 0.995691
vt 0.208227 0.993484
vt 0.575381 1.000000
vt 0.575381 0.997825
vt 0.171464 0.995691
vt 0.171464 0.993484
vt 0.610408 1.000000
vt 0.610408 0.997825
vt 0.134680 0.995691
vt 0.134680 0.993484
vt 0.001221 1.000000
vt 0.643179 0.997825
vt 0.098214 0.995691
vt 0.098214 0.993484
vt 0.031917 1.000000
vt 0.031917 0.997825
vt 0.062377 0.995691
vt 0.062377 0.993484
vt 0.065765 1.000000
vt 0.065765 0.997825
vt 0.029256 0.995691
vt 0.029256 0.993484
vt 0.099705 1.000000
vt 0.099705 0.997825
vt 0.000000 0.995691
vt 0.636417 0.993484
vt 0.132413 1.000000
vt 0.132413 0.997825
vt 0.604710 0.995691
vt 0.604710 0.993484
vt 0.168400 1.000000
vt 0.168400 0.997825
vt 0.570600 0.995691
vt 0.570600 0.993484
vt 0.204707 1.000000
vt 0.204707 0.997825
vt 0.534667 0.995691
vt 0.534667 0.993484
vt 0.241332 1.000000
vt 0.241332 0.997825
vt 0.499084 0.995691
vt 0.499084 0.993484
vt 0.277542 1.000000
vt 0.277542 0.997825
vt 0.463586 0.995691
vt 0.463586 0.993484
vt 0.315496 1.000000
vt 0.313523 0.915018
vt 0.670942 0.985674
vt 0.638929 0.985674
vt 0.602896 0.985674
vt 0.602896 0.982871
vt 0.190268 0.930119
vt 0.564725 0.985674
vt 0.564725 0.982871
vt 0.150935 0.930119
vt 0.526952 0.985674
vt 0.526952 0.982871
vt 0.110665 0.930119
vt 0.487982 0.985674
vt 0.487982 0.982871
vt 0.069911 0.930119
vt 0.449589 0.985674
vt 0.449589 0.982871
vt 0.032907 0.930119
vt 0.411665 0.985674
vt 0.411665 0.982871
vt 0.000000 0.930119
vt 0.373797 0.985674
vt 0.373797 0.982871
vt 0.661457 0.930119
vt 0.334728 0.985674
vt 0.334728 0.982871
vt 0.625115 0.930119
vt 0.295297 0.985674
vt 0.295297 0.982871
vt 0.586036 0.930119
vt 0.256738 0.985674
vt 0.256738 0.982871
vt 0.548234 0.930119
vt 0.221600 0.985674
vt 0.221600 0.982871
vt 0.512893 0.930119
vt 0.182761 0.985674
vt 0.182761 0.982871
vt 0.473952 0.930119
vt 0.143801 0.985674
vt 0.143801 0.982871
vt 0.434753 0.930119
vt 0.105414 0.985674
vt 0.105414 0.982871
vt 0.394941 0.930119
vt 0.067405 0.985674
vt 0.067405 0.982871
vt 0.354478 0.930119
vt 0.031863 0.985674
vt 0.031863 0.982871
vt 0.313523 0.930119
vt 0.540329 0.988501
vt 0.578101 0.988501
vt 0.540329 0.991351
vt 0.231440 0.915018
vt 0.503903 0.988501
vt 0.503903 0.991351
vt 0.190268 0.915018
vt 0.467866 0.988501
vt 0.467866 0.991351
vt 0.150935 0.915018
vt 0.431134 0.988501
vt 0.431134 0.991351
vt 0.110665 0.915018
vt 0.395270 0.988501
vt 0.395269 0.991351
vt 0.069911 0.915018
vt 0.358796 0.988501
vt 0.358796 0.991351
vt 0.032907 0.915018
vt 0.321696 0.988501
vt 0.321696 0.991351
vt 0.694583 0.915018
vt 0.284310 0.988501
vt 0.284310 0.991351
vt 0.661457 0.915018
vt 0.246516 0.988501
vt 0.246516 0.991351
vt 0.625115 0.915018
vt 0.208830 0.988501
vt 0.208830 0.991351
vt 0.586036 0.915018
vt 0.172481 0.988501
vt 0.172481 0.991351
vt 0.548234 0.915018
vt 0.139945 0.988501
vt 0.139946 0.991351
vt 0.512893 0.915018
vt 0.103253 0.988501
vt 0.103253 0.991351
vt 0.473952 0.915018
vt 0.067033 0.988501
vt 0.067033 0.991351
vt 0.434753 0.915018
vt 0.032291 0.988501
vt 0.032291 0.991351
vt 0.394941 0.915018
vt 0.000000 0.988501
vt 0.000000 0.991351
vt 0.354478 0.915018
vt 0.614001 0.988501
vt 0.606386 0.652546
vt 0.612346 0.652546
vt 0.612346 0.679364
vt 0.606386 0.679364
vt 0.618305 0.652546
vt 0.618305 0.679364
vt 0.624265 0.652546
vt 0.624265 0.679364
vt 0.630225 0.652546
vt 0.630225 0.679364
vt 0.636184 0.652546
vt 0.636184 0.679364
vt 0.642144 0.652546
vt 0.642144 0.679364
vt 0.648103 0.652546
vt 0.648103 0.679364
vt 0.654063 0.652546
vt 0.654063 0.679364
vt 0.660022 0.652546
vt 0.660022 0.679364
vt 0.665982 0.652546
vt 0.665982 0.679364
vt 0.724751 0.874991
vt 0.730752 0.874991
vt 0.730752 0.901994
vt 0.724751 0.901994
vt 0.736753 0.874991
vt 0.736753 0.901994
vt 0.742754 0.874991
vt 0.742754 0.901994
vt 0.748754 0.874991
vt 0.748754 0.901994
vt 0.754755 0.874991
vt 0.754755 0.901994
vt 0.760756 0.874991
vt 0.760756 0.901994
vt 0.766756 0.874991
vt 0.766756 0.901994
vt 0.772757 0.874991
vt 0.772757 0.901994
vt 0.778758 0.874991
vt 0.778758 0.901994
vt 0.784758 0.874991
vt 0.784758 0.901994
vt 0.967334 0.212535
vt 0.970208 0.212580
vt 0.972394 0.378369
vt 0.975791 0.379362
vt 0.973000 0.211698
vt 0.970118 0.374530
vt 0.975926 0.212556
vt 0.970128 0.370012
vt 0.978816 0.214574
vt 0.972936 0.366877
vt 0.981486 0.214859
vt 0.977026 0.365556
vt 0.984275 0.214857
vt 0.980285 0.367043
vt 0.987025 0.214156
vt 0.982029 0.370003
vt 0.989787 0.212485
vt 0.981815 0.373262
vt 0.992494 0.211917
vt 0.979520 0.376858
vt 0.995412 0.211739
vt 0.967331 0.260517
vt 0.970188 0.260358
vt 0.973034 0.260298
vt 0.975887 0.260248
vt 0.978744 0.260145
vt 0.981598 0.260136
vt 0.984444 0.260115
vt 0.987323 0.260239
vt 0.990166 0.260168
vt 0.993017 0.260314
vt 0.995871 0.260404
vt 0.790770 0.877513
vt 0.796682 0.877513
vt 0.796682 0.908552
vt 0.790770 0.908552
vt 0.802594 0.877513
vt 0.802594 0.908552
vt 0.808506 0.877513
vt 0.808506 0.908552
vt 0.814418 0.877513
vt 0.814418 0.908552
vt 0.820330 0.877513
vt 0.820330 0.908552
vt 0.826242 0.877513
vt 0.826242 0.908552
vt 0.832154 0.877513
vt 0.832154 0.908552
vt 0.838066 0.877513
vt 0.838066 0.908552
vt 0.843978 0.877513
vt 0.843978 0.908552
vt 0.849890 0.877513
vt 0.849890 0.908552
vt 0.984668 0.395208
vt 0.967331 0.168607
vt 0.969725 0.168607
vt 0.969725 0.211700
vt 0.967331 0.211700
vt 0.972119 0.168607
vt 0.972119 0.211700
vt 0.974513 0.168607
vt 0.974513 0.211700
vt 0.976907 0.168607
vt 0.976907 0.211700
vt 0.979301 0.168607
vt 0.979301 0.211700
vt 0.981695 0.168607
vt 0.981695 0.211700
vt 0.984089 0.168607
vt 0.984089 0.211700
vt 0.986483 0.168607
vt 0.986483 0.211700
vt 0.988877 0.168607
vt 0.988877 0.211700
vt 0.991271 0.168607
vt 0.991271 0.211700
vt 0.993665 0.168607
vt 0.993665 0.211700
vt 0.996059 0.168607
vt 0.996059 0.211700
vt 0.905823 0.405461
vt 0.912316 0.411954
vt 0.896953 0.420823
vt 0.896953 0.403084
vt 0.888084 0.405461
vt 0.881591 0.411954
vt 0.879215 0.420823
vt 0.881591 0.429692
vt 0.888084 0.436185
vt 0.896953 0.438562
vt 0.905823 0.436185
vt 0.912316 0.429692
vt 0.914692 0.420823
vt 0.914934 0.476389
vt 0.908441 0.482882
vt 0.899571 0.467520
vt 0.899571 0.485258
vt 0.890702 0.482882
vt 0.884209 0.476389
vt 0.881833 0.467520
vt 0.884209 0.458650
vt 0.890702 0.452157
vt 0.899571 0.449781
vt 0.908441 0.452157
vt 0.914934 0.458650
vt 0.917310 0.467520
vt 0.995260 0.366673
vt 0.993329 0.364998
vt 0.967331 0.240381
vt 0.970257 0.240036
vt 0.996720 0.369222
vt 0.973211 0.239790
vt 0.996043 0.371912
vt 0.976085 0.239633
vt 0.993973 0.373306
vt 0.978887 0.239559
vt 0.991432 0.373355
vt 0.981803 0.239455
vt 0.989006 0.372473
vt 0.984723 0.239559
vt 0.987414 0.370534
vt 0.987602 0.239978
vt 0.988371 0.367490
vt 0.990476 0.240389
vt 0.990368 0.364636
vt 0.993358 0.240958
vt 0.996244 0.241779
vt 0.710772 0.460510
vt 0.707943 0.460822
vt 0.705160 0.461424
vt 0.702400 0.462122
vt 0.699607 0.462674
vt 0.696767 0.462874
vt 0.693933 0.462605
vt 0.691153 0.461989
vt 0.688397 0.461275
vt 0.685607 0.460707
vt 0.682769 0.460477
vt 0.977131 0.377186
vt 0.979240 0.372972
vt 0.972646 0.377903
vt 0.978375 0.368402
vt 0.973857 0.375195
vt 0.971591 0.371613
vt 0.975553 0.371418
vt 0.974594 0.369262
vt 0.990285 0.370831
vt 0.992446 0.371821
vt 0.989608 0.367960
vt 0.995210 0.371384
vt 0.993238 0.366813
vt 0.994600 0.368282
vt 0.992108 0.368950
vt 0.993791 0.369957
vt 0.784758 0.933498
vt 0.778758 0.933498
vt 0.772757 0.933498
vt 0.766756 0.933498
vt 0.760756 0.933498
vt 0.754755 0.933498
vt 0.748754 0.933498
vt 0.742754 0.933498
vt 0.736753 0.933498
vt 0.730752 0.933498
vt 0.724751 0.933498
vt 0.665982 0.710651
vt 0.660022 0.710651
vt 0.654063 0.710651
vt 0.648103 0.710651
vt 0.642144 0.710651
vt 0.636184 0.710651
vt 0.630225 0.710651
vt 0.624265 0.710651
vt 0.618305 0.710651
vt 0.612346 0.710651
vt 0.606386 0.710651
vt 0.843978 0.939590
vt 0.849890 0.939590
vt 0.849890 0.966194
vt 0.843978 0.966194
vt 0.838066 0.939590
vt 0.838066 0.966194
vt 0.832154 0.939590
vt 0.832154 0.966194
vt 0.826242 0.939590
vt 0.826242 0.966194
vt 0.820330 0.939590
vt 0.820330 0.966194
vt 0.814418 0.939590
vt 0.814418 0.966194
vt 0.808506 0.939590
vt 0.808506 0.966194
vt 0.802594 0.939590
vt 0.802594 0.966194
vt 0.796682 0.939590
vt 0.796682 0.966194
vt 0.790770 0.939590
vt 0.790770 0.966194
vt 0.665982 0.741939
vt 0.660022 0.741939
vt 0.654063 0.741939
vt 0.648103 0.741939
vt 0.642144 0.741939
vt 0.636184 0.741939
vt 0.630225 0.741939
vt 0.624265 0.741939
vt 0.618305 0.741939
vt 0.612346 0.741939
vt 0.606386 0.741939
vt 0.784758 0.965002
vt 0.778758 0.965002
vt 0.772757 0.965002
vt 0.766756 0.965002
vt 0.760756 0.965002
vt 0.754755 0.965002
vt 0.748754 0.965002
vt 0.742754 0.965002
vt 0.736753 0.965002
vt 0.730752 0.965002
vt 0.724751 0.965002
vt 0.539055 0.356349
vt 0.594658 0.000010
vt 0.600788 0.006138
vt 0.563816 0.356346
vt 0.569899 0.000013
vt 0.569945 0.362474
vt 0.594706 0.362471
vt 0.701155 0.000010
vt 0.701165 0.362472
vt 0.638591 0.000012
vt 0.663378 0.362471
vt 0.638618 0.362473
vt 0.461931 0.728488
vt 0.440890 0.728272
vt 0.478516 0.631604
vt 0.440304 0.647873
vt 0.454222 0.647866
vt 0.484432 0.623642
vt 0.487192 0.747069
vt 0.465546 0.719479
vt 0.478606 0.634946
vt 0.436963 0.647987
vt 0.485818 0.735585
vt 0.476497 0.648490
vt 0.425827 0.648366
vt 0.479732 0.736313
vt 0.483813 0.729046
vt 0.549964 0.455903
vt 0.597590 0.450015
vt 0.549962 0.442729
vt 0.543837 0.472208
vt 0.601154 0.437332
vt 0.549966 0.472208
vt 0.543838 0.477067
vt 0.605611 0.438184
vt 0.574723 0.446296
vt 0.549952 0.356348
vt 0.483883 0.771009
vt 0.489968 0.770281
vt 0.453838 0.958091
vt 0.486143 0.958091
vt 0.421529 0.958091
vt 0.389231 0.958091
vt 0.356938 0.958091
vt 0.324646 0.958091
vt 0.292351 0.958091
vt 0.260054 0.958091
vt 0.227604 0.958091
vt 0.194894 0.958091
vt 0.162596 0.958091
vt 0.130278 0.958091
vt 0.097958 0.958091
vt 0.065606 0.958091
vt 0.032834 0.958091
vt 0.004506 0.958091
vt 0.550610 0.958091
vt 0.518421 0.958091
vt 0.502213 0.964958
vt 0.468483 0.964958
vt 0.535997 0.964958
vt 0.570324 0.964958
vt 0.602885 0.964958
vt 0.000000 0.964958
vt 0.030062 0.964958
vt 0.064387 0.964958
vt 0.102500 0.964958
vt 0.139662 0.964958
vt 0.176043 0.964958
vt 0.212775 0.964958
vt 0.250427 0.964958
vt 0.288958 0.964958
vt 0.325170 0.964958
vt 0.361336 0.964958
vt 0.398196 0.964958
vt 0.433943 0.964958
vt 0.477764 0.979937
vt 0.509948 0.979937
vt 0.445574 0.979937
vt 0.413383 0.979937
vt 0.381195 0.979937
vt 0.349010 0.979937
vt 0.316850 0.979937
vt 0.289451 0.979937
vt 0.258069 0.979937
vt 0.225857 0.979937
vt 0.193664 0.979937
vt 0.161473 0.979937
vt 0.129276 0.979937
vt 0.097176 0.979937
vt 0.065863 0.979937
vt 0.033281 0.979937
vt 0.003872 0.979937
vt 0.541900 0.979937
vt 0.446391 0.972452
vt 0.414264 0.972452
vt 0.478519 0.972452
vt 0.510647 0.972452
vt 0.542563 0.972452
vt 0.000000 0.972452
vt 0.031547 0.972452
vt 0.060528 0.972452
vt 0.092153 0.972452
vt 0.124327 0.972452
vt 0.156456 0.972452
vt 0.188579 0.972452
vt 0.220696 0.972452
vt 0.253051 0.972452
vt 0.285769 0.972452
vt 0.317885 0.972452
vt 0.350010 0.972452
vt 0.382137 0.972452
vt 0.055300 0.691911
vt 0.102243 0.704536
vt 0.214247 0.483120
vt 0.175902 0.483100
vt 0.214225 0.474159
vt 0.430722 0.489861
vt 0.216619 0.573645
vt 0.254940 0.575143
vt 0.307425 0.621384
vt 0.071807 0.474282
vt 0.033454 0.474320
vt 0.142604 0.709294
vt 0.143032 0.483115
vt 0.397339 0.489641
vt 0.178273 0.573390
vt 0.356156 0.633591
vt 0.110152 0.474230
vt 0.252593 0.483061
vt 0.508277 0.491392
vt 0.484375 0.000352
vt 0.252609 0.491205
vt 0.071818 0.491242
vt 0.110166 0.491276
vt 0.445951 0.000328
vt 0.143032 0.491267
vt 0.303314 0.000338
vt 0.261521 0.491210
vt 0.024527 0.491259
vt 0.274712 0.495370
vt 0.278137 0.676528
vt 0.535755 0.602744
vt 0.027355 0.568308
vt 0.000000 0.668657
vt 0.285772 0.018411
vt 0.019135 0.000281
vt 0.774477 0.634141
vt 0.766103 0.628344
vt 0.784611 0.630251
vt 0.759811 0.629009
vt 0.753710 0.628305
vt 0.795134 0.853620
vt 0.803718 0.853668
vt 0.779174 0.847828
vt 0.394906 0.869841
vt 0.361016 0.647007
vt 0.370521 0.875208
vt 0.388368 0.653315
vt 0.397139 0.653520
vt 0.361174 0.883610
vt 0.412439 0.871744
vt 0.380839 0.653145
vt 0.378304 0.871498
vt 0.406262 0.871441
vt 0.647311 0.366730
vt 0.651825 0.368230
vt 0.656010 0.368752
vt 0.934965 0.657346
vt 0.962279 0.662496
vt 0.932600 0.657405
vt 0.632081 0.362371
vt 0.954853 0.663210
vt 0.631949 0.480287
vt 0.948649 0.773512
vt 0.669086 0.473381
vt 0.985750 0.766997
vt 0.687731 0.382361
vt 0.709114 0.380286
vt 0.685528 0.380283
vt 0.689624 0.384791
vt 0.692308 0.385471
vt 0.694871 0.386940
vt 0.698240 0.388103
vt 0.700320 0.387075
vt 0.701669 0.385612
vt 0.703632 0.383233
vt 0.706285 0.380602
vt 0.976648 0.239078
vt 0.979726 0.239458
vt 0.982601 0.238036
vt 0.985212 0.237358
vt 0.987859 0.237237
vt 0.990363 0.237414
vt 0.993577 0.236548
vt 0.996953 0.235226
vt 0.970259 0.236268
vt 0.967331 0.236072
vt 0.973451 0.237768
vt 0.970521 0.277239
vt 0.968014 0.275784
vt 0.995600 0.275685
vt 0.973111 0.278197
vt 0.976152 0.277091
vt 0.978849 0.276897
vt 0.981661 0.277671
vt 0.984578 0.278198
vt 0.987347 0.277315
vt 0.989938 0.276055
vt 0.992529 0.276082
vt 0.991224 0.260132
vt 0.969447 0.257887
vt 0.993813 0.259245
vt 0.988294 0.258908
vt 0.985362 0.258532
vt 0.983261 0.259550
vt 0.980948 0.260142
vt 0.978967 0.258961
vt 0.976796 0.258245
vt 0.974272 0.258050
vt 0.971700 0.257599
vt 0.933010 0.862510
vt 0.927048 0.862510
vt 0.986672 0.862510
vt 0.938973 0.862510
vt 0.944935 0.862510
vt 0.950898 0.862510
vt 0.956860 0.862510
vt 0.962822 0.862510
vt 0.968785 0.862510
vt 0.974747 0.862510
vt 0.980709 0.862510
vt 0.996576 0.347756
vt 0.995920 0.346916
vt 0.997808 0.345063
vt 0.994118 0.349957
vt 0.995003 0.343159
vt 0.994137 0.345087
vt 0.991788 0.349185
vt 0.996191 0.342375
vt 0.991492 0.343255
vt 0.992245 0.341315
vt 0.990945 0.350702
vt 0.989421 0.347327
vt 0.992955 0.340328
vt 0.989552 0.341849
vt 0.990376 0.340067
vt 0.988537 0.348797
vt 0.987915 0.344795
vt 0.988734 0.341542
vt 0.992004 0.336376
vt 0.992573 0.335186
vt 0.995056 0.337031
vt 0.990915 0.333505
vt 0.993609 0.333062
vt 0.996265 0.334189
vt 0.991150 0.331852
vt 0.997651 0.335177
vt 0.989081 0.331381
vt 0.997426 0.331630
vt 0.999016 0.332372
vt 0.998446 0.329554
vt 0.994853 0.330458
vt 0.995836 0.327824
vt 0.992289 0.329244
vt 0.993268 0.326670
vt 0.996227 0.326898
vt 0.990695 0.328446
vt 0.994134 0.351551
vt 0.996338 0.353761
vt 0.995067 0.355024
vt 0.992882 0.353000
vt 0.997138 0.356984
vt 0.992672 0.357325
vt 0.990405 0.354888
vt 0.991339 0.351686
vt 0.994881 0.359218
vt 0.991074 0.359342
vt 0.988631 0.356926
vt 0.988827 0.353096
vt 0.995681 0.359972
vt 0.993119 0.361307
vt 0.990021 0.360646
vt 0.987530 0.358258
vt 0.986822 0.354975
vt 0.988228 0.352306
vt 0.603596 0.703472
vt 0.543823 0.703472
vt 0.597619 0.703472
vt 0.591641 0.703472
vt 0.585664 0.703472
vt 0.579687 0.703472
vt 0.573709 0.703472
vt 0.567732 0.703472
vt 0.561755 0.703472
vt 0.555777 0.703472
vt 0.549800 0.703472
vt 0.918189 0.920208
vt 0.859026 0.920208
vt 0.912273 0.920208
vt 0.906356 0.920208
vt 0.900440 0.920208
vt 0.894524 0.920208
vt 0.888608 0.920208
vt 0.882691 0.920208
vt 0.876775 0.920208
vt 0.870859 0.920208
vt 0.864943 0.920208
vt 0.537265 0.900104
vt 0.490884 0.900104
vt 0.533057 0.900104
vt 0.528796 0.900104
vt 0.524551 0.900104
vt 0.520354 0.900104
vt 0.516201 0.900104
vt 0.512046 0.900104
vt 0.507892 0.900104
vt 0.503706 0.900104
vt 0.499462 0.900104
vt 0.495166 0.900104
vt 0.588844 0.480286
vt 0.597653 0.480286
vt 0.597653 0.486966
vt 0.588844 0.486966
vt 0.606702 0.480286
vt 0.606702 0.486966
vt 0.580217 0.480286
vt 0.580217 0.486966
vt 0.615342 0.480286
vt 0.615342 0.486966
vt 0.571718 0.480286
vt 0.571718 0.486966
vt 0.623884 0.480286
vt 0.623884 0.486966
vt 0.563336 0.480286
vt 0.563336 0.486966
vt 0.632795 0.480286
vt 0.632795 0.486966
vt 0.555004 0.480286
vt 0.555004 0.486966
vt 0.539010 0.480286
vt 0.539010 0.486966
vt 0.546531 0.480286
vt 0.546531 0.486966
vt 0.717254 0.474031
vt 0.659325 0.474031
vt 0.659325 0.478795
vt 0.717254 0.478795
vt 0.664503 0.474031
vt 0.664503 0.478795
vt 0.712073 0.474031
vt 0.712073 0.478795
vt 0.706851 0.474031
vt 0.706851 0.478795
vt 0.685629 0.474031
vt 0.690811 0.474031
vt 0.690811 0.478795
vt 0.685629 0.478795
vt 0.696164 0.474031
vt 0.696164 0.478795
vt 0.680378 0.474031
vt 0.680378 0.478795
vt 0.675050 0.474031
vt 0.675050 0.478795
vt 0.669739 0.474031
vt 0.669739 0.478795
vt 0.701541 0.474031
vt 0.701541 0.478795
vt 0.722436 0.474031
vt 0.722436 0.478795
vt 0.640514 0.480286
vt 0.640514 0.486966
vt 0.255611 0.758798
vt 0.186885 0.853050
vt 0.180282 0.845621
vt 0.255587 0.749124
vt 0.255461 0.697086
vt 0.284925 0.853527
vt 0.126009 0.854613
vt 0.119408 0.847183
vt 0.284903 0.843852
vt 0.284781 0.791814
vt 0.284824 0.759380
vt 0.241357 0.855372
vt 0.234754 0.847944
vt 0.284800 0.749705
vt 0.284672 0.697668
vt 0.260861 0.853543
vt 0.062685 0.853929
vt 0.056083 0.846499
vt 0.260838 0.843868
vt 0.260713 0.791831
vt 0.877140 0.482313
vt 0.875905 0.015359
vt 0.920440 0.374536
vt 0.832580 0.841484
vt 0.848404 0.475796
vt 0.862738 0.466964
vt 0.832595 0.475794
vt 0.874958 0.466964
vt 0.890308 0.000011
vt 0.884802 0.000010
vt 0.878088 0.000010
vt 0.875906 0.008839
vt 0.862732 0.859118
vt 0.868238 0.859120
vt 0.899125 0.383347
vt 0.904630 0.383347
vt 0.878075 0.392165
vt 0.920439 0.383335
vt 0.874950 0.859121
vt 0.832586 0.850289
vt 0.606386 0.362497
vt 0.608543 0.357189
vt 0.985753 0.662085
vt 0.924230 0.656466
vt 0.839978 0.439345
vt 0.857071 0.439055
vt 0.839501 0.405165
vt 0.856597 0.405161
vt 0.968818 0.591104
vt 0.968753 0.597480
vt 0.951696 0.591019
vt 0.951590 0.597244
vt 0.945622 0.597411
vt 0.928452 0.597195
vt 0.541419 0.619757
vt 0.541419 0.900104
vt 0.927784 0.631277
vt 0.792934 0.605840
vt 0.950922 0.631282
vt 0.739051 0.606692
vt 0.658234 0.995691
vt 0.639606 0.915018
vt 0.842423 0.988501
vt 0.032545 0.997825
vt 0.000000 0.982871
vt 0.370321 0.993484
vt 0.407183 0.991352
vt 0.677552 0.900104
vt 0.614001 0.991351
vt 0.353666 1.000000
vt 0.670942 0.982871
vt 0.390692 0.995691
vt 0.427226 0.993484
vt 0.231440 0.930119
vt 0.315496 0.997825
vt 0.272966 0.915018
vt 0.983049 0.355475
vt 0.982187 0.358691
vt 0.982187 0.352259
vt 0.979833 0.349904
vt 0.976617 0.349042
vt 0.973400 0.349904
vt 0.971046 0.352259
vt 0.970184 0.355475
vt 0.971046 0.358691
vt 0.973400 0.361046
vt 0.976617 0.361907
vt 0.979833 0.361046
vt 0.991144 0.395208
vt 0.990276 0.398446
vt 0.990276 0.391971
vt 0.987906 0.389600
vt 0.984668 0.388733
vt 0.981430 0.389600
vt 0.979060 0.391971
vt 0.978193 0.395208
vt 0.979060 0.398446
vt 0.981430 0.400816
vt 0.984668 0.401684
vt 0.987906 0.400816
vt 0.030808 0.885333
vt 0.021807 0.871569
vt 0.060843 0.871572
vt 0.047079 0.880573
vt 0.047079 0.878496
vt 0.023883 0.871569
vt 0.062684 0.871572
vt 0.030808 0.887615
vt 0.047078 0.887175
vt 0.209485 0.886781
vt 0.200482 0.873019
vt 0.239518 0.873015
vt 0.225755 0.882019
vt 0.225755 0.879942
vt 0.202558 0.873019
vt 0.209485 0.889063
vt 0.241358 0.873015
vt 0.225756 0.888621
vt 0.094134 0.886018
vt 0.085132 0.872254
vt 0.124168 0.872255
vt 0.110404 0.881258
vt 0.110404 0.879181
vt 0.087209 0.872255
vt 0.094134 0.888300
vt 0.126009 0.872256
vt 0.110404 0.887859
vt 0.155012 0.884458
vt 0.146009 0.870695
vt 0.185045 0.870693
vt 0.171282 0.879696
vt 0.171282 0.877619
vt 0.148086 0.870695
vt 0.155012 0.886740
vt 0.186886 0.870693
vt 0.171283 0.886298
vt 0.138965 0.853053
vt 0.271881 0.758759
vt 0.271868 0.753121
vt 0.138966 0.870695
vt 0.271858 0.749084
vt 0.152213 0.790644
vt 0.078089 0.854612
vt 0.301196 0.853488
vt 0.301183 0.847852
vt 0.078089 0.872254
vt 0.301173 0.843814
vt 0.091344 0.792204
vt 0.014765 0.853926
vt 0.277132 0.853504
vt 0.277118 0.847867
vt 0.014764 0.871569
vt 0.277109 0.843829
vt 0.028022 0.791519
vt 0.193437 0.855377
vt 0.301095 0.759340
vt 0.301081 0.753703
vt 0.193438 0.873019
vt 0.301071 0.749666
vt 0.206684 0.792967
vt 0.563986 0.930119
vt 0.000000 0.940375
vt 0.632581 0.964958
vt 0.581182 0.958091
vt 0.000000 0.950604
vt 0.000000 0.958091
vt 0.573973 0.972452
vt 0.559331 0.940375
vt 0.000000 0.950604
vt 0.573125 0.979937
vt 0.000000 0.972452
vt 0.000000 0.964958
vt 0.000000 0.915018
vt 0.694583 0.930119
vt 0.000000 0.995691
vt 0.658234 0.997825
vt 0.710926 0.915018
vt 0.000000 0.900104
vt 0.000000 0.982871
vt 0.000000 0.985674
vt 0.984171 0.988501
vt 0.984171 0.985674
vt 0.644612 0.982871
vt 0.644612 0.979937
vt 0.646248 0.991352
vt 0.646248 0.988501
vt 0.000000 0.997825
vt 0.643179 1.000000
vt 0.000000 0.993484
vt 0.636417 0.995691
vt 0.000000 0.991352
vt 0.661899 0.993484
vt 0.840257 0.456404
vt 0.965232 0.000010
vt 0.839498 0.422227
vt 0.941171 0.000009
vt 0.856636 0.422389
vt 0.857397 0.456281
vt 0.054927 0.520231
vt 0.049265 0.520231
vt 0.049265 0.514817
vt 0.054927 0.514817
vt 0.043366 0.520231
vt 0.043366 0.514817
vt 0.059507 0.520231
vt 0.059507 0.514817
vt 0.038408 0.520231
vt 0.038408 0.514817
vt 0.088708 0.520231
vt 0.083034 0.520231
vt 0.083034 0.514817
vt 0.088708 0.514817
vt 0.077140 0.520231
vt 0.077140 0.514817
vt 0.092641 0.520231
vt 0.092641 0.514817
vt 0.072197 0.520231
vt 0.072197 0.514817
vt 0.065958 0.520231
vt 0.065958 0.514817
vt 0.032192 0.520231
vt 0.032192 0.514817
vt 0.026418 0.520231
vt 0.026418 0.514817
vt 0.197443 0.512748
vt 0.207415 0.512748
vt 0.207415 0.519746
vt 0.197443 0.519746
vt 0.098811 0.512748
vt 0.104053 0.519746
vt 0.187319 0.512748
vt 0.187319 0.519746
vt 0.107797 0.512748
vt 0.107797 0.519746
vt 0.177248 0.512748
vt 0.177248 0.519746
vt 0.116857 0.512748
vt 0.116857 0.519746
vt 0.167158 0.512748
vt 0.167158 0.519746
vt 0.127361 0.512748
vt 0.127361 0.519746
vt 0.157512 0.512748
vt 0.157512 0.519746
vt 0.137576 0.512748
vt 0.137576 0.519746
vt 0.147845 0.512748
vt 0.147845 0.519746
vt 0.696521 0.485680
vt 0.701114 0.485680
vt 0.701114 0.488905
vt 0.696521 0.488905
vt 0.644887 0.485680
vt 0.647290 0.488905
vt 0.691162 0.485680
vt 0.691162 0.488905
vt 0.649469 0.485680
vt 0.649469 0.488905
vt 0.685961 0.485680
vt 0.685961 0.488905
vt 0.654134 0.485680
vt 0.654134 0.488905
vt 0.680692 0.485680
vt 0.680692 0.488905
vt 0.659595 0.485680
vt 0.659595 0.488905
vt 0.675424 0.485680
vt 0.675424 0.488905
vt 0.664833 0.485680
vt 0.664833 0.488905
vt 0.670103 0.485680
vt 0.670103 0.488905
vt 0.167003 0.525801
vt 0.161668 0.525801
vt 0.161668 0.523196
vt 0.167003 0.523196
vt 0.156482 0.525801
vt 0.156482 0.523196
vt 0.172571 0.525801
vt 0.172571 0.523196
vt 0.151456 0.525801
vt 0.151456 0.523196
vt 0.177295 0.525801
vt 0.177295 0.523196
vt 0.146373 0.525801
vt 0.146373 0.523196
vt 0.180250 0.525801
vt 0.181904 0.523196
vt 0.140875 0.525801
vt 0.140875 0.523196
vt 0.125429 0.525801
vt 0.125429 0.523196
vt 0.135488 0.525801
vt 0.135488 0.523196
vt 0.130121 0.525801
vt 0.130121 0.523196
vt 0.586036 0.489343
vt 0.581134 0.489343
vt 0.581134 0.486966
vt 0.586036 0.486966
vt 0.576267 0.489343
vt 0.576267 0.486966
vt 0.590213 0.489343
vt 0.590213 0.486966
vt 0.571429 0.489343
vt 0.571429 0.486966
vt 0.592459 0.489343
vt 0.594336 0.486966
vt 0.566757 0.489343
vt 0.566757 0.486966
vt 0.543119 0.489343
vt 0.543119 0.486966
vt 0.562093 0.489343
vt 0.562093 0.486966
vt 0.547446 0.489343
vt 0.547446 0.486966
vt 0.557249 0.489343
vt 0.557249 0.486966
vt 0.552501 0.489343
vt 0.552501 0.486966
vt 0.689682 0.482263
vt 0.695032 0.482263
vt 0.695032 0.485680
vt 0.689682 0.485680
vt 0.699601 0.482263
vt 0.699601 0.485680
vt 0.684753 0.482263
vt 0.684753 0.485680
vt 0.644887 0.482263
vt 0.647340 0.485680
vt 0.658921 0.482263
vt 0.664230 0.482263
vt 0.664230 0.485680
vt 0.658921 0.485680
vt 0.669853 0.482263
vt 0.669853 0.485680
vt 0.653772 0.482263
vt 0.653772 0.485680
vt 0.674860 0.482263
vt 0.674860 0.485680
vt 0.043715 0.537043
vt 0.037099 0.537043
vt 0.037099 0.535064
vt 0.043715 0.535064
vt 0.030676 0.537043
vt 0.030676 0.535064
vt 0.050270 0.537043
vt 0.050270 0.535064
vt 0.056589 0.537043
vt 0.056589 0.535064
vt 0.082392 0.537043
vt 0.075575 0.537043
vt 0.075575 0.535064
vt 0.082392 0.535064
vt 0.069194 0.537043
vt 0.069194 0.535064
vt 0.088459 0.537043
vt 0.088459 0.535064
vt 0.018595 0.537043
vt 0.094017 0.535064
vt 0.581070 0.362474
vt 0.585104 0.362474
vt 0.585104 0.363900
vt 0.581070 0.363900
vt 0.589172 0.362474
vt 0.589172 0.363900
vt 0.577026 0.362474
vt 0.577026 0.363900
vt 0.573001 0.362474
vt 0.573001 0.363900
vt 0.557015 0.362474
vt 0.560658 0.362474
vt 0.560658 0.363900
vt 0.557015 0.363900
vt 0.564723 0.362474
vt 0.564723 0.363900
vt 0.600640 0.362474
vt 0.599713 0.363900
vt 0.597116 0.362474
vt 0.597116 0.363900
vt 0.088467 0.522594
vt 0.096891 0.522594
vt 0.096891 0.526425
vt 0.088467 0.526425
vt 0.104372 0.522594
vt 0.104372 0.526425
vt 0.080359 0.522594
vt 0.080359 0.526425
vt 0.015701 0.522594
vt 0.018655 0.526425
vt 0.039621 0.522594
vt 0.048388 0.522594
vt 0.048388 0.526425
vt 0.039621 0.526425
vt 0.057128 0.522594
vt 0.057128 0.526425
vt 0.030670 0.522594
vt 0.030670 0.526425
vt 0.064953 0.522594
vt 0.064953 0.526425
vt 0.659218 0.478795
vt 0.663453 0.478795
vt 0.663453 0.482263
vt 0.659218 0.482263
vt 0.668128 0.478795
vt 0.668128 0.482263
vt 0.653800 0.478795
vt 0.653800 0.482263
vt 0.673242 0.478795
vt 0.673242 0.482263
vt 0.688533 0.478795
vt 0.694035 0.478795
vt 0.694035 0.482263
vt 0.688533 0.482263
vt 0.698742 0.478795
vt 0.698742 0.482263
vt 0.683271 0.478795
vt 0.683271 0.482263
vt 0.644887 0.478795
vt 0.647353 0.482263
vt 0.087773 0.539319
vt 0.093460 0.539319
vt 0.020548 0.541338
vt 0.087773 0.541338
vt 0.024783 0.539319
vt 0.024783 0.541338
vt 0.081940 0.539319
vt 0.081940 0.541338
vt 0.075580 0.539319
vt 0.075580 0.541338
vt 0.050052 0.539319
vt 0.056329 0.539319
vt 0.056329 0.541338
vt 0.050052 0.541338
vt 0.062773 0.539319
vt 0.062773 0.541338
vt 0.043781 0.539319
vt 0.043781 0.541338
vt 0.037547 0.539319
vt 0.037547 0.541338
vt 0.621823 0.001754
vt 0.618668 0.001754
vt 0.618668 0.000010
vt 0.621823 0.000010
vt 0.615571 0.001754
vt 0.615571 0.000010
vt 0.624955 0.001754
vt 0.624955 0.000010
vt 0.628065 0.001754
vt 0.628065 0.000010
vt 0.603063 0.001754
vt 0.599912 0.001754
vt 0.599912 0.000010
vt 0.603063 0.000010
vt 0.596761 0.001754
vt 0.596761 0.000010
vt 0.606214 0.001754
vt 0.606214 0.000010
vt 0.609356 0.001754
vt 0.609356 0.000010
vt 0.123896 0.527994
vt 0.128891 0.527994
vt 0.128891 0.531558
vt 0.123896 0.531558
vt 0.135045 0.527994
vt 0.135045 0.531558
vt 0.119969 0.527994
vt 0.119969 0.531558
vt 0.140993 0.527994
vt 0.140993 0.531558
vt 0.180183 0.527994
vt 0.180183 0.531558
vt 0.146812 0.527994
vt 0.146812 0.531558
vt 0.175014 0.527994
vt 0.175014 0.531558
vt 0.152548 0.527994
vt 0.152548 0.531558
vt 0.169177 0.527994
vt 0.169177 0.531558
vt 0.158098 0.527994
vt 0.158098 0.531558
vt 0.163598 0.527994
vt 0.163598 0.531558
vt 0.561723 0.479482
vt 0.556931 0.479482
vt 0.556931 0.477066
vt 0.561723 0.477066
vt 0.552731 0.479482
vt 0.552731 0.477066
vt 0.566567 0.479482
vt 0.566567 0.477066
vt 0.602027 0.479482
vt 0.603688 0.477066
vt 0.571473 0.479482
vt 0.571473 0.477066
vt 0.599347 0.479482
vt 0.599347 0.477066
vt 0.576270 0.479482
vt 0.576270 0.477066
vt 0.594995 0.479482
vt 0.594995 0.477066
vt 0.580950 0.479482
vt 0.580950 0.477066
vt 0.590184 0.479482
vt 0.590184 0.477066
vt 0.585549 0.479482
vt 0.585549 0.477066
vt 0.043831 0.532036
vt 0.038157 0.532036
vt 0.038157 0.529471
vt 0.043831 0.529471
vt 0.032341 0.532036
vt 0.032341 0.529471
vt 0.049156 0.532036
vt 0.049156 0.529471
vt 0.027463 0.532036
vt 0.027463 0.529471
vt 0.054271 0.532036
vt 0.054271 0.529471
vt 0.083218 0.532036
vt 0.085017 0.529471
vt 0.059642 0.532036
vt 0.059642 0.529471
vt 0.080446 0.532036
vt 0.080446 0.529471
vt 0.064968 0.532036
vt 0.064968 0.529471
vt 0.075685 0.532036
vt 0.075685 0.529471
vt 0.070184 0.532036
vt 0.070184 0.529471
vt 0.072499 0.522594
vt 0.072499 0.526425
vt 0.022926 0.522594
vt 0.022926 0.526425
vt 0.649335 0.478795
vt 0.649335 0.482263
vt 0.678132 0.478795
vt 0.678132 0.482263
vt 0.069214 0.539319
vt 0.069214 0.541338
vt 0.030898 0.539319
vt 0.030898 0.541338
vt 0.631179 0.001754
vt 0.631179 0.000010
vt 0.634318 0.001754
vt 0.634318 0.000010
vt 0.612471 0.001754
vt 0.612471 0.000010
vt 0.679690 0.482263
vt 0.679690 0.485680
vt 0.649425 0.482263
vt 0.649425 0.485680
vt 0.062941 0.537043
vt 0.062941 0.535064
vt 0.024358 0.537043
vt 0.024358 0.535064
vt 0.568854 0.362474
vt 0.568854 0.363900
vt 0.593371 0.362474
vt 0.593371 0.363900
vt 0.548635 0.477066
vt 0.550291 0.479482
vt 0.092208 0.541338
vt 0.019342 0.539319
vt 0.022622 0.529471
vt 0.024577 0.532036
vt 0.182911 0.531558
vt 0.185390 0.527994
vt 0.539010 0.486966
vt 0.540555 0.489343
vt 0.120831 0.523196
vt 0.123049 0.525801
vt 0.703577 0.488905
vt 0.705729 0.485680
vt 0.215657 0.519746
vt 0.215657 0.512748
vt 0.018595 0.535064
vt 0.092722 0.537043
vt 0.553448 0.362474
vt 0.554309 0.363900
vt 0.701983 0.485680
vt 0.703968 0.482263
vt 0.700503 0.482263
vt 0.703399 0.478795
vt 0.108799 0.526425
vt 0.111355 0.522594
vn -0.364152 0.924341 0.113962
vn -0.247755 0.943294 0.220940
vn -0.313359 0.939255 0.140022
vn -0.291758 0.955229 0.049142
vn -0.036948 0.850895 0.524035
vn -0.141594 0.912656 0.383419
vn 0.092868 0.688957 0.718828
vn 0.082077 0.841562 0.533889
vn 0.219061 0.606892 0.763998
vn 0.255075 0.776860 0.575695
vn 0.352564 0.546264 0.759799
vn 0.451133 0.693323 0.561945
vn 0.412869 0.605448 0.680420
vn 0.526310 0.682907 0.506592
vn 0.229664 0.786787 0.572905
vn 0.296829 0.857398 0.420430
vn 0.017086 0.893396 0.448944
vn 0.070081 0.958007 0.278051
vn 0.287983 0.854396 0.432520
vn 0.285973 0.918745 0.272261
vn 0.532482 0.699011 0.477332
vn 0.498819 0.780451 0.376930
vn 0.485807 0.691888 0.534118
vn 0.519108 0.720460 0.459852
vn 0.440912 0.777339 0.448711
vn 0.530645 0.756154 0.382945
vn 0.445041 0.875770 0.186993
vn 0.524037 0.830388 0.189316
vn 0.391470 0.919564 0.033971
vn 0.400266 0.914179 0.063747
vn -0.393179 0.915828 0.081669
vn -0.214648 0.976651 -0.008836
vn -0.327425 0.931197 0.160203
vn 0.077336 0.988454 0.130300
vn 0.324656 0.943483 0.066623
vn 0.547860 0.834511 0.058656
vn 0.616165 0.779486 0.112885
vn 0.428058 0.897921 0.102488
vn 0.185236 0.982226 -0.030311
vn 0.233461 0.971357 -0.044285
vn 0.385765 0.912884 0.133526
vn 0.506185 0.806635 0.305151
vn 0.606990 0.717002 0.342741
vn 0.555128 0.784912 0.275220
vn 0.449556 0.871622 0.195382
vn -0.437240 0.896723 0.068629
vn -0.215955 0.975731 0.036237
vn -0.355412 0.930447 0.089166
vn 0.135840 0.990495 0.021632
vn 0.372077 0.925363 -0.072541
vn 0.524173 0.848567 -0.071956
vn 0.569301 0.822018 -0.013511
vn 0.493082 0.869876 -0.013626
vn 0.261283 0.961399 -0.086278
vn 0.152793 0.986507 -0.058802
vn 0.228001 0.970127 0.082884
vn 0.399805 0.876999 0.266513
vn 0.584692 0.702574 0.405617
vn 0.591713 0.722186 0.358221
vn 0.541279 0.808617 0.230554
vn -0.459772 0.885976 0.060461
vn -0.186215 0.978887 0.084281
vn -0.310417 0.950495 0.014152
vn 0.191186 0.981291 -0.022725
vn 0.409429 0.911615 -0.036404
vn 0.521951 0.849709 -0.074578
vn 0.545597 0.831589 -0.103844
vn 0.509609 0.853832 -0.106159
vn 0.280335 0.955334 -0.093542
vn 0.056455 0.997837 -0.033668
vn 0.123983 0.990375 0.061536
vn 0.336094 0.918081 0.210164
vn 0.605937 0.732222 0.310953
vn 0.681847 0.679026 0.272046
vn 0.659777 0.723318 0.203729
vn -0.417346 0.908111 -0.034009
vn -0.130131 0.991178 0.025127
vn -0.271170 0.953231 -0.133480
vn 0.173525 0.968410 -0.179087
vn 0.418912 0.894641 -0.155342
vn 0.578093 0.788197 -0.211079
vn 0.570261 0.757254 -0.318384
vn 0.447578 0.820882 -0.354720
vn 0.183059 0.947161 -0.263391
vn -0.030910 0.991044 -0.129910
vn 0.067736 0.996808 -0.042260
vn 0.287278 0.957005 0.040155
vn 0.606589 0.786519 0.115919
vn 0.747742 0.652244 0.124339
vn 0.772403 0.626571 0.103935
vn -0.296752 0.935519 -0.191685
vn 0.005055 0.992358 -0.123292
vn -0.240395 0.902749 -0.356728
vn 0.075281 0.909606 -0.408594
vn 0.382006 0.843706 -0.377136
vn 0.617432 0.683968 -0.388542
vn 0.568671 0.672097 -0.474235
vn 0.337818 0.804931 -0.487818
vn -0.006334 0.924962 -0.380008
vn -0.112339 0.963053 -0.244762
vn 0.012800 0.984139 -0.176938
vn 0.204595 0.966594 -0.154391
vn 0.553157 0.825546 -0.111766
vn 0.756761 0.649220 -0.076324
vn 0.811638 0.578227 -0.083051
vn -0.206476 0.949388 -0.236705
vn 0.081428 0.989477 -0.119601
vn -0.176264 0.905585 -0.385807
vn 0.033263 0.867584 -0.496177
vn 0.341291 0.782868 -0.520230
vn 0.624165 0.617787 -0.478285
vn 0.580084 0.673019 -0.458855
vn 0.274555 0.844209 -0.460359
vn -0.125123 0.938327 -0.322316
vn -0.145236 0.945789 -0.290498
vn -0.017500 0.953394 -0.301221
vn 0.185058 0.933365 -0.307543
vn 0.538418 0.781671 -0.314796
vn 0.713908 0.638557 -0.287369
vn 0.757113 0.604077 -0.248739
vn -0.051056 0.964426 -0.259376
vn -0.120651 0.964869 -0.233393
vn 0.069112 0.918477 -0.389388
vn 0.361619 0.816173 -0.450658
vn 0.627918 0.735103 -0.255624
vn 0.679761 0.725332 -0.108713
vn -0.069620 0.965909 -0.249345
vn -0.161044 0.964787 -0.207970
vn 0.009438 0.950635 -0.310169
vn 0.207897 0.922194 -0.326095
vn 0.531602 0.796354 -0.288478
vn 0.666505 0.715299 -0.210043
vn 0.641839 0.752652 -0.146827
vn 0.015563 0.988886 -0.147861
vn -0.018022 0.992437 -0.121422
vn 0.180352 0.960819 -0.210477
vn 0.330251 0.933703 -0.138323
vn 0.526595 0.849108 0.041400
vn 0.613211 0.774362 0.156000
vn 0.029076 0.993110 -0.113523
vn -0.046381 0.992297 -0.114870
vn 0.033944 0.987145 -0.156180
vn 0.191708 0.976606 -0.097416
vn 0.511375 0.859239 -0.014286
vn 0.616680 0.785947 0.044637
vn 0.542150 0.835857 0.086124
vn 0.095810 0.986366 -0.133798
vn 0.004588 0.998094 -0.061535
vn 0.207938 0.956955 -0.202482
vn 0.258225 0.948679 -0.182558
vn 0.420442 0.899160 -0.121411
vn 0.505598 0.861358 -0.049326
vn 0.570702 0.779951 0.256858
vn 0.507309 0.860526 0.046182
vn 0.063927 0.997624 -0.025708
vn 0.079795 0.995823 0.044371
vn 0.015128 0.999507 -0.027501
vn 0.091677 0.995227 0.033456
vn 0.459220 0.882992 0.097170
vn 0.610567 0.786312 0.094454
vn 0.551549 0.830608 0.076713
vn 0.195836 0.963877 -0.180526
vn 0.153996 0.983187 -0.098127
vn 0.226262 0.939764 -0.256222
vn 0.226359 0.937076 -0.265803
vn 0.328908 0.908250 -0.258652
vn 0.405461 0.892061 -0.199574
vn 0.417536 0.893731 -0.164038
vn 0.040127 0.980675 -0.191487
vn 0.105846 0.981884 -0.157164
vn 0.044478 0.962288 -0.268371
vn 0.352836 0.910105 -0.217291
vn 0.590996 0.801526 -0.090993
vn 0.602318 0.797944 -0.022327
vn 0.261512 0.939592 -0.220859
vn 0.246255 0.957802 -0.148237
vn 0.232757 0.932902 -0.274804
vn 0.231909 0.938050 -0.257450
vn 0.331881 0.918531 -0.214837
vn 0.388221 0.903871 -0.179727
vn 0.084473 0.939083 -0.333148
vn 0.140559 0.955763 -0.258382
vn 0.090984 0.904716 -0.416187
vn 0.202741 0.892985 -0.401839
vn 0.455105 0.837958 -0.301173
vn 0.602889 0.769949 -0.209050
vn 0.180201 0.936925 -0.299498
vn 0.185241 0.944489 -0.271342
vn 0.317696 0.883677 -0.343779
vn 0.543294 0.769996 -0.334572
vn 0.000000 1.000000 -0.000000
vn 0.000000 1.000000 -0.000000
vn 0.000000 1.000000 -0.000000
vn 0.000000 1.000000 -0.000000
vn 0.000000 0.000000 -1.000000
vn 0.000000 0.000000 -1.000000
vn 0.000000 0.000000 -1.000000
vn 0.000000 0.000000 -1.000000
vn 0.000000 -1.000000 -0.000000
vn 0.000000 -1.000000 -0.000000
vn 0.000000 -1.000000 -0.000000
vn 0.000000 -1.000000 -0.000000
vn 0.000000 0.994274 -0.106861
vn 0.000000 0.994274 -0.106861
vn 0.000000 0.994274 -0.106861
vn 0.000000 0.994274 -0.106861
vn 0.000000 -0.106859 -0.994274
vn 0.000000 -0.106859 -0.994274
vn 0.000000 -0.106859 -0.994274
vn 0.000000 -0.106859 -0.994274
vn 0.000000 -0.994274 0.106862
vn 0.000000 -0.994274 0.106862
vn 0.000000 -0.994274 0.106862
vn 0.000000 -0.994274 0.106862
vn 0.000000 0.995303 -0.096811
vn 0.000000 0.995303 -0.096811
vn 0.000000 0.995303 -0.096811
vn 0.000000 0.995303 -0.096811
vn -0.000000 0.999949 0.010152
vn -0.000000 0.999949 0.010152
vn -0.000000 0.999949 0.010152
vn -0.000000 0.999949 0.010152
vn 0.000000 0.000000 1.000000
vn 0.000000 0.000000 1.000000
vn 0.000000 0.000000 1.000000
vn 0.000000 0.000000 1.000000
vn 1.000000 0.000000 -0.000001
vn 1.000000 0.000000 -0.000001
vn 1.000000 0.000000 -0.000001
vn 1.000000 0.000000 -0.000001
vn 0.000000 0.000000 -1.000000
vn 0.000000 0.000000 -1.000000
vn 0.000000 0.000000 -1.000000
vn 0.000000 0.000000 -1.000000
vn 0.000000 -0.078444 -0.996919
vn 0.000000 -0.078444 -0.996919
vn 0.000000 -0.078444 -0.996919
vn 0.000000 -0.078444 -0.996919
vn 0.000000 0.106861 0.994274
vn 0.000000 0.106861 0.994274
vn 0.000000 0.106861 0.994274
vn 0.000000 0.106861 0.994274
vn 1.000000 -0.000000 0.000000
vn 1.000000 -0.000000 0.000000
vn 1.000000 -0.000000 0.000000
vn 1.000000 -0.000000 0.000000
vn -1.000000 0.000000 0.000000
vn -1.000000 0.000000 0.000000
vn -1.000000 0.000000 0.000000
vn -1.000000 0.000000 0.000000
vn 0.000000 -0.627495 0.778620
vn 0.000000 -0.627495 0.778620
vn 0.000000 -0.627495 0.778620
vn 0.000000 -0.627495 0.778620
vn 0.000000 -0.707107 0.707107
vn 0.000000 -0.707107 0.707107
vn 0.000000 -0.707107 0.707107
vn 0.000000 -0.707107 0.707107
vn -1.000000 -0.000000 0.000001
vn -1.000000 -0.000000 0.000000
vn -1.000000 0.000000 0.000001
vn -1.000000 0.000000 0.000001
vn 0.000000 0.627495 -0.778620
vn 0.000000 0.627495 -0.778620
vn 0.000000 0.627495 -0.778620
vn 0.000000 0.627495 -0.778620
vn 0.000000 0.707106 -0.707107
vn 0.000000 0.707106 -0.707107
vn 0.000000 0.707106 -0.707107
vn 0.000000 0.707106 -0.707107
vn 1.000000 0.000000 0.000000
vn 1.000000 0.000000 0.000000
vn 1.000000 0.000000 0.000000
vn 1.000000 0.000000 0.000000
vn -1.000000 0.000000 0.000000
vn -1.000000 0.000000 0.000000
vn -1.000000 0.000000 0.000000
vn -1.000000 0.000000 0.000000
vn -1.000000 -0.000000 -0.000000
vn -1.000000 -0.000000 -0.000000
vn -1.000000 -0.000000 -0.000000
vn -1.000000 -0.000000 -0.000000
vn 1.000000 -0.000000 0.000000
vn 1.000000 -0.000000 0.000000
vn 1.000000 -0.000000 0.000000
vn 1.000000 -0.000000 0.000000
vn 0.428025 -0.810055 -0.400757
vn 0.428025 -0.810055 -0.400757
vn 0.428025 -0.810055 -0.400757
vn 0.428025 -0.810055 -0.400757
vn -0.180679 -0.846032 -0.501583
vn -0.180679 -0.846032 -0.501583
vn -0.180679 -0.846032 -0.501583
vn -0.180679 -0.846032 -0.501583
vn -0.720377 -0.558833 -0.410808
vn -0.720377 -0.558833 -0.410808
vn -0.720377 -0.558833 -0.410808
vn -0.720377 -0.558833 -0.410808
vn -0.984886 -0.058203 -0.163134
vn -0.984886 -0.058203 -0.163134
vn -0.984886 -0.058203 -0.163134
vn -0.984886 -0.058203 -0.163134
vn -0.873228 0.464659 0.146852
vn -0.873228 0.464659 0.146852
vn -0.873228 0.464659 0.146852
vn -0.873228 0.464659 0.146852
vn -0.428027 0.810054 0.400755
vn -0.428027 0.810054 0.400755
vn -0.428027 0.810054 0.400755
vn -0.428027 0.810054 0.400755
vn 0.180692 0.846028 0.501584
vn 0.180692 0.846028 0.501584
vn 0.180692 0.846028 0.501584
vn 0.180692 0.846028 0.501584
vn 0.720368 0.558840 0.410814
vn 0.720368 0.558840 0.410814
vn 0.720368 0.558840 0.410814
vn 0.720368 0.558840 0.410814
vn 0.984885 0.058206 0.163134
vn 0.984885 0.058206 0.163134
vn 0.984885 0.058206 0.163134
vn 0.984885 0.058206 0.163134
vn 0.873231 -0.464655 -0.146848
vn 0.873230 -0.464655 -0.146848
vn 0.873230 -0.464655 -0.146848
vn 0.873231 -0.464655 -0.146848
vn 0.209884 0.652727 0.727940
vn 0.209884 0.652727 0.727940
vn 0.209884 0.652727 0.727940
vn 0.209883 0.652727 0.727940
vn 0.076819 0.238179 0.968179
vn 0.076819 0.238179 0.968179
vn 0.076819 0.238179 0.968179
vn 0.076819 0.238179 0.968179
vn -0.076857 -0.241379 0.967383
vn -0.076857 -0.241379 0.967383
vn -0.076857 -0.241379 0.967383
vn -0.076857 -0.241379 0.967383
vn -0.213658 -0.668577 0.712289
vn -0.213658 -0.668577 0.712289
vn -0.213658 -0.668577 0.712289
vn -0.213658 -0.668577 0.712289
vn -0.294281 -0.920008 0.258813
vn -0.294281 -0.920008 0.258813
vn -0.294281 -0.920008 0.258813
vn -0.294281 -0.920008 0.258813
vn -0.294502 -0.919937 -0.258813
vn -0.294502 -0.919937 -0.258813
vn -0.294502 -0.919937 -0.258813
vn -0.294502 -0.919937 -0.258813
vn -0.215811 -0.673376 -0.707100
vn -0.215811 -0.673376 -0.707100
vn -0.215811 -0.673376 -0.707100
vn -0.215811 -0.673376 -0.707100
vn -0.078516 -0.243897 -0.966618
vn -0.078516 -0.243897 -0.966618
vn -0.078516 -0.243897 -0.966618
vn -0.078516 -0.243897 -0.966618
vn 0.076856 0.241375 -0.967384
vn 0.076856 0.241375 -0.967384
vn 0.076856 0.241375 -0.967384
vn 0.076856 0.241375 -0.967384
vn 0.210278 0.656886 -0.724074
vn 0.210278 0.656886 -0.724074
vn 0.210278 0.656886 -0.724074
vn 0.210278 0.656886 -0.724074
vn 0.291569 0.908683 -0.298804
vn 0.291569 0.908683 -0.298804
vn 0.291569 0.908683 -0.298804
vn 0.291569 0.908683 -0.298804
vn 0.295526 0.919661 0.258627
vn 0.295526 0.919661 0.258627
vn 0.295526 0.919661 0.258627
vn 0.295526 0.919661 0.258627
vn 0.208084 0.668108 -0.714376
vn 0.208084 0.668108 -0.714376
vn 0.208084 0.668108 -0.714376
vn 0.208083 0.668108 -0.714376
vn 0.080804 0.243260 -0.966590
vn 0.080804 0.243260 -0.966590
vn 0.080804 0.243260 -0.966590
vn 0.080804 0.243260 -0.966590
vn -0.083989 -0.243632 -0.966224
vn -0.083989 -0.243632 -0.966224
vn -0.083989 -0.243632 -0.966224
vn -0.083989 -0.243632 -0.966224
vn -0.232869 -0.667665 -0.707104
vn -0.232869 -0.667665 -0.707104
vn -0.232869 -0.667665 -0.707104
vn -0.232869 -0.667665 -0.707104
vn -0.318104 -0.912043 -0.258821
vn -0.318104 -0.912043 -0.258821
vn -0.318104 -0.912043 -0.258821
vn -0.318104 -0.912043 -0.258821
vn -0.318104 -0.912043 0.258821
vn -0.318104 -0.912043 0.258821
vn -0.318104 -0.912043 0.258821
vn -0.318104 -0.912043 0.258821
vn -0.229857 -0.666103 0.709558
vn -0.229857 -0.666103 0.709558
vn -0.229857 -0.666103 0.709558
vn -0.229857 -0.666103 0.709558
vn -0.081079 -0.243223 0.966576
vn -0.081079 -0.243223 0.966576
vn -0.081079 -0.243223 0.966576
vn -0.081079 -0.243223 0.966576
vn 0.077020 0.244057 0.966698
vn 0.077020 0.244057 0.966698
vn 0.077020 0.244057 0.966698
vn 0.077020 0.244057 0.966698
vn 0.197692 0.671681 0.713977
vn 0.197692 0.671681 0.713977
vn 0.197692 0.671681 0.713977
vn 0.197692 0.671681 0.713977
vn 0.260356 0.929559 0.261027
vn 0.260356 0.929559 0.261027
vn 0.260356 0.929559 0.261027
vn 0.260356 0.929559 0.261027
vn 0.266703 0.924845 -0.271167
vn 0.266703 0.924845 -0.271167
vn 0.266703 0.924845 -0.271167
vn 0.266703 0.924845 -0.271167
vn -0.950777 0.309875 0.000754
vn -0.950237 0.311508 -0.003625
vn -0.947134 0.320833 0.001815
vn -0.947105 0.320924 -0.000084
vn -0.945496 0.325631 -0.000830
vn -0.945144 0.326653 -0.001174
vn -0.945221 0.326430 -0.000000
vn -0.945100 0.326778 0.001393
vn -0.944956 0.327191 0.002064
vn -0.945750 0.324888 0.002122
vn -0.947555 0.319569 0.003940
vn -0.948886 0.315528 0.007642
vn -0.949226 0.314458 0.009245
vn 0.967412 -0.253179 0.003892
vn 0.967412 -0.253179 0.003892
vn 0.967412 -0.253179 0.003892
vn 0.967412 -0.253179 0.003892
vn 0.954803 -0.296933 -0.013467
vn 0.954803 -0.296933 -0.013467
vn 0.954803 -0.296933 -0.013467
vn 0.954803 -0.296933 -0.013467
vn 0.944747 -0.327470 -0.014713
vn 0.944747 -0.327470 -0.014713
vn 0.944747 -0.327470 -0.014713
vn 0.944747 -0.327470 -0.014713
vn 0.940787 -0.338788 -0.011942
vn 0.940787 -0.338788 -0.011942
vn 0.940787 -0.338788 -0.011942
vn 0.940787 -0.338788 -0.011942
vn 0.938636 -0.344875 -0.004936
vn 0.938636 -0.344875 -0.004936
vn 0.938636 -0.344875 -0.004936
vn 0.938636 -0.344875 -0.004936
vn 0.938635 -0.344876 0.004936
vn 0.938635 -0.344876 0.004936
vn 0.938635 -0.344876 0.004936
vn 0.938635 -0.344876 0.004936
vn 0.940807 -0.338814 0.009295
vn 0.940807 -0.338814 0.009295
vn 0.940807 -0.338814 0.009295
vn 0.940807 -0.338814 0.009295
vn 0.948074 -0.317585 0.017186
vn 0.948074 -0.317585 0.017186
vn 0.948074 -0.317585 0.017186
vn 0.948074 -0.317585 0.017186
vn 0.960212 -0.278751 0.017049
vn 0.960212 -0.278751 0.017049
vn 0.960212 -0.278751 0.017049
vn 0.960212 -0.278751 0.017049
vn 0.971838 -0.235645 -0.001821
vn 0.971838 -0.235645 -0.001821
vn 0.971838 -0.235645 -0.001821
vn 0.971838 -0.235645 -0.001821
vn 0.973575 -0.228289 0.005968
vn 0.973575 -0.228289 0.005968
vn 0.973575 -0.228289 0.005968
vn 0.973575 -0.228289 0.005968
vn 0.973562 -0.226344 0.030757
vn 0.973562 -0.226344 0.030757
vn 0.973562 -0.226344 0.030757
vn 0.973562 -0.226344 0.030757
vn -0.958449 0.284985 -0.012600
vn -0.958449 0.284985 -0.012600
vn -0.958449 0.284985 -0.012600
vn -0.958449 0.284985 -0.012600
vn -0.950445 0.310812 -0.007059
vn -0.950445 0.310812 -0.007059
vn -0.950445 0.310812 -0.007059
vn -0.950445 0.310812 -0.007059
vn -0.946254 0.323221 -0.011483
vn -0.946254 0.323221 -0.011483
vn -0.946254 0.323221 -0.011483
vn -0.946254 0.323221 -0.011483
vn -0.947461 0.319710 -0.010145
vn -0.947461 0.319710 -0.010145
vn -0.947461 0.319710 -0.010145
vn -0.947461 0.319710 -0.010145
vn -0.948683 0.316206 -0.003713
vn -0.948683 0.316206 -0.003713
vn -0.948683 0.316206 -0.003713
vn -0.948683 0.316206 -0.003713
vn -0.948683 0.316207 0.003713
vn -0.948683 0.316207 0.003713
vn -0.948683 0.316207 0.003713
vn -0.948683 0.316207 0.003713
vn -0.947462 0.319709 0.010145
vn -0.947462 0.319709 0.010145
vn -0.947462 0.319709 0.010145
vn -0.947462 0.319709 0.010145
vn -0.946254 0.323222 0.011482
vn -0.946253 0.323222 0.011482
vn -0.946253 0.323222 0.011482
vn -0.946253 0.323222 0.011482
vn -0.950370 0.311050 0.006654
vn -0.950370 0.311050 0.006654
vn -0.950370 0.311050 0.006654
vn -0.950370 0.311050 0.006654
vn -0.958190 0.285953 0.010111
vn -0.958190 0.285953 0.010111
vn -0.958191 0.285953 0.010111
vn -0.958191 0.285953 0.010111
vn -0.963500 0.266636 0.023930
vn -0.963500 0.266636 0.023930
vn -0.963500 0.266636 0.023930
vn -0.963500 0.266636 0.023929
vn -0.963171 0.268036 -0.021400
vn -0.963171 0.268036 -0.021400
vn -0.963171 0.268036 -0.021400
vn -0.963171 0.268036 -0.021400
vn 0.198178 0.658694 -0.725843
vn 0.198178 0.658694 -0.725843
vn 0.198178 0.658694 -0.725843
vn 0.198178 0.658694 -0.725843
vn 0.074077 0.241372 -0.967601
vn 0.074077 0.241372 -0.967601
vn 0.074077 0.241372 -0.967601
vn 0.074077 0.241372 -0.967601
vn -0.075699 -0.244593 -0.966667
vn -0.075699 -0.244593 -0.966667
vn -0.075699 -0.244593 -0.966666
vn -0.075699 -0.244593 -0.966667
vn -0.210474 -0.675167 -0.707001
vn -0.210474 -0.675167 -0.707001
vn -0.210474 -0.675167 -0.707001
vn -0.210474 -0.675167 -0.707001
vn -0.287564 -0.922148 -0.258746
vn -0.287564 -0.922148 -0.258746
vn -0.287564 -0.922148 -0.258746
vn -0.287564 -0.922148 -0.258746
vn -0.287564 -0.922148 0.258746
vn -0.287564 -0.922148 0.258746
vn -0.287564 -0.922148 0.258746
vn -0.287564 -0.922148 0.258746
vn -0.207507 -0.670102 0.712674
vn -0.207507 -0.670102 0.712674
vn -0.207507 -0.670102 0.712674
vn -0.207507 -0.670102 0.712674
vn -0.074125 -0.241399 0.967591
vn -0.074125 -0.241399 0.967591
vn -0.074125 -0.241399 0.967591
vn -0.074125 -0.241399 0.967591
vn 0.071888 0.238864 0.968389
vn 0.071888 0.238864 0.968389
vn 0.071888 0.238864 0.968388
vn 0.071888 0.238864 0.968389
vn 0.189531 0.657876 0.728888
vn 0.189531 0.657876 0.728888
vn 0.189531 0.657876 0.728888
vn 0.189531 0.657876 0.728888
vn 0.261219 0.929939 0.258802
vn 0.261219 0.929939 0.258802
vn 0.261219 0.929939 0.258802
vn 0.261219 0.929939 0.258802
vn 0.263975 0.916427 -0.300797
vn 0.263975 0.916427 -0.300797
vn 0.263975 0.916427 -0.300797
vn 0.263975 0.916427 -0.300797
vn 0.225026 0.672997 -0.704584
vn 0.225026 0.672997 -0.704584
vn 0.225026 0.672997 -0.704584
vn 0.225026 0.672997 -0.704584
vn 0.083738 0.246028 -0.965639
vn 0.083738 0.246028 -0.965639
vn 0.083738 0.246028 -0.965639
vn 0.083738 0.246028 -0.965639
vn -0.084491 -0.245068 -0.965817
vn -0.084491 -0.245068 -0.965817
vn -0.084491 -0.245068 -0.965817
vn -0.084491 -0.245068 -0.965817
vn -0.232228 -0.668487 -0.706537
vn -0.232228 -0.668487 -0.706537
vn -0.232228 -0.668487 -0.706537
vn -0.232228 -0.668487 -0.706537
vn -0.318098 -0.912042 -0.258831
vn -0.318098 -0.912042 -0.258831
vn -0.318098 -0.912042 -0.258831
vn -0.318098 -0.912042 -0.258831
vn -0.318098 -0.912042 0.258830
vn -0.318098 -0.912042 0.258830
vn -0.318098 -0.912042 0.258830
vn -0.318098 -0.912042 0.258830
vn -0.232862 -0.667664 0.707107
vn -0.232862 -0.667664 0.707107
vn -0.232862 -0.667664 0.707107
vn -0.232862 -0.667664 0.707107
vn -0.085090 -0.244859 0.965818
vn -0.085090 -0.244859 0.965818
vn -0.085090 -0.244859 0.965818
vn -0.085090 -0.244859 0.965818
vn 0.084522 0.245449 0.965718
vn 0.084522 0.245449 0.965718
vn 0.084522 0.245449 0.965718
vn 0.084522 0.245449 0.965718
vn 0.228417 0.671463 0.704956
vn 0.228417 0.671463 0.704956
vn 0.228417 0.671463 0.704956
vn 0.228417 0.671463 0.704956
vn 0.307096 0.917165 0.253968
vn 0.307096 0.917165 0.253968
vn 0.307096 0.917165 0.253968
vn 0.307096 0.917165 0.253968
vn 0.304208 0.917310 -0.256905
vn 0.304208 0.917310 -0.256905
vn 0.304208 0.917310 -0.256905
vn 0.304208 0.917310 -0.256905
vn 0.975581 -0.212921 -0.053903
vn 0.975581 -0.212921 -0.053903
vn 0.975581 -0.212921 -0.053903
vn 0.975581 -0.212921 -0.053903
vn 0.957543 -0.272627 -0.093739
vn 0.957543 -0.272627 -0.093739
vn 0.957543 -0.272627 -0.093739
vn 0.957543 -0.272627 -0.093739
vn 0.936665 -0.335338 -0.101027
vn 0.936665 -0.335338 -0.101027
vn 0.936665 -0.335338 -0.101027
vn 0.936665 -0.335338 -0.101027
vn 0.919095 -0.386478 -0.076805
vn 0.919095 -0.386478 -0.076805
vn 0.919095 -0.386478 -0.076805
vn 0.919095 -0.386478 -0.076805
vn 0.908879 -0.416053 -0.028968
vn 0.908879 -0.416053 -0.028968
vn 0.908879 -0.416054 -0.028968
vn 0.908879 -0.416054 -0.028968
vn 0.908877 -0.416056 0.028968
vn 0.908877 -0.416056 0.028968
vn 0.908877 -0.416056 0.028968
vn 0.908877 -0.416056 0.028968
vn 0.919636 -0.385098 0.077256
vn 0.919637 -0.385098 0.077256
vn 0.919636 -0.385098 0.077256
vn 0.919637 -0.385098 0.077256
vn 0.939005 -0.328111 0.103017
vn 0.939005 -0.328111 0.103017
vn 0.939005 -0.328111 0.103017
vn 0.939005 -0.328111 0.103017
vn 0.961760 -0.256272 0.096651
vn 0.961760 -0.256272 0.096651
vn 0.961761 -0.256272 0.096651
vn 0.961760 -0.256272 0.096651
vn 0.979882 -0.191055 0.057694
vn 0.979882 -0.191055 0.057694
vn 0.979882 -0.191055 0.057694
vn 0.979882 -0.191055 0.057694
vn 0.984581 -0.172425 0.029504
vn 0.984581 -0.172425 0.029504
vn 0.984581 -0.172425 0.029504
vn 0.984581 -0.172425 0.029504
vn 0.984428 -0.175721 0.004919
vn 0.984428 -0.175721 0.004919
vn 0.984428 -0.175721 0.004919
vn 0.984428 -0.175721 0.004919
vn -0.944493 0.327202 -0.029536
vn -0.944493 0.327202 -0.029536
vn -0.944493 0.327202 -0.029536
vn -0.944493 0.327202 -0.029536
vn -0.945210 0.324556 -0.035230
vn -0.945210 0.324556 -0.035230
vn -0.945210 0.324556 -0.035230
vn -0.945210 0.324556 -0.035230
vn -0.948090 0.315800 -0.037351
vn -0.948090 0.315800 -0.037351
vn -0.948090 0.315800 -0.037351
vn -0.948090 0.315800 -0.037351
vn -0.952972 0.301706 -0.028616
vn -0.952971 0.301706 -0.028616
vn -0.952971 0.301706 -0.028616
vn -0.952972 0.301706 -0.028616
vn -0.956331 0.292099 -0.010480
vn -0.956331 0.292099 -0.010480
vn -0.956331 0.292099 -0.010480
vn -0.956331 0.292099 -0.010480
vn -0.956330 0.292101 0.010479
vn -0.956330 0.292101 0.010479
vn -0.956330 0.292101 0.010479
vn -0.956330 0.292101 0.010479
vn -0.952877 0.302002 0.028647
vn -0.952877 0.302002 0.028647
vn -0.952877 0.302002 0.028647
vn -0.952877 0.302002 0.028647
vn -0.947446 0.317683 0.037739
vn -0.947446 0.317683 0.037739
vn -0.947446 0.317683 0.037739
vn -0.947446 0.317683 0.037739
vn -0.943385 0.329756 0.035856
vn -0.943385 0.329756 0.035856
vn -0.943385 0.329756 0.035856
vn -0.943385 0.329756 0.035856
vn -0.941963 0.334412 0.029572
vn -0.941963 0.334412 0.029572
vn -0.941963 0.334412 0.029572
vn -0.941963 0.334412 0.029572
vn -0.941739 0.335498 0.023830
vn -0.941739 0.335498 0.023830
vn -0.941739 0.335498 0.023830
vn -0.941739 0.335498 0.023830
vn -0.941974 0.335514 -0.010779
vn -0.941973 0.335514 -0.010779
vn -0.941973 0.335514 -0.010779
vn -0.941973 0.335514 -0.010779
vn 0.229351 0.676260 -0.700050
vn 0.229351 0.676260 -0.700050
vn 0.229351 0.676260 -0.700050
vn 0.229351 0.676260 -0.700050
vn 0.084945 0.247036 -0.965276
vn 0.084945 0.247036 -0.965276
vn 0.084945 0.247036 -0.965276
vn 0.084945 0.247036 -0.965276
vn -0.085224 -0.245729 -0.965585
vn -0.085224 -0.245729 -0.965585
vn -0.085224 -0.245729 -0.965585
vn -0.085224 -0.245729 -0.965585
vn -0.232972 -0.668881 -0.705920
vn -0.232972 -0.668881 -0.705920
vn -0.232972 -0.668881 -0.705920
vn -0.232972 -0.668881 -0.705920
vn -0.318100 -0.912042 -0.258827
vn -0.318100 -0.912042 -0.258827
vn -0.318100 -0.912042 -0.258827
vn -0.318100 -0.912042 -0.258827
vn -0.318100 -0.912041 0.258829
vn -0.318100 -0.912041 0.258829
vn -0.318100 -0.912041 0.258829
vn -0.318100 -0.912041 0.258829
vn -0.232557 -0.668435 0.706478
vn -0.232557 -0.668435 0.706478
vn -0.232557 -0.668435 0.706478
vn -0.232557 -0.668436 0.706478
vn -0.084901 -0.245311 0.965720
vn -0.084901 -0.245311 0.965720
vn -0.084901 -0.245311 0.965720
vn -0.084901 -0.245311 0.965720
vn 0.084698 0.246260 0.965496
vn 0.084698 0.246260 0.965496
vn 0.084698 0.246260 0.965496
vn 0.084698 0.246260 0.965496
vn 0.229701 0.674695 0.701445
vn 0.229701 0.674695 0.701445
vn 0.229701 0.674695 0.701445
vn 0.229701 0.674695 0.701445
vn 0.308117 0.919364 0.244609
vn 0.308117 0.919364 0.244609
vn 0.308117 0.919364 0.244609
vn 0.308117 0.919364 0.244609
vn 0.306691 0.917554 -0.253051
vn 0.306691 0.917554 -0.253051
vn 0.306691 0.917554 -0.253051
vn 0.306691 0.917554 -0.253051
vn 0.301116 0.918784 -0.255273
vn 0.301116 0.918784 -0.255273
vn 0.301116 0.918784 -0.255273
vn 0.301116 0.918784 -0.255273
vn 0.313455 0.917977 0.243030
vn 0.313455 0.917977 0.243030
vn 0.313455 0.917977 0.243030
vn 0.313455 0.917977 0.243030
vn 0.235136 0.674126 0.700190
vn 0.235136 0.674126 0.700190
vn 0.235136 0.674126 0.700190
vn 0.235136 0.674126 0.700190
vn 0.086184 0.246978 0.965181
vn 0.086184 0.246978 0.965181
vn 0.086184 0.246978 0.965181
vn 0.086184 0.246978 0.965181
vn -0.085436 -0.245720 0.965568
vn -0.085436 -0.245720 0.965569
vn -0.085436 -0.245720 0.965568
vn -0.085436 -0.245720 0.965568
vn -0.232872 -0.667667 0.707100
vn -0.232872 -0.667667 0.707100
vn -0.232872 -0.667667 0.707100
vn -0.232872 -0.667667 0.707100
vn -0.318120 -0.912033 0.258834
vn -0.318120 -0.912033 0.258834
vn -0.318120 -0.912033 0.258834
vn -0.318120 -0.912033 0.258834
vn -0.318120 -0.912034 -0.258832
vn -0.318120 -0.912034 -0.258832
vn -0.318120 -0.912034 -0.258832
vn -0.318120 -0.912034 -0.258832
vn -0.233103 -0.670390 -0.704444
vn -0.233103 -0.670390 -0.704444
vn -0.233103 -0.670390 -0.704444
vn -0.233103 -0.670390 -0.704444
vn -0.085102 -0.246862 -0.965307
vn -0.085102 -0.246862 -0.965307
vn -0.085102 -0.246862 -0.965307
vn -0.085102 -0.246862 -0.965307
vn 0.083510 0.248138 -0.965118
vn 0.083510 0.248138 -0.965118
vn 0.083510 0.248138 -0.965118
vn 0.083510 0.248138 -0.965118
vn 0.220861 0.680300 -0.698865
vn 0.220861 0.680300 -0.698865
vn 0.220861 0.680300 -0.698865
vn 0.220861 0.680300 -0.698865
vn 0.318785 0.910339 -0.263931
vn 0.318785 0.910339 -0.263931
vn 0.318785 0.910339 -0.263931
vn 0.318785 0.910339 -0.263931
vn 0.323453 0.915362 0.239773
vn 0.323453 0.915362 0.239773
vn 0.323453 0.915362 0.239773
vn 0.323453 0.915362 0.239773
vn 0.232788 0.676983 0.698215
vn 0.232788 0.676983 0.698215
vn 0.232788 0.676983 0.698215
vn 0.232788 0.676983 0.698215
vn 0.085120 0.247564 0.965125
vn 0.085120 0.247564 0.965125
vn 0.085120 0.247564 0.965125
vn 0.085120 0.247564 0.965125
vn -0.084888 -0.245550 0.965660
vn -0.084888 -0.245550 0.965660
vn -0.084888 -0.245550 0.965660
vn -0.084888 -0.245550 0.965660
vn -0.231330 -0.668201 0.707102
vn -0.231330 -0.668202 0.707102
vn -0.231330 -0.668202 0.707102
vn -0.231330 -0.668202 0.707102
vn -0.315982 -0.912774 0.258842
vn -0.315982 -0.912774 0.258842
vn -0.315982 -0.912774 0.258842
vn -0.315982 -0.912774 0.258842
vn -0.315982 -0.912775 -0.258839
vn -0.315982 -0.912775 -0.258839
vn -0.315982 -0.912775 -0.258839
vn -0.315982 -0.912775 -0.258839
vn -0.231694 -0.670173 -0.705114
vn -0.231694 -0.670173 -0.705114
vn -0.231694 -0.670173 -0.705114
vn -0.231694 -0.670173 -0.705114
vn -0.085123 -0.247564 -0.965125
vn -0.085123 -0.247564 -0.965125
vn -0.085123 -0.247564 -0.965125
vn -0.085123 -0.247564 -0.965125
vn 0.085608 0.248931 -0.964730
vn 0.085608 0.248931 -0.964730
vn 0.085608 0.248931 -0.964730
vn 0.085608 0.248931 -0.964730
vn 0.233108 0.681243 -0.693952
vn 0.233108 0.681243 -0.693952
vn 0.233108 0.681243 -0.693951
vn 0.233108 0.681243 -0.693951
vn 0.972064 -0.234364 -0.012871
vn 0.972064 -0.234364 -0.012871
vn 0.972064 -0.234364 -0.012871
vn 0.972064 -0.234364 -0.012871
vn -0.938174 0.346052 -0.008796
vn -0.938174 0.346052 -0.008796
vn -0.938174 0.346052 -0.008796
vn -0.938174 0.346052 -0.008796
vn 0.972433 -0.233153 0.003825
vn 0.972433 -0.233152 0.003825
vn 0.972433 -0.233152 0.003825
vn 0.972433 -0.233153 0.003825
vn -0.937944 0.345800 0.026159
vn -0.937944 0.345800 0.026159
vn -0.937944 0.345800 0.026159
vn -0.937944 0.345800 0.026159
vn 0.964803 -0.258611 0.047701
vn 0.964803 -0.258611 0.047701
vn 0.964803 -0.258611 0.047701
vn 0.964803 -0.258611 0.047701
vn -0.939111 0.341690 0.036305
vn -0.939111 0.341690 0.036305
vn -0.939111 0.341690 0.036305
vn -0.939111 0.341690 0.036305
vn 0.951117 -0.301176 0.068332
vn 0.951117 -0.301176 0.068332
vn 0.951117 -0.301176 0.068332
vn 0.951117 -0.301176 0.068332
vn -0.942124 0.332351 0.044104
vn -0.942124 0.332351 0.044104
vn -0.942124 0.332351 0.044104
vn -0.942124 0.332351 0.044104
vn 0.936958 -0.343144 0.066053
vn 0.936958 -0.343144 0.066053
vn 0.936958 -0.343144 0.066053
vn 0.936958 -0.343144 0.066053
vn -0.947787 0.315648 0.045451
vn -0.947787 0.315648 0.045451
vn -0.947787 0.315648 0.045451
vn -0.947787 0.315648 0.045451
vn 0.926275 -0.373773 0.048053
vn 0.926275 -0.373773 0.048053
vn 0.926275 -0.373773 0.048053
vn 0.926275 -0.373773 0.048053
vn -0.954405 0.296535 0.034330
vn -0.954405 0.296535 0.034330
vn -0.954405 0.296535 0.034330
vn -0.954405 0.296535 0.034330
vn 0.920402 -0.390576 0.017616
vn 0.920402 -0.390576 0.017616
vn 0.920402 -0.390576 0.017616
vn 0.920402 -0.390576 0.017616
vn -0.958542 0.284674 0.012567
vn -0.958542 0.284675 0.012567
vn -0.958542 0.284674 0.012567
vn -0.958542 0.284674 0.012567
vn 0.920401 -0.390578 -0.017615
vn 0.920401 -0.390578 -0.017615
vn 0.920401 -0.390578 -0.017615
vn 0.920401 -0.390578 -0.017615
vn -0.958541 0.284677 -0.012568
vn -0.958541 0.284677 -0.012568
vn -0.958541 0.284677 -0.012568
vn -0.958541 0.284677 -0.012568
vn 0.926295 -0.373731 -0.047989
vn 0.926295 -0.373731 -0.047989
vn 0.926295 -0.373731 -0.047989
vn 0.926295 -0.373731 -0.047989
vn -0.954525 0.296184 -0.034012
vn -0.954525 0.296184 -0.034012
vn -0.954525 0.296184 -0.034012
vn -0.954525 0.296184 -0.034012
vn 0.937370 -0.341458 -0.068886
vn 0.937369 -0.341457 -0.068886
vn 0.937369 -0.341458 -0.068886
vn 0.937370 -0.341458 -0.068886
vn -0.948854 0.312649 -0.043895
vn -0.948854 0.312649 -0.043895
vn -0.948854 0.312649 -0.043895
vn -0.948854 0.312649 -0.043895
vn 0.951812 -0.298294 -0.071232
vn 0.951812 -0.298294 -0.071232
vn 0.951812 -0.298294 -0.071232
vn 0.951812 -0.298294 -0.071232
vn -0.944499 0.325729 -0.042697
vn -0.944499 0.325729 -0.042697
vn -0.944499 0.325729 -0.042697
vn -0.944499 0.325729 -0.042697
vn 0.965961 -0.254455 -0.046597
vn 0.965961 -0.254455 -0.046597
vn 0.965961 -0.254455 -0.046597
vn 0.965961 -0.254455 -0.046597
vn -0.942483 0.332246 -0.036601
vn -0.942483 0.332246 -0.036601
vn -0.942483 0.332246 -0.036601
vn -0.942483 0.332246 -0.036601
vn 0.566098 -0.200753 -0.799520
vn 0.566098 -0.200753 -0.799520
vn 0.566098 -0.200753 -0.799520
vn 0.566098 -0.200753 -0.799520
vn 0.006979 -0.003781 -0.999969
vn 0.006979 -0.003781 -0.999969
vn 0.006979 -0.003781 -0.999969
vn 0.006979 -0.003781 -0.999969
vn -0.554226 0.195534 -0.809073
vn -0.554227 0.195534 -0.809073
vn -0.554226 0.195534 -0.809073
vn -0.554226 0.195534 -0.809073
vn -0.902549 0.320233 -0.287848
vn -0.902549 0.320233 -0.287848
vn -0.902549 0.320233 -0.287848
vn -0.902549 0.320233 -0.287848
vn -0.893726 0.318152 0.316279
vn -0.893726 0.318152 0.316279
vn -0.893726 0.318152 0.316279
vn -0.893726 0.318152 0.316279
vn -0.532703 0.190110 0.824673
vn -0.532703 0.190110 0.824673
vn -0.532703 0.190110 0.824673
vn -0.532703 0.190110 0.824673
vn 0.117528 -0.037865 0.992347
vn 0.117528 -0.037865 0.992347
vn 0.117528 -0.037865 0.992347
vn 0.117528 -0.037865 0.992347
vn 0.471241 -0.161924 0.867013
vn 0.471241 -0.161924 0.867013
vn 0.471241 -0.161924 0.867014
vn 0.471241 -0.161924 0.867013
vn 0.896062 -0.311799 0.315997
vn 0.896062 -0.311799 0.315997
vn 0.896062 -0.311799 0.315997
vn 0.896062 -0.311799 0.315997
vn 0.892873 -0.312599 -0.324128
vn 0.892873 -0.312599 -0.324128
vn 0.892873 -0.312600 -0.324128
vn 0.892873 -0.312599 -0.324128
vn -0.068871 0.996370 -0.050039
vn -0.068871 0.996370 -0.050039
vn -0.203006 0.972676 -0.112651
vn -0.210271 0.970733 -0.116030
vn -0.081190 0.974446 -0.209435
vn -0.153839 0.986886 -0.048885
vn -0.093707 0.978706 -0.182630
vn -0.040937 0.989990 0.135071
vn -0.294108 0.942723 0.157397
vn -0.265738 0.951447 0.155347
vn 0.214457 0.938189 0.271680
vn 0.183152 0.947512 0.262063
vn -0.194430 0.972514 0.128118
vn 0.378696 0.822466 -0.424429
vn 0.073281 0.860144 -0.504760
vn 0.317986 0.837275 -0.444810
vn 0.565706 0.709145 0.420821
vn 0.563109 0.707838 0.426467
vn 0.599654 0.724429 0.340026
vn 0.639505 0.729464 0.242726
vn 0.631634 0.733389 0.251355
vn 0.573054 0.758027 0.311455
vn 0.573054 0.758027 0.311455
vn 0.609159 0.792824 -0.018855
vn 0.611427 0.791286 -0.004871
vn 0.622330 0.778844 0.078160
vn 0.172087 0.920318 0.351285
vn 0.136930 0.930322 0.340221
vn 0.285703 0.956768 0.054482
vn 0.285868 0.956715 0.054544
vn 0.321091 0.938045 -0.130280
vn 0.375249 0.919898 -0.113909
vn 0.527944 0.772395 0.353101
vn 0.568727 0.747437 -0.343346
vn 0.971792 -0.235834 -0.001803
vn 0.971792 -0.235834 -0.001803
vn 0.971792 -0.235834 -0.001803
vn 0.971792 -0.235834 -0.001803
vn 0.986751 -0.151217 0.058783
vn 0.986751 -0.151217 0.058783
vn 0.986751 -0.151217 0.058783
vn 0.986751 -0.151217 0.058783
vn 0.974072 -0.225864 0.013023
vn 0.974072 -0.225864 0.013023
vn 0.974072 -0.225864 0.013023
vn 0.974072 -0.225864 0.013023
vn 0.944090 -0.329281 0.016372
vn 0.944090 -0.329281 0.016372
vn 0.944090 -0.329281 0.016372
vn 0.944090 -0.329281 0.016372
vn 0.945934 -0.323993 0.015389
vn 0.945934 -0.323993 0.015389
vn 0.945934 -0.323993 0.015389
vn 0.945934 -0.323993 0.015389
vn 0.947556 -0.319343 0.012545
vn 0.947556 -0.319343 0.012545
vn 0.947556 -0.319343 0.012545
vn 0.947556 -0.319343 0.012545
vn 0.948760 -0.315892 0.008187
vn 0.948760 -0.315892 0.008187
vn 0.948760 -0.315892 0.008187
vn 0.948760 -0.315892 0.008187
vn 0.949400 -0.314058 0.002840
vn 0.949400 -0.314058 0.002840
vn 0.949400 -0.314058 0.002840
vn 0.949400 -0.314058 0.002840
vn 0.957435 -0.288303 -0.014155
vn 0.957435 -0.288303 -0.014155
vn 0.957435 -0.288303 -0.014155
vn 0.957435 -0.288303 -0.014155
vn 0.936287 -0.306365 -0.171774
vn 0.936287 -0.306365 -0.171774
vn 0.936287 -0.306365 -0.171774
vn 0.936287 -0.306365 -0.171774
vn 0.956340 -0.276573 -0.094449
vn 0.956340 -0.276573 -0.094449
vn 0.956340 -0.276573 -0.094449
vn 0.956340 -0.276573 -0.094449
vn 0.979363 -0.201653 -0.013594
vn 0.979363 -0.201653 -0.013594
vn 0.979363 -0.201653 -0.013594
vn 0.979363 -0.201653 -0.013594
vn 0.975115 -0.220971 -0.017977
vn 0.975115 -0.220971 -0.017977
vn 0.975115 -0.220971 -0.017977
vn 0.975115 -0.220971 -0.017977
vn 0.968047 -0.250305 -0.015222
vn 0.968047 -0.250305 -0.015222
vn 0.968047 -0.250305 -0.015222
vn 0.968047 -0.250305 -0.015222
vn 0.964996 -0.262165 -0.007300
vn 0.964996 -0.262164 -0.007300
vn 0.964996 -0.262165 -0.007300
vn 0.964996 -0.262164 -0.007300
vn 0.967851 -0.250298 -0.024813
vn 0.967851 -0.250298 -0.024813
vn 0.967851 -0.250298 -0.024813
vn 0.967851 -0.250297 -0.024813
vn 0.967272 -0.250711 -0.039107
vn 0.967272 -0.250711 -0.039107
vn 0.967272 -0.250711 -0.039107
vn 0.967272 -0.250711 -0.039107
vn 0.967566 -0.250974 -0.028773
vn 0.967566 -0.250974 -0.028773
vn 0.967566 -0.250974 -0.028773
vn 0.967566 -0.250974 -0.028773
vn -0.977933 0.208133 0.018133
vn -0.977933 0.208133 0.018133
vn -0.977933 0.208133 0.018133
vn -0.977933 0.208133 0.018133
vn -0.991009 0.129302 -0.034380
vn -0.991009 0.129302 -0.034380
vn -0.991009 0.129302 -0.034380
vn -0.991009 0.129302 -0.034380
vn -0.976800 0.213460 0.017241
vn -0.976800 0.213460 0.017241
vn -0.976800 0.213460 0.017241
vn -0.976800 0.213460 0.017241
vn -0.944091 0.329280 0.016363
vn -0.944091 0.329280 0.016363
vn -0.944091 0.329280 0.016363
vn -0.944091 0.329280 0.016363
vn -0.942247 0.334565 0.015376
vn -0.942247 0.334565 0.015376
vn -0.942247 0.334565 0.015376
vn -0.942247 0.334565 0.015376
vn -0.940625 0.339217 0.012539
vn -0.940625 0.339217 0.012539
vn -0.940625 0.339217 0.012539
vn -0.940625 0.339217 0.012539
vn -0.939424 0.342661 0.008183
vn -0.939424 0.342661 0.008183
vn -0.939424 0.342661 0.008183
vn -0.939424 0.342661 0.008183
vn -0.938785 0.344491 0.002841
vn -0.938785 0.344491 0.002841
vn -0.938785 0.344491 0.002841
vn -0.938785 0.344491 0.002841
vn -0.938783 0.344497 -0.002841
vn -0.938783 0.344497 -0.002841
vn -0.938783 0.344497 -0.002841
vn -0.938783 0.344497 -0.002841
vn -0.921243 0.359849 0.147715
vn -0.921243 0.359849 0.147715
vn -0.921243 0.359849 0.147715
vn -0.921243 0.359849 0.147715
vn -0.952090 0.297668 0.070127
vn -0.952090 0.297668 0.070127
vn -0.952090 0.297668 0.070127
vn -0.952090 0.297668 0.070127
vn -0.976987 0.212608 -0.017155
vn -0.976987 0.212608 -0.017155
vn -0.976987 0.212608 -0.017155
vn -0.976987 0.212608 -0.017155
vn -0.975167 0.220979 -0.014754
vn -0.975167 0.220979 -0.014754
vn -0.975167 0.220979 -0.014754
vn -0.975167 0.220979 -0.014754
vn -0.970803 0.239377 -0.015522
vn -0.970803 0.239377 -0.015522
vn -0.970803 0.239377 -0.015522
vn -0.970803 0.239377 -0.015522
vn -0.970181 0.241731 -0.017749
vn -0.970181 0.241731 -0.017749
vn -0.970181 0.241731 -0.017749
vn -0.970181 0.241731 -0.017749
vn -0.974821 0.222832 0.008427
vn -0.974821 0.222832 0.008427
vn -0.974821 0.222832 0.008427
vn -0.974821 0.222832 0.008427
vn -0.975056 0.219440 0.033357
vn -0.975056 0.219440 0.033357
vn -0.975056 0.219440 0.033357
vn -0.975056 0.219440 0.033357
vn -0.974992 0.219569 0.034354
vn -0.974992 0.219569 0.034354
vn -0.974992 0.219569 0.034354
vn -0.974992 0.219569 0.034354
vn 0.324325 0.929871 -0.173648
vn 0.324325 0.929871 -0.173648
vn 0.324325 0.929871 -0.173648
vn 0.324325 0.929871 -0.173648
vn 0.324321 0.929872 0.173649
vn 0.324321 0.929872 0.173649
vn 0.324321 0.929872 0.173649
vn 0.324321 0.929872 0.173649
vn 0.285202 0.817715 0.500002
vn 0.285202 0.817715 0.500002
vn 0.285202 0.817715 0.500002
vn 0.285202 0.817715 0.500002
vn 0.211689 0.606931 0.766043
vn 0.211689 0.606931 0.766043
vn 0.211689 0.606931 0.766043
vn 0.211689 0.606931 0.766043
vn 0.112637 0.322940 0.939693
vn 0.112637 0.322940 0.939693
vn 0.112637 0.322940 0.939693
vn 0.112637 0.322940 0.939693
vn 0.000000 0.000000 1.000000
vn 0.000000 0.000000 1.000000
vn 0.000000 0.000000 1.000000
vn 0.000000 0.000000 1.000000
vn -0.100794 -0.323186 0.940952
vn -0.100794 -0.323186 0.940952
vn -0.100794 -0.323186 0.940952
vn -0.100794 -0.323186 0.940952
vn -0.151486 -0.619756 0.770035
vn -0.151486 -0.619756 0.770035
vn -0.151486 -0.619756 0.770035
vn -0.151486 -0.619756 0.770035
vn -0.183139 -0.846835 0.499330
vn -0.183139 -0.846835 0.499330
vn -0.183139 -0.846835 0.499330
vn -0.183139 -0.846835 0.499330
vn -0.216283 -0.961112 0.171712
vn -0.216283 -0.961112 0.171712
vn -0.216283 -0.961112 0.171712
vn -0.216283 -0.961112 0.171712
vn -0.227557 -0.957784 -0.175691
vn -0.227557 -0.957784 -0.175691
vn -0.227557 -0.957784 -0.175691
vn -0.227557 -0.957784 -0.175691
vn -0.208045 -0.840150 -0.500864
vn -0.208045 -0.840150 -0.500864
vn -0.208045 -0.840150 -0.500864
vn -0.208045 -0.840150 -0.500864
vn -0.154643 -0.624498 -0.765564
vn -0.154643 -0.624498 -0.765564
vn -0.154643 -0.624498 -0.765564
vn -0.154643 -0.624498 -0.765564
vn -0.079218 -0.333423 -0.939443
vn -0.079218 -0.333423 -0.939443
vn -0.079218 -0.333423 -0.939443
vn -0.079218 -0.333423 -0.939443
vn 0.000000 0.000000 -1.000000
vn 0.000000 0.000000 -1.000000
vn 0.000000 0.000000 -1.000000
vn 0.000000 0.000000 -1.000000
vn 0.072355 0.334572 -0.939589
vn 0.072355 0.334572 -0.939589
vn 0.072355 0.334572 -0.939589
vn 0.072355 0.334572 -0.939589
vn 0.151489 0.619756 -0.770035
vn 0.151489 0.619756 -0.770035
vn 0.151489 0.619756 -0.770035
vn 0.151489 0.619756 -0.770035
vn 0.256403 0.822115 -0.508316
vn 0.256403 0.822115 -0.508316
vn 0.256403 0.822115 -0.508316
vn 0.256403 0.822114 -0.508316
vn 0.958588 -0.283876 0.022893
vn 0.958588 -0.283876 0.022893
vn 0.958588 -0.283876 0.022893
vn 0.958588 -0.283876 0.022893
vn -0.984453 0.170491 0.042245
vn -0.984453 0.170490 0.042245
vn -0.984453 0.170491 0.042245
vn -0.984453 0.170490 0.042245
vn 0.976769 -0.191846 0.095488
vn 0.976769 -0.191846 0.095488
vn 0.976769 -0.191846 0.095488
vn 0.976769 -0.191846 0.095488
vn -0.994196 0.107464 0.005177
vn -0.994196 0.107464 0.005177
vn -0.994196 0.107464 0.005177
vn -0.994196 0.107464 0.005177
vn 0.969284 -0.236479 0.067570
vn 0.969284 -0.236479 0.067570
vn 0.969284 -0.236479 0.067570
vn 0.969284 -0.236479 0.067570
vn -0.980163 0.189561 0.057852
vn -0.980163 0.189561 0.057852
vn -0.980163 0.189561 0.057852
vn -0.980163 0.189561 0.057852
vn 0.942073 -0.328577 0.067351
vn 0.942073 -0.328577 0.067351
vn 0.942073 -0.328577 0.067351
vn 0.942073 -0.328577 0.067351
vn -0.942072 0.328581 0.067335
vn -0.942072 0.328581 0.067335
vn -0.942073 0.328581 0.067335
vn -0.942072 0.328581 0.067335
vn 0.949660 -0.306822 0.063293
vn 0.949660 -0.306822 0.063293
vn 0.949660 -0.306822 0.063293
vn 0.949660 -0.306822 0.063293
vn -0.934490 0.350322 0.063269
vn -0.934490 0.350322 0.063269
vn -0.934490 0.350322 0.063269
vn -0.934490 0.350322 0.063269
vn 0.956332 -0.287691 0.051604
vn 0.956332 -0.287691 0.051604
vn 0.956332 -0.287691 0.051604
vn 0.956332 -0.287691 0.051604
vn -0.927822 0.369441 0.051576
vn -0.927822 0.369441 0.051576
vn -0.927822 0.369441 0.051576
vn -0.927822 0.369441 0.051576
vn 0.961283 -0.273496 0.033681
vn 0.961283 -0.273496 0.033681
vn 0.961283 -0.273496 0.033681
vn 0.961283 -0.273496 0.033681
vn -0.922863 0.383653 0.033676
vn -0.922863 0.383653 0.033676
vn -0.922863 0.383653 0.033676
vn -0.922863 0.383653 0.033676
vn 0.963925 -0.265918 0.011701
vn 0.963925 -0.265918 0.011701
vn 0.963925 -0.265918 0.011701
vn 0.963925 -0.265918 0.011701
vn -0.920234 0.391195 0.011690
vn -0.920234 0.391195 0.011690
vn -0.920234 0.391195 0.011690
vn -0.920234 0.391195 0.011690
vn 0.955021 -0.296352 -0.010526
vn 0.955021 -0.296352 -0.010526
vn 0.955021 -0.296351 -0.010526
vn 0.955021 -0.296352 -0.010526
vn -0.920235 0.391191 -0.011690
vn -0.920235 0.391191 -0.011690
vn -0.920235 0.391191 -0.011690
vn -0.920235 0.391191 -0.011690
vn 0.930009 -0.319710 -0.181298
vn 0.930009 -0.319710 -0.181298
vn 0.930009 -0.319710 -0.181298
vn 0.930009 -0.319710 -0.181298
vn -0.902341 0.410871 0.130253
vn -0.902341 0.410871 0.130253
vn -0.902341 0.410871 0.130253
vn -0.902341 0.410871 0.130253
vn 0.964244 -0.234019 -0.124376
vn 0.964244 -0.234019 -0.124376
vn 0.964244 -0.234019 -0.124376
vn 0.964244 -0.234019 -0.124376
vn -0.945622 0.324678 0.019602
vn -0.945622 0.324678 0.019602
vn -0.945622 0.324678 0.019602
vn -0.945622 0.324678 0.019602
vn 0.980982 -0.184679 -0.059735
vn 0.980982 -0.184679 -0.059735
vn 0.980982 -0.184679 -0.059735
vn 0.980982 -0.184679 -0.059735
vn -0.971147 0.229204 -0.065876
vn -0.971147 0.229204 -0.065875
vn -0.971147 0.229204 -0.065875
vn -0.971147 0.229204 -0.065875
vn 0.972710 -0.221391 -0.069437
vn 0.972710 -0.221391 -0.069437
vn 0.972710 -0.221391 -0.069437
vn 0.972710 -0.221391 -0.069437
vn -0.972834 0.222112 -0.065274
vn -0.972834 0.222112 -0.065274
vn -0.972834 0.222112 -0.065274
vn -0.972834 0.222112 -0.065274
vn 0.961086 -0.268297 -0.065812
vn 0.961086 -0.268297 -0.065812
vn 0.961086 -0.268297 -0.065812
vn 0.961086 -0.268297 -0.065812
vn -0.972712 0.223906 -0.060808
vn -0.972712 0.223906 -0.060808
vn -0.972712 0.223906 -0.060808
vn -0.972712 0.223906 -0.060808
vn 0.954761 -0.293477 -0.047987
vn 0.954761 -0.293477 -0.047987
vn 0.954761 -0.293477 -0.047987
vn 0.954761 -0.293477 -0.047987
vn -0.976404 0.208920 -0.054657
vn -0.976404 0.208920 -0.054657
vn -0.976404 0.208920 -0.054657
vn -0.976404 0.208920 -0.054657
vn 0.953712 -0.296737 -0.048788
vn 0.953712 -0.296737 -0.048788
vn 0.953712 -0.296737 -0.048788
vn 0.953712 -0.296737 -0.048788
vn -0.982947 0.183061 -0.017427
vn -0.982947 0.183061 -0.017427
vn -0.982947 0.183061 -0.017427
vn -0.982947 0.183061 -0.017427
vn 0.950065 -0.308318 -0.048128
vn 0.950065 -0.308318 -0.048128
vn 0.950065 -0.308318 -0.048128
vn 0.950065 -0.308318 -0.048128
vn -0.983499 0.179162 0.025129
vn -0.983499 0.179162 0.025129
vn -0.983499 0.179162 0.025129
vn -0.983499 0.179162 0.025129
vn 0.950726 -0.309403 -0.019732
vn 0.950726 -0.309403 -0.019732
vn 0.950726 -0.309403 -0.019732
vn 0.950726 -0.309403 -0.019732
vn -0.982865 0.179345 0.042572
vn -0.982865 0.179345 0.042572
vn -0.982865 0.179345 0.042572
vn -0.982865 0.179345 0.042572
vn -0.244263 -0.907793 0.340949
vn -0.208153 -0.738618 0.641183
vn -0.207417 -0.734154 0.646527
vn -0.244799 -0.909521 0.335924
vn -0.164355 -0.473655 0.865239
vn -0.161987 -0.459318 0.873377
vn -0.089813 -0.157424 0.983438
vn -0.086236 -0.145762 0.985554
vn 0.019622 0.176914 0.984031
vn 0.019623 0.176917 0.984030
vn 0.127013 0.484820 0.865342
vn 0.127013 0.484821 0.865341
vn 0.214560 0.735826 0.642280
vn 0.214560 0.735827 0.642280
vn 0.271705 0.899656 0.341754
vn 0.271705 0.899656 0.341754
vn 0.292264 0.956332 0.003157
vn 0.292269 0.956334 0.002090
vn 0.254987 0.903595 -0.344235
vn 0.251188 0.898240 -0.360653
vn 0.165700 0.748043 -0.642632
vn 0.157042 0.730574 -0.664529
vn 0.074982 0.500536 -0.862463
vn 0.072520 0.491137 -0.868058
vn -0.001900 0.178189 -0.983994
vn -0.001820 0.178560 -0.983927
vn -0.079201 -0.159968 -0.983940
vn -0.079463 -0.161062 -0.983740
vn -0.157775 -0.475807 -0.865283
vn -0.158234 -0.477578 -0.864223
vn -0.223866 -0.734039 -0.641147
vn -0.223741 -0.733541 -0.641761
vn -0.262454 -0.903290 -0.339390
vn -0.262098 -0.901368 -0.344732
vn -0.267598 -0.963530 0.000960
vn -0.267835 -0.963443 -0.006543
vn -0.130081 -0.751650 0.646608
vn -0.164447 -0.926270 0.339088
vn -0.163918 -0.924468 0.344225
vn -0.130734 -0.756070 0.641301
vn 0.168753 0.743779 -0.646772
vn 0.169382 0.747796 -0.641959
vn 0.204059 0.916848 -0.343147
vn 0.204623 0.918719 -0.337766
vn -0.087467 -0.483767 0.870815
vn -0.090015 -0.499021 0.861902
vn 0.124601 0.472073 -0.872709
vn 0.127080 0.486960 -0.864130
vn -0.011405 -0.171822 0.985062
vn -0.015062 -0.183689 0.982869
vn 0.048681 0.158837 -0.986104
vn 0.052388 0.170930 -0.983889
vn 0.094663 0.150745 0.984030
vn 0.094663 0.150746 0.984030
vn -0.057189 -0.163960 -0.984808
vn -0.057189 -0.163961 -0.984808
vn 0.202052 0.458647 0.865343
vn 0.202053 0.458649 0.865342
vn -0.164664 -0.472108 -0.866025
vn -0.164664 -0.472108 -0.866025
vn 0.289598 0.709653 0.642281
vn 0.289598 0.709653 0.642282
vn -0.252278 -0.723311 -0.642788
vn -0.252278 -0.723311 -0.642788
vn 0.346740 0.873486 0.341750
vn 0.346740 0.873487 0.341749
vn -0.309465 -0.887273 -0.342022
vn -0.309465 -0.887273 -0.342022
vn 0.366582 0.930386 -0.000000
vn 0.366582 0.930386 -0.000000
vn -0.329162 -0.944273 0.000410
vn -0.329162 -0.944273 0.000285
vn 0.330462 0.876559 -0.349914
vn 0.333915 0.881705 -0.333312
vn -0.290525 -0.888269 0.355771
vn -0.294303 -0.893820 0.338338
vn 0.239073 0.715549 -0.656379
vn 0.247906 0.732469 -0.634060
vn -0.198554 -0.724857 0.659665
vn -0.207310 -0.741998 0.637543
vn 0.149779 0.470252 -0.869729
vn 0.152412 0.480055 -0.863897
vn -0.111190 -0.481430 0.869403
vn -0.113589 -0.490519 0.863996
vn 0.075718 0.161613 -0.983945
vn 0.075670 0.161393 -0.983985
vn -0.036929 -0.170056 0.984742
vn -0.036898 -0.169913 0.984768
vn -0.001451 -0.177812 -0.984063
vn -0.001137 -0.176494 -0.984301
vn 0.040649 0.169792 0.984641
vn 0.040305 0.168356 0.984902
vn -0.080446 -0.496120 -0.864519
vn -0.079968 -0.494276 -0.865619
vn 0.119535 0.487135 0.865108
vn 0.119064 0.485318 0.866193
vn -0.145639 -0.752283 -0.642541
vn -0.145779 -0.752846 -0.641850
vn 0.184824 0.743370 0.642839
vn 0.184940 0.743835 0.642267
vn -0.182714 -0.920446 -0.345535
vn -0.183031 -0.922323 -0.340323
vn 0.222486 0.911700 0.345403
vn 0.222800 0.913477 0.340471
vn -0.187239 -0.982304 -0.004583
vn -0.186991 -0.982357 0.002898
vn 0.227543 0.973752 0.005567
vn 0.227301 0.973823 -0.001901
vn 0.684440 0.177726 -0.707075
vn 0.684440 0.177726 -0.707075
vn 0.696391 0.212649 -0.685434
vn 0.696009 0.211478 -0.686184
vn 0.159601 0.457576 -0.874730
vn 0.159601 0.457576 -0.874730
vn 0.166817 0.478255 -0.862232
vn 0.166480 0.477289 -0.862832
vn -0.426178 0.562684 -0.708350
vn -0.426178 0.562684 -0.708350
vn -0.426811 0.560813 -0.709451
vn -0.426784 0.560893 -0.709404
vn -0.849256 0.452892 -0.271390
vn -0.849256 0.452892 -0.271390
vn -0.856861 0.429292 -0.285479
vn -0.856701 0.429814 -0.285172
vn -0.947925 0.170060 0.269290
vn -0.947925 0.170060 0.269290
vn -0.959513 0.134550 0.247451
vn -0.959592 0.134283 0.247286
vn -0.684446 -0.177722 0.707071
vn -0.684446 -0.177722 0.707071
vn -0.696024 -0.211466 0.686173
vn -0.696406 -0.212638 0.685422
vn -0.159599 -0.457576 0.874730
vn -0.159599 -0.457577 0.874730
vn -0.166474 -0.477292 0.862832
vn -0.166811 -0.478258 0.862232
vn 0.426168 -0.562685 0.708355
vn 0.426168 -0.562685 0.708355
vn 0.426772 -0.560893 0.709412
vn 0.426799 -0.560813 0.709458
vn 0.849256 -0.452891 0.271393
vn 0.849256 -0.452890 0.271393
vn 0.856703 -0.429813 0.285168
vn 0.856863 -0.429290 0.285475
vn 0.947923 -0.170063 -0.269296
vn 0.947923 -0.170063 -0.269296
vn 0.959592 -0.134286 -0.247286
vn 0.959512 -0.134553 -0.247452
vn 0.743792 0.668411 0.000000
vn 0.743792 0.668411 0.000000
vn 0.743792 0.668411 0.000000
vn 0.743792 0.668411 0.000000
vn 0.208868 0.977944 0.000000
vn 0.208868 0.977944 0.000000
vn 0.208868 0.977944 0.000000
vn 0.208868 0.977944 0.000000
vn -0.405847 0.913941 0.000000
vn -0.405847 0.913941 0.000000
vn -0.405847 0.913941 0.000000
vn -0.405847 0.913941 0.000000
vn -0.865541 0.500838 0.000000
vn -0.865541 0.500838 0.000000
vn -0.865541 0.500838 0.000000
vn -0.865541 0.500838 0.000000
vn -0.994622 -0.103567 0.000000
vn -0.994622 -0.103567 0.000000
vn -0.994622 -0.103567 0.000000
vn -0.994622 -0.103567 0.000000
vn -0.743790 -0.668413 0.000000
vn -0.743790 -0.668413 0.000000
vn -0.743790 -0.668413 0.000000
vn -0.743790 -0.668413 0.000000
vn -0.208855 -0.977947 0.000000
vn -0.208855 -0.977947 0.000000
vn -0.208855 -0.977947 0.000000
vn -0.208855 -0.977947 0.000000
vn 0.405849 -0.913940 0.000000
vn 0.405849 -0.913940 0.000000
vn 0.405849 -0.913940 0.000000
vn 0.405849 -0.913940 0.000000
vn 0.865537 -0.500845 0.000000
vn 0.865537 -0.500845 0.000000
vn 0.865537 -0.500845 0.000000
vn 0.865537 -0.500845 0.000000
vn 0.994623 0.103564 0.000000
vn 0.994623 0.103564 0.000000
vn 0.994623 0.103564 0.000000
vn 0.994623 0.103564 0.000000
vn 0.479132 -0.566139 -0.670759
vn 0.479132 -0.566139 -0.670759
vn 0.486108 -0.537396 -0.689133
vn 0.486443 -0.535936 -0.690033
vn -0.103020 -0.482384 -0.869881
vn -0.103020 -0.482384 -0.869881
vn -0.103573 -0.484963 -0.868380
vn -0.103605 -0.485112 -0.868293
vn -0.645050 -0.212940 -0.733872
vn -0.645050 -0.212940 -0.733872
vn -0.653560 -0.247177 -0.715376
vn -0.653904 -0.248647 -0.714551
vn -0.875129 0.432954 0.216104
vn -0.875129 0.432954 0.216104
vn -0.890031 0.382657 0.247829
vn -0.889730 0.383811 0.247121
vn -0.479137 0.566137 0.670758
vn -0.479137 0.566137 0.670758
vn -0.486452 0.535935 0.690028
vn -0.486117 0.537394 0.689129
vn 0.103023 0.482383 0.869881
vn 0.103023 0.482382 0.869881
vn 0.103606 0.485112 0.868293
vn 0.103574 0.484963 0.868380
vn 0.645046 0.212943 0.733874
vn 0.645046 0.212942 0.733874
vn 0.653901 0.248648 0.714554
vn 0.653557 0.247179 0.715378
vn 0.938024 -0.136252 0.318662
vn 0.938024 -0.136252 0.318662
vn 0.953825 -0.083376 0.288558
vn 0.953659 -0.084010 0.288925
vn 0.875133 -0.432950 -0.216095
vn 0.875133 -0.432950 -0.216095
vn 0.889735 -0.383806 -0.247112
vn 0.890035 -0.382652 -0.247820
vn -0.953654 0.083997 -0.288943
vn -0.953821 0.083364 -0.288577
vn -0.938020 0.136238 -0.318682
vn -0.938020 0.136238 -0.318682
vn 0.952673 -0.303997 -0.000580
vn 0.952673 -0.303997 -0.000580
vn 0.952626 -0.304145 -0.000418
vn 0.952627 -0.304141 -0.000423
vn 0.952589 -0.304260 0.000211
vn 0.952589 -0.304260 0.000211
vn 0.952552 -0.304375 0.000367
vn 0.952553 -0.304372 0.000362
vn 0.952486 -0.304582 -0.000395
vn 0.952486 -0.304582 -0.000395
vn 0.952457 -0.304672 -0.000314
vn 0.952458 -0.304670 -0.000315
vn 0.952267 -0.305261 0.001575
vn 0.952268 -0.305260 0.001571
vn 0.952262 -0.305277 0.001618
vn 0.952373 -0.304937 -0.000207
vn 0.952346 -0.305021 -0.000176
vn 0.952349 -0.305012 -0.000179
vn 0.952335 -0.305054 -0.000142
vn 0.952334 -0.305057 -0.000134
vn 0.952398 -0.304857 -0.000118
vn 0.952399 -0.304856 -0.000119
vn 0.952496 -0.304552 0.000020
vn 0.952497 -0.304549 0.000017
vn 0.952460 -0.304663 0.000683
vn 0.952461 -0.304659 0.000680
vn 0.952276 -0.305236 0.001550
vn 0.952274 -0.305241 0.001552
vn 0.952325 -0.305085 -0.000056
vn 0.952374 -0.304934 -0.000023
vn 0.952374 -0.304934 -0.000023
vn 0.952447 -0.304703 0.000180
vn 0.952447 -0.304703 0.000180
vn 0.952415 -0.304804 0.000811
vn 0.952415 -0.304804 0.000811
vn 0.952290 -0.305192 0.001537
vn 0.300889 0.953095 0.032804
vn 0.300860 0.953104 0.032804
vn 0.300860 0.953104 0.032798
vn 0.300889 0.953095 0.032798
vn 0.009953 0.031526 -0.999453
vn 0.009952 0.031526 -0.999453
vn 0.009952 0.031526 -0.999453
vn 0.009953 0.031526 -0.999453
vn 0.300865 0.953102 0.032802
vn 0.300888 0.953095 0.032802
vn 0.300888 0.953095 0.032798
vn 0.300865 0.953103 0.032798
vn -0.010304 -0.032640 0.999414
vn -0.010305 -0.032640 0.999414
vn -0.010305 -0.032640 0.999414
vn -0.010304 -0.032640 0.999414
vn 0.953626 -0.300994 0.000002
vn 0.953626 -0.300994 0.000002
vn 0.953626 -0.300994 0.000002
vn 0.953626 -0.300994 0.000002
vn 0.009855 0.031276 -0.999462
vn 0.009870 0.031276 -0.999462
vn 0.009870 0.031276 -0.999462
vn 0.009855 0.031276 -0.999462
vn 0.285458 0.958391 -0.000278
vn 0.288312 0.957533 -0.002465
vn 0.277894 0.960554 0.010500
vn 0.273790 0.961668 0.015286
vn -0.009873 -0.031276 0.999462
vn -0.009873 -0.031276 0.999462
vn -0.009873 -0.031276 0.999462
vn -0.009873 -0.031276 0.999462
vn -0.334275 -0.942425 -0.009732
vn -0.322385 -0.946568 -0.008728
vn -0.283751 -0.958897 0.001309
vn -0.273444 -0.961888 -0.000438
vn -0.953608 0.301050 0.000000
vn -0.953609 0.301050 0.000000
vn -0.953608 0.301050 0.000000
vn -0.953608 0.301050 0.000000
vn 0.953608 -0.301051 -0.000000
vn 0.953608 -0.301051 -0.000000
vn 0.953608 -0.301051 -0.000000
vn 0.953608 -0.301051 -0.000000
vn 0.953608 -0.301050 0.000000
vn 0.953608 -0.301051 -0.000000
vn 0.953608 -0.301051 -0.000000
vn 0.953608 -0.301050 0.000000
vn -0.308861 -0.946248 -0.096019
vn -0.286144 -0.950747 -0.119174
vn -0.311730 -0.945356 -0.095531
vn -0.346246 -0.935587 -0.069218
vn -0.953608 0.301051 -0.000000
vn -0.953608 0.301051 -0.000000
vn -0.953608 0.301051 -0.000000
vn -0.953608 0.301051 -0.000000
vn 0.211505 0.977223 0.017354
vn 0.217675 0.976019 -0.002138
vn 0.218851 0.975624 -0.016199
vn 0.207996 0.978130 0.000476
vn 0.953608 -0.301051 -0.000000
vn 0.953608 -0.301051 -0.000000
vn -0.332700 -0.942945 -0.012889
vn -0.351048 -0.936268 -0.012968
vn -0.953608 0.301050 0.000000
vn -0.953609 0.301050 0.000000
vn 0.269307 0.962850 0.019818
vn 0.269241 0.962869 0.019834
vn 0.009873 0.031276 -0.999462
vn 0.009873 0.031276 -0.999462
vn 0.009874 0.031275 -0.999462
vn 0.009874 0.031275 -0.999462
vn 0.332293 0.943051 0.015347
vn 0.327227 0.944887 0.010566
vn 0.313990 0.949423 -0.002394
vn 0.317201 0.948358 -0.000235
vn 0.384790 0.923003 -0.001402
vn 0.337654 0.941062 0.019814
vn 0.337624 0.941073 0.019809
vn 0.390146 0.920619 0.015741
vn 0.382854 0.923703 -0.014025
vn 0.391075 0.920359 0.000410
vn -0.009874 -0.031276 0.999462
vn -0.009874 -0.031276 0.999462
vn -0.009874 -0.031276 0.999462
vn -0.009874 -0.031276 0.999462
vn -0.295299 -0.950332 -0.098322
vn -0.319891 -0.939922 -0.119231
vn -0.299351 -0.949300 -0.096012
vn -0.261670 -0.962505 -0.071502
vn -0.272312 -0.962120 -0.013101
vn -0.250512 -0.968025 -0.013074
vn -0.318245 -0.948008 0.001306
vn -0.282055 -0.959358 -0.008795
vn -0.267554 -0.963494 -0.009732
vn -0.328305 -0.944572 -0.000438
vn 0.009873 0.031276 -0.999462
vn 0.009873 0.031276 -0.999462
vn 0.308068 0.951212 0.017032
vn 0.303099 0.952948 -0.004635
vn 0.329238 0.943065 -0.047224
vn 0.329165 0.943089 -0.047260
vn -0.009874 -0.031276 0.999462
vn -0.009874 -0.031276 0.999462
vn -0.312029 -0.940707 -0.133068
vn -0.315739 -0.938580 -0.139198
vn -0.302841 -0.952938 -0.014024
vn -0.303115 -0.952948 0.003285
vn -0.302756 -0.953033 -0.008175
vn 0.293719 0.955742 0.016935
vn 0.298967 0.954252 -0.004706
vn 0.009874 0.031276 -0.999462
vn 0.009874 0.031276 -0.999462
vn -0.299326 -0.954117 -0.008070
vn -0.298982 -0.954253 0.003285
vn -0.283705 -0.949909 -0.131090
vn -0.299182 -0.954096 -0.013834
vn -0.279153 -0.950317 -0.137738
vn -0.009873 -0.031276 0.999462
vn -0.009873 -0.031276 0.999462
vn 0.271760 0.961076 -0.049800
vn 0.271677 0.961102 -0.049758
vn 0.301030 0.953602 -0.004906
vn 0.299995 0.953770 0.018065
vn 0.009874 0.031277 -0.999462
vn 0.009874 0.031277 -0.999462
vn -0.300158 -0.953855 -0.008160
vn -0.301049 -0.953602 0.003494
vn -0.295368 -0.945504 -0.137038
vn -0.299867 -0.953875 -0.014227
vn -0.294919 -0.945174 -0.140248
vn -0.009874 -0.031276 0.999462
vn -0.009874 -0.031276 0.999462
vn 0.298054 0.953038 -0.053689
vn 0.298056 0.953037 -0.053688
vn 0.648321 0.760787 0.029725
vn 0.648321 0.760787 0.029725
vn 0.588022 0.808285 0.030093
vn 0.587997 0.808303 0.030094
vn 0.300862 0.953104 0.032798
vn 0.300891 0.953095 0.032797
vn -0.853479 0.521068 0.007871
vn -0.853479 0.521068 0.007871
vn -0.853479 0.521068 0.007871
vn -0.853479 0.521068 0.007871
vn 0.300888 0.953095 0.032797
vn 0.300862 0.953103 0.032796
vn 0.953628 -0.300989 0.000002
vn 0.953628 -0.300989 0.000002
vn 0.291954 0.956129 0.024080
vn 0.299689 0.953730 0.024219
vn 0.997955 -0.063435 0.007816
vn 0.997955 -0.063435 0.007816
vn 0.997955 -0.063435 0.007816
vn 0.997955 -0.063435 0.007816
vn -0.010303 -0.032639 0.999414
vn -0.010310 -0.032638 0.999414
vn -0.010310 -0.032638 0.999414
vn -0.010303 -0.032639 0.999414
vn -0.953631 0.300980 -0.000002
vn -0.953631 0.300980 -0.000002
vn -0.953631 0.300978 -0.000017
vn -0.953631 0.300978 -0.000017
vn -0.953630 0.300980 -0.000002
vn -0.953630 0.300980 -0.000002
vn 0.009983 0.031620 -0.999450
vn 0.009980 0.031619 -0.999450
vn 0.009980 0.031619 -0.999450
vn 0.009983 0.031620 -0.999450
vn 0.851931 -0.523594 -0.007968
vn 0.851931 -0.523594 -0.007968
vn 0.851931 -0.523594 -0.007968
vn 0.851931 -0.523594 -0.007968
vn 0.008405 0.028299 -0.999564
vn 0.008405 0.028299 -0.999564
vn 0.008637 0.028432 -0.999559
vn 0.008645 0.028436 -0.999558
vn -0.998162 0.060203 -0.006896
vn -0.998162 0.060203 -0.006896
vn -0.998162 0.060203 -0.006896
vn -0.998162 0.060203 -0.006896
vn -0.008203 -0.028407 0.999563
vn -0.008203 -0.028407 0.999563
vn -0.008437 -0.028533 0.999557
vn -0.008429 -0.028529 0.999557
vn -0.300833 -0.953113 -0.032802
vn -0.300834 -0.953112 -0.032814
vn -0.300833 -0.953112 -0.032807
vn -0.300833 -0.953113 -0.032802
vn 0.009954 0.031527 -0.999453
vn 0.009954 0.031527 -0.999453
vn 0.300837 0.953111 0.032797
vn 0.300838 0.953111 0.032802
vn -0.300830 -0.953114 -0.032794
vn -0.300830 -0.953114 -0.032794
vn 0.300831 0.953114 0.032794
vn -0.010302 -0.032641 0.999414
vn -0.010302 -0.032641 0.999414
vn -0.300825 -0.953115 -0.032800
vn -0.300831 -0.953135 -0.032176
vn -0.300831 -0.953135 -0.032176
vn -0.300825 -0.953115 -0.032800
vn -0.010320 -0.032635 0.999414
vn -0.010320 -0.032635 0.999414
vn 0.300825 0.953115 0.032798
vn 0.300826 0.953115 0.032799
vn -0.300826 -0.953114 -0.032831
vn -0.300824 -0.953115 -0.032822
vn 0.300825 0.953115 0.032804
vn 0.009975 0.031617 -0.999450
vn 0.009975 0.031617 -0.999450
vn -0.300888 -0.953086 -0.033060
vn -0.300888 -0.953086 -0.033060
vn -0.300866 -0.953093 -0.033059
vn 0.300864 0.953094 0.033059
vn 0.300885 0.953087 0.033059
vn 0.300838 0.953102 0.033059
vn 0.953624 -0.301002 0.000003
vn 0.953623 -0.301002 0.000003
vn -0.300831 -0.953104 -0.033059
vn -0.300886 -0.953083 -0.033161
vn -0.300860 -0.953092 -0.033161
vn -0.300886 -0.953084 -0.033161
vn 0.300883 0.953084 0.033162
vn 0.300856 0.953093 0.033161
vn -0.300819 -0.953105 -0.033160
vn -0.953625 0.300998 -0.000001
vn -0.953625 0.300998 -0.000001
vn 0.300823 0.953103 0.033160
vn 0.997946 -0.063532 0.008171
vn 0.997946 -0.063532 0.008171
vn 0.997946 -0.063532 0.008171
vn 0.997946 -0.063532 0.008171
vn 0.997955 -0.063430 0.007875
vn 0.997955 -0.063430 0.007875
vn 0.997955 -0.063430 0.007875
vn 0.997955 -0.063430 0.007875
vn -0.853470 0.521083 0.007875
vn -0.853470 0.521083 0.007875
vn -0.853470 0.521083 0.007875
vn -0.853470 0.521083 0.007875
vn -0.853542 0.520961 0.008148
vn -0.853542 0.520961 0.008148
vn -0.853542 0.520960 0.008148
vn -0.853542 0.520960 0.008148
vn 0.249760 0.968064 0.021713
vn 0.249760 0.968064 0.021713
vn 0.249760 0.968064 0.021713
vn 0.249760 0.968064 0.021713
vn 0.351377 0.935979 0.021840
vn 0.351377 0.935979 0.021840
vn 0.351377 0.935979 0.021840
vn 0.351377 0.935979 0.021840
vn 0.197573 0.979746 0.032611
vn 0.197573 0.979746 0.032611
vn 0.197573 0.979746 0.032611
vn 0.197573 0.979746 0.032611
vn 0.400904 0.915736 0.026515
vn 0.400904 0.915736 0.026515
vn 0.400904 0.915736 0.026515
vn 0.400904 0.915736 0.026515
vn 0.301787 0.953203 0.018141
vn 0.301030 0.953602 -0.004853
vn 0.301961 0.953010 0.024303
vn 0.309675 0.950535 0.024186
vn 0.009701 0.028166 -0.999556
vn 0.009705 0.028159 -0.999556
vn 0.009819 0.027941 -0.999561
vn 0.009819 0.027941 -0.999561
vn -0.017501 0.999505 0.026151
vn -0.017638 0.999502 0.026149
vn -0.094106 0.995252 0.024867
vn -0.094106 0.995252 0.024867
vn -0.009479 -0.028198 0.999557
vn -0.009475 -0.028206 0.999557
vn -0.009593 -0.027968 0.999563
vn -0.009593 -0.027968 0.999563
vn 0.302812 0.951566 -0.053177
vn 0.302823 0.951562 -0.053177
vn -0.009874 -0.031277 0.999462
vn -0.009874 -0.031277 0.999462
vn -0.299478 -0.944088 -0.137882
vn -0.299470 -0.943611 -0.141122
vn -0.301561 -0.953339 -0.014312
vn -0.301455 -0.953445 -0.008212
vn -0.301049 -0.953602 0.003494
vn 0.009873 0.031276 -0.999462
vn 0.009873 0.031276 -0.999462
vn 0.303549 0.952647 0.017929
vn 0.301030 0.953602 -0.004893
vn 0.301030 0.953602 -0.004880
vn 0.300893 0.953494 0.017651
vn 0.304197 0.952306 0.024044
vn 0.300831 0.953383 0.023688
vn 0.008967 0.028562 -0.999552
vn 0.008960 0.028560 -0.999552
vn 0.009258 0.028551 -0.999550
vn 0.009258 0.028551 -0.999550
vn 0.463135 0.885771 0.030255
vn 0.463168 0.885754 0.030255
vn 0.300777 0.953232 0.029698
vn 0.300764 0.953236 0.029698
vn -0.008744 -0.028644 0.999551
vn -0.008750 -0.028644 0.999551
vn -0.009036 -0.028621 0.999550
vn -0.009036 -0.028621 0.999550
vn 0.307627 0.950001 -0.053508
vn 0.307632 0.950000 -0.053507
vn 0.300595 0.952165 -0.055003
vn 0.300595 0.952165 -0.055003
vn -0.009873 -0.031276 0.999462
vn -0.009873 -0.031276 0.999462
vn -0.009873 -0.031276 0.999462
vn -0.009873 -0.031276 0.999462
vn -0.305343 -0.942245 -0.137621
vn -0.305414 -0.941711 -0.141076
vn -0.298071 -0.944169 -0.140356
vn -0.298227 -0.944665 -0.136636
vn -0.304467 -0.952420 -0.014041
vn -0.301023 -0.953519 -0.013643
vn -0.303691 -0.952737 -0.008004
vn -0.301042 -0.953580 -0.007707
vn -0.301049 -0.953602 0.003494
vn -0.301049 -0.953602 0.003494
vn 0.009874 0.031278 -0.999462
vn 0.009874 0.031278 -0.999462
vn 0.009874 0.031278 -0.999462
vn 0.009874 0.031278 -0.999462
vn 0.298232 0.954324 0.017967
vn 0.297457 0.954431 0.024086
vn 0.301030 0.953602 -0.004866
vn 0.009874 0.031277 -0.999462
vn 0.009874 0.031277 -0.999462
vn -0.298389 -0.954411 -0.008004
vn -0.301049 -0.953602 0.003494
vn -0.297571 -0.954596 -0.014041
vn -0.291012 -0.946769 -0.137621
vn -0.290647 -0.946373 -0.141076
vn -0.009874 -0.031276 0.999462
vn -0.009874 -0.031276 0.999462
vn 0.293719 0.954354 -0.054199
vn 0.293728 0.954351 -0.054200
vn -0.009282 -0.028477 0.999551
vn -0.009287 -0.028472 0.999551
vn 0.129097 0.991231 0.028202
vn 0.129142 0.991225 0.028203
vn 0.009512 0.028416 -0.999551
vn 0.009508 0.028420 -0.999551
vn -0.300889 -0.953095 -0.032803
vn -0.300889 -0.953095 -0.032803
vn -0.300889 -0.953095 -0.032803
vn -0.300889 -0.953095 -0.032803
vn -0.300890 -0.953094 -0.032816
vn -0.300890 -0.953094 -0.032816
vn -0.300890 -0.953094 -0.032816
vn -0.300890 -0.953094 -0.032816
vn -0.300896 -0.953114 -0.032176
vn -0.300896 -0.953114 -0.032176
vn -0.300896 -0.953114 -0.032176
vn -0.300896 -0.953114 -0.032176
vn -0.300889 -0.953095 -0.032798
vn -0.300889 -0.953095 -0.032798
vn -0.300889 -0.953095 -0.032798
vn -0.300889 -0.953095 -0.032798
vn 0.009865 0.031276 -0.999462
vn 0.009865 0.031276 -0.999462
vn 0.009865 0.031276 -0.999462
vn 0.009865 0.031276 -0.999462
vn 0.043822 0.998537 0.031680
vn 0.043822 0.998537 0.031680
vn 0.043822 0.998537 0.031680
vn 0.043822 0.998537 0.031680
vn -0.009874 -0.031276 0.999462
vn -0.009874 -0.031276 0.999462
vn -0.009874 -0.031276 0.999462
vn -0.009874 -0.031276 0.999462
vn -0.043820 -0.998537 -0.031680
vn -0.043820 -0.998537 -0.031680
vn -0.043820 -0.998537 -0.031680
vn -0.043820 -0.998537 -0.031680
vn -0.998990 0.044113 -0.008488
vn -0.998991 0.044113 -0.008488
vn -0.998991 0.044113 -0.008488
vn -0.998990 0.044113 -0.008488
vn 0.998990 -0.044113 0.008488
vn 0.998990 -0.044113 0.008488
vn 0.998990 -0.044113 0.008488
vn 0.998991 -0.044113 0.008488
vn 0.009880 0.031276 -0.999462
vn 0.009880 0.031276 -0.999462
vn 0.009878 0.031277 -0.999462
vn 0.009878 0.031277 -0.999462
vn 0.043733 0.998218 0.040595
vn 0.043733 0.998218 0.040595
vn 0.043733 0.998218 0.040595
vn 0.043733 0.998218 0.040595
vn -0.009874 -0.031277 0.999462
vn -0.009874 -0.031277 0.999462
vn -0.009874 -0.031276 0.999462
vn -0.009874 -0.031276 0.999462
vn -0.043739 -0.998226 -0.040399
vn -0.043739 -0.998226 -0.040399
vn -0.043739 -0.998226 -0.040399
vn -0.043739 -0.998226 -0.040399
vn -0.999351 0.027871 0.022817
vn -0.999351 0.027871 0.022817
vn -0.999147 0.034255 0.023085
vn -0.998706 0.045085 0.023536
vn 0.998706 -0.045080 -0.023535
vn 0.999147 -0.034251 -0.023084
vn 0.999351 -0.027868 -0.022817
vn 0.999351 -0.027868 -0.022817
vn 0.009877 0.031274 -0.999462
vn 0.009877 0.031274 -0.999462
vn 0.009874 0.031275 -0.999462
vn 0.009874 0.031275 -0.999462
vn 0.043583 0.997494 0.055738
vn 0.043583 0.997494 0.055738
vn 0.043583 0.997494 0.055738
vn 0.043583 0.997494 0.055738
vn -0.009874 -0.031276 0.999462
vn -0.009874 -0.031276 0.999462
vn -0.009874 -0.031277 0.999462
vn -0.009874 -0.031277 0.999462
vn -0.043570 -0.997494 -0.055738
vn -0.043570 -0.997494 -0.055738
vn -0.043570 -0.997494 -0.055738
vn -0.043570 -0.997494 -0.055738
vn -0.996174 0.034150 0.080438
vn -0.996174 0.034150 0.080438
vn -0.995330 0.051212 0.081829
vn -0.995117 0.054766 0.082115
vn 0.995330 -0.051213 -0.081829
vn 0.996174 -0.034155 -0.080439
vn 0.996174 -0.034155 -0.080439
vn 0.995117 -0.054766 -0.082115
vn 0.996196 -0.042096 0.076296
vn 0.996174 -0.042658 0.076269
vn 0.995915 -0.048797 0.075970
vn 0.995915 -0.048797 0.075970
vn -0.044001 -0.998940 -0.013541
vn -0.044001 -0.998940 -0.013541
vn -0.044001 -0.998940 -0.013541
vn -0.044001 -0.998940 -0.013541
vn -0.995915 0.048800 -0.075970
vn -0.996174 0.042659 -0.076269
vn -0.996196 0.042097 -0.076296
vn -0.995915 0.048800 -0.075970
vn 0.043995 0.998941 0.013488
vn 0.043995 0.998941 0.013488
vn 0.043995 0.998941 0.013488
vn 0.043995 0.998941 0.013488
vn 0.013303 0.110031 -0.993839
vn 0.004501 -0.089697 -0.995959
vn 0.004501 -0.089697 -0.995959
vn 0.013303 0.110031 -0.993839
vn -0.037455 -0.713627 0.699524
vn -0.004759 0.083935 0.996460
vn -0.004759 0.083937 0.996460
vn -0.037455 -0.713627 0.699524
vn 0.995615 -0.053798 0.076528
vn 0.995615 -0.053798 0.076528
vn 0.995686 -0.052242 0.076680
vn 0.995697 -0.052012 0.076703
vn 0.017181 0.200603 -0.979522
vn 0.017181 0.200604 -0.979522
vn 0.019226 0.249066 -0.968296
vn 0.019226 0.249066 -0.968296
vn -0.995696 0.052016 -0.076703
vn -0.995686 0.052246 -0.076680
vn -0.995615 0.053801 -0.076528
vn -0.995615 0.053801 -0.076528
vn -0.009873 -0.031276 0.999462
vn -0.009873 -0.031276 0.999462
vn -0.009873 -0.031275 0.999462
vn -0.009873 -0.031275 0.999462
vn 0.998215 -0.054309 -0.024837
vn 0.998641 -0.046069 -0.024364
vn 0.998580 -0.047341 -0.024437
vn 0.998215 -0.054309 -0.024837
vn 0.001412 0.219735 0.975559
vn 0.001412 0.219738 0.975558
vn 0.016581 0.537734 0.842952
vn 0.016581 0.537734 0.842952
vn -0.998580 0.047342 0.024437
vn -0.998641 0.046069 0.024364
vn -0.998215 0.054313 0.024837
vn -0.998215 0.054313 0.024837
vn 0.009874 0.031275 -0.999462
vn 0.009874 0.031275 -0.999462
vn 0.009879 0.031274 -0.999462
vn 0.009879 0.031274 -0.999462
vn -0.001372 -0.218785 -0.975772
vn -0.001372 -0.218786 -0.975772
vn 0.996343 -0.037314 0.076870
vn 0.996359 -0.036921 0.076852
vn -0.009874 -0.031276 0.999462
vn -0.009874 -0.031276 0.999462
vn -0.996359 0.036922 -0.076852
vn -0.996343 0.037315 -0.076870
vn 0.997588 -0.064858 -0.024752
vn 0.998016 -0.057976 -0.024541
vn 0.022536 0.655571 0.754797
vn 0.022536 0.655572 0.754797
vn -0.998016 0.057976 0.024540
vn -0.997587 0.064860 0.024752
vn 0.009870 0.031276 -0.999462
vn 0.009870 0.031276 -0.999462
vn 0.996506 -0.021091 -0.080809
vn 0.995630 -0.044611 -0.082040
vn 0.995702 -0.043130 -0.081963
vn 0.996507 -0.021091 -0.080809
vn -0.009874 -0.031277 0.999462
vn -0.009874 -0.031277 0.999462
vn -0.009874 -0.031276 0.999462
vn -0.009874 -0.031276 0.999462
vn -0.995702 0.043131 0.081964
vn -0.995630 0.044613 0.082040
vn -0.996507 0.021092 0.080809
vn -0.996507 0.021092 0.080809
vn 0.009872 0.031277 -0.999462
vn 0.009872 0.031277 -0.999462
vn 0.009874 0.031278 -0.999462
vn 0.009874 0.031278 -0.999462
vn -0.009874 -0.031274 0.999462
vn -0.009874 -0.031274 0.999462
vn 0.994440 -0.048032 0.093716
vn 0.994427 -0.048288 0.093715
vn 0.994051 -0.055538 0.093697
vn 0.994051 -0.055538 0.093697
vn 0.994936 -0.035224 0.094140
vn 0.994960 -0.034678 0.094089
vn 0.993340 -0.067932 0.093063
vn 0.993092 -0.071745 0.092850
vn 0.991963 -0.086873 0.091989
vn 0.991963 -0.086873 0.091989
vn -0.044027 -0.998983 -0.009699
vn -0.044027 -0.998983 -0.009699
vn -0.044027 -0.998983 -0.009699
vn -0.044027 -0.998983 -0.009699
vn -0.993092 0.071743 -0.092850
vn -0.991964 0.086867 -0.091989
vn -0.991964 0.086867 -0.091989
vn -0.993340 0.067931 -0.093063
vn -0.994960 0.034681 -0.094089
vn -0.994936 0.035227 -0.094141
vn -0.994427 0.048289 -0.093715
vn -0.994440 0.048033 -0.093716
vn -0.994051 0.055539 -0.093697
vn -0.994051 0.055539 -0.093697
vn 0.044048 0.998993 0.008507
vn 0.044048 0.998993 0.008507
vn 0.044048 0.998993 0.008507
vn 0.044048 0.998993 0.008507
vn 0.018611 0.234526 -0.971932
vn 0.018611 0.234526 -0.971932
vn 0.018611 0.234526 -0.971932
vn 0.018611 0.234526 -0.971932
vn -0.005883 -0.315795 -0.948809
vn -0.005883 -0.315795 -0.948809
vn -0.005883 -0.315795 -0.948809
vn -0.005883 -0.315795 -0.948809
vn 0.003000 -0.123036 -0.992398
vn 0.003000 -0.123036 -0.992398
vn 0.003000 -0.123036 -0.992398
vn 0.003000 -0.123036 -0.992398
vn 0.037353 0.710804 -0.702398
vn 0.037353 0.710804 -0.702398
vn 0.037353 0.710804 -0.702398
vn 0.037353 0.710804 -0.702398
vn -0.016556 -0.185953 0.982419
vn -0.016556 -0.185953 0.982419
vn -0.016556 -0.185953 0.982419
vn -0.016556 -0.185953 0.982419
vn 0.014902 0.503767 0.863711
vn 0.014902 0.503766 0.863711
vn 0.014902 0.503766 0.863711
vn 0.014902 0.503766 0.863711
vn -0.026864 -0.435191 0.899938
vn -0.026864 -0.435191 0.899937
vn -0.026864 -0.435191 0.899938
vn -0.026864 -0.435191 0.899938
vn 0.009877 0.031276 -0.999462
vn 0.009877 0.031276 -0.999462
vn 0.009877 0.031276 -0.999462
vn 0.009877 0.031276 -0.999462
vn 0.537447 0.842702 0.031680
vn 0.537447 0.842702 0.031680
vn 0.537447 0.842702 0.031680
vn 0.537447 0.842702 0.031680
vn -0.009873 -0.031276 0.999462
vn -0.009873 -0.031276 0.999462
vn -0.009873 -0.031276 0.999462
vn -0.009873 -0.031276 0.999462
vn -0.537451 -0.842700 -0.031680
vn -0.537451 -0.842700 -0.031680
vn -0.537451 -0.842700 -0.031680
vn -0.537451 -0.842700 -0.031680
vn -0.843239 0.537472 0.008489
vn -0.843239 0.537472 0.008489
vn -0.843239 0.537472 0.008489
vn -0.843239 0.537472 0.008489
vn 0.843239 -0.537471 -0.008489
vn 0.843239 -0.537471 -0.008489
vn 0.843239 -0.537471 -0.008489
vn 0.843239 -0.537471 -0.008489
vn 0.009882 0.031276 -0.999462
vn 0.009882 0.031276 -0.999462
vn 0.009882 0.031276 -0.999462
vn 0.009882 0.031276 -0.999462
vn 0.537453 0.842699 0.031680
vn 0.537453 0.842699 0.031680
vn 0.537453 0.842699 0.031680
vn 0.537453 0.842699 0.031680
vn -0.009873 -0.031276 0.999462
vn -0.009873 -0.031276 0.999462
vn -0.009873 -0.031276 0.999462
vn -0.009873 -0.031276 0.999462
vn -0.537451 -0.842700 -0.031680
vn -0.537451 -0.842700 -0.031680
vn -0.537451 -0.842700 -0.031680
vn -0.537451 -0.842700 -0.031680
vn -0.843239 0.537472 0.008489
vn -0.843239 0.537472 0.008489
vn -0.843239 0.537473 0.008489
vn -0.843239 0.537473 0.008489
vn 0.843239 -0.537471 -0.008489
vn 0.843239 -0.537471 -0.008489
vn 0.843239 -0.537471 -0.008489
vn 0.843239 -0.537471 -0.008489
vn -0.119875 0.111143 -0.986548
vn -0.119875 0.111143 -0.986548
vn -0.122427 0.096334 -0.987791
vn -0.122426 0.096341 -0.987791
vn 0.525533 0.849503 0.046465
vn 0.525533 0.849503 0.046465
vn 0.525533 0.849503 0.046465
vn 0.525533 0.849503 0.046465
vn -0.009871 -0.031272 0.999462
vn -0.009871 -0.031272 0.999462
vn -0.009874 -0.031276 0.999462
vn -0.009874 -0.031276 0.999462
vn -0.507557 -0.860458 -0.044687
vn -0.507557 -0.860458 -0.044687
vn -0.507557 -0.860458 -0.044687
vn -0.507557 -0.860458 -0.044687
vn -0.876193 0.469157 0.110352
vn -0.876193 0.469157 0.110352
vn -0.860247 0.497841 0.110130
vn -0.856388 0.504465 0.110061
vn 0.832609 -0.542708 -0.110590
vn 0.815928 -0.567400 -0.110990
vn 0.731001 -0.673194 -0.111566
vn 0.731001 -0.673194 -0.111566
vn 0.843239 -0.537472 -0.008489
vn 0.843239 -0.537472 -0.008489
vn 0.843235 -0.537478 -0.008489
vn 0.843235 -0.537478 -0.008489
vn -0.537450 -0.842700 -0.031681
vn -0.537450 -0.842700 -0.031681
vn -0.537450 -0.842700 -0.031681
vn -0.537450 -0.842700 -0.031681
vn -0.843234 0.537479 0.008489
vn -0.843238 0.537473 0.008489
vn -0.843238 0.537473 0.008489
vn -0.843234 0.537479 0.008489
vn 0.537451 0.842700 0.031680
vn 0.537451 0.842700 0.031680
vn 0.537451 0.842700 0.031680
vn 0.537451 0.842700 0.031680
vn 0.531196 0.763667 0.366938
vn 0.381079 0.373632 0.845682
vn 0.390855 0.393812 0.831953
vn 0.531196 0.763667 0.366938
vn -0.457388 -0.709112 -0.536616
vn 0.126295 0.213447 -0.968757
vn 0.126294 0.213445 -0.968757
vn -0.457388 -0.709112 -0.536616
vn 0.843240 -0.537470 -0.008489
vn 0.843240 -0.537470 -0.008489
vn 0.843239 -0.537471 -0.008489
vn 0.843240 -0.537471 -0.008489
vn -0.439273 -0.679903 -0.587172
vn -0.439272 -0.679903 -0.587174
vn 0.110678 0.189054 -0.975709
vn 0.110678 0.189054 -0.975709
vn -0.843241 0.537469 0.008489
vn -0.843241 0.537469 0.008489
vn -0.843242 0.537467 0.008489
vn -0.843242 0.537467 0.008489
vn -0.009873 -0.031275 0.999462
vn -0.009873 -0.031275 0.999462
vn -0.009872 -0.031274 0.999462
vn -0.009872 -0.031274 0.999462
vn 0.843240 -0.537471 -0.008489
vn 0.843240 -0.537471 -0.008489
vn -0.009874 -0.031277 0.999462
vn -0.009874 -0.031277 0.999462
vn -0.843239 0.537472 0.008489
vn -0.843239 0.537472 0.008489
vn -0.129664 -0.188056 -0.973562
vn -0.129665 -0.188058 -0.973561
vn 0.864498 -0.490465 -0.109942
vn 0.854371 -0.507669 -0.111006
vn 0.850960 -0.513293 -0.111346
vn 0.864498 -0.490465 -0.109942
vn 0.218100 0.067452 0.973593
vn 0.218100 0.067451 0.973593
vn 0.498810 0.647290 0.576371
vn 0.498810 0.647290 0.576371
vn -0.850958 0.513295 0.111346
vn -0.854369 0.507672 0.111006
vn -0.864495 0.490470 0.109943
vn -0.864495 0.490470 0.109943
vn -0.122973 0.093141 -0.988030
vn -0.122973 0.093141 -0.988030
vn -0.122976 0.093139 -0.988029
vn -0.122976 0.093139 -0.988029
vn 0.843658 -0.525263 -0.111085
vn 0.841325 -0.528927 -0.111393
vn -0.122972 0.093143 -0.988030
vn -0.122972 0.093143 -0.988030
vn -0.841325 0.528927 0.111393
vn -0.843658 0.525263 0.111085
vn -0.086504 -0.412966 0.906629
vn -0.086504 -0.412967 0.906629
vn 0.905370 0.424043 0.022213
vn 0.905370 0.424043 0.022213
vn 0.905370 0.424043 0.022213
vn 0.905370 0.424043 0.022213
vn -0.009872 -0.031276 0.999462
vn -0.009876 -0.031276 0.999462
vn -0.009876 -0.031277 0.999462
vn -0.009877 -0.031277 0.999462
vn -0.537448 -0.842702 -0.031680
vn -0.537448 -0.842702 -0.031680
vn -0.537449 -0.842701 -0.031680
vn -0.537449 -0.842701 -0.031680
vn 0.843197 -0.536427 -0.035574
vn 0.843197 -0.536427 -0.035574
vn 0.843197 -0.536427 -0.035574
vn 0.843197 -0.536427 -0.035574
vn 0.878218 -0.478219 -0.006290
vn 0.878218 -0.478219 -0.006290
vn 0.898228 -0.439503 -0.004881
vn 0.898228 -0.439503 -0.004881
vn 0.989945 0.140742 0.014183
vn 0.989945 0.140742 0.014183
vn 0.009875 0.031276 -0.999462
vn 0.009873 0.031276 -0.999462
vn 0.009871 0.031277 -0.999462
vn 0.009872 0.031277 -0.999462
vn -0.009870 -0.031276 0.999462
vn -0.009870 -0.031276 0.999462
vn -0.009872 -0.031276 0.999462
vn 0.009873 0.031276 -0.999462
vn 0.009870 0.031276 -0.999462
vn 0.009870 0.031276 -0.999462
vn 0.009872 0.031277 -0.999462
vn 0.009872 0.031276 -0.999462
vn -0.537448 -0.842701 -0.031680
vn -0.537448 -0.842701 -0.031680
vn -0.009876 -0.031276 0.999462
vn -0.009874 -0.031277 0.999462
vn -0.537447 -0.842702 -0.031680
vn -0.537447 -0.842702 -0.031680
vn 0.009877 0.031276 -0.999462
vn -0.009874 -0.031276 0.999462
vn 0.991515 -0.129828 -0.006556
vn 0.991515 -0.129828 -0.006556
vn 0.991515 -0.129828 -0.006556
vn 0.991515 -0.129828 -0.006556
vn 0.009873 0.031273 -0.999462
vn 0.009873 0.031273 -0.999462
vn -0.537448 -0.842701 -0.031679
vn -0.537449 -0.842701 -0.031679
vn -0.009882 -0.031274 0.999462
vn -0.009882 -0.031274 0.999462
vn -0.843239 0.537472 0.008489
vn -0.843239 0.537472 0.008489
vn -0.843239 0.537472 0.008489
vn -0.843239 0.537472 0.008489
vn -0.843238 0.537473 0.008489
vn -0.843238 0.537473 0.008489
vn -0.843238 0.537473 0.008489
vn -0.843238 0.537473 0.008489
vn 0.905370 0.424042 0.022213
vn 0.905370 0.424042 0.022213
vn 0.905370 0.424042 0.022213
vn 0.905370 0.424042 0.022213
vn -0.009874 -0.031276 0.999462
vn -0.009874 -0.031276 0.999462
vn -0.009874 -0.031276 0.999462
vn -0.009874 -0.031276 0.999462
vn -0.537449 -0.842701 -0.031680
vn -0.537449 -0.842701 -0.031680
vn -0.537449 -0.842701 -0.031680
vn -0.537449 -0.842701 -0.031680
vn 0.843197 -0.536427 -0.035572
vn 0.843197 -0.536427 -0.035572
vn 0.843197 -0.536427 -0.035572
vn 0.843197 -0.536427 -0.035572
vn 0.878219 -0.478218 -0.006290
vn 0.878219 -0.478218 -0.006290
vn 0.898228 -0.439503 -0.004880
vn 0.898228 -0.439503 -0.004880
vn 0.989946 0.140735 0.014183
vn 0.989946 0.140735 0.014183
vn 0.009873 0.031276 -0.999462
vn 0.009874 0.031276 -0.999462
vn 0.009873 0.031276 -0.999462
vn 0.009874 0.031276 -0.999462
vn -0.009875 -0.031275 0.999462
vn -0.009875 -0.031275 0.999462
vn -0.009874 -0.031276 0.999462
vn 0.009874 0.031276 -0.999462
vn 0.009874 0.031275 -0.999462
vn 0.009874 0.031275 -0.999462
vn 0.009874 0.031276 -0.999462
vn 0.009873 0.031276 -0.999462
vn -0.537449 -0.842701 -0.031680
vn -0.537449 -0.842701 -0.031680
vn -0.009873 -0.031276 0.999462
vn -0.009874 -0.031276 0.999462
vn -0.537448 -0.842701 -0.031680
vn -0.537448 -0.842701 -0.031680
vn 0.009874 0.031276 -0.999462
vn -0.009874 -0.031276 0.999462
vn 0.991515 -0.129828 -0.006555
vn 0.991515 -0.129828 -0.006555
vn 0.991515 -0.129828 -0.006555
vn 0.991515 -0.129828 -0.006555
vn 0.009869 0.031278 -0.999462
vn 0.009869 0.031278 -0.999462
vn -0.537450 -0.842700 -0.031680
vn -0.537450 -0.842700 -0.031680
vn -0.009873 -0.031276 0.999462
vn -0.009873 -0.031276 0.999462
vn -0.843239 0.537472 0.008489
vn -0.843239 0.537472 0.008489
vn -0.843239 0.537472 0.008489
vn -0.843239 0.537472 0.008489
vn -0.843239 0.537472 0.008488
vn -0.843239 0.537472 0.008488
vn -0.843239 0.537472 0.008488
vn -0.843239 0.537472 0.008488
vn -0.497789 0.867013 0.022214
vn -0.497789 0.867013 0.022214
vn -0.497789 0.867013 0.022214
vn -0.497789 0.867014 0.022214
vn 0.009872 0.031276 -0.999462
vn 0.009872 0.031276 -0.999462
vn 0.009872 0.031276 -0.999462
vn 0.009870 0.031276 -0.999462
vn -0.043824 -0.998537 -0.031680
vn -0.043824 -0.998537 -0.031680
vn -0.043826 -0.998537 -0.031680
vn -0.043826 -0.998537 -0.031680
vn -0.998891 0.043249 0.018601
vn -0.998891 0.043249 0.018601
vn -0.998891 0.043249 0.018601
vn -0.998891 0.043249 0.018601
vn -0.993608 0.112711 -0.006289
vn -0.993608 0.112711 -0.006289
vn -0.987761 0.155898 -0.004880
vn -0.987761 0.155898 -0.004880
vn -0.729696 0.683625 0.014183
vn -0.729696 0.683625 0.014183
vn -0.009874 -0.031276 0.999462
vn -0.009875 -0.031276 0.999462
vn -0.009868 -0.031277 0.999462
vn -0.009870 -0.031277 0.999462
vn 0.009870 0.031276 -0.999462
vn 0.009870 0.031276 -0.999462
vn 0.009872 0.031276 -0.999462
vn -0.009876 -0.031276 0.999462
vn -0.009874 -0.031276 0.999462
vn -0.009874 -0.031276 0.999462
vn -0.009872 -0.031277 0.999462
vn -0.009871 -0.031277 0.999462
vn -0.043827 -0.998537 -0.031680
vn -0.043827 -0.998537 -0.031680
vn 0.009875 0.031276 -0.999462
vn 0.009876 0.031276 -0.999462
vn -0.043825 -0.998537 -0.031681
vn -0.043825 -0.998537 -0.031681
vn -0.009877 -0.031276 0.999462
vn 0.009874 0.031277 -0.999462
vn -0.886576 0.462234 0.017993
vn -0.886576 0.462234 0.017993
vn -0.886576 0.462234 0.017993
vn -0.886576 0.462234 0.017993
vn -0.009867 -0.031276 0.999462
vn -0.009867 -0.031276 0.999462
vn -0.043825 -0.998537 -0.031680
vn -0.043825 -0.998537 -0.031680
vn 0.009873 0.031276 -0.999462
vn 0.009873 0.031276 -0.999462
vn -0.497790 0.867013 0.022213
vn -0.497790 0.867013 0.022213
vn -0.497790 0.867013 0.022213
vn -0.497790 0.867013 0.022213
vn 0.009872 0.031276 -0.999462
vn 0.009873 0.031277 -0.999462
vn 0.009874 0.031277 -0.999462
vn 0.009874 0.031277 -0.999462
vn -0.043823 -0.998537 -0.031680
vn -0.043823 -0.998537 -0.031680
vn -0.043827 -0.998537 -0.031680
vn -0.043827 -0.998537 -0.031680
vn -0.998891 0.043249 0.018601
vn -0.998891 0.043249 0.018601
vn -0.998891 0.043249 0.018601
vn -0.998891 0.043249 0.018601
vn -0.993608 0.112711 -0.006288
vn -0.993608 0.112711 -0.006288
vn -0.987761 0.155898 -0.004879
vn -0.987761 0.155897 -0.004879
vn -0.729698 0.683623 0.014184
vn -0.729698 0.683623 0.014184
vn -0.009873 -0.031277 0.999462
vn -0.009872 -0.031276 0.999462
vn -0.009873 -0.031277 0.999462
vn -0.009873 -0.031277 0.999462
vn 0.009871 0.031276 -0.999462
vn 0.009871 0.031276 -0.999462
vn 0.009872 0.031276 -0.999462
vn -0.009871 -0.031276 0.999462
vn -0.009871 -0.031276 0.999462
vn -0.009871 -0.031276 0.999462
vn -0.009873 -0.031277 0.999462
vn -0.009873 -0.031277 0.999462
vn -0.043828 -0.998537 -0.031680
vn -0.043828 -0.998537 -0.031680
vn 0.009872 0.031277 -0.999462
vn 0.009873 0.031277 -0.999462
vn -0.043824 -0.998537 -0.031680
vn -0.043824 -0.998537 -0.031680
vn -0.009873 -0.031277 0.999462
vn 0.009872 0.031276 -0.999462
vn -0.886575 0.462235 0.017992
vn -0.886575 0.462235 0.017992
vn -0.886575 0.462235 0.017992
vn -0.886575 0.462235 0.017992
vn -0.009871 -0.031277 0.999462
vn -0.009871 -0.031277 0.999462
vn -0.043823 -0.998537 -0.031680
vn -0.043823 -0.998537 -0.031680
vn 0.009868 0.031277 -0.999462
vn 0.009868 0.031277 -0.999462
vn -0.231027 -0.954230 -0.189925
vn -0.231027 -0.954230 -0.189925
vn -0.231027 -0.954230 -0.189925
vn -0.231027 -0.954230 -0.189925
vn -0.233498 -0.952646 -0.194792
vn -0.233498 -0.952646 -0.194792
vn -0.233498 -0.952646 -0.194792
vn -0.233498 -0.952646 -0.194792
vn -0.237501 -0.950904 -0.198432
vn -0.237501 -0.950904 -0.198432
vn -0.237501 -0.950904 -0.198432
vn -0.237501 -0.950904 -0.198432
vn -0.242556 -0.949214 -0.200398
vn -0.242556 -0.949214 -0.200398
vn -0.242556 -0.949214 -0.200398
vn -0.242556 -0.949214 -0.200398
vn -0.213457 -0.960540 -0.178322
vn -0.213458 -0.960540 -0.178322
vn -0.213458 -0.960540 -0.178322
vn -0.213457 -0.960540 -0.178322
vn -0.065932 -0.976397 -0.205675
vn -0.065932 -0.976397 -0.205675
vn -0.065932 -0.976397 -0.205675
vn -0.065932 -0.976397 -0.205675
vn -0.075044 -0.977915 -0.195066
vn -0.075044 -0.977915 -0.195066
vn -0.075044 -0.977915 -0.195066
vn -0.075044 -0.977915 -0.195066
vn -0.077975 -0.978633 -0.190256
vn -0.077975 -0.978633 -0.190256
vn -0.077975 -0.978633 -0.190256
vn -0.077975 -0.978633 -0.190256
vn -0.079088 -0.979595 -0.184765
vn -0.079088 -0.979595 -0.184765
vn -0.079088 -0.979595 -0.184765
vn -0.079088 -0.979595 -0.184765
vn -0.078250 -0.980685 -0.179258
vn -0.078250 -0.980685 -0.179258
vn -0.078250 -0.980685 -0.179258
vn -0.078250 -0.980685 -0.179258
vn -0.050825 -0.988557 -0.142030
vn -0.050825 -0.988557 -0.142030
vn -0.050825 -0.988557 -0.142030
vn -0.050825 -0.988557 -0.142030
vn -0.069592 -0.989340 -0.127918
vn -0.069592 -0.989340 -0.127918
vn -0.069592 -0.989340 -0.127918
vn -0.069592 -0.989340 -0.127918
vn -0.249894 -0.953449 -0.168784
vn -0.249894 -0.953449 -0.168785
vn -0.249894 -0.953449 -0.168785
vn -0.249894 -0.953449 -0.168784
vn -0.244395 -0.954884 -0.168722
vn -0.244395 -0.954884 -0.168722
vn -0.244395 -0.954884 -0.168722
vn -0.244395 -0.954884 -0.168722
vn -0.239117 -0.955891 -0.170575
vn -0.239117 -0.955891 -0.170575
vn -0.239117 -0.955891 -0.170575
vn -0.239117 -0.955891 -0.170575
vn -0.234710 -0.956344 -0.174122
vn -0.234710 -0.956344 -0.174122
vn -0.234710 -0.956344 -0.174122
vn -0.234710 -0.956344 -0.174122
vn -0.231677 -0.956195 -0.178934
vn -0.231677 -0.956195 -0.178934
vn -0.231677 -0.956195 -0.178934
vn -0.231677 -0.956195 -0.178934
vn -0.230391 -0.955465 -0.184411
vn -0.230391 -0.955465 -0.184411
vn -0.230391 -0.955465 -0.184411
vn -0.230391 -0.955465 -0.184411
vn 0.261419 0.948433 0.179265
vn 0.261419 0.948433 0.179265
vn 0.261419 0.948433 0.179265
vn 0.261419 0.948433 0.179265
vn 0.258961 0.950013 0.174397
vn 0.258961 0.950013 0.174397
vn 0.258961 0.950013 0.174398
vn 0.258961 0.950013 0.174397
vn 0.254949 0.951758 0.170754
vn 0.254949 0.951758 0.170754
vn 0.254949 0.951758 0.170754
vn 0.254949 0.951758 0.170754
vn 0.249894 0.953450 0.168781
vn 0.249894 0.953450 0.168781
vn 0.249894 0.953450 0.168781
vn 0.249894 0.953450 0.168781
vn 0.211299 0.966382 0.146484
vn 0.211299 0.966383 0.146484
vn 0.211299 0.966382 0.146484
vn 0.211299 0.966382 0.146484
vn 0.049983 0.982818 0.177681
vn 0.049983 0.982818 0.177681
vn 0.049983 0.982818 0.177681
vn 0.049983 0.982818 0.177681
vn 0.050509 0.983427 0.174128
vn 0.050509 0.983427 0.174128
vn 0.050509 0.983427 0.174128
vn 0.050509 0.983427 0.174128
vn 0.047583 0.982710 0.178935
vn 0.047583 0.982710 0.178935
vn 0.047583 0.982710 0.178935
vn 0.047583 0.982710 0.178935
vn 0.046466 0.981751 0.184407
vn 0.046466 0.981751 0.184407
vn 0.046466 0.981751 0.184407
vn 0.046466 0.981751 0.184407
vn 0.047301 0.980660 0.189917
vn 0.047301 0.980660 0.189917
vn 0.047301 0.980660 0.189917
vn 0.047301 0.980660 0.189917
vn 0.024441 0.986529 0.161752
vn 0.024441 0.986529 0.161752
vn 0.024441 0.986529 0.161752
vn 0.024441 0.986529 0.161752
vn 0.044931 0.987534 0.150854
vn 0.044931 0.987534 0.150854
vn 0.044931 0.987534 0.150854
vn 0.044931 0.987534 0.150854
vn 0.242557 0.949214 0.200397
vn 0.242557 0.949214 0.200397
vn 0.242557 0.949214 0.200397
vn 0.242557 0.949214 0.200397
vn 0.248056 0.947779 0.200457
vn 0.248056 0.947779 0.200457
vn 0.248056 0.947779 0.200457
vn 0.248056 0.947779 0.200457
vn 0.253343 0.946770 0.198603
vn 0.253343 0.946770 0.198603
vn 0.253343 0.946770 0.198603
vn 0.253343 0.946770 0.198603
vn 0.257752 0.946317 0.195057
vn 0.257752 0.946317 0.195057
vn 0.257752 0.946317 0.195057
vn 0.257752 0.946317 0.195057
vn 0.260773 0.946466 0.190261
vn 0.260773 0.946466 0.190261
vn 0.260773 0.946466 0.190261
vn 0.260773 0.946466 0.190261
vn 0.262050 0.947202 0.184763
vn 0.262050 0.947202 0.184763
vn 0.262050 0.947202 0.184763
vn 0.262050 0.947202 0.184763
vn -0.997765 0.065923 -0.010903
vn -0.997765 0.065923 -0.010903
vn -0.997765 0.065923 -0.010903
vn -0.997765 0.065923 -0.010903
vn -0.929768 0.124719 -0.346376
vn -0.929768 0.124719 -0.346376
vn -0.929768 0.124719 -0.346376
vn -0.929768 0.124719 -0.346376
vn -0.749626 0.168455 -0.640066
vn -0.749626 0.168455 -0.640066
vn -0.749626 0.168455 -0.640066
vn -0.749626 0.168455 -0.640066
vn -0.478587 0.200922 -0.854743
vn -0.478587 0.200922 -0.854743
vn -0.478587 0.200922 -0.854743
vn -0.478587 0.200922 -0.854743
vn -0.120007 0.207363 -0.970875
vn -0.120007 0.207363 -0.970875
vn -0.120007 0.207363 -0.970875
vn -0.120007 0.207363 -0.970875
vn 0.224147 0.129424 -0.965923
vn 0.224147 0.129424 -0.965923
vn 0.224147 0.129424 -0.965923
vn 0.224147 0.129424 -0.965923
vn 0.533136 0.026125 -0.845626
vn 0.533136 0.026125 -0.845626
vn 0.533136 0.026125 -0.845626
vn 0.533136 0.026125 -0.845626
vn 0.777817 -0.080348 -0.623334
vn 0.777817 -0.080348 -0.623334
vn 0.777817 -0.080348 -0.623334
vn 0.777817 -0.080348 -0.623334
vn 0.928675 -0.177132 -0.325865
vn 0.928675 -0.177132 -0.325865
vn 0.928675 -0.177132 -0.325865
vn 0.928675 -0.177132 -0.325865
vn 0.967528 -0.252529 0.010905
vn 0.967528 -0.252529 0.010905
vn 0.967528 -0.252529 0.010905
vn 0.967528 -0.252529 0.010905
vn 0.889683 -0.297472 0.346375
vn 0.889682 -0.297472 0.346375
vn 0.889682 -0.297472 0.346375
vn 0.889682 -0.297472 0.346375
vn 0.704532 -0.306538 0.640054
vn 0.704532 -0.306538 0.640054
vn 0.704532 -0.306538 0.640054
vn 0.704532 -0.306538 0.640054
vn 0.434404 -0.278621 0.856542
vn 0.434404 -0.278621 0.856542
vn 0.434404 -0.278621 0.856542
vn 0.434404 -0.278621 0.856542
vn 0.111877 -0.217108 0.969715
vn 0.111877 -0.217108 0.969715
vn 0.111877 -0.217108 0.969715
vn 0.111877 -0.217108 0.969715
vn -0.224149 -0.129422 0.965923
vn -0.224149 -0.129422 0.965923
vn -0.224149 -0.129422 0.965923
vn -0.224149 -0.129422 0.965923
vn -0.587023 -0.049302 0.808068
vn -0.587023 -0.049302 0.808068
vn -0.587023 -0.049302 0.808068
vn -0.587023 -0.049302 0.808068
vn -0.790721 -0.049323 0.610186
vn -0.790721 -0.049323 0.610186
vn -0.790721 -0.049323 0.610186
vn -0.790721 -0.049323 0.610186
vn -0.945412 -0.000841 0.325876
vn -0.945412 -0.000841 0.325876
vn -0.945412 -0.000841 0.325876
vn -0.945412 -0.000841 0.325876
vn -0.183060 -0.961238 -0.206180
vn -0.183060 -0.961238 -0.206180
vn -0.183060 -0.961238 -0.206180
vn -0.183060 -0.961238 -0.206180
vn 0.308259 0.937366 0.162239
vn 0.308259 0.937366 0.162239
vn 0.308259 0.937366 0.162239
vn 0.308259 0.937366 0.162239
vn -0.193323 -0.954710 -0.226173
vn -0.193323 -0.954710 -0.226173
vn -0.193323 -0.954710 -0.226173
vn -0.193323 -0.954710 -0.226173
vn 0.298080 0.943887 0.142213
vn 0.298080 0.943887 0.142213
vn 0.298080 0.943887 0.142213
vn 0.298080 0.943888 0.142213
vn -0.209795 -0.947541 -0.241150
vn -0.209795 -0.947540 -0.241150
vn -0.209795 -0.947540 -0.241150
vn -0.209795 -0.947540 -0.241150
vn 0.281604 0.951056 0.127244
vn 0.281604 0.951056 0.127244
vn 0.281604 0.951056 0.127244
vn 0.281604 0.951056 0.127244
vn -0.230597 -0.940581 -0.249263
vn -0.230597 -0.940581 -0.249263
vn -0.230597 -0.940581 -0.249263
vn -0.230597 -0.940581 -0.249263
vn 0.260794 0.958014 0.119144
vn 0.260794 0.958014 0.119144
vn 0.260794 0.958014 0.119144
vn 0.260794 0.958014 0.119144
vn -0.220290 -0.939997 -0.260534
vn -0.220290 -0.939997 -0.260534
vn -0.220290 -0.939997 -0.260534
vn -0.220290 -0.939997 -0.260534
vn 0.206314 0.970443 0.125201
vn 0.206314 0.970443 0.125201
vn 0.206314 0.970443 0.125201
vn 0.206314 0.970443 0.125201
vn -0.099970 -0.955990 -0.275843
vn -0.099970 -0.955990 -0.275843
vn -0.099970 -0.955990 -0.275843
vn -0.099970 -0.955990 -0.275843
vn 0.036441 0.985870 0.163501
vn 0.036441 0.985870 0.163501
vn 0.036441 0.985870 0.163501
vn 0.036441 0.985870 0.163501
vn -0.113152 -0.967223 -0.227323
vn -0.113152 -0.967223 -0.227323
vn -0.113152 -0.967223 -0.227323
vn -0.113152 -0.967223 -0.227323
vn 0.012172 0.989920 0.141101
vn 0.012172 0.989920 0.141101
vn 0.012172 0.989920 0.141101
vn 0.012172 0.989920 0.141101
vn -0.125260 -0.970177 -0.207525
vn -0.125260 -0.970177 -0.207525
vn -0.125260 -0.970177 -0.207525
vn -0.125260 -0.970177 -0.207525
vn 0.000015 0.986977 0.160862
vn 0.000015 0.986977 0.160862
vn 0.000015 0.986977 0.160862
vn 0.000015 0.986977 0.160862
vn -0.129823 -0.974139 -0.184931
vn -0.129823 -0.974139 -0.184931
vn -0.129823 -0.974139 -0.184931
vn -0.129823 -0.974139 -0.184931
vn -0.004570 0.983016 0.183465
vn -0.004570 0.983016 0.183465
vn -0.004570 0.983016 0.183465
vn -0.004570 0.983016 0.183465
vn -0.126319 -0.978631 -0.162250
vn -0.126319 -0.978631 -0.162250
vn -0.126319 -0.978631 -0.162250
vn -0.126319 -0.978631 -0.162250
vn -0.001005 0.978523 0.206137
vn -0.001005 0.978523 0.206137
vn -0.001005 0.978523 0.206137
vn -0.001005 0.978523 0.206137
vn -0.184557 -0.982732 -0.013277
vn -0.184557 -0.982732 -0.013277
vn -0.184557 -0.982732 -0.013277
vn -0.184557 -0.982732 -0.013277
vn 0.086003 0.991980 0.092626
vn 0.086003 0.991980 0.092626
vn 0.086003 0.991980 0.092626
vn 0.086003 0.991980 0.092626
vn -0.182808 -0.982957 0.019410
vn -0.182808 -0.982957 0.019410
vn -0.182808 -0.982957 0.019410
vn -0.182808 -0.982957 0.019410
vn 0.107541 0.990557 0.085046
vn 0.107541 0.990557 0.085046
vn 0.107541 0.990557 0.085046
vn 0.107541 0.990557 0.085046
vn -0.260800 -0.958016 -0.119121
vn -0.260800 -0.958016 -0.119121
vn -0.260800 -0.958016 -0.119121
vn -0.260800 -0.958016 -0.119121
vn 0.230609 0.940585 0.249236
vn 0.230609 0.940585 0.249236
vn 0.230609 0.940585 0.249236
vn 0.230609 0.940585 0.249236
vn -0.238160 -0.963925 -0.118864
vn -0.238160 -0.963925 -0.118864
vn -0.238160 -0.963925 -0.118864
vn -0.238160 -0.963925 -0.118864
vn 0.253231 0.934680 0.249492
vn 0.253231 0.934680 0.249492
vn 0.253231 0.934680 0.249492
vn 0.253231 0.934681 0.249492
vn -0.216437 -0.968066 -0.126500
vn -0.216437 -0.968066 -0.126500
vn -0.216437 -0.968066 -0.126500
vn -0.216437 -0.968066 -0.126500
vn 0.274946 0.930539 0.241871
vn 0.274946 0.930539 0.241871
vn 0.274946 0.930539 0.241871
vn 0.274946 0.930539 0.241871
vn -0.198246 -0.969945 -0.141087
vn -0.198246 -0.969945 -0.141087
vn -0.198247 -0.969945 -0.141087
vn -0.198246 -0.969945 -0.141087
vn 0.293149 0.928651 0.227315
vn 0.293148 0.928651 0.227315
vn 0.293148 0.928651 0.227315
vn 0.293148 0.928651 0.227315
vn -0.185781 -0.969333 -0.160870
vn -0.185781 -0.969333 -0.160870
vn -0.185781 -0.969333 -0.160870
vn -0.185781 -0.969333 -0.160870
vn 0.305638 0.929258 0.207523
vn 0.305638 0.929258 0.207523
vn 0.305638 0.929258 0.207523
vn 0.305638 0.929258 0.207523
vn -0.180433 -0.966327 -0.183454
vn -0.180433 -0.966327 -0.183454
vn -0.180433 -0.966327 -0.183454
vn -0.180433 -0.966327 -0.183454
vn 0.310877 0.932284 0.184936
vn 0.310877 0.932284 0.184936
vn 0.310877 0.932284 0.184936
vn 0.310877 0.932284 0.184936
vn 0.971760 -0.180123 -0.152440
vn 0.875507 -0.092805 -0.474211
vn 0.875507 -0.092805 -0.474210
vn 0.971760 -0.180123 -0.152438
vn 0.674842 0.010275 -0.737891
vn 0.674839 0.010276 -0.737893
vn 0.393958 0.116697 -0.911690
vn 0.393959 0.116697 -0.911690
vn 0.058361 0.209399 -0.976087
vn 0.062372 0.208500 -0.976032
vn -0.292582 0.247622 -0.923623
vn -0.295424 0.247617 -0.922719
vn -0.617898 0.228369 -0.752363
vn -0.617098 0.228473 -0.752988
vn -0.849487 0.187724 -0.493083
vn -0.849486 0.187724 -0.493086
vn -0.975364 0.135730 -0.173903
vn -0.975362 0.135731 -0.173913
vn -0.983302 0.072027 0.167120
vn -0.983302 0.072027 0.167120
vn -0.875679 0.004932 0.482869
vn -0.873425 0.004001 0.486942
vn -0.689219 -0.027853 0.724018
vn -0.687106 -0.027849 0.726023
vn -0.401338 -0.060073 0.913958
vn -0.380616 -0.063878 0.922524
vn -0.047168 -0.137989 0.989310
vn -0.047171 -0.137988 0.989310
vn 0.286916 -0.213695 0.933817
vn 0.286915 -0.213695 0.933817
vn 0.587576 -0.259070 0.766575
vn 0.587578 -0.259070 0.766573
vn 0.818541 -0.268639 0.507763
vn 0.818548 -0.268638 0.507753
vn 0.951972 -0.241205 0.188597
vn 0.951972 -0.241205 0.188598
vn 0.855939 -0.168410 -0.488883
vn 0.952206 -0.255695 -0.167104
vn 0.952207 -0.255696 -0.167099
vn 0.855940 -0.168410 -0.488880
vn -0.866401 0.130736 0.481930
vn -0.866401 0.130736 0.481931
vn -0.962727 0.218144 0.159908
vn -0.962727 0.218143 0.159909
vn 0.655260 -0.065389 -0.752568
vn 0.655247 -0.065383 -0.752580
vn -0.665576 0.027562 0.745821
vn -0.665574 0.027562 0.745822
vn 0.374386 0.041038 -0.926365
vn 0.374367 0.041044 -0.926372
vn -0.384476 -0.078942 0.919753
vn -0.384473 -0.078943 0.919755
vn 0.047173 0.133179 -0.989969
vn 0.043267 0.134089 -0.990024
vn -0.054991 -0.171223 0.983696
vn -0.051311 -0.172070 0.983747
vn -0.319379 0.172344 -0.931823
vn -0.313341 0.172459 -0.933850
vn 0.307091 -0.210656 0.928073
vn 0.303088 -0.210695 0.929379
vn -0.627400 0.150287 -0.764057
vn -0.628230 0.150175 -0.763397
vn 0.622382 -0.189869 0.759335
vn 0.623632 -0.189700 0.758351
vn -0.854469 0.109740 -0.507780
vn -0.854469 0.109740 -0.507780
vn 0.852653 -0.148853 0.500824
vn 0.852654 -0.148853 0.500824
vn -0.980360 0.057651 -0.188600
vn -0.980359 0.057653 -0.188608
vn 0.978636 -0.096783 0.181397
vn 0.978636 -0.096783 0.181398
vn -0.988292 -0.005967 0.152459
vn -0.988292 -0.005967 0.152459
vn 0.986578 -0.033057 -0.159911
vn 0.986578 -0.033057 -0.159911
vn -0.884663 -0.049774 0.463568
vn -0.886934 -0.049463 0.459240
vn 0.881408 0.021188 -0.471880
vn 0.884724 0.020297 -0.465674
vn -0.700830 -0.062979 0.710543
vn -0.719815 -0.062443 0.691352
vn 0.692587 0.044922 -0.719934
vn 0.703693 0.044570 -0.709105
vn -0.391870 -0.127503 0.911143
vn -0.414804 -0.121290 0.901791
vn 0.386514 0.095189 -0.917358
vn 0.405328 0.090868 -0.909644
vn -0.066729 -0.213601 0.974639
vn -0.066752 -0.213595 0.974639
vn 0.056998 0.175930 -0.982751
vn 0.057002 0.175929 -0.982751
vn 0.267349 -0.289328 0.919138
vn 0.267323 -0.289323 0.919147
vn -0.277351 0.251698 -0.927213
vn -0.277347 0.251697 -0.927215
vn 0.568000 -0.334671 0.751912
vn 0.568003 -0.334671 0.751910
vn -0.578248 0.297098 -0.759843
vn -0.578248 0.297098 -0.759844
vn 0.798983 -0.344204 0.493102
vn 0.798991 -0.344204 0.493089
vn -0.809404 0.306657 -0.500826
vn -0.809406 0.306657 -0.500822
vn 0.932417 -0.316777 0.173928
vn 0.932417 -0.316778 0.173928
vn -0.942932 0.279239 -0.181397
vn -0.942932 0.279239 -0.181397
vn 0.608231 -0.777072 0.161909
vn 0.608231 -0.777072 0.161909
vn 0.528687 -0.800824 0.281374
vn 0.520624 -0.802187 0.292313
vn 0.808469 -0.306721 0.502295
vn 0.808469 -0.306721 0.502295
vn 0.763895 -0.307776 0.567220
vn 0.754093 -0.307756 0.580199
vn 0.688647 0.312078 0.654502
vn 0.688647 0.312078 0.654502
vn 0.700611 0.311754 0.641837
vn 0.703434 0.311662 0.638786
vn 0.286456 0.794735 0.535107
vn 0.286456 0.794735 0.535107
vn 0.364838 0.807227 0.463981
vn 0.378083 0.808467 0.451037
vn -0.201234 0.954064 0.221960
vn -0.201234 0.954064 0.221960
vn -0.098547 0.989390 0.106751
vn -0.093803 0.990411 0.101431
vn -0.608222 0.777080 -0.161902
vn -0.608222 0.777080 -0.161902
vn -0.520620 0.802191 -0.292308
vn -0.528682 0.800828 -0.281371
vn -0.808472 0.306712 -0.502295
vn -0.808472 0.306712 -0.502295
vn -0.754093 0.307757 -0.580197
vn -0.763896 0.307775 -0.567220
vn -0.688643 -0.312083 -0.654504
vn -0.688643 -0.312083 -0.654504
vn -0.703429 -0.311677 -0.638784
vn -0.700606 -0.311766 -0.641836
vn -0.286460 -0.794730 -0.535112
vn -0.286460 -0.794730 -0.535112
vn -0.378086 -0.808464 -0.451039
vn -0.364842 -0.807224 -0.463983
vn 0.201230 -0.954064 -0.221966
vn 0.201230 -0.954064 -0.221966
vn 0.093801 -0.990410 -0.101435
vn 0.098546 -0.989389 -0.106757
vn 0.180641 -0.707053 0.683700
vn 0.180641 -0.707053 0.683700
vn -0.073842 -0.708922 0.701411
vn -0.108218 -0.705604 0.700294
vn 0.070735 -0.198125 0.977621
vn 0.070735 -0.198125 0.977621
vn -0.071879 -0.167009 0.983332
vn -0.116734 -0.156411 0.980770
vn -0.085272 0.451736 0.888067
vn -0.085272 0.451736 0.888067
vn -0.061780 0.453230 0.889250
vn -0.053072 0.453719 0.889563
vn -0.206306 0.893944 0.397872
vn -0.206306 0.893944 0.397872
vn -0.024716 0.896029 0.443307
vn 0.025043 0.891147 0.453023
vn -0.237529 0.952657 -0.189804
vn -0.237529 0.952657 -0.189804
vn 0.042725 0.985955 -0.161455
vn 0.063544 0.985262 -0.158814
vn -0.189444 0.705868 -0.682541
vn -0.189444 0.705868 -0.682541
vn 0.107503 0.705554 -0.700454
vn 0.071242 0.708991 -0.701609
vn -0.072313 0.198347 -0.977461
vn -0.072313 0.198347 -0.977461
vn 0.116948 0.156324 -0.980758
vn 0.071220 0.167111 -0.983362
vn 0.085198 -0.451731 -0.888077
vn 0.085198 -0.451731 -0.888077
vn 0.053198 -0.453712 -0.889559
vn 0.061896 -0.453220 -0.889247
vn 0.199062 -0.894520 -0.400260
vn 0.199062 -0.894520 -0.400260
vn -0.025361 -0.891053 -0.453191
vn 0.023097 -0.895835 -0.443785
vn 0.225780 -0.955771 0.188481
vn 0.225780 -0.955771 0.188481
vn -0.065662 -0.985197 0.158353
vn -0.044976 -0.985934 0.160968
vn -0.568818 -0.630877 0.527674
vn -0.568818 -0.630877 0.527674
vn -0.568818 -0.630877 0.527674
vn -0.568818 -0.630877 0.527674
vn -0.661290 -0.081888 0.745647
vn -0.661290 -0.081888 0.745647
vn -0.661290 -0.081888 0.745647
vn -0.661290 -0.081888 0.745647
vn -0.501935 0.500089 0.705672
vn -0.501935 0.500089 0.705672
vn -0.501935 0.500089 0.705672
vn -0.501935 0.500089 0.705672
vn -0.074002 0.941005 0.330202
vn -0.074002 0.941005 0.330202
vn -0.074002 0.941005 0.330202
vn -0.074002 0.941005 0.330202
vn 0.325057 0.937343 -0.125401
vn 0.325057 0.937343 -0.125401
vn 0.325057 0.937343 -0.125401
vn 0.325057 0.937343 -0.125401
vn 0.596514 0.617825 -0.512311
vn 0.596514 0.617825 -0.512311
vn 0.596514 0.617825 -0.512311
vn 0.596514 0.617825 -0.512311
vn 0.675046 0.144180 -0.723550
vn 0.675046 0.144180 -0.723550
vn 0.675046 0.144180 -0.723550
vn 0.675046 0.144180 -0.723550
vn 0.553421 -0.421876 -0.718155
vn 0.553421 -0.421876 -0.718155
vn 0.553421 -0.421876 -0.718155
vn 0.553421 -0.421876 -0.718155
vn 0.154435 -0.904986 -0.396423
vn 0.154435 -0.904986 -0.396423
vn 0.154435 -0.904986 -0.396423
vn 0.154435 -0.904986 -0.396423
vn -0.217457 -0.975705 0.026696
vn -0.217457 -0.975705 0.026696
vn -0.217457 -0.975705 0.026696
vn -0.217457 -0.975705 0.026696
vn -0.787757 -0.601346 0.133498
vn -0.787757 -0.601346 0.133498
vn -0.787757 -0.601346 0.133498
vn -0.787757 -0.601346 0.133498
vn -0.948037 0.009214 0.318026
vn -0.948037 0.009214 0.318026
vn -0.948037 0.009214 0.318026
vn -0.948037 0.009214 0.318026
vn -0.752123 0.552238 0.359645
vn -0.752123 0.552238 0.359645
vn -0.752123 0.552238 0.359645
vn -0.752123 0.552238 0.359645
vn -0.260288 0.923397 0.282113
vn -0.260288 0.923397 0.282113
vn -0.260288 0.923397 0.282113
vn -0.260288 0.923397 0.282113
vn 0.381465 0.922667 0.056298
vn 0.381465 0.922667 0.056298
vn 0.381465 0.922667 0.056298
vn 0.381465 0.922667 0.056298
vn 0.791055 0.590349 -0.160376
vn 0.791055 0.590349 -0.160376
vn 0.791055 0.590349 -0.160376
vn 0.791055 0.590349 -0.160376
vn 0.943833 0.000627 -0.330423
vn 0.943833 0.000627 -0.330423
vn 0.943833 0.000627 -0.330423
vn 0.943833 0.000627 -0.330423
vn 0.553914 -0.736723 -0.387840
vn 0.553914 -0.736723 -0.387840
vn 0.553914 -0.736723 -0.387840
vn 0.553914 -0.736723 -0.387840
vn 0.420517 -0.831469 -0.363077
vn 0.420517 -0.831469 -0.363077
vn 0.420517 -0.831469 -0.363077
vn 0.420517 -0.831469 -0.363077
vn -0.388076 -0.918325 -0.077948
vn -0.388076 -0.918325 -0.077948
vn -0.388076 -0.918325 -0.077948
vn -0.388076 -0.918325 -0.077948
vn -0.927438 -0.346087 -0.141716
vn -0.927438 -0.346087 -0.141716
vn -0.918225 -0.339755 -0.203541
vn -0.916463 -0.338648 -0.213105
vn -0.925063 0.287571 -0.248115
vn -0.925063 0.287571 -0.248115
vn -0.935284 0.283240 -0.212180
vn -0.936840 0.282488 -0.206232
vn -0.552360 0.794227 -0.253183
vn -0.552360 0.794227 -0.253183
vn -0.592101 0.794259 -0.136271
vn -0.595875 0.793533 -0.123444
vn 0.009926 0.986364 -0.164278
vn 0.009926 0.986364 -0.164278
vn -0.028484 0.999589 -0.003125
vn -0.028982 0.999579 -0.001016
vn 0.564937 0.824953 -0.017294
vn 0.564937 0.824953 -0.017294
vn 0.545549 0.827492 0.132794
vn 0.547542 0.827982 0.121007
vn 0.927442 0.346072 0.141720
vn 0.927443 0.346072 0.141720
vn 0.916467 0.338636 0.213106
vn 0.918229 0.339743 0.203543
vn 0.925063 -0.287573 0.248115
vn 0.925063 -0.287573 0.248115
vn 0.936838 -0.282494 0.206232
vn 0.935282 -0.283245 0.212179
vn 0.552355 -0.794231 0.253181
vn 0.552355 -0.794231 0.253181
vn 0.595871 -0.793536 0.123444
vn 0.592097 -0.794262 0.136270
vn -0.009925 -0.986364 0.164279
vn -0.009925 -0.986364 0.164279
vn 0.028983 -0.999579 0.001016
vn 0.028486 -0.999589 0.003126
vn -0.564941 -0.824950 0.017294
vn -0.564941 -0.824950 0.017294
vn -0.547542 -0.827982 -0.121008
vn -0.545549 -0.827491 -0.132795
vn 0.250028 0.932991 0.258870
vn 0.250000 0.933013 0.258819
vn 0.250015 0.933001 0.258849
vn 0.250000 0.933013 0.258816
vn 0.250002 0.933012 0.258820
vn 0.249999 0.933013 0.258820
vn 0.249996 0.933014 0.258817
vn 0.250025 0.932992 0.258870
vn 0.250013 0.932988 0.258898
vn 0.249994 0.933000 0.258872
vn 0.250022 0.932994 0.258867
vn 0.250043 0.932994 0.258844
vn 0.250055 0.932983 0.258872
vn -0.735079 -0.020473 0.677672
vn -0.735079 -0.020473 0.677672
vn -0.735079 -0.020473 0.677672
vn -0.735079 -0.020473 0.677672
vn -0.316957 -0.186090 0.930005
vn -0.316957 -0.186090 0.930005
vn -0.316957 -0.186090 0.930005
vn -0.316957 -0.186090 0.930005
vn 0.188193 -0.295575 0.936600
vn 0.188193 -0.295575 0.936600
vn 0.188193 -0.295575 0.936600
vn 0.188193 -0.295575 0.936600
vn 0.644923 -0.323115 0.692583
vn 0.644923 -0.323115 0.692583
vn 0.644923 -0.323115 0.692583
vn 0.644923 -0.323115 0.692583
vn 0.927682 -0.264600 0.263427
vn 0.927682 -0.264600 0.263427
vn 0.927682 -0.264600 0.263427
vn 0.927682 -0.264600 0.263427
vn 0.962312 -0.135361 -0.235868
vn 0.962312 -0.135361 -0.235868
vn 0.962312 -0.135361 -0.235868
vn 0.962312 -0.135361 -0.235868
vn 0.739582 0.030169 -0.672390
vn 0.739582 0.030169 -0.672390
vn 0.739582 0.030169 -0.672390
vn 0.739582 0.030169 -0.672390
vn 0.318252 0.187820 -0.929214
vn 0.318252 0.187820 -0.929214
vn 0.318252 0.187820 -0.929214
vn 0.318252 0.187820 -0.929214
vn -0.188188 0.295569 -0.936603
vn -0.188188 0.295569 -0.936603
vn -0.188188 0.295569 -0.936603
vn -0.188188 0.295569 -0.936603
vn -0.641922 0.328531 -0.692823
vn -0.641922 0.328531 -0.692823
vn -0.641922 0.328531 -0.692823
vn -0.641922 0.328531 -0.692823
vn -0.923141 0.280088 -0.263367
vn -0.923141 0.280088 -0.263367
vn -0.923141 0.280088 -0.263367
vn -0.923141 0.280088 -0.263367
vn -0.958128 0.154205 0.241270
vn -0.958128 0.154205 0.241270
vn -0.958128 0.154205 0.241270
vn -0.958128 0.154205 0.241270
vn 0.220236 0.932492 0.286278
vn 0.220236 0.932492 0.286278
vn 0.220236 0.932492 0.286278
vn 0.220236 0.932492 0.286278
vn 0.237033 0.925188 0.296384
vn 0.237033 0.925188 0.296384
vn 0.237033 0.925188 0.296384
vn 0.237033 0.925188 0.296384
vn 0.257296 0.919748 0.296418
vn 0.257296 0.919747 0.296417
vn 0.257296 0.919747 0.296417
vn 0.257296 0.919747 0.296417
vn 0.275555 0.917668 0.286278
vn 0.275555 0.917668 0.286278
vn 0.275555 0.917668 0.286278
vn 0.275555 0.917668 0.286278
vn 0.286883 0.919505 0.268717
vn 0.286883 0.919505 0.268717
vn 0.286883 0.919505 0.268717
vn 0.286883 0.919505 0.268717
vn 0.288298 0.924734 0.248499
vn 0.288298 0.924734 0.248499
vn 0.288298 0.924734 0.248499
vn 0.288298 0.924734 0.248499
vn 0.279390 0.931996 0.230920
vn 0.279390 0.931996 0.230920
vn 0.279390 0.931996 0.230920
vn 0.279390 0.931996 0.230920
vn 0.262498 0.939326 0.220819
vn 0.262498 0.939326 0.220819
vn 0.262498 0.939326 0.220819
vn 0.262498 0.939326 0.220819
vn 0.242308 0.944726 0.220862
vn 0.242308 0.944726 0.220862
vn 0.242308 0.944726 0.220862
vn 0.242308 0.944726 0.220862
vn 0.224074 0.946802 0.230989
vn 0.224074 0.946802 0.230989
vn 0.224074 0.946803 0.230989
vn 0.224074 0.946802 0.230989
vn 0.212777 0.944980 0.248472
vn 0.212777 0.944980 0.248472
vn 0.212777 0.944980 0.248472
vn 0.212777 0.944980 0.248472
vn 0.211337 0.939753 0.268702
vn 0.211337 0.939753 0.268702
vn 0.211337 0.939753 0.268702
vn 0.211337 0.939753 0.268702
vn -0.730374 0.006273 0.683018
vn -0.730374 0.006273 0.683018
vn -0.730374 0.006273 0.683018
vn -0.730374 0.006273 0.683018
vn -0.314688 -0.174477 0.933022
vn -0.314688 -0.174477 0.933022
vn -0.314688 -0.174477 0.933022
vn -0.314688 -0.174477 0.933022
vn 0.185302 -0.308478 0.933009
vn 0.185302 -0.308478 0.933008
vn 0.185302 -0.308478 0.933008
vn 0.185302 -0.308478 0.933008
vn 0.635621 -0.359806 0.683027
vn 0.635621 -0.359806 0.683027
vn 0.635621 -0.359806 0.683027
vn 0.635621 -0.359806 0.683027
vn 0.915675 -0.314729 0.249971
vn 0.915675 -0.314729 0.249971
vn 0.915675 -0.314729 0.249971
vn 0.915675 -0.314729 0.249971
vn 0.950337 -0.185342 -0.250017
vn 0.950337 -0.185342 -0.250017
vn 0.950337 -0.185342 -0.250017
vn 0.950337 -0.185342 -0.250017
vn 0.730365 -0.006270 -0.683028
vn 0.730365 -0.006270 -0.683028
vn 0.730365 -0.006270 -0.683028
vn 0.730365 -0.006270 -0.683028
vn 0.314673 0.174467 -0.933028
vn 0.314673 0.174467 -0.933028
vn 0.314673 0.174467 -0.933028
vn 0.314673 0.174467 -0.933028
vn -0.185295 0.308453 -0.933018
vn -0.185295 0.308453 -0.933018
vn -0.185295 0.308453 -0.933018
vn -0.185295 0.308453 -0.933018
vn -0.635648 0.359822 -0.682993
vn -0.635648 0.359822 -0.682993
vn -0.635648 0.359822 -0.682993
vn -0.635648 0.359822 -0.682993
vn -0.915653 0.314769 -0.250000
vn -0.915653 0.314769 -0.250000
vn -0.915653 0.314769 -0.250000
vn -0.915653 0.314769 -0.250000
vn -0.950327 0.185343 0.250053
vn -0.950327 0.185343 0.250053
vn -0.950327 0.185343 0.250053
vn -0.950327 0.185343 0.250053
vn -0.950354 0.185278 0.250000
vn -0.950354 0.185278 0.250000
vn -0.950354 0.185278 0.250000
vn -0.950354 0.185278 0.250000
vn -0.915670 0.314705 -0.250017
vn -0.915670 0.314705 -0.250017
vn -0.915670 0.314705 -0.250017
vn -0.915670 0.314705 -0.250017
vn -0.635659 0.359788 -0.683000
vn -0.635659 0.359788 -0.683000
vn -0.635659 0.359788 -0.683000
vn -0.635659 0.359788 -0.683000
vn -0.185300 0.308466 -0.933013
vn -0.185300 0.308466 -0.933013
vn -0.185300 0.308466 -0.933013
vn -0.185300 0.308466 -0.933013
vn 0.314708 0.174490 -0.933012
vn 0.314708 0.174490 -0.933012
vn 0.314708 0.174490 -0.933012
vn 0.314708 0.174490 -0.933012
vn 0.730384 -0.006239 -0.683009
vn 0.730384 -0.006239 -0.683009
vn 0.730384 -0.006239 -0.683009
vn 0.730384 -0.006239 -0.683009
vn 0.950351 -0.185275 -0.250013
vn 0.950351 -0.185275 -0.250013
vn 0.950351 -0.185275 -0.250013
vn 0.950351 -0.185275 -0.250013
vn 0.915672 -0.314704 0.250012
vn 0.915672 -0.314704 0.250012
vn 0.915672 -0.314704 0.250012
vn 0.915672 -0.314704 0.250012
vn 0.635653 -0.359784 0.683009
vn 0.635653 -0.359784 0.683009
vn 0.635653 -0.359784 0.683009
vn 0.635653 -0.359784 0.683009
vn 0.185294 -0.308472 0.933012
vn 0.185294 -0.308472 0.933012
vn 0.185294 -0.308472 0.933012
vn 0.185294 -0.308472 0.933012
vn -0.314704 -0.174492 0.933013
vn -0.314704 -0.174492 0.933013
vn -0.314704 -0.174492 0.933013
vn -0.314704 -0.174492 0.933013
vn -0.730381 0.006230 0.683011
vn -0.730381 0.006230 0.683011
vn -0.730381 0.006230 0.683011
vn -0.730381 0.006230 0.683011
vn -0.950388 0.185215 0.249917
vn -0.950388 0.185215 0.249917
vn -0.950388 0.185215 0.249917
vn -0.950388 0.185215 0.249917
vn -0.915676 0.314697 -0.250008
vn -0.915675 0.314697 -0.250008
vn -0.915675 0.314697 -0.250008
vn -0.915675 0.314697 -0.250008
vn -0.635661 0.359787 -0.682999
vn -0.635661 0.359787 -0.682999
vn -0.635661 0.359787 -0.682999
vn -0.635661 0.359787 -0.682999
vn -0.185290 0.308450 -0.933020
vn -0.185290 0.308450 -0.933020
vn -0.185290 0.308450 -0.933020
vn -0.185290 0.308450 -0.933020
vn 0.314699 0.174480 -0.933017
vn 0.314699 0.174480 -0.933017
vn 0.314699 0.174480 -0.933017
vn 0.314699 0.174480 -0.933017
vn 0.730448 -0.006161 -0.682940
vn 0.730448 -0.006161 -0.682940
vn 0.730448 -0.006161 -0.682940
vn 0.730448 -0.006161 -0.682940
vn 0.950405 -0.185072 -0.249956
vn 0.950405 -0.185073 -0.249956
vn 0.950405 -0.185072 -0.249956
vn 0.950405 -0.185072 -0.249956
vn 0.915717 -0.314537 0.250057
vn 0.915717 -0.314537 0.250057
vn 0.915717 -0.314537 0.250057
vn 0.915717 -0.314537 0.250057
vn 0.635669 -0.359700 0.683038
vn 0.635669 -0.359700 0.683038
vn 0.635669 -0.359700 0.683038
vn 0.635669 -0.359700 0.683038
vn 0.185289 -0.308489 0.933007
vn 0.185289 -0.308490 0.933007
vn 0.185289 -0.308489 0.933007
vn 0.185289 -0.308489 0.933007
vn -0.314735 -0.174623 0.932978
vn -0.314735 -0.174623 0.932978
vn -0.314735 -0.174623 0.932978
vn -0.314735 -0.174623 0.932978
vn -0.730441 0.006058 0.682949
vn -0.730441 0.006058 0.682949
vn -0.730441 0.006058 0.682949
vn -0.730441 0.006058 0.682949
vn -0.314062 -0.918247 -0.241221
vn -0.314062 -0.918247 -0.241221
vn -0.314062 -0.918247 -0.241221
vn -0.314062 -0.918247 -0.241221
vn 0.203559 0.940909 0.270654
vn 0.203559 0.940909 0.270654
vn 0.203559 0.940909 0.270654
vn 0.203559 0.940909 0.270654
vn -0.311700 -0.909449 -0.275219
vn -0.311700 -0.909449 -0.275219
vn -0.311700 -0.909449 -0.275219
vn -0.311700 -0.909449 -0.275219
vn 0.205242 0.947194 0.246371
vn 0.205242 0.947194 0.246371
vn 0.205242 0.947194 0.246371
vn 0.205242 0.947194 0.246371
vn -0.292646 -0.906384 -0.304673
vn -0.292646 -0.906384 -0.304673
vn -0.292646 -0.906384 -0.304673
vn -0.292646 -0.906384 -0.304673
vn 0.218831 0.949385 0.225349
vn 0.218831 0.949384 0.225349
vn 0.218831 0.949385 0.225349
vn 0.218831 0.949385 0.225349
vn -0.262023 -0.909875 -0.321670
vn -0.262023 -0.909875 -0.321670
vn -0.262023 -0.909875 -0.321670
vn -0.262023 -0.909875 -0.321670
vn 0.240709 0.946892 0.213201
vn 0.240709 0.946892 0.213201
vn 0.240709 0.946892 0.213201
vn 0.240709 0.946892 0.213201
vn -0.228022 -0.918983 -0.321676
vn -0.228022 -0.918983 -0.321676
vn -0.228022 -0.918983 -0.321676
vn -0.228022 -0.918983 -0.321676
vn 0.264984 0.940387 0.213204
vn 0.264984 0.940387 0.213204
vn 0.264984 0.940387 0.213204
vn 0.264984 0.940387 0.213204
vn -0.199736 -0.931277 -0.304677
vn -0.199736 -0.931277 -0.304677
vn -0.199736 -0.931277 -0.304677
vn -0.199736 -0.931277 -0.304677
vn 0.285169 0.931609 0.225352
vn 0.285169 0.931609 0.225352
vn 0.285169 0.931609 0.225352
vn 0.285169 0.931609 0.225352
vn -0.184773 -0.943455 -0.275232
vn -0.184773 -0.943455 -0.275232
vn -0.184773 -0.943455 -0.275232
vn -0.184773 -0.943455 -0.275232
vn 0.295843 0.922916 0.246378
vn 0.295843 0.922916 0.246379
vn 0.295843 0.922916 0.246378
vn 0.295843 0.922916 0.246378
vn -0.187134 -0.952259 -0.241213
vn -0.187134 -0.952259 -0.241213
vn -0.187134 -0.952259 -0.241213
vn -0.187134 -0.952259 -0.241213
vn 0.294161 0.916633 0.270654
vn 0.294161 0.916633 0.270654
vn 0.294161 0.916633 0.270654
vn 0.294161 0.916633 0.270654
vn -0.206181 -0.955326 -0.211759
vn -0.206181 -0.955326 -0.211759
vn -0.206181 -0.955326 -0.211759
vn -0.206181 -0.955326 -0.211759
vn 0.280570 0.914441 0.291681
vn 0.280570 0.914441 0.291681
vn 0.280570 0.914441 0.291681
vn 0.280570 0.914441 0.291681
vn -0.236820 -0.951832 -0.194760
vn -0.236820 -0.951832 -0.194760
vn -0.236820 -0.951832 -0.194760
vn -0.236820 -0.951832 -0.194760
vn 0.258708 0.916930 0.303824
vn 0.258708 0.916930 0.303824
vn 0.258708 0.916930 0.303824
vn 0.258708 0.916930 0.303824
vn -0.270821 -0.942723 -0.194754
vn -0.270821 -0.942723 -0.194754
vn -0.270821 -0.942723 -0.194754
vn -0.270821 -0.942723 -0.194754
vn 0.234425 0.923439 0.303819
vn 0.234425 0.923439 0.303819
vn 0.234425 0.923439 0.303819
vn 0.234425 0.923439 0.303819
vn -0.299107 -0.930427 -0.211758
vn -0.299107 -0.930427 -0.211758
vn -0.299107 -0.930427 -0.211758
vn -0.299107 -0.930427 -0.211758
vn 0.214242 0.932215 0.291677
vn 0.214242 0.932215 0.291677
vn 0.214242 0.932215 0.291677
vn 0.214242 0.932215 0.291677
vn 0.730378 -0.006235 -0.683014
vn 0.730378 -0.006235 -0.683014
vn 0.730378 -0.006235 -0.683014
vn 0.730378 -0.006235 -0.683014
vn 0.314708 0.174494 -0.933012
vn 0.314708 0.174494 -0.933012
vn 0.314708 0.174494 -0.933012
vn 0.314708 0.174494 -0.933012
vn -0.185297 0.308471 -0.933012
vn -0.185297 0.308471 -0.933012
vn -0.185297 0.308471 -0.933012
vn -0.185297 0.308471 -0.933012
vn -0.635646 0.359789 -0.683012
vn -0.635646 0.359789 -0.683012
vn -0.635646 0.359789 -0.683012
vn -0.635646 0.359789 -0.683012
vn -0.915676 0.314702 -0.250001
vn -0.915676 0.314702 -0.250001
vn -0.915676 0.314702 -0.250001
vn -0.915676 0.314702 -0.250001
vn -0.950350 0.185296 0.250001
vn -0.950350 0.185296 0.250001
vn -0.950350 0.185296 0.250001
vn -0.950350 0.185296 0.250001
vn -0.730380 0.006238 0.683012
vn -0.730380 0.006238 0.683012
vn -0.730380 0.006238 0.683012
vn -0.730380 0.006238 0.683012
vn -0.314711 -0.174497 0.933010
vn -0.314711 -0.174497 0.933010
vn -0.314711 -0.174497 0.933010
vn -0.314711 -0.174497 0.933010
vn 0.185295 -0.308470 0.933012
vn 0.185295 -0.308470 0.933012
vn 0.185295 -0.308470 0.933012
vn 0.185295 -0.308470 0.933012
vn 0.635648 -0.359783 0.683014
vn 0.635648 -0.359783 0.683014
vn 0.635648 -0.359783 0.683014
vn 0.635648 -0.359783 0.683014
vn 0.915679 -0.314690 0.250006
vn 0.915679 -0.314690 0.250006
vn 0.915679 -0.314690 0.250006
vn 0.915679 -0.314690 0.250006
vn 0.950355 -0.185288 -0.249985
vn 0.950355 -0.185289 -0.249985
vn 0.950356 -0.185289 -0.249985
vn 0.950355 -0.185289 -0.249985
vn -0.249996 -0.933012 -0.258825
vn -0.249994 -0.933013 -0.258823
vn -0.249999 -0.933013 -0.258819
vn -0.249998 -0.933011 -0.258825
vn -0.250002 -0.933011 -0.258824
vn -0.250004 -0.933011 -0.258823
vn -0.250005 -0.933012 -0.258819
vn -0.250005 -0.933013 -0.258815
vn -0.250005 -0.933013 -0.258815
vn -0.250000 -0.933014 -0.258814
vn -0.249996 -0.933015 -0.258814
vn -0.249995 -0.933015 -0.258816
vn -0.249993 -0.933014 -0.258820
vn 0.249994 0.933012 0.258827
vn 0.249996 0.933012 0.258824
vn 0.250002 0.933012 0.258821
vn 0.250002 0.933010 0.258827
vn 0.250002 0.933010 0.258826
vn 0.250005 0.933011 0.258823
vn 0.250006 0.933011 0.258819
vn 0.250005 0.933013 0.258815
vn 0.250008 0.933012 0.258814
vn 0.250006 0.933011 0.258818
vn 0.249999 0.933013 0.258818
vn 0.249999 0.933014 0.258817
vn 0.249998 0.933011 0.258826
vn -0.364129 -0.924595 -0.111957
vn -0.364129 -0.924595 -0.111957
vn -0.364129 -0.924595 -0.111957
vn -0.364129 -0.924595 -0.111957
vn 0.053496 -0.967024 -0.249005
vn 0.053496 -0.967024 -0.249005
vn 0.053496 -0.967024 -0.249005
vn 0.053496 -0.967024 -0.249005
vn 0.629469 -0.687787 -0.361549
vn 0.629469 -0.687787 -0.361549
vn 0.629469 -0.687787 -0.361549
vn 0.629469 -0.687787 -0.361549
vn 0.963854 -0.037288 -0.263808
vn 0.963854 -0.037288 -0.263808
vn 0.963854 -0.037288 -0.263808
vn 0.963854 -0.037288 -0.263808
vn 0.839476 0.543160 -0.016077
vn 0.839475 0.543160 -0.016077
vn 0.839475 0.543160 -0.016077
vn 0.839475 0.543160 -0.016077
vn 0.667338 0.738133 0.099092
vn 0.667339 0.738133 0.099092
vn 0.667339 0.738133 0.099092
vn 0.667339 0.738133 0.099092
vn 0.103804 0.954083 0.280980
vn 0.103804 0.954083 0.280980
vn 0.103804 0.954083 0.280980
vn 0.103804 0.954083 0.280980
vn -0.644975 0.639503 0.418382
vn -0.644975 0.639503 0.418382
vn -0.644975 0.639503 0.418382
vn -0.644975 0.639503 0.418382
vn -0.908036 0.180625 0.377949
vn -0.908036 0.180625 0.377949
vn -0.908036 0.180625 0.377949
vn -0.908036 0.180625 0.377949
vn -0.868245 -0.467123 0.167170
vn -0.868245 -0.467123 0.167170
vn -0.868245 -0.467123 0.167170
vn -0.868245 -0.467123 0.167170
vn -0.570111 -0.817837 -0.078208
vn -0.570111 -0.817837 -0.078208
vn -0.570111 -0.817837 -0.078208
vn -0.570111 -0.817837 -0.078208
vn -0.220771 -0.888366 -0.402574
vn -0.220771 -0.888366 -0.402574
vn -0.220771 -0.888366 -0.402574
vn -0.220771 -0.888366 -0.402574
vn 0.326404 -0.650527 -0.685766
vn 0.326404 -0.650527 -0.685766
vn 0.326404 -0.650527 -0.685766
vn 0.326404 -0.650527 -0.685766
vn 0.778353 -0.037193 -0.626725
vn 0.778353 -0.037193 -0.626725
vn 0.778353 -0.037193 -0.626725
vn 0.778353 -0.037193 -0.626725
vn 0.796164 0.570195 -0.202487
vn 0.796164 0.570195 -0.202487
vn 0.796163 0.570195 -0.202487
vn 0.796163 0.570195 -0.202487
vn 0.710790 0.702092 -0.042949
vn 0.710790 0.702092 -0.042949
vn 0.710790 0.702091 -0.042949
vn 0.710790 0.702092 -0.042949
vn 0.337164 0.877040 0.342229
vn 0.337164 0.877040 0.342229
vn 0.337164 0.877040 0.342229
vn 0.337164 0.877040 0.342229
vn -0.399039 0.586958 0.704449
vn -0.399039 0.586958 0.704449
vn -0.399039 0.586958 0.704449
vn -0.399039 0.586958 0.704449
vn -0.766398 0.064779 0.639091
vn -0.766398 0.064779 0.639091
vn -0.766398 0.064779 0.639091
vn -0.766398 0.064779 0.639091
vn -0.802161 -0.523963 0.286358
vn -0.802161 -0.523963 0.286358
vn -0.802161 -0.523963 0.286358
vn -0.802161 -0.523963 0.286358
vn -0.694944 -0.526172 -0.490099
vn -0.694944 -0.526172 -0.490099
vn -0.650018 -0.704645 -0.284522
vn -0.653301 -0.697317 -0.294868
vn -0.891763 -0.290101 -0.347275
vn -0.879316 -0.465477 -0.100673
vn -0.887929 -0.435417 -0.148305
vn -0.712432 -0.095040 -0.695275
vn -0.687083 -0.142670 -0.712434
vn -0.773897 0.047395 -0.631536
vn -0.043202 0.026474 -0.998716
vn -0.224268 -0.022064 -0.974278
vn -0.031322 0.029612 -0.999071
vn -0.130033 0.267297 -0.954800
vn -0.130165 0.220195 -0.966732
vn -0.129894 0.286080 -0.949361
vn -0.468221 -0.013724 -0.883505
vn -0.466676 -0.013163 -0.884330
vn -0.549691 -0.044069 -0.834205
vn -0.549691 -0.044069 -0.834205
vn 0.031191 0.097212 -0.994775
vn -0.218299 0.081248 -0.972494
vn 0.000200 0.095557 -0.995424
vn -0.716852 -0.077231 -0.692935
vn -0.728707 -0.080977 -0.680021
vn -0.809890 -0.108151 -0.576526
vn -0.865395 0.053160 -0.498263
vn -0.844770 0.144901 -0.515138
vn -0.881343 -0.082412 -0.465234
vn 0.067787 0.047070 -0.996589
vn 0.126049 0.272509 -0.953861
vn 0.075099 0.074716 -0.994373
vn -0.668754 -0.045554 -0.742087
vn -0.660717 -0.039370 -0.749602
vn -0.396430 -0.031886 -0.917511
vn -0.396746 -0.031185 -0.917399
vn 0.126347 -0.063949 -0.989923
vn 0.132924 -0.080472 -0.987854
vn -0.592144 0.080920 -0.801759
vn -0.588819 0.501647 -0.633753
vn -0.602679 0.184570 -0.776345
vn -0.302826 0.334344 -0.892475
vn -0.302825 0.334344 -0.892475
vn -0.353654 0.109291 -0.928970
vn -0.353671 0.109199 -0.928974
vn 0.187925 -0.198820 -0.961850
vn 0.190634 -0.183025 -0.964448
vn 0.208827 -0.066609 -0.975682
vn -0.767322 0.351981 -0.536028
vn 0.006747 -0.177345 -0.984126
vn -0.602463 -0.276230 -0.748823
vn -0.943341 -0.320283 0.086761
vn -0.926867 -0.374097 0.031142
vn -0.964365 -0.183010 0.191071
vn -0.971770 -0.051659 0.230204
vn -0.943621 -0.326142 -0.056660
vn -0.842082 -0.523325 -0.130495
vn -0.930569 0.365909 0.012306
vn -0.937072 0.348405 0.022607
vn 0.020060 0.153795 -0.987899
vn 0.019359 0.151438 -0.988277
vn 0.048490 0.355746 -0.933324
vn 0.035455 0.409303 -0.911709
vn -0.129220 0.339191 -0.931800
vn -0.901309 0.300206 0.312281
vn -0.747630 0.642609 -0.167638
vn -0.747630 0.642609 -0.167638
vn -0.045926 0.701191 -0.711493
vn -0.418639 -0.597823 0.683629
vn -0.401346 -0.625665 0.668928
vn -0.467443 -0.509319 0.722559
vn -0.467443 -0.509319 0.722559
vn -0.357350 -0.551247 0.753941
vn 0.005997 -0.555226 0.831678
vn 0.049131 -0.550620 0.833309
vn 0.639368 -0.294524 0.710256
vn 0.655907 -0.264300 0.707059
vn 0.531917 -0.457972 0.712269
vn 0.007569 -0.817160 0.576362
vn -0.003799 -0.815999 0.578041
vn 0.185230 -0.821012 0.540027
vn -0.128817 -0.322617 0.937723
vn -0.249439 -0.561403 0.789054
vn -0.132584 -0.330167 0.934565
vn 0.948954 0.000016 0.315415
vn 0.951377 0.026932 0.306849
vn 0.750670 -0.505422 0.425492
vn 0.750670 -0.505422 0.425492
vn 0.586379 0.455338 0.669945
vn 0.603460 0.538792 0.587826
vn 0.324808 -0.137708 0.935701
vn 0.759039 -0.595857 0.262324
vn 0.905403 -0.230201 0.356725
vn 0.893346 -0.286002 0.346607
vn 0.906985 0.058256 0.417114
vn 0.896442 -0.101159 0.431460
vn 0.781577 -0.460181 0.421155
vn 0.639654 0.456654 0.618312
vn 0.617243 0.322942 0.717440
vn 0.637249 0.435867 0.635558
vn 0.868596 0.334280 0.365784
vn 0.894115 0.109093 0.434348
vn 0.880149 0.168063 0.443951
vn 0.821123 0.363778 0.439799
vn 0.829512 0.409299 0.379979
vn 0.815801 0.455863 0.355890
vn 0.826777 0.422160 0.371782
vn 0.878479 0.357353 0.317133
vn 0.872128 0.348070 0.343860
vn 0.731626 0.541787 0.413751
vn 0.793725 0.422668 0.437439
vn 0.743533 0.474143 0.471537
vn 0.753503 0.463080 0.466680
vn 0.643577 0.506579 0.573748
vn 0.794279 0.606628 0.033522
vn 0.666407 0.719949 0.193842
vn 0.666407 0.719949 0.193842
vn 0.525672 0.786255 0.324763
vn 0.733963 -0.303562 0.607576
vn 0.731172 -0.304888 0.610271
vn 0.825979 -0.252522 0.503975
vn 0.331945 0.264425 0.905479
vn 0.331945 0.264425 0.905479
vn 0.226325 -0.145462 0.963129
vn 0.276495 0.025751 0.960670
vn 0.044731 0.302959 0.951953
vn -0.133346 -0.008956 0.991029
vn -0.108902 0.035668 0.993412
vn 0.467678 -0.443241 0.764732
vn 0.539705 -0.411965 0.734168
vn -0.117829 -0.561702 0.818906
vn -0.118601 -0.562264 0.818409
vn -0.133620 -0.397666 0.907749
vn -0.117196 -0.511227 0.851418
vn 0.731258 -0.096369 0.675259
vn -0.018543 -0.099460 0.994869
vn -0.423437 -0.900577 0.098296
vn -0.433136 -0.896184 0.096164
vn -0.225042 -0.845220 -0.484727
vn -0.235628 -0.841358 -0.486412
vn 0.055990 -0.460209 -0.886043
vn 0.059904 -0.461327 -0.885206
vn 0.316860 0.100983 -0.943081
vn 0.329432 0.096973 -0.939186
vn 0.461230 0.615647 -0.638941
vn 0.465067 0.614018 -0.637726
vn 0.433134 0.896186 -0.096156
vn 0.423432 0.900580 -0.098288
vn 0.235632 0.841364 0.486399
vn 0.225046 0.845226 0.484714
vn -0.059911 0.461318 0.885210
vn -0.055996 0.460201 0.886047
vn -0.329433 -0.096969 0.939186
vn -0.316862 -0.100978 0.943081
vn -0.465065 -0.614022 0.637724
vn -0.461230 -0.615650 0.638938
vn -0.099145 -0.988430 0.114791
vn -0.103628 -0.987374 0.119812
vn -0.501005 -0.805758 -0.315829
vn -0.509097 -0.804543 -0.305829
vn -0.717783 -0.311125 -0.622887
vn -0.718472 -0.311094 -0.622108
vn -0.657848 0.303973 -0.689084
vn -0.649029 0.303355 -0.697666
vn -0.342011 0.798059 -0.496115
vn -0.335978 0.796978 -0.501941
vn 0.103627 0.987373 -0.119813
vn 0.099142 0.988430 -0.114791
vn 0.509096 0.804544 0.305828
vn 0.501005 0.805759 0.315827
vn 0.718474 0.311081 0.622112
vn 0.717785 0.311111 0.622892
vn 0.649029 -0.303355 0.697666
vn 0.657849 -0.303972 0.689084
vn 0.335978 -0.796979 0.501940
vn 0.342010 -0.798060 0.496114
vn -0.502437 -0.803009 -0.320521
vn -0.500904 -0.801848 -0.325784
vn -0.475742 -0.781151 -0.404319
vn -0.475742 -0.781151 -0.404319
vn 0.081060 -0.971403 -0.223174
vn 0.080638 -0.971859 -0.221331
vn 0.101580 -0.944135 -0.313513
vn 0.101580 -0.944135 -0.313513
vn 0.634202 -0.772132 -0.040011
vn 0.632998 -0.773433 -0.033391
vn 0.644538 -0.757234 -0.105672
vn 0.644538 -0.757234 -0.105672
vn 0.947092 -0.276692 0.162662
vn 0.946616 -0.277001 0.164889
vn 0.950248 -0.274510 0.147219
vn 0.950248 -0.274510 0.147219
vn 0.895039 0.326335 0.303991
vn 0.896508 0.327133 0.298760
vn 0.882902 0.319904 0.343724
vn 0.882902 0.319904 0.343724
vn 0.500911 0.801843 0.325786
vn 0.502443 0.803005 0.320523
vn 0.475751 0.781143 0.404323
vn 0.475751 0.781143 0.404323
vn -0.080637 0.971859 0.221330
vn -0.081058 0.971403 0.223172
vn -0.101579 0.944136 0.313511
vn -0.101579 0.944136 0.313511
vn -0.633000 0.773431 0.033390
vn -0.634204 0.772130 0.040011
vn -0.644541 0.757232 0.105673
vn -0.644541 0.757232 0.105673
vn -0.946616 0.277000 -0.164889
vn -0.947092 0.276692 -0.162663
vn -0.950245 0.274518 -0.147220
vn -0.950245 0.274518 -0.147220
vn -0.896506 -0.327138 -0.298760
vn -0.895037 -0.326340 -0.303991
vn -0.882901 -0.319905 -0.343724
vn -0.882901 -0.319905 -0.343724
vn -0.197934 -0.953954 0.225377
vn -0.197934 -0.953954 0.225377
vn -0.564244 -0.792004 -0.233151
vn -0.564244 -0.792004 -0.233151
vn -0.722274 -0.310915 -0.617780
vn -0.722274 -0.310915 -0.617780
vn -0.587261 0.298011 -0.752538
vn -0.587261 0.298011 -0.752538
vn -0.231887 0.770522 -0.593738
vn -0.231887 0.770522 -0.593738
vn 0.197931 0.953955 -0.225376
vn 0.197931 0.953955 -0.225376
vn 0.564243 0.792005 0.233147
vn 0.564243 0.792005 0.233147
vn 0.722273 0.310910 0.617784
vn 0.722273 0.310910 0.617784
vn 0.587260 -0.298021 0.752536
vn 0.587260 -0.298021 0.752536
vn 0.231884 -0.770524 0.593737
vn 0.231884 -0.770524 0.593737
vn -0.537746 -0.840059 0.071633
vn -0.537746 -0.840059 0.071633
vn -0.292571 -0.818483 -0.494458
vn -0.292571 -0.818483 -0.494458
vn 0.078839 -0.466627 -0.880934
vn 0.078839 -0.466627 -0.880934
vn 0.413941 0.068988 -0.907686
vn 0.413941 0.068988 -0.907686
vn 0.580619 0.557204 -0.593638
vn 0.580619 0.557204 -0.593638
vn 0.537743 0.840061 -0.071628
vn 0.537743 0.840061 -0.071628
vn 0.292576 0.818489 0.494443
vn 0.292576 0.818489 0.494444
vn -0.078847 0.466614 0.880939
vn -0.078847 0.466614 0.880939
vn -0.413944 -0.068983 0.907685
vn -0.413944 -0.068983 0.907685
vn -0.580618 -0.557205 0.593638
vn -0.580618 -0.557205 0.593638
vn 0.899953 -0.339370 -0.273704
vn 0.899953 -0.339370 -0.273704
vn 0.964282 -0.038225 0.262105
vn 0.964282 -0.038225 0.262105
vn 0.660305 0.277539 0.697832
vn 0.660305 0.277539 0.697832
vn 0.104073 0.487300 0.867011
vn 0.104073 0.487300 0.867011
vn -0.491908 0.510907 0.704983
vn -0.491908 0.510907 0.704983
vn -0.899948 0.339375 0.273713
vn -0.899948 0.339375 0.273713
vn -0.964278 0.038214 -0.262123
vn -0.964278 0.038214 -0.262123
vn -0.660309 -0.277539 -0.697828
vn -0.660309 -0.277539 -0.697828
vn -0.104073 -0.487299 -0.867011
vn -0.104073 -0.487299 -0.867011
vn 0.491895 -0.510909 -0.704990
vn 0.491895 -0.510909 -0.704990
vn 0.968872 -0.100527 -0.226233
vn 0.968872 -0.100527 -0.226233
vn 0.863277 -0.407154 0.298292
vn 0.863277 -0.407154 0.298292
vn 0.427369 -0.559113 0.710457
vn 0.427369 -0.559113 0.710457
vn -0.173229 -0.496662 0.850481
vn -0.173229 -0.496662 0.850481
vn -0.706212 -0.244172 0.664564
vn -0.706212 -0.244172 0.664564
vn -0.968871 0.100523 0.226239
vn -0.968871 0.100523 0.226239
vn -0.863273 0.407156 -0.298302
vn -0.863273 0.407156 -0.298302
vn -0.427383 0.559114 -0.710447
vn -0.427383 0.559114 -0.710447
vn 0.173238 0.496658 -0.850482
vn 0.173238 0.496658 -0.850482
vn 0.706188 0.244191 -0.664582
vn 0.706188 0.244191 -0.664582
vn 0.998991 -0.044114 0.008489
vn 0.998990 -0.044114 0.008489
vn 0.998991 -0.044114 0.008489
vn 0.998990 -0.044114 0.008489
vn 0.998991 -0.044114 0.008488
vn 0.998991 -0.044114 0.008488
vn 0.998990 -0.044114 0.008488
vn 0.998991 -0.044114 0.008488
vn 0.998991 -0.044112 0.008488
vn 0.998991 -0.044112 0.008488
vn 0.998991 -0.044112 0.008488
vn 0.998991 -0.044112 0.008488
vn 0.998991 -0.044112 0.008489
vn 0.998991 -0.044112 0.008489
vn 0.998991 -0.044112 0.008489
vn 0.998991 -0.044112 0.008489
s 1
g pPlane2
usemtl initialShadingGroup
f 1/1/1 2/2/2 17/17/3 16/16/4
f 2/2/2 3/3/5 18/18/6 17/17/3
f 3/3/5 4/4/7 19/19/8 18/18/6
f 4/4/7 5/5/9 20/20/10 19/19/8
f 5/5/9 6/6/11 21/21/12 20/20/10
f 6/6/11 7/7/13 22/22/14 21/21/12
f 7/7/13 8/8/15 23/23/16 22/22/14
f 8/8/15 9/9/17 24/24/18 23/23/16
f 9/9/17 10/10/19 25/25/20 24/24/18
f 10/10/19 11/11/21 26/26/22 25/25/20
f 11/11/21 12/12/23 27/27/24 26/26/22
f 12/12/23 13/13/25 28/28/26 27/27/24
f 13/13/25 14/14/27 29/29/28 28/28/26
f 14/14/27 15/15/29 30/30/30 29/29/28
f 16/16/4 17/17/3 32/32/31 31/31/32
f 17/17/3 18/18/6 33/33/33 32/32/31
f 18/18/6 19/19/8 34/34/34 33/33/33
f 19/19/8 20/20/10 35/35/35 34/34/34
f 20/20/10 21/21/12 36/36/36 35/35/35
f 21/21/12 22/22/14 37/37/37 36/36/36
f 22/22/14 23/23/16 38/38/38 37/37/37
f 23/23/16 24/24/18 39/39/39 38/38/38
f 24/24/18 25/25/20 40/40/40 39/39/39
f 25/25/20 26/26/22 41/41/41 40/40/40
f 26/26/22 27/27/24 42/42/42 41/41/41
f 27/27/24 28/28/26 43/43/43 42/42/42
f 28/28/26 29/29/28 44/44/44 43/43/43
f 29/29/28 30/30/30 45/45/45 44/44/44
f 31/31/32 32/32/31 47/47/46 46/46/47
f 32/32/31 33/33/33 48/48/48 47/47/46
f 33/33/33 34/34/34 49/49/49 48/48/48
f 34/34/34 35/35/35 50/50/50 49/49/49
f 35/35/35 36/36/36 51/51/51 50/50/50
f 36/36/36 37/37/37 52/52/52 51/51/51
f 37/37/37 38/38/38 53/53/53 52/52/52
f 38/38/38 39/39/39 54/54/54 53/53/53
f 39/39/39 40/40/40 55/55/55 54/54/54
f 40/40/40 41/41/41 56/56/56 55/55/55
f 41/41/41 42/42/42 57/57/57 56/56/56
f 42/42/42 43/43/43 58/58/58 57/57/57
f 43/43/43 44/44/44 59/59/59 58/58/58
f 44/44/44 45/45/45 60/60/60 59/59/59
f 46/46/47 47/47/46 62/62/61 61/61/62
f 47/47/46 48/48/48 63/63/63 62/62/61
f 48/48/48 49/49/49 64/64/64 63/63/63
f 49/49/49 50/50/50 65/65/65 64/64/64
f 50/50/50 51/51/51 66/66/66 65/65/65
f 51/51/51 52/52/52 67/67/67 66/66/66
f 52/52/52 53/53/53 68/68/68 67/67/67
f 53/53/53 54/54/54 69/69/69 68/68/68
f 54/54/54 55/55/55 70/70/70 69/69/69
f 55/55/55 56/56/56 71/71/71 70/70/70
f 56/56/56 57/57/57 72/72/72 71/71/71
f 57/57/57 58/58/58 73/73/73 72/72/72
f 58/58/58 59/59/59 74/74/74 73/73/73
f 59/59/59 60/60/60 75/75/75 74/74/74
f 61/61/62 62/62/61 77/77/76 76/76/77
f 62/62/61 63/63/63 78/78/78 77/77/76
f 63/63/63 64/64/64 79/79/79 78/78/78
f 64/64/64 65/65/65 80/80/80 79/79/79
f 65/65/65 66/66/66 81/81/81 80/80/80
f 66/66/66 67/67/67 82/82/82 81/81/81
f 67/67/67 68/68/68 83/83/83 82/82/82
f 68/68/68 69/69/69 84/84/84 83/83/83
f 69/69/69 70/70/70 85/85/85 84/84/84
f 70/70/70 71/71/71 86/86/86 85/85/85
f 71/71/71 72/72/72 87/87/87 86/86/86
f 72/72/72 73/73/73 88/88/88 87/87/87
f 73/73/73 74/74/74 89/89/89 88/88/88
f 74/74/74 75/75/75 90/90/90 89/89/89
f 76/76/77 77/77/76 92/92/91 91/91/92
f 77/77/76 78/78/78 93/93/93 92/92/91
f 78/78/78 79/79/79 94/94/94 93/93/93
f 79/79/79 80/80/80 95/95/95 94/94/94
f 80/80/80 81/81/81 96/96/96 95/95/95
f 81/81/81 82/82/82 97/97/97 96/96/96
f 82/82/82 83/83/83 98/98/98 97/97/97
f 83/83/83 84/84/84 99/99/99 98/98/98
f 84/84/84 85/85/85 100/100/100 99/99/99
f 85/85/85 86/86/86 101/101/101 100/100/100
f 86/86/86 87/87/87 102/102/102 101/101/101
f 87/87/87 88/88/88 103/103/103 102/102/102
f 88/88/88 89/89/89 104/104/104 103/103/103
f 89/89/89 90/90/90 105/105/105 104/104/104
f 91/91/92 92/92/91 107/107/106 106/106/107
f 92/92/91 93/93/93 108/108/108 107/107/106
f 93/93/93 94/94/94 109/109/109 108/108/108
f 94/94/94 95/95/95 110/110/110 109/109/109
f 95/95/95 96/96/96 111/111/111 110/110/110
f 96/96/96 97/97/97 112/112/112 111/111/111
f 97/97/97 98/98/98 113/113/113 112/112/112
f 98/98/98 99/99/99 114/114/114 113/113/113
f 99/99/99 100/100/100 115/115/115 114/114/114
f 100/100/100 101/101/101 116/116/116 115/115/115
f 101/101/101 102/102/102 117/117/117 116/116/116
f 102/102/102 103/103/103 118/118/118 117/117/117
f 103/103/103 104/104/104 119/119/119 118/118/118
f 104/104/104 105/105/105 120/120/120 119/119/119
f 107/107/106 108/108/108 122/122/121 121/121/122
f 108/108/108 109/109/109 123/123/123 122/122/121
f 109/109/109 110/110/110 124/124/124 123/123/123
f 110/110/110 111/111/111 125/125/125 124/124/124
f 111/111/111 112/112/112 126/126/126 125/125/125
f 114/114/114 115/115/115 128/128/127 127/127/128
f 115/115/115 116/116/116 129/129/129 128/128/127
f 116/116/116 117/117/117 130/130/130 129/129/129
f 117/117/117 118/118/118 131/131/131 130/130/130
f 118/118/118 119/119/119 132/132/132 131/131/131
f 119/119/119 120/120/120 133/133/133 132/132/132
f 121/121/122 122/122/121 135/135/134 134/134/135
f 122/122/121 123/123/123 136/136/136 135/135/134
f 123/123/123 124/124/124 137/137/137 136/136/136
f 124/124/124 125/125/125 138/138/138 137/137/137
f 125/125/125 126/126/126 139/139/139 138/138/138
f 127/127/128 128/128/127 142/142/140 141/141/141
f 128/128/127 129/129/129 143/143/142 142/142/140
f 129/129/129 130/130/130 144/144/143 143/143/142
f 130/130/130 131/131/131 145/145/144 144/144/143
f 131/131/131 132/132/132 146/146/145 145/145/144
f 132/132/132 133/133/133 147/147/146 146/146/145
f 134/134/135 135/135/134 149/149/147 148/148/148
f 135/135/134 136/136/136 150/150/149 149/149/147
f 136/136/136 137/137/137 151/151/150 150/150/149
f 137/137/137 138/138/138 152/152/151 151/151/150
f 138/138/138 139/139/139 153/153/152 152/152/151
f 139/139/139 140/140/153 154/154/154 153/153/152
f 141/141/141 142/142/140 156/156/155 155/155/156
f 142/142/140 143/143/142 157/157/157 156/156/155
f 143/143/142 144/144/143 158/158/158 157/157/157
f 144/144/143 145/145/144 159/159/159 158/158/158
f 145/145/144 146/146/145 160/160/160 159/159/159
f 146/146/145 147/147/146 161/161/161 160/160/160
f 148/148/148 149/149/147 163/163/162 162/162/163
f 149/149/147 150/150/149 164/164/164 163/163/162
f 150/150/149 151/151/150 165/165/165 164/164/164
f 151/151/150 152/152/151 166/166/166 165/165/165
f 152/152/151 153/153/152 167/167/167 166/166/166
f 153/153/152 154/154/154 168/168/168 167/167/167
f 156/156/155 157/157/157 170/170/169 169/169/170
f 157/157/157 158/158/158 171/171/171 170/170/169
f 158/158/158 159/159/159 172/172/172 171/171/171
f 159/159/159 160/160/160 173/173/173 172/172/172
f 160/160/160 161/161/161 174/174/174 173/173/173
f 162/162/163 163/163/162 176/176/175 175/175/176
f 163/163/162 164/164/164 177/177/177 176/176/175
f 164/164/164 165/165/165 178/178/178 177/177/177
f 165/165/165 166/166/166 179/179/179 178/178/178
f 166/166/166 167/167/167 180/180/180 179/179/179
f 169/169/170 170/170/169 182/182/181 181/181/182
f 170/170/169 171/171/171 183/183/183 182/182/181
f 171/171/171 172/172/172 184/184/184 183/183/183
f 172/172/172 173/173/173 185/185/185 184/184/184
f 173/173/173 174/174/174 186/186/186 185/185/185
f 183/183/183 184/184/184 188/188/187 187/187/188
f 184/184/184 185/185/185 189/189/189 188/188/187
f 185/185/185 186/186/186 190/190/190 189/189/189
s off
f 199/191/191 200/2024/192 201/193/193 202/194/194
f 191/2010/195 192/2162/196 194/2157/197 193/2009/198
f 194/2158/199 213/2013/200 211/2015/201 193/198/202
f 203/201/203 204/202/204 205/203/205 206/2022/206
f 195/2012/207 196/2161/208 198/2159/209 197/2011/210
f 198/2160/211 209/209/212 207/210/213 197/208/214
f 195/205/215 216/211/216 218/212/217 196/206/218
f 220/213/219 222/214/220 192/196/221 191/195/222
f 200/192/223 199/2023/224 212/2016/225 214/2014/226
s 2
f 221/217/227 201/193/228 200/2024/229 214/216/230
s off
f 221/217/231 219/218/232 202/194/233 201/193/234
f 217/219/235 215/220/236 204/202/237 203/201/238
f 206/204/239 205/2021/240 208/2018/241 210/2017/242
s 3
f 217/219/243 203/201/244 206/2022/245 210/222/246
s 4
f 216/211/247 207/223/248 208/221/249 215/220/250
s off
f 208/2018/251 207/210/252 209/209/253 210/2017/254
f 212/2016/255 211/2015/256 213/2013/257 214/2014/258
s 5
f 219/218/259 212/215/260 199/191/261 202/194/262
s off
f 216/211/263 215/220/264 217/219/265 218/212/266
f 220/213/267 219/218/268 221/217/269 222/214/270
s 3
f 217/219/243 210/222/246 209/224/271 218/212/272
f 218/212/272 209/224/271 198/207/273 196/206/274
s 4
f 215/220/250 208/221/249 205/203/275 204/202/276
f 216/211/247 195/205/277 197/225/278 207/223/248
s 5
f 220/213/279 211/200/280 212/215/260 219/218/259
f 220/213/279 191/195/281 193/226/282 211/200/280
s 2
f 221/217/227 214/216/230 213/199/283 222/214/284
f 222/214/284 213/199/283 194/197/285 192/196/286
s off
f 223/227/287 224/228/288 234/229/289 233/230/290
f 224/228/291 225/231/292 235/232/293 234/229/294
f 225/231/295 226/233/296 236/234/297 235/232/298
f 226/233/299 227/235/300 237/236/301 236/234/302
f 227/235/303 228/237/304 238/238/305 237/236/306
f 228/237/307 229/239/308 239/240/309 238/238/310
f 229/239/311 230/241/312 240/242/313 239/240/314
f 230/241/315 231/243/316 241/244/317 240/242/318
f 231/243/319 232/245/320 242/246/321 241/244/322
f 232/245/323 223/247/324 233/248/325 242/246/326
f 244/1912/327 243/1902/328 337/251/329 336/252/330
f 245/1911/331 244/1912/332 336/252/333 335/254/334
f 246/1910/335 245/1911/336 335/254/337 334/256/338
f 247/1909/339 246/1910/340 334/256/341 333/258/342
f 248/1908/343 247/1909/344 333/258/345 332/260/346
f 249/1907/347 248/1908/348 332/260/349 331/262/350
f 250/1906/351 249/1907/352 331/262/353 330/264/354
f 251/1905/355 250/1906/356 330/264/357 329/266/358
f 252/1904/359 251/1905/360 329/266/361 328/268/362
f 253/1903/363 252/1904/364 328/268/365 327/270/366
f 254/1901/367 253/1903/368 327/270/369 338/272/370
f 243/2020/371 254/1901/372 338/272/373 337/2019/374
f 255/273/375 256/274/376 268/275/377 267/276/378
f 256/274/379 257/277/380 269/278/381 268/275/382
f 257/277/383 258/279/384 270/280/385 269/278/386
f 258/279/387 259/281/388 271/282/389 270/280/390
f 259/281/391 260/283/392 272/284/393 271/282/394
f 260/283/395 261/285/396 273/286/397 272/284/398
f 261/285/399 262/287/400 274/288/401 273/286/402
f 262/287/403 263/289/404 275/290/405 274/288/406
f 263/289/407 264/291/408 276/292/409 275/290/410
f 264/291/411 265/293/412 277/294/413 276/292/414
f 265/293/415 266/295/416 278/296/417 277/294/418
f 266/295/419 255/297/420 267/298/421 278/296/422
s 6
f 351/2042/423 352/2052/424 353/299/425
f 352/2052/424 354/2051/426 353/299/425
f 354/2051/426 355/2050/427 353/299/425
f 355/2050/427 356/2049/428 353/299/425
f 356/2049/428 357/2048/429 353/299/425
f 357/2048/429 358/2047/430 353/299/425
f 358/2047/430 359/2046/431 353/299/425
f 359/2046/431 360/2045/432 353/299/425
f 360/2045/432 361/2044/433 353/299/425
f 361/2044/433 362/2043/434 353/299/425
f 362/2043/434 363/2041/435 353/299/425
f 363/2041/435 351/2042/423 353/299/425
s off
f 256/1913/436 255/1914/437 279/1915/438 280/1916/439
f 257/1919/440 256/1913/441 280/1916/442 281/1920/443
f 258/1923/444 257/1919/445 281/1920/446 282/1924/447
f 259/1927/448 258/1923/449 282/1924/450 283/1928/451
f 260/1931/452 259/1927/453 283/1928/454 284/1932/455
f 261/1935/456 260/1931/457 284/1932/458 285/1936/459
f 262/1933/460 261/1935/461 285/1936/462 286/1934/463
f 263/1929/464 262/1963/465 286/1964/466 287/1930/467
f 264/1925/468 263/1929/469 287/1930/470 288/1926/471
f 265/1921/472 264/1925/473 288/1926/474 289/1922/475
f 266/1917/476 265/1921/477 289/1922/478 290/1918/479
f 255/1914/480 266/1917/481 290/1918/482 279/1915/483
f 267/2189/484 268/2190/485 292/2191/486 291/2192/487
f 268/2190/488 269/2542/489 293/2541/490 292/2191/491
f 269/2193/492 270/2197/493 294/2198/494 293/2194/495
f 270/2197/496 271/2201/497 295/2202/498 294/2198/499
f 271/2201/500 272/2205/501 296/2206/502 295/2202/503
f 272/2205/504 273/2209/505 297/2210/506 296/2206/507
f 273/2209/508 274/2211/509 298/2212/510 297/2210/511
f 274/2211/512 275/2207/513 299/2208/514 298/2212/515
f 275/2207/516 276/2203/517 300/2204/518 299/2208/519
f 276/2203/520 277/2199/521 301/2200/522 300/2204/523
f 277/2199/524 278/2195/525 302/2196/526 301/2200/527
f 278/2195/528 267/2189/529 291/2192/530 302/2196/531
f 280/1955/532 279/1953/533 303/1954/534 304/1956/535
f 281/1957/536 280/1955/537 304/1956/538 305/1958/539
f 282/1941/540 281/1957/541 305/1958/542 306/1942/543
f 283/1938/544 282/1941/545 306/1942/546 307/1939/547
f 284/1937/548 283/1961/549 307/1962/550 308/1940/551
f 285/1943/552 284/1937/553 308/1940/554 309/1944/555
f 286/1945/556 285/1943/557 309/1944/558 310/1946/559
f 287/1959/560 286/1945/561 310/1946/562 311/1960/563
f 288/1951/564 287/1959/565 311/1960/566 312/1952/567
f 289/1948/568 288/1951/569 312/1952/570 313/1949/571
f 290/1947/572 289/1948/573 313/1949/574 314/1950/575
f 279/1953/576 290/1947/577 314/1950/578 303/1954/579
f 291/2359/580 292/2363/581 316/2364/582 315/2360/583
f 292/2363/584 293/2497/585 317/2498/586 316/2364/587
f 293/2497/588 294/2351/589 318/2352/590 317/2498/591
f 294/2351/592 295/2345/593 319/2348/594 318/2352/595
f 295/2345/596 296/2346/597 320/2347/598 319/2348/599
f 296/2346/600 297/2349/601 321/2350/602 320/2347/603
f 297/2349/604 298/2552/605 322/2551/606 321/2350/607
f 298/2353/608 299/2499/609 323/2500/610 322/2354/611
f 299/2499/612 300/2361/613 324/2362/614 323/2500/615
f 300/2361/616 301/2355/617 325/2358/618 324/2362/619
f 301/2355/620 302/2356/621 326/2357/622 325/2358/623
f 302/2356/624 291/2359/625 315/2360/626 326/2357/627
f 304//628 303//629 327//630 328//631
f 305//632 304//633 328//634 329//635
f 306//636 305//637 329//638 330//639
f 307//640 306//641 330//642 331//643
f 308//644 307//645 331//646 332//647
f 309//648 308//649 332//650 333//651
f 310//652 309//653 333//654 334//655
f 311//656 310//657 334//658 335//659
f 312//660 311//661 335//662 336//663
f 313//664 312//665 336//666 337//667
f 314//668 313//669 337//670 338//671
f 303//672 314//673 338//674 327//675
f 315/2213/676 316/2214/677 340/2215/678 339/2216/679
f 316/2214/680 317/2540/681 341/2539/682 340/2215/683
f 317/2217/684 318/2221/685 342/2222/686 341/2218/687
f 318/2221/688 319/2225/689 343/2226/690 342/2222/691
f 319/2225/692 320/2229/693 344/2230/694 343/2226/695
f 320/2229/696 321/2233/697 345/2234/698 344/2230/699
f 321/2233/700 322/2235/701 346/2236/702 345/2234/703
f 322/2235/704 323/2231/705 347/2232/706 346/2236/707
f 323/2231/708 324/2227/709 348/2228/710 347/2232/711
f 324/2227/712 325/2223/713 349/2224/714 348/2228/715
f 325/2223/716 326/2219/717 350/2220/718 349/2224/719
f 326/2219/720 315/2213/721 339/2216/722 350/2220/723
f 339/2379/724 340/2550/725 375/2549/726 364/2380/727
f 340/2383/728 341/2501/729 374/2502/730 375/2384/731
f 341/2501/732 342/2371/733 373/2372/734 374/2502/735
f 342/2371/736 343/2365/737 372/2368/738 373/2372/739
f 343/2365/740 344/2366/741 371/2367/742 372/2368/743
f 344/2366/744 345/2369/745 370/2370/746 371/2367/747
f 345/2369/748 346/2373/749 369/2374/750 370/2370/751
f 346/2373/752 347/2503/753 368/2504/754 369/2374/755
f 347/2503/756 348/2381/757 367/2382/758 368/2504/759
f 348/2381/760 349/2375/761 366/2378/762 367/2382/763
f 349/2375/764 350/2376/765 365/2377/766 366/2378/767
f 350/2376/768 339/2379/769 364/2380/770 365/2377/771
f 389/2385/772 388/2386/773 390/2529/774 391/2388/775
f 392/2391/776 389/2385/777 391/2388/778 393/2392/779
f 394/2393/780 392/2391/781 393/2392/782 395/2394/783
f 396/2505/784 394/2393/785 395/2394/786 397/2506/787
f 398/2399/788 396/2505/789 397/2506/790 399/2400/791
f 400/2396/792 398/2399/793 399/2400/794 401/2397/795
f 402/2395/796 400/2396/797 401/2397/798 403/2398/799
f 404/2401/800 402/2395/801 403/2398/802 405/2402/803
f 406/2403/804 404/2401/805 405/2402/806 407/2404/807
f 408/2507/808 406/2403/809 407/2404/810 409/2508/811
f 410/2389/812 408/2507/813 409/2508/814 411/2390/815
f 388/2530/816 410/2389/817 411/2390/818 390/2387/819
f 377/2405/820 376/2406/821 351/2407/822 363/2408/823
f 378/2411/824 377/2405/825 363/2408/826 362/2412/827
f 379/2413/828 378/2411/829 362/2412/830 361/2414/831
f 380/2509/832 379/2413/833 361/2414/834 360/2510/835
f 381/2511/836 380/2509/837 360/2510/838 359/2512/839
f 382/2416/840 381/2419/841 359/2420/842 358/2417/843
f 383/2415/844 382/2416/845 358/2417/846 357/2418/847
f 384/2421/848 383/2415/849 357/2418/850 356/2422/851
f 385/2423/852 384/2421/853 356/2422/854 355/2424/855
f 386/2513/856 385/2423/857 355/2424/858 354/2514/859
f 387/2409/860 386/2513/861 354/2514/862 352/2410/863
f 376/2406/864 387/2409/865 352/2410/866 351/2407/867
f 365/2237/868 364/2238/869 388/2239/870 389/2240/871
f 376/2261/872 377/2262/873 391/2263/874 390/2264/875
f 366/2243/876 365/2237/877 389/2240/878 392/2244/879
f 377/2262/880 378/2265/881 393/2266/882 391/2263/883
f 367/2247/884 366/2243/885 392/2244/886 394/2248/887
f 378/2265/888 379/2269/889 395/2270/890 393/2266/891
f 368/2251/892 367/2247/893 394/2248/894 396/2252/895
f 379/2269/896 380/2273/897 397/2274/898 395/2270/899
f 369/2255/900 368/2538/901 396/2537/902 398/2256/903
f 380/2273/904 381/2277/905 399/2278/906 397/2274/907
f 370/2259/908 369/2255/909 398/2256/910 400/2260/911
f 381/2277/912 382/2281/913 401/2282/914 399/2278/915
f 371/2257/916 370/2259/917 400/2260/918 402/2258/919
f 382/2281/920 383/2283/921 403/2284/922 401/2282/923
f 372/2253/924 371/2257/925 402/2258/926 404/2254/927
f 383/2283/928 384/2279/929 405/2280/930 403/2284/931
f 373/2249/932 372/2253/933 404/2254/934 406/2250/935
f 384/2279/936 385/2275/937 407/2276/938 405/2280/939
f 374/2245/940 373/2249/941 406/2250/942 408/2246/943
f 385/2275/944 386/2536/945 409/2535/946 407/2276/947
f 375/2241/948 374/2245/949 408/2246/950 410/2242/951
f 386/2271/952 387/2267/953 411/2268/954 409/2272/955
f 364/2238/956 375/2241/957 410/2242/958 388/2239/959
f 387/2267/960 376/2261/961 390/2264/962 411/2268/963
f 412/300/964 413/301/965 431/1814/966 422/1815/967
f 413/301/968 414/302/969 430/1817/970 431/1814/971
f 414/302/972 415/303/973 429/1818/974 430/1817/975
f 415/303/976 416/304/977 428/1819/978 429/1818/979
f 416/304/980 417/305/981 427/1820/982 428/1819/983
f 417/305/984 418/306/985 426/1821/986 427/1820/987
f 418/306/988 419/307/989 425/1822/990 426/1821/991
f 419/307/992 420/308/993 424/1823/994 425/1822/995
f 420/308/996 421/309/997 423/1824/998 424/1823/999
f 421/309/1000 412/310/1001 422/1816/1002 423/1824/1003
s 7
f 424/1861/1004 423/1862/1005 434/1863/1006 435/1864/1007
s 8
f 425/1868/1008 424/1861/1009 435/1864/1010
s 9
f 423/1862/1011 422/1865/1012 434/1863/1013
s 10
f 431/1873/1014 436/1869/1015 422/1865/1016
s 11
f 426/1878/1017 425/1868/1018 439/1872/1019
s 9
f 432/1870/1020 430/1874/1021 429/1875/1022
s 7
f 433/1871/1023 432/1870/1024 429/1875/1025 428/1876/1026
s 8
f 427/1877/1027 433/1871/1028 428/1876/1029
s 9
f 434/1863/1013 422/1865/1012 436/1869/1030 437/1866/1031
s 7
f 435/1864/1007 434/1863/1006 437/1866/1032 438/1867/1033
s 8
f 425/1868/1008 435/1864/1010 438/1867/1034 439/1872/1035
s 10
f 431/1873/1014 430/1874/1036 436/1869/1015
s 9
f 437/1866/1031 436/1869/1030 430/1874/1021 432/1870/1020
s 7
f 438/1867/1033 437/1866/1032 432/1870/1024 433/1871/1023
s 8
f 439/1872/1035 438/1867/1034 433/1871/1028 427/1877/1027
s 11
f 426/1878/1017 439/1872/1019 427/1877/1037
s off
f 441/311/1038 440/312/1039 476/1652/1040 477/1668/1041
f 442/315/1042 441/311/1043 477/1668/1044 478/1667/1045
f 443/317/1046 442/315/1047 478/1667/1048 479/1666/1049
f 444/319/1050 443/317/1051 479/1666/1052 480/1665/1053
f 445/321/1054 444/319/1055 480/1665/1056 481/1664/1057
f 446/323/1058 445/321/1059 481/1664/1060 482/1663/1061
f 447/325/1062 446/323/1063 482/1663/1064 483/1662/1065
f 448/327/1066 447/325/1067 483/1662/1068 484/1661/1069
f 449/329/1070 448/327/1071 484/1661/1072 485/1660/1073
f 450/331/1074 449/329/1075 485/1660/1076 486/1659/1077
f 451/333/1078 450/331/1079 486/1659/1080 487/1658/1081
f 452/335/1082 451/333/1083 487/1658/1084 488/1657/1085
f 453/2130/1086 452/335/1087 488/1657/1088 489/1656/1089
f 454/339/1090 453/337/1091 489/2127/1092 490/1655/1093
f 455/341/1094 454/339/1095 490/1655/1096 491/1654/1097
f 456/343/1098 455/341/1099 491/1654/1100 492/1653/1101
f 457/345/1102 456/343/1103 492/1653/1104 493/1651/1105
f 440/312/1106 457/345/1107 493/1651/1108 476/1652/1109
f 458/347/1110 459/348/1111 495/1650/1112 494/1634/1113
f 459/348/1114 460/351/1115 496/1649/1116 495/1650/1117
f 460/351/1118 461/353/1119 497/2128/1120 496/1649/1121
f 461/2129/1122 462/355/1123 498/1647/1124 497/1648/1125
f 462/355/1126 463/357/1127 499/1646/1128 498/1647/1129
f 463/357/1130 464/359/1131 500/1645/1132 499/1646/1133
f 464/359/1134 465/361/1135 501/1644/1136 500/1645/1137
f 465/361/1138 466/363/1139 502/1643/1140 501/1644/1141
f 466/363/1142 467/365/1143 503/1642/1144 502/1643/1145
f 467/365/1146 468/367/1147 504/1641/1148 503/1642/1149
f 468/367/1150 469/369/1151 505/1640/1152 504/1641/1153
f 469/369/1154 470/371/1155 506/1639/1156 505/1640/1157
f 470/371/1158 471/373/1159 507/1638/1160 506/1639/1161
f 471/373/1162 472/375/1163 508/1637/1164 507/1638/1165
f 472/375/1166 473/377/1167 509/1636/1168 508/1637/1169
f 473/377/1170 474/379/1171 510/1635/1172 509/1636/1173
f 474/379/1174 475/381/1175 511/1633/1176 510/1635/1177
f 475/381/1178 458/347/1179 494/1634/1180 511/1633/1181
f 485/330/1182 484/328/1183 502/364/1184 503/366/1185
f 484/328/1186 483/326/1187 501/362/1188 502/364/1189
f 483/326/1190 482/324/1191 500/360/1192 501/362/1193
f 482/324/1194 481/322/1195 499/358/1196 500/360/1197
f 481/322/1198 480/320/1199 498/356/1200 499/358/1201
f 480/320/1202 479/318/1203 497/354/1204 498/356/1205
f 479/318/1206 478/316/1207 496/352/1208 497/354/1209
f 478/316/1210 477/314/1211 495/349/1212 496/352/1213
f 477/314/1214 476/313/1215 494/350/1216 495/349/1217
f 476/313/1218 493/346/1219 511/382/1220 494/350/1221
f 493/346/1222 492/344/1223 510/380/1224 511/382/1225
f 492/344/1226 491/342/1227 509/378/1228 510/380/1229
f 491/342/1230 490/340/1231 508/376/1232 509/378/1233
f 490/340/1234 489/338/1235 507/374/1236 508/376/1237
f 489/338/1238 488/336/1239 506/372/1240 507/374/1241
f 488/336/1242 487/2125/1243 505/370/1244 506/372/1245
f 487/334/1246 486/332/1247 504/368/1248 505/2126/1249
f 486/332/1250 485/330/1251 503/366/1252 504/368/1253
f 512/383/1254 513/2030/1255 514/385/1256 515/2031/1257
f 549/387/1258 548/2028/1259 550/389/1260 551/390/1261
f 513/2030/1262 516/391/1263 517/392/1264 514/385/1265
f 552/393/1266 549/387/1267 551/390/1268 553/394/1269
f 516/391/1270 518/395/1271 519/396/1272 517/392/1273
f 554/397/1274 552/393/1275 553/394/1276 555/398/1277
f 518/395/1278 520/399/1279 521/400/1280 519/396/1281
f 556/401/1282 554/397/1283 555/398/1284 557/402/1285
f 520/399/1286 522/403/1287 523/404/1288 521/400/1289
f 558/405/1290 556/401/1291 557/402/1292 559/406/1293
f 522/403/1294 524/407/1295 525/408/1296 523/404/1297
f 560/409/1298 558/405/1299 559/406/1300 561/410/1301
f 524/407/1302 526/411/1303 527/412/1304 525/408/1305
f 562/413/1306 560/409/1307 561/410/1308 563/414/1309
f 526/411/1310 528/415/1311 529/416/1312 527/412/1313
f 564/417/1314 562/413/1315 563/414/1316 565/418/1317
f 528/415/1318 530/419/1319 531/420/1320 529/416/1321
f 566/421/1322 564/417/1323 565/418/1324 567/422/1325
f 530/419/1326 532/423/1327 533/424/1328 531/420/1329
f 568/425/1330 566/421/1331 567/422/1332 569/426/1333
f 532/423/1334 534/427/1335 535/2155/1336 533/424/1337
f 570/429/1338 568/425/1339 569/426/1340 571/430/1341
f 534/2156/1342 536/431/1343 537/432/1344 535/428/1345
f 572/433/1346 570/429/1347 571/430/1348 573/434/1349
f 536/431/1350 538/435/1351 539/436/1352 537/432/1353
f 574/437/1354 572/433/1355 573/434/1356 575/438/1357
f 538/435/1358 540/439/1359 541/440/1360 539/436/1361
f 576/441/1362 574/437/1363 575/438/1364 577/442/1365
f 540/439/1366 542/443/1367 543/444/1368 541/440/1369
f 578/445/1370 576/441/1371 577/442/1372 579/446/1373
f 542/443/1374 544/447/1375 545/448/1376 543/444/1377
f 580/449/1378 578/445/1379 579/446/1380 581/450/1381
f 544/447/1382 546/451/1383 547/452/1384 545/448/1385
f 582/2140/1386 580/449/1387 581/450/1388 583/2025/1389
f 546/451/1390 512/383/1391 515/2031/1392 547/452/1393
f 548/2028/1394 582/453/1395 583/2139/1396 550/389/1397
s 15
f 440/455/1398 441/456/1399 513/384/1400 512/2029/1401
f 441/456/1399 442/457/1402 516/458/1403 513/384/1400
f 442/457/1402 443/460/1404 518/461/1405 516/458/1403
f 443/460/1404 444/463/1406 520/464/1407 518/461/1405
f 444/463/1406 445/466/1408 522/467/1409 520/464/1407
f 445/466/1408 446/469/1410 524/470/1411 522/467/1409
f 446/469/1410 447/472/1412 526/473/1413 524/470/1411
f 447/472/1412 448/475/1414 528/476/1415 526/473/1413
f 448/475/1414 449/478/1416 530/479/1417 528/476/1415
f 449/478/1416 450/481/1418 532/482/1419 530/479/1417
f 450/481/1418 451/484/1420 534/485/1421 532/482/1419
f 451/484/1420 452/487/1422 536/488/1423 534/485/1421
f 452/487/1422 453/490/1424 538/491/1425 536/488/1423
f 453/490/1424 454/493/1426 540/494/1427 538/491/1425
f 454/493/1426 455/496/1428 542/497/1429 540/494/1427
f 455/496/1428 456/499/1430 544/500/1431 542/497/1429
f 456/499/1430 457/502/1432 546/503/1433 544/500/1431
f 457/502/1432 440/2148/1398 512/2147/1401 546/503/1433
s 16
f 459/505/1434 458/506/1435 548/388/1436 549/507/1437
s 17
f 514/2032/1438 551/508/1439 550/2026/1440 515/386/1441
s 16
f 460/509/1442 459/505/1434 549/507/1437 552/510/1443
s 17
f 517/459/1444 553/2141/1445 551/508/1439 514/2032/1438
s 16
f 461/512/1446 460/509/1442 552/510/1443 554/513/1447
s 17
f 519/462/1448 555/514/1449 553/511/1445 517/2142/1444
s 16
f 462/515/1450 461/512/1446 554/513/1447 556/516/1451
s 17
f 521/465/1452 557/517/1453 555/514/1449 519/462/1448
s 16
f 463/518/1454 462/515/1450 556/516/1451 558/519/1455
s 17
f 523/468/1456 559/520/1457 557/517/1453 521/465/1452
s 16
f 464/521/1458 463/518/1454 558/519/1455 560/522/1459
s 17
f 525/471/1460 561/523/1461 559/520/1457 523/468/1456
s 16
f 465/524/1462 464/521/1458 560/522/1459 562/525/1463
s 17
f 527/474/1464 563/526/1465 561/523/1461 525/471/1460
s 16
f 466/527/1466 465/524/1462 562/525/1463 564/528/1467
s 17
f 529/477/1468 565/529/1469 563/526/1465 527/474/1464
s 16
f 467/530/1470 466/527/1466 564/528/1467 566/531/1471
s 17
f 531/480/1472 567/532/1473 565/529/1469 529/477/1468
s 16
f 468/533/1474 467/530/1470 566/531/1471 568/534/1475
s 17
f 533/483/1476 569/535/1477 567/532/1473 531/480/1472
s 16
f 469/536/1478 468/533/1474 568/534/1475 570/537/1479
s 17
f 535/486/1480 571/538/1481 569/535/1477 533/483/1476
s 16
f 470/539/1482 469/536/1478 570/537/1479 572/540/1483
s 17
f 537/489/1484 573/541/1485 571/538/1481 535/486/1480
s 16
f 471/542/1486 470/539/1482 572/540/1483 574/543/1487
s 17
f 539/492/1488 575/544/1489 573/541/1485 537/489/1484
s 16
f 472/545/1490 471/2146/1486 574/2145/1487 576/546/1491
s 17
f 541/495/1492 577/547/1493 575/544/1489 539/492/1488
s 16
f 473/548/1494 472/545/1490 576/546/1491 578/549/1495
s 17
f 543/498/1496 579/550/1497 577/547/1493 541/495/1492
s 16
f 474/551/1498 473/548/1494 578/549/1495 580/552/1499
s 17
f 545/501/1500 581/553/1501 579/550/1497 543/498/1496
s 16
f 475/554/1502 474/551/1498 580/552/1499 582/2027/1503
s 17
f 547/504/1504 583/454/1505 581/553/1501 545/501/1500
s 16
f 458/506/1435 475/554/1502 582/2027/1503 548/388/1436
s 17
f 515/386/1441 550/2026/1440 583/454/1505 547/504/1504
s 18
f 584/555/1506 585/556/1507 1578/1900/1508 1569/1891/1509
s 19
f 585/556/1510 586/559/1511 1577/1899/1512 1578/1900/1513
s 20
f 586/559/1514 587/561/1515 1576/1898/1516 1577/1899/1517
s 21
f 587/561/1518 588/563/1519 1575/1897/1520 1576/1898/1521
s 22
f 588/563/1522 589/565/1523 1574/1896/1524 1575/1897/1525
s 23
f 589/565/1526 590/567/1527 1573/1895/1528 1574/1896/1529
s 24
f 590/567/1530 591/569/1531 1572/1894/1532 1573/1895/1533
s 25
f 591/569/1534 592/571/1535 1571/1893/1536 1572/1894/1537
s 26
f 592/571/1538 593/573/1539 1570/1892/1540 1571/1893/1541
s 27
f 593/573/1542 584/575/1543 1569/1890/1544 1570/1892/1545
s off
f 604/577/1546 605/578/1547 615/579/1548 614/580/1549
f 605/578/1550 606/581/1551 616/582/1552 615/579/1553
f 606/581/1554 607/583/1555 617/584/1556 616/582/1557
f 607/583/1558 608/585/1559 618/586/1560 617/584/1561
f 608/585/1562 609/587/1563 619/588/1564 618/586/1565
f 609/587/1566 610/589/1567 620/590/1568 619/588/1569
f 610/589/1570 611/591/1571 621/592/1572 620/590/1573
f 611/591/1574 612/593/1575 622/594/1576 621/592/1577
f 612/593/1578 613/595/1579 623/596/1580 622/594/1581
f 613/595/1582 604/597/1583 614/598/1584 623/596/1585
s 28
f 624/599/1586 625/600/1587 1568/1889/1588 1559/1880/1589
s 29
f 625/600/1590 626/603/1591 1567/1888/1592 1568/1889/1593
s 30
f 626/603/1594 627/605/1595 1566/1887/1596 1567/1888/1597
s 31
f 628/607/1598 629/608/1599 1564/1885/1600 1565/1886/1601
s 32
f 629/608/1602 630/611/1603 1563/1884/1604 1564/1885/1605
s 33
f 630/611/1606 631/613/1607 1562/1883/1608 1563/1884/1609
s 34
f 631/613/1610 632/615/1611 1561/1882/1612 1562/1883/1613
s 35
f 632/615/1614 633/617/1615 1560/1881/1616 1561/1882/1617
s 36
f 633/617/1618 624/619/1619 1559/1879/1620 1560/1881/1621
s 37
f 1565/1886/1622 1566/1887/1623 627/605/1624 628/607/1625
s 38
f 243/250/1626 244/249/1627 645/621/1628 646/622/1629
s 39
f 254/271/1630 243/250/1631 646/622/1632 647/623/1633
s 40
f 244/249/1634 245/253/1635 644/624/1636 645/621/1637
s 41
f 647/623/1638 253/269/1639 254/271/1640
s 42
f 245/253/1641 246/255/1642 644/624/1643
f 644/624/1643 246/255/1642 247/257/1644 648/625/1645
s 40
f 645/621/1637 644/624/1636 648/625/1646 649/626/1647
s 38
f 646/622/1629 645/621/1628 649/626/1648 650/627/1649
s 39
f 650/627/1650 651/628/1651 647/623/1633 646/622/1632
s 41
f 651/628/1652 252/267/1653 253/269/1639 647/623/1638
s 42
f 648/625/1645 247/257/1644 248/259/1654
s 40
f 649/626/1647 648/625/1646 248/259/1655 249/261/1656
s 38
f 650/627/1649 649/626/1648 249/261/1657 250/263/1658
s 39
f 251/265/1659 651/628/1651 650/627/1650 250/263/1660
s 41
f 251/265/1661 252/267/1653 651/628/1652
s 43
f 654/629/1662 655/630/1663 712/631/1664 713/632/1665
s 44
f 752/633/1666 753/1996/1667 754/1995/1668 755/1994/1669
s 45
f 662/637/1670 663/638/1671 714/639/1672 715/640/1673
s 46
f 664/641/1674 665/2001/1675 732/643/1676 733/644/1677
s 47
f 740/645/1678 741/646/1679 742/647/1680 743/648/1681
s 48
f 668/1739/1682 691/650/1683 692/651/1684 670/652/1685
s 49
f 670/652/1686 692/651/1687 660/653/1688 716/654/1689
s 50
f 672/655/1690 694/656/1691 695/657/1692 674/658/1693
s 51
f 717/659/1694 718/660/1695 691/661/1696 668/662/1697
s 52
f 669/1738/1698 722/664/1699 723/665/1700 671/666/1701
s 53
f 716/654/1702 717/667/1703 668/649/1704 670/652/1705
f 674/668/1706 677/669/1707 676/670/1708 672/671/1709
s 51
f 674/658/1710 695/657/1711 696/672/1712 677/673/1713
s 52
f 679/674/1714 678/675/1715 675/676/1716 673/677/1717
s 49
f 676/670/1718 666/678/1719 694/1732/1720 672/671/1721
s 53
f 676/670/1708 677/669/1707 681/679/1722 680/680/1723
s 51
f 677/673/1713 696/672/1712 697/681/1724 681/682/1725
s 52
f 683/683/1726 682/684/1727 678/675/1715 679/674/1714
s 49
f 680/680/1728 693/685/1729 666/678/1719 676/670/1718
s 48
f 685/686/1730 684/687/1731 669/663/1732 671/666/1733
s 49
f 723/665/1734 653/688/1735 685/686/1736 671/666/1737
f 659/689/1738 686/690/1739 683/683/1740 679/674/1741
f 687/1731/1742 659/689/1738 679/674/1741 673/677/1743
s 50
f 688/693/1744 687/691/1745 673/692/1746 675/694/1747
s 51
f 689/695/1748 688/693/1749 675/694/1750 678/696/1751
f 690/697/1752 689/695/1748 678/696/1751 682/698/1753
f 684/699/1754 721/700/1755 722/701/1756 669/702/1757
s 48
f 706/703/1758 707/704/1759 684/687/1731 685/686/1730
s 49
f 653/688/1735 652/705/1760 706/703/1761 685/686/1736
f 711/1725/1762 658/1722/1763 659/689/1738 687/1731/1742
s 50
f 710/708/1764 711/706/1765 687/691/1745 688/693/1744
s 51
f 709/709/1766 710/708/1767 688/693/1749 689/695/1748
f 708/710/1768 709/709/1766 689/695/1748 690/697/1752
f 707/711/1769 720/712/1770 721/700/1755 684/699/1754
s 49
f 661/713/1771 660/653/1688 692/651/1687 699/714/1772
s 48
f 692/651/1684 691/650/1683 700/715/1773 699/714/1774
s 51
f 691/661/1696 718/660/1695 719/716/1775 700/717/1776
f 697/681/1724 696/672/1712 702/718/1777 701/719/1778
f 696/672/1712 695/657/1711 703/720/1779 702/718/1777
s 50
f 695/657/1692 694/656/1691 704/1730/1780 703/720/1781
s 49
f 694/1732/1720 666/678/1719 667/722/1782 704/721/1783
f 661/713/1771 699/714/1772 800/723/1784 801/724/1785
s 48
f 811/725/1786 800/723/1787 699/714/1774 700/715/1773
s 51
f 700/717/1776 719/716/1775 810/726/1788 811/727/1789
f 701/719/1778 702/718/1777 808/728/1790 809/729/1791
f 702/718/1777 703/720/1779 807/730/1792 808/728/1790
s 50
f 703/720/1781 704/1730/1780 806/731/1793 807/730/1794
s 49
f 704/721/1783 667/722/1782 805/732/1795 806/1726/1796
s 63
f 736/733/1797 737/734/1798 803/735/1799 804/1713/1800
s 43
f 713/632/1665 712/631/1664 657/737/1801 656/738/1802
s off
f 714/639/1803 731/1987/1804 732/2002/1805 665/642/1806
s 45
f 715/640/1673 714/639/1672 665/642/1807 664/2000/1808
s 47
f 744/740/1809 741/646/1679 740/645/1678 745/1999/1810
s 53
f 680/680/1723 681/679/1722 717/667/1703 716/654/1702
s 51
f 681/682/1725 697/681/1724 718/660/1695 717/659/1694
f 719/716/1775 718/660/1695 697/681/1724 701/719/1778
f 719/716/1775 701/719/1778 809/729/1791 810/726/1788
f 721/700/1755 720/712/1770 708/710/1768 690/697/1752
f 722/701/1756 721/700/1755 690/697/1752 682/698/1753
s 52
f 723/665/1700 722/664/1699 682/684/1727 683/683/1726
s 49
f 686/690/1739 653/688/1735 723/665/1734 683/683/1740
f 698/1715/1811 661/713/1771 801/724/1785 802/1714/1812
f 716/654/1689 660/653/1688 693/685/1729 680/680/1728
s off
f 726/2004/1813 725/1988/1814 713/632/1815 656/738/1816
s 64
f 656/2003/1817 657/1998/1818 727/746/1819 726/744/1820
s 65
f 747/747/1821 746/748/1822 748/749/1823 749/750/1824
f 750/751/1825 746/748/1822 747/747/1821 751/752/1826
s 66
f 759/753/1827 758/754/1828 760/755/1829 761/1992/1830
s off
f 667/1733/1831 698/742/1832 737/734/1833 736/733/1834
s 67
f 737/734/1835 698/742/1836 802/743/1837 803/735/1838
s off
f 705/1736/1839 658/707/1840 739/758/1841 738/1737/1842
s 68
f 667/1712/1843 736/1734/1844 804/736/1845 805/1711/1846
s 69
f 734/760/1847 735/761/1848 742/647/1849 741/646/1850
s 44
f 752/633/1666 755/1994/1669 756/1993/1851 757/763/1852
s 45
f 662/637/1670 715/640/1673 740/645/1853 743/648/1854
s 69
f 733/644/1855 734/760/1847 741/646/1850 744/740/1856
s 45
f 715/640/1673 664/2000/1808 745/1999/1857 740/645/1853
s 46
f 664/641/1674 733/644/1677 744/740/1858 745/741/1859
s 70
f 728/764/1860 727/746/1861 748/749/1862 746/748/1863
s 64
f 727/746/1819 657/1998/1818 749/1997/1864 748/749/1865
s 43
f 657/737/1801 712/631/1664 747/747/1866 749/750/1867
s 70
f 729/765/1868 728/764/1860 746/748/1863 750/751/1869
s 43
f 712/631/1664 655/630/1663 751/752/1870 747/747/1866
s 66
f 760/755/1829 758/754/1828 762/766/1871 763/1990/1872
s 69
f 735/761/1848 730/1986/1873 753/1996/1874 752/633/1875
s 45
f 663/638/1671 662/637/1670 755/636/1876 754/635/1877
f 662/637/1670 743/648/1854 756/762/1878 755/636/1876
s 47
f 743/648/1681 742/647/1680 757/763/1879 756/762/1880
s 69
f 742/647/1849 735/761/1848 752/633/1875 757/763/1881
s 70
f 724/1985/1882 729/765/1868 758/754/1883 759/753/1884
s 43
f 655/630/1663 654/629/1662 761/756/1885 760/1989/1886
s 70
f 729/765/1868 750/751/1869 762/766/1887 758/754/1883
s 65
f 750/751/1825 751/752/1826 763/767/1888 762/766/1889
s 43
f 751/752/1870 655/630/1663 760/1989/1886 763/767/1890
s off
f 761/756/1891 654/629/1892 724/769/1893 759/1991/1894
f 654/629/1895 713/632/1896 725/1988/1897 724/769/1898
f 714/639/1899 663/638/1900 730/768/1901 731/1987/1902
f 663/638/1903 754/635/1904 753/634/1905 730/768/1906
f 661/713/1907 698/1715/1908 693/685/1909 660/653/1910
f 653/688/1911 686/690/1912 705/757/1913 652/705/1914
f 667/722/1915 666/678/1916 693/685/1917 698/1715/1918
f 659/689/1919 658/1722/1920 705/757/1921 686/690/1922
s 49
f 813/770/1923 814/771/1924 706/703/1761 652/705/1760
f 812/1709/1925 813/770/1923 652/705/1760 705/757/1926
s 67
f 823/773/1927 812/772/1928 705/1723/1929 738/759/1930
s 63
f 822/774/1931 823/773/1932 738/759/1933 739/1735/1934
s 68
f 821/775/1935 822/1705/1936 739/758/1937 658/707/1938
s 49
f 820/776/1939 821/1707/1940 658/1722/1763 711/1725/1762
s 50
f 819/777/1941 820/1724/1942 711/706/1765 710/708/1764
s 51
f 818/778/1943 819/777/1944 710/708/1767 709/709/1766
f 817/779/1945 818/778/1943 709/709/1766 708/710/1768
f 816/780/1946 817/779/1945 708/710/1768 720/712/1770
f 815/781/1947 816/780/1946 720/712/1770 707/711/1769
s 48
f 706/703/1758 814/771/1948 815/782/1949 707/704/1759
s 49
f 777/783/1950 776/784/1951 764/785/1952 765/786/1953
f 778/1721/1954 777/783/1950 765/786/1953 766/788/1955
s 67
f 779/789/1956 778/787/1957 766/1718/1958 767/790/1959
s 63
f 780/1720/1960 779/789/1961 767/790/1962 768/792/1963
s 68
f 781/1719/1964 780/791/1965 768/1716/1966 769/794/1967
s 49
f 782/1727/1968 781/793/1969 769/1717/1970 770/1729/1971
s 50
f 783/797/1972 782/795/1973 770/796/1974 771/798/1975
s 51
f 784/799/1976 783/797/1977 771/798/1978 772/800/1979
f 785/801/1980 784/799/1976 772/800/1979 773/802/1981
f 786/803/1982 785/801/1980 773/802/1981 774/804/1983
f 787/805/1984 786/803/1982 774/804/1983 775/806/1985
s 48
f 775/807/1986 764/785/1987 776/784/1988 787/808/1989
s 49
f 766/788/1955 765/786/1953 789/809/1990 788/810/1991
f 765/786/1953 764/785/1952 790/811/1992 789/809/1990
s 48
f 791/812/1993 790/811/1994 764/785/1987 775/807/1986
s 51
f 775/806/1985 774/804/1983 792/813/1995 791/814/1996
f 774/804/1983 773/802/1981 793/815/1997 792/813/1995
f 773/802/1981 772/800/1979 794/816/1998 793/815/1997
f 772/800/1979 771/798/1978 795/817/1999 794/816/1998
s 50
f 771/798/1975 770/796/1974 796/1728/2000 795/817/2001
s 49
f 770/1729/1971 769/1717/1970 797/1708/2002 796/818/2003
s 68
f 769/794/1967 768/1716/1966 798/1706/2004 797/819/2005
s 63
f 768/792/1963 767/790/1962 799/821/2006 798/820/2007
s 67
f 767/790/1959 766/1718/1958 788/1710/2008 799/821/2009
s 49
f 801/724/1785 800/723/1784 776/784/1951 777/783/1950
f 802/1714/1812 801/724/1785 777/783/1950 778/1721/1954
s 67
f 803/735/1838 802/743/1837 778/787/1957 779/789/1956
s 63
f 804/1713/1800 803/735/1799 779/789/1961 780/1720/1960
s 68
f 805/1711/1846 804/736/1845 780/791/1965 781/1719/1964
s 49
f 806/1726/1796 805/732/1795 781/793/1969 782/1727/1968
s 50
f 807/730/1794 806/731/1793 782/795/1973 783/797/1972
s 51
f 808/728/1790 807/730/1792 783/797/1977 784/799/1976
f 809/729/1791 808/728/1790 784/799/1976 785/801/1980
f 810/726/1788 809/729/1791 785/801/1980 786/803/1982
f 811/727/1789 810/726/1788 786/803/1982 787/805/1984
s 48
f 787/808/1989 776/784/1988 800/723/1787 811/725/1786
s 49
f 788/810/1991 789/809/1990 813/770/1923 812/1709/1925
f 789/809/1990 790/811/1992 814/771/1924 813/770/1923
s 48
f 815/782/1949 814/771/1948 790/811/1994 791/812/1993
s 51
f 791/814/1996 792/813/1995 816/780/1946 815/781/1947
f 792/813/1995 793/815/1997 817/779/1945 816/780/1946
f 793/815/1997 794/816/1998 818/778/1943 817/779/1945
f 794/816/1998 795/817/1999 819/777/1944 818/778/1943
s 50
f 795/817/2001 796/1728/2000 820/1724/1942 819/777/1941
s 49
f 796/818/2003 797/1708/2002 821/1707/1940 820/776/1939
s 68
f 797/819/2005 798/1706/2004 822/1705/1936 821/775/1935
s 63
f 798/820/2007 799/821/2006 823/773/1932 822/774/1931
s 67
f 799/821/2009 788/1710/2008 812/772/1928 823/773/1927
s off
f 731/739/2010 730/1986/2011 735/761/2012 734/760/2013
f 724/1985/2014 725/745/2015 728/764/2016 729/765/2017
f 726/744/2018 727/746/2019 728/764/2020 725/745/2021
f 733/644/2022 732/643/2023 731/739/2024 734/760/2025
f 824/822/2026 825/1604/2027 827/1605/2028 826/825/2029
f 826/825/2030 827/824/2031 829/826/2032 828/827/2033
f 828/827/2034 829/1603/2035 831/828/2036 830/832/2037
f 830/829/2038 831/831/2039 825/823/2040 824/830/2041
f 825/823/2042 831/831/2043 829/826/2044 827/824/2045
f 830/832/2046 824/822/2047 826/825/2048 828/827/2049
s 75
f 832/833/2050 833/834/2051 871/835/2052 868/836/2053
s off
f 834/837/2054 835/1755/2055 855/839/2056 852/840/2057
s 76
f 836/841/2058 837/1767/2059 859/843/2060 856/844/2061
s off
f 853/1754/2062 854/1757/2063 833/847/2064 832/848/2065
s 77
f 833/847/2066 854/1757/2067 870/849/2068 871/1752/2069
s 78
f 868/836/2070 869/850/2071 853/845/2072 832/833/2073
s 79
f 840/851/2074 841/852/2075 889/1746/2076 886/854/2077
s off
f 842/855/2078 843/1747/2079 907/1742/2080 900/858/2081
s 80
f 887/859/2082 888/860/2083 847/861/2084 846/862/2085
s off
f 903/1744/2086 904/1743/2087 841/865/2088 840/866/2089
s 81
f 841/865/2090 904/1743/2091 905/1741/2092 889/853/2093
s 82
f 902/868/2094 903/863/2095 840/851/2096 886/854/2097
s 83
f 856/844/2098 857/869/2099 848/870/2100 836/841/2101
s off
f 838/1769/2102 839/882/2103 850/873/2104 849/2007/2105
s 84
f 851/1765/2106 858/1762/2107 859/877/2108 837/842/2109
s off
f 848/870/2110 851/1765/2111 837/842/2112 836/841/2113
s 85
f 848/870/2114 857/869/2115 858/876/2116 851/875/2117
s 86
f 853/845/2118 869/850/2119 870/1753/2120 854/846/2121
s 83
f 838/871/2122 849/874/2123 865/878/2124 866/879/2125
s 85
f 864/1763/2126 865/878/2127 849/874/2128 850/2008/2129
s 84
f 867/881/2130 864/880/2131 850/873/2132 839/882/2133
s 76
f 866/879/2134 867/883/2135 839/872/2136 838/871/2137
s 78
f 852/840/2138 861/884/2139 860/885/2140 834/837/2141
s 86
f 862/1750/2142 861/884/2143 852/840/2144 855/1756/2145
s 77
f 863/1751/2146 862/886/2147 855/839/2148 835/1755/2149
s 75
f 860/885/2150 863/887/2151 835/838/2152 834/837/2153
s 85
f 858/876/2116 857/869/2115 873/888/2154 874/1761/2155
s 83
f 872/890/2156 873/888/2157 857/869/2099 856/844/2098
s 76
f 856/844/2061 859/843/2060 875/891/2158 872/890/2159
s 84
f 859/877/2108 858/1762/2107 874/889/2160 875/892/2161
s 78
f 860/885/2140 861/884/2139 876/893/2162 877/894/2163
s 86
f 879/895/2164 876/893/2165 861/884/2143 862/1750/2142
s 77
f 878/896/2166 879/1748/2167 862/886/2147 863/1751/2146
s 75
f 877/894/2168 878/1749/2169 863/887/2151 860/885/2150
s 83
f 866/879/2125 865/878/2124 873/888/2157 872/890/2156
s 85
f 874/1761/2155 873/888/2154 865/878/2127 864/1763/2126
s 84
f 875/892/2161 874/889/2160 864/880/2131 867/881/2130
s 76
f 872/890/2159 875/891/2158 867/883/2135 866/879/2134
s 78
f 877/894/2163 876/893/2162 869/850/2071 868/836/2070
s 75
f 868/836/2053 871/835/2052 878/1749/2169 877/894/2168
s 77
f 871/1752/2069 870/849/2068 879/1748/2167 878/896/2166
s 86
f 870/1753/2120 869/850/2119 876/893/2165 879/895/2164
s 82
f 900/858/2170 901/897/2171 880/898/2172 842/855/2173
s 80
f 844/899/2174 845/1766/2175 882/901/2176 881/902/2177
s 81
f 883/903/2178 906/1740/2179 907/1742/2180 843/1747/2181
s 79
f 880/898/2182 883/1745/2183 843/856/2184 842/855/2185
s 80
f 881/902/2177 882/901/2176 885/905/2186 884/906/2187
s 82
f 902/868/2094 886/854/2097 880/898/2172 901/897/2171
s 80
f 884/906/2187 885/905/2186 888/860/2083 887/859/2082
s 81
f 883/903/2178 889/853/2093 905/1741/2092 906/1740/2179
s 79
f 880/898/2182 886/854/2077 889/1746/2076 883/1745/2183
s 96
f 881/902/2188 891/907/2189 890/908/2190 844/899/2191
f 884/906/2192 892/909/2193 891/907/2189 881/902/2188
f 887/859/2194 893/910/2195 892/909/2193 884/906/2192
f 846/862/2196 894/2005/2197 893/910/2195 887/859/2194
s off
f 846/1768/2198 847/914/2199 895/912/2200 894/911/2201
s 97
f 896/1760/2202 895/912/2203 847/914/2204 888/915/2205
f 897/1759/2206 896/1760/2202 888/915/2205 885/917/2207
f 898/1758/2208 897/1759/2206 885/917/2207 882/919/2209
f 899/920/2210 898/1758/2208 882/919/2209 845/900/2211
s off
f 890/908/2212 899/920/2213 845/900/2214 844/899/2215
f 890/908/2216 891/907/2217 898/918/2218 899/1764/2219
f 891/907/2220 892/909/2221 897/916/2222 898/918/2223
f 892/909/2224 893/910/2225 896/913/2226 897/916/2227
f 893/910/2228 894/2005/2229 895/2006/2230 896/913/2231
f 903/863/2232 902/868/2233 905/867/2234 904/864/2235
f 906/904/2236 905/867/2237 902/868/2238 901/897/2239
f 901/897/2240 900/858/2241 907/857/2242 906/904/2243
f 908/921/2244 909/922/2245 911/1602/2246 910/924/2247
f 910/924/2248 911/923/2249 913/925/2250 912/926/2251
f 912/926/2252 913/1601/2253 915/927/2254 914/932/2255
f 914/928/2256 915/931/2257 909/929/2258 908/930/2259
f 909/929/2260 915/931/2261 913/925/2262 911/923/2263
f 914/932/2264 908/921/2265 910/924/2266 912/926/2267
f 916/1595/2268 917/934/2269 919/935/2270 918/1598/2271
f 918/936/2272 919/935/2273 921/937/2274 920/1597/2275
f 920/1599/2276 921/937/2277 923/938/2278 922/1600/2279
f 922/939/2280 923/938/2281 917/934/2282 916/1596/2283
f 917/934/2284 923/938/2285 921/937/2286 919/935/2287
f 922/1594/2288 916/933/2289 918/936/2290 920/1597/2291
s 98
f 924/954/2292 925/941/2293 955/942/2294 952/943/2295
s off
f 926/944/2296 927/1610/2297 935/946/2298 932/947/2299
s 99
f 928/948/2300 929/1630/2301 943/950/2302 940/951/2303
s off
f 933/1620/2304 934/953/2305 925/941/2306 924/954/2307
s 100
f 925/941/2308 934/953/2309 954/955/2310 955/1617/2311
s 101
f 952/1618/2312 953/956/2313 933/952/2314 924/940/2315
s 102
f 940/957/2316 941/958/2317 937/959/2318 928/960/2319
s off
f 930/961/2320 931/962/2321 939/963/2322 936/964/2323
s 103
f 938/1629/2324 942/966/2325 943/967/2326 929/949/2327
s off
f 937/959/2328 938/1629/2329 929/949/2330 928/960/2331
s 104
f 933/1620/2332 953/1616/2333 954/1619/2334 934/953/2335
s 105
f 937/1627/2336 941/1624/2337 942/1626/2338 938/965/2339
s 102
f 930/968/2340 936/1628/2341 944/1625/2342 945/970/2343
s 105
f 947/1623/2344 944/969/2345 936/964/2346 939/963/2347
s 103
f 946/972/2348 947/971/2349 939/963/2350 931/962/2351
s 99
f 945/973/2352 946/974/2353 931/962/2354 930/961/2355
s 102
f 948/975/2356 949/1622/2357 941/958/2317 940/957/2316
s 99
f 940/951/2303 943/950/2302 951/977/2358 948/978/2359
s 103
f 943/967/2326 942/966/2325 950/979/2360 951/980/2361
s 105
f 942/1626/2338 941/1624/2337 949/976/2362 950/1621/2363
s 102
f 945/970/2343 944/1625/2342 949/1622/2357 948/975/2356
s 105
f 950/1621/2363 949/976/2362 944/969/2345 947/1623/2344
s 103
f 951/980/2361 950/979/2360 947/971/2349 946/972/2348
s 99
f 948/978/2359 951/977/2358 946/974/2353 945/973/2352
s 101
f 932/947/2364 960/1607/2365 961/1609/2366 926/944/2367
s 104
f 963/983/2368 960/981/2369 932/1632/2370 935/1631/2371
s 100
f 962/984/2372 963/1606/2373 935/946/2374 927/1610/2375
s 98
f 961/982/2376 962/1608/2377 927/945/2378 926/1611/2379
s 101
f 957/1615/2380 956/986/2381 953/956/2313 952/1618/2312
s 98
f 952/943/2295 955/942/2294 958/1614/2382 957/985/2383
s 100
f 955/1617/2311 954/955/2310 959/1613/2384 958/987/2385
s 104
f 954/1619/2334 953/1616/2333 956/1612/2386 959/988/2387
s 101
f 961/1609/2366 960/1607/2365 956/986/2381 957/1615/2380
s 98
f 957/985/2383 958/1614/2382 962/1608/2377 961/982/2376
s 100
f 958/987/2385 959/1613/2384 963/1606/2373 962/984/2372
s 104
f 959/988/2387 956/1612/2386 960/981/2369 963/983/2368
s off
f 985/2120/2388 983/1975/2389 972/991/2390 973/2121/2391
s 114
f 975/993/2392 978/2079/2393 977/2075/2394 973/992/2395
s 115
f 978/994/2396 979/2078/2397 976/2077/2398 977/995/2399
s off
f 966/998/2400 964/999/2401 982/1000/2402 984/1001/2403
s 116
f 968/1979/2404 969/1003/2405 975/2123/2406 974/1978/2407
f 972/991/2408 974/1978/2407 975/2123/2406 973/2121/2409
s 117
f 979/996/2410 974/1004/2411 972/1977/2412 976/997/2413
s 114
f 975/993/2392 969/2124/2414 971/1005/2415 981/1006/2416
s 117
f 980/1007/2417 970/1008/2418 968/1002/2419 974/1004/2411
f 976/997/2413 972/1977/2412 983/990/2420 986/2076/2421
s 115
f 977/995/2399 976/2077/2398 986/1009/2422 987/2074/2423
s 114
f 973/992/2395 977/2075/2394 987/1010/2424 985/989/2425
s 115
f 965/1011/2426 979/2078/2397 978/994/2396 967/1012/2427
s 117
f 965/1011/2428 980/1007/2417 974/1004/2411 979/996/2410
s 114
f 975/993/2392 981/1006/2416 967/1012/2429 978/2079/2393
s off
f 982/1000/2430 983/1975/2431 985/2120/2432 984/1001/2433
s 117
f 986/2076/2421 983/990/2420 982/1976/2434 964/2081/2435
s 115
f 987/2074/2423 986/1009/2422 964/2082/2436 966/2080/2437
s 114
f 985/989/2425 987/1010/2424 966/2122/2438 984/2119/2439
s off
f 981/1006/2440 971/1005/2441 970/1008/2442 980/1007/2443
f 980/1007/2444 965/1011/2445 967/1012/2446 981/1006/2447
f 1009/2114/2448 1007/1980/2449 996/1015/2450 997/2115/2451
s 118
f 999/1017/2452 1002/2070/2453 1001/2066/2454 997/1016/2455
s 119
f 1002/1018/2456 1003/2069/2457 1000/2068/2458 1001/1019/2459
s off
f 990/1022/2460 988/1023/2461 1006/1024/2462 1008/1025/2463
s 120
f 992/1984/2464 993/1027/2465 999/2117/2466 998/1983/2467
f 996/1015/2468 998/1983/2467 999/2117/2466 997/2115/2469
s 121
f 1003/1020/2470 998/1028/2471 996/1982/2472 1000/1021/2473
s 118
f 999/1017/2452 993/2118/2474 995/1029/2475 1005/1030/2476
s 121
f 1004/1031/2477 994/1032/2478 992/1026/2479 998/1028/2471
f 1000/1021/2473 996/1982/2472 1007/1014/2480 1010/2067/2481
s 119
f 1001/1019/2459 1000/2068/2458 1010/1033/2482 1011/2065/2483
s 118
f 997/1016/2455 1001/2066/2454 1011/1034/2484 1009/1013/2485
s 119
f 989/1035/2486 1003/2069/2457 1002/1018/2456 991/1036/2487
s 121
f 989/1035/2488 1004/1031/2477 998/1028/2471 1003/1020/2470
s 118
f 999/1017/2452 1005/1030/2476 991/1036/2489 1002/2070/2453
s off
f 1006/1024/2490 1007/1980/2491 1009/2114/2492 1008/1025/2493
s 121
f 1010/2067/2481 1007/1014/2480 1006/1981/2494 988/2071/2495
s 119
f 1011/2065/2483 1010/1033/2482 988/2073/2496 990/2072/2497
s 118
f 1009/1013/2485 1011/1034/2484 990/2116/2498 1008/2113/2499
s off
f 1005/1030/2500 995/1029/2501 994/1032/2502 1004/1031/2503
f 1004/1031/2504 989/1035/2505 991/1036/2506 1005/1030/2507
f 1033/2108/2508 1031/1970/2509 1020/1039/2510 1021/2109/2511
s 122
f 1023/1041/2512 1026/2088/2513 1025/2084/2514 1021/1040/2515
s 123
f 1026/1042/2516 1027/2087/2517 1024/2086/2518 1025/1043/2519
s off
f 1014/1046/2520 1012/1047/2521 1030/1048/2522 1032/1049/2523
s 124
f 1016/1974/2524 1017/1051/2525 1023/2111/2526 1022/1973/2527
f 1020/1039/2528 1022/1973/2527 1023/2111/2526 1021/2109/2529
s 125
f 1027/1044/2530 1022/1052/2531 1020/1972/2532 1024/1045/2533
s 122
f 1023/1041/2512 1017/2112/2534 1019/1053/2535 1029/1054/2536
s 125
f 1028/1055/2537 1018/1056/2538 1016/1050/2539 1022/1052/2531
f 1024/1045/2533 1020/1972/2532 1031/1038/2540 1034/2085/2541
s 123
f 1025/1043/2519 1024/2086/2518 1034/1057/2542 1035/2083/2543
s 122
f 1021/1040/2515 1025/2084/2514 1035/1058/2544 1033/1037/2545
s 123
f 1013/1059/2546 1027/2087/2517 1026/1042/2516 1015/1060/2547
s 125
f 1013/1059/2548 1028/1055/2537 1022/1052/2531 1027/1044/2530
s 122
f 1023/1041/2512 1029/1054/2536 1015/1060/2549 1026/2088/2513
s off
f 1030/1048/2550 1031/1970/2551 1033/2108/2552 1032/1049/2553
s 125
f 1034/2085/2541 1031/1038/2540 1030/1971/2554 1012/2090/2555
s 123
f 1035/2083/2543 1034/1057/2542 1012/2091/2556 1014/2089/2557
s 122
f 1033/1037/2545 1035/1058/2544 1014/2110/2558 1032/2107/2559
s off
f 1057/2102/2560 1055/1965/2561 1044/1063/2562 1045/2103/2563
s 126
f 1047/1065/2564 1050/2097/2565 1049/2093/2566 1045/1064/2567
s 127
f 1050/1066/2568 1051/2096/2569 1048/2095/2570 1049/1067/2571
s off
f 1038/1070/2572 1036/1071/2573 1054/1072/2574 1056/1073/2575
s 128
f 1040/1969/2576 1041/1075/2577 1047/2105/2578 1046/1968/2579
f 1044/1063/2580 1046/1968/2579 1047/2105/2578 1045/2103/2581
s 129
f 1051/1068/2582 1046/1076/2583 1044/1967/2584 1048/1069/2585
s 126
f 1047/1065/2564 1041/2106/2586 1043/1077/2587 1053/1078/2588
s 129
f 1052/1079/2589 1042/1080/2590 1040/1074/2591 1046/1076/2583
f 1048/1069/2585 1044/1967/2584 1055/1062/2592 1058/2094/2593
s 127
f 1049/1067/2571 1048/2095/2570 1058/1081/2594 1059/2092/2595
s 126
f 1045/1064/2567 1049/2093/2566 1059/1082/2596 1057/1061/2597
s 127
f 1037/1083/2598 1051/2096/2569 1050/1066/2568 1039/1084/2599
s 129
f 1037/1083/2600 1052/1079/2589 1046/1076/2583 1051/1068/2582
s 126
f 1047/1065/2564 1053/1078/2588 1039/1084/2601 1050/2097/2565
s off
f 1054/1072/2602 1055/1965/2603 1057/2102/2604 1056/1073/2605
s 129
f 1058/2094/2593 1055/1062/2592 1054/1966/2606 1036/2099/2607
s 127
f 1059/2092/2595 1058/1081/2594 1036/2100/2608 1038/2098/2609
s 126
f 1057/1061/2597 1059/1082/2596 1038/2104/2610 1056/2101/2611
s off
f 1061/1085/2612 1060/1086/2613 1096/1688/2614 1097/1704/2615
f 1062/1089/2616 1061/1085/2617 1097/1704/2618 1098/1703/2619
f 1063/1091/2620 1062/1089/2621 1098/1703/2622 1099/1702/2623
f 1064/1093/2624 1063/1091/2625 1099/1702/2626 1100/1701/2627
f 1065/1095/2628 1064/1093/2629 1100/1701/2630 1101/1700/2631
f 1066/1097/2632 1065/1095/2633 1101/1700/2634 1102/1699/2635
f 1067/1099/2636 1066/1097/2637 1102/1699/2638 1103/1698/2639
f 1068/1101/2640 1067/1099/2641 1103/1698/2642 1104/1697/2643
f 1069/1103/2644 1068/1101/2645 1104/1697/2646 1105/1696/2647
f 1070/1105/2648 1069/1103/2649 1105/1696/2650 1106/1695/2651
f 1071/1107/2652 1070/1105/2653 1106/1695/2654 1107/1694/2655
f 1072/1109/2656 1071/1107/2657 1107/1694/2658 1108/1693/2659
f 1073/2136/2660 1072/1109/2661 1108/1693/2662 1109/1692/2663
f 1074/1113/2664 1073/1111/2665 1109/2131/2666 1110/1691/2667
f 1075/1115/2668 1074/1113/2669 1110/1691/2670 1111/1690/2671
f 1076/1117/2672 1075/1115/2673 1111/1690/2674 1112/1689/2675
f 1077/1119/2676 1076/1117/2677 1112/1689/2678 1113/1687/2679
f 1060/1086/2680 1077/1119/2681 1113/1687/2682 1096/1688/2683
f 1078/1121/2684 1079/1122/2685 1115/1686/2686 1114/1670/2687
f 1079/1122/2688 1080/1125/2689 1116/2134/2690 1115/1686/2691
f 1080/2135/2692 1081/1127/2693 1117/1684/2694 1116/1685/2695
f 1081/1127/2696 1082/1129/2697 1118/1683/2698 1117/1684/2699
f 1082/1129/2700 1083/1131/2701 1119/1682/2702 1118/1683/2703
f 1083/1131/2704 1084/1133/2705 1120/1681/2706 1119/1682/2707
f 1084/1133/2708 1085/1135/2709 1121/1680/2710 1120/1681/2711
f 1085/1135/2712 1086/1137/2713 1122/1679/2714 1121/1680/2715
f 1086/1137/2716 1087/1139/2717 1123/1678/2718 1122/1679/2719
f 1087/1139/2720 1088/1141/2721 1124/1677/2722 1123/1678/2723
f 1088/1141/2724 1089/1143/2725 1125/1676/2726 1124/1677/2727
f 1089/1143/2728 1090/1145/2729 1126/1675/2730 1125/1676/2731
f 1090/1145/2732 1091/1147/2733 1127/1674/2734 1126/1675/2735
f 1091/1147/2736 1092/1149/2737 1128/1673/2738 1127/1674/2739
f 1092/1149/2740 1093/1151/2741 1129/1672/2742 1128/1673/2743
f 1093/1151/2744 1094/1153/2745 1130/1671/2746 1129/1672/2747
f 1094/1153/2748 1095/1155/2749 1131/1669/2750 1130/1671/2751
f 1095/1155/2752 1078/1121/2753 1114/1670/2754 1131/1669/2755
f 1105/1104/2756 1104/1102/2757 1122/1138/2758 1123/1140/2759
f 1104/1102/2760 1103/1100/2761 1121/1136/2762 1122/1138/2763
f 1103/1100/2764 1102/1098/2765 1120/1134/2766 1121/1136/2767
f 1102/1098/2768 1101/1096/2769 1119/1132/2770 1120/1134/2771
f 1101/1096/2772 1100/1094/2773 1118/1130/2774 1119/1132/2775
f 1100/1094/2776 1099/1092/2777 1117/1128/2778 1118/1130/2779
f 1099/1092/2780 1098/1090/2781 1116/1126/2782 1117/1128/2783
f 1098/1090/2784 1097/1088/2785 1115/1123/2786 1116/1126/2787
f 1097/1088/2788 1096/1087/2789 1114/1124/2790 1115/1123/2791
f 1096/1087/2792 1113/2132/2793 1131/1156/2794 1114/1124/2795
f 1113/1120/2796 1112/1118/2797 1130/1154/2798 1131/2133/2799
f 1112/1118/2800 1111/1116/2801 1129/1152/2802 1130/1154/2803
f 1111/1116/2804 1110/1114/2805 1128/1150/2806 1129/1152/2807
f 1110/1114/2808 1109/1112/2809 1127/1148/2810 1128/1150/2811
f 1109/1112/2812 1108/1110/2813 1126/1146/2814 1127/1148/2815
f 1108/1110/2816 1107/1108/2817 1125/1144/2818 1126/1146/2819
f 1107/1108/2820 1106/1106/2821 1124/1142/2822 1125/1144/2823
f 1106/1106/2824 1105/1104/2825 1123/1140/2826 1124/1142/2827
f 1132/1157/2828 1133/2036/2829 1134/1159/2830 1135/2037/2831
f 1169/1161/2832 1168/2034/2833 1170/1163/2834 1171/1164/2835
f 1133/2036/2836 1136/1165/2837 1137/1166/2838 1134/1159/2839
f 1172/1167/2840 1169/1161/2841 1171/1164/2842 1173/1168/2843
f 1136/1165/2844 1138/1169/2845 1139/1170/2846 1137/1166/2847
f 1174/1171/2848 1172/1167/2849 1173/1168/2850 1175/1172/2851
f 1138/1169/2852 1140/1173/2853 1141/1174/2854 1139/1170/2855
f 1176/1175/2856 1174/1171/2857 1175/1172/2858 1177/1176/2859
f 1140/1173/2860 1142/1177/2861 1143/1178/2862 1141/1174/2863
f 1178/1179/2864 1176/1175/2865 1177/1176/2866 1179/1180/2867
f 1142/1177/2868 1144/1181/2869 1145/1182/2870 1143/1178/2871
f 1180/1183/2872 1178/1179/2873 1179/1180/2874 1181/1184/2875
f 1144/1181/2876 1146/1185/2877 1147/1186/2878 1145/1182/2879
f 1182/1187/2880 1180/1183/2881 1181/1184/2882 1183/1188/2883
f 1146/1185/2884 1148/1189/2885 1149/1190/2886 1147/1186/2887
f 1184/2152/2888 1182/1187/2889 1183/1188/2890 1185/1192/2891
f 1148/1189/2892 1150/1193/2893 1151/1194/2894 1149/1190/2895
f 1186/1195/2896 1184/1191/2897 1185/2151/2898 1187/1196/2899
f 1150/1193/2900 1152/1197/2901 1153/1198/2902 1151/1194/2903
f 1188/1199/2904 1186/1195/2905 1187/1196/2906 1189/1200/2907
f 1152/1197/2908 1154/1201/2909 1155/1202/2910 1153/1198/2911
f 1190/1203/2912 1188/1199/2913 1189/1200/2914 1191/1204/2915
f 1154/1201/2916 1156/1205/2917 1157/2153/2918 1155/1202/2919
f 1192/1207/2920 1190/1203/2921 1191/1204/2922 1193/1208/2923
f 1156/2154/2924 1158/1209/2925 1159/1210/2926 1157/1206/2927
f 1194/1211/2928 1192/1207/2929 1193/1208/2930 1195/1212/2931
f 1158/1209/2932 1160/1213/2933 1161/1214/2934 1159/1210/2935
f 1196/1215/2936 1194/1211/2937 1195/1212/2938 1197/1216/2939
f 1160/1213/2940 1162/1217/2941 1163/1218/2942 1161/1214/2943
f 1198/1219/2944 1196/1215/2945 1197/1216/2946 1199/1220/2947
f 1162/1217/2948 1164/1221/2949 1165/1222/2950 1163/1218/2951
f 1200/1223/2952 1198/1219/2953 1199/1220/2954 1201/1224/2955
f 1164/1221/2956 1166/1225/2957 1167/1226/2958 1165/1222/2959
f 1202/1227/2960 1200/1223/2961 1201/1224/2962 1203/2039/2963
f 1166/1225/2964 1132/1157/2965 1135/2037/2966 1167/1226/2967
f 1168/2034/2968 1202/1227/2969 1203/2039/2970 1170/1163/2971
s 130
f 1060/1229/2972 1061/1230/2973 1133/1158/2974 1132/2035/2975
f 1061/1230/2973 1062/1231/2976 1136/1232/2977 1133/1158/2974
f 1062/1231/2976 1063/1234/2978 1138/1235/2979 1136/1232/2977
f 1063/1234/2978 1064/1237/2980 1140/1238/2981 1138/1235/2979
f 1064/1237/2980 1065/1240/2982 1142/1241/2983 1140/1238/2981
f 1065/1240/2982 1066/1243/2984 1144/1244/2985 1142/1241/2983
f 1066/1243/2984 1067/1246/2986 1146/1247/2987 1144/1244/2985
f 1067/1246/2986 1068/1249/2988 1148/1250/2989 1146/1247/2987
f 1068/1249/2988 1069/1252/2990 1150/1253/2991 1148/1250/2989
f 1069/1252/2990 1070/1255/2992 1152/1256/2993 1150/1253/2991
f 1070/1255/2992 1071/1258/2994 1154/1259/2995 1152/1256/2993
f 1071/1258/2994 1072/1261/2996 1156/1262/2997 1154/1259/2995
f 1072/1261/2996 1073/1264/2998 1158/1265/2999 1156/1262/2997
f 1073/1264/2998 1074/1267/3000 1160/1268/3001 1158/1265/2999
f 1074/1267/3000 1075/1270/3002 1162/1271/3003 1160/1268/3001
f 1075/1270/3002 1076/1273/3004 1164/1274/3005 1162/1271/3003
f 1076/1273/3004 1077/1276/3006 1166/1277/3007 1164/1274/3005
f 1077/1276/3006 1060/2144/2972 1132/2143/2975 1166/1277/3007
s 131
f 1079/1279/3008 1078/1280/3009 1168/1162/3010 1169/1281/3011
s 132
f 1134/2038/3012 1171/1282/3013 1170/2040/3014 1135/1160/3015
s 131
f 1080/1283/3016 1079/1279/3008 1169/1281/3011 1172/1284/3017
s 132
f 1137/1233/3018 1173/1285/3019 1171/1282/3013 1134/2038/3012
s 131
f 1081/1286/3020 1080/1283/3016 1172/1284/3017 1174/1287/3021
s 132
f 1139/1236/3022 1175/1288/3023 1173/1285/3019 1137/1233/3018
s 131
f 1082/1289/3024 1081/1286/3020 1174/1287/3021 1176/1290/3025
s 132
f 1141/1239/3026 1177/1291/3027 1175/1288/3023 1139/1236/3022
s 131
f 1083/1292/3028 1082/1289/3024 1176/1290/3025 1178/1293/3029
s 132
f 1143/1242/3030 1179/1294/3031 1177/1291/3027 1141/1239/3026
s 131
f 1084/1295/3032 1083/1292/3028 1178/1293/3029 1180/1296/3033
s 132
f 1145/1245/3034 1181/1297/3035 1179/1294/3031 1143/1242/3030
s 131
f 1085/1298/3036 1084/1295/3032 1180/1296/3033 1182/1299/3037
s 132
f 1147/1248/3038 1183/2137/3039 1181/1297/3035 1145/1245/3034
s 131
f 1086/1301/3040 1085/1298/3036 1182/1299/3037 1184/1302/3041
s 132
f 1149/1251/3042 1185/1303/3043 1183/1300/3039 1147/2138/3038
s 131
f 1087/1304/3044 1086/1301/3040 1184/1302/3041 1186/1305/3045
s 132
f 1151/1254/3046 1187/1306/3047 1185/1303/3043 1149/1251/3042
s 131
f 1088/1307/3048 1087/1304/3044 1186/1305/3045 1188/1308/3049
s 132
f 1153/1257/3050 1189/1309/3051 1187/1306/3047 1151/1254/3046
s 131
f 1089/1310/3052 1088/1307/3048 1188/1308/3049 1190/1311/3053
s 132
f 1155/1260/3054 1191/1312/3055 1189/1309/3051 1153/1257/3050
s 131
f 1090/1313/3056 1089/1310/3052 1190/1311/3053 1192/1314/3057
s 132
f 1157/1263/3058 1193/1315/3059 1191/1312/3055 1155/1260/3054
s 131
f 1091/1316/3060 1090/1313/3056 1192/1314/3057 1194/1317/3061
s 132
f 1159/1266/3062 1195/1318/3063 1193/1315/3059 1157/1263/3058
s 131
f 1092/1319/3064 1091/1316/3060 1194/1317/3061 1196/1320/3065
s 132
f 1161/1269/3066 1197/1321/3067 1195/1318/3063 1159/1266/3062
s 131
f 1093/1322/3068 1092/1319/3064 1196/1320/3065 1198/1323/3069
s 132
f 1163/1272/3070 1199/1324/3071 1197/1321/3067 1161/1269/3066
s 131
f 1094/1325/3072 1093/1322/3068 1198/1323/3069 1200/1326/3073
s 132
f 1165/1275/3074 1201/1327/3075 1199/1324/3071 1163/1272/3070
s 131
f 1095/1328/3076 1094/2150/3072 1200/2149/3073 1202/2033/3077
s 132
f 1167/1278/3078 1203/1228/3079 1201/1327/3075 1165/1275/3074
s 131
f 1078/1280/3009 1095/1328/3076 1202/2033/3077 1168/1162/3010
s 132
f 1135/1160/3015 1170/2040/3014 1203/1228/3079 1167/1278/3078
s 133
f 1204/1329/3080 1205/1330/3081 1518/1331/3082 1509/1332/3083
s 134
f 1205/1330/3084 1206/1333/3085 1517/1334/3086 1518/1331/3087
s 135
f 1206/1333/3088 1207/1335/3089 1516/1336/3090 1517/1334/3091
s 136
f 1207/1335/3092 1208/1337/3093 1515/1338/3094 1516/1336/3095
s 137
f 1208/1337/3096 1209/1339/3097 1514/1340/3098 1515/1338/3099
s 138
f 1209/1339/3100 1210/1341/3101 1513/1342/3102 1514/1340/3103
s 139
f 1210/1341/3104 1211/1343/3105 1512/1344/3106 1513/1342/3107
s 140
f 1211/1343/3108 1212/1345/3109 1511/1346/3110 1512/1344/3111
s 141
f 1212/1345/3112 1213/1347/3113 1510/1348/3114 1511/1346/3115
s 142
f 1213/1347/3116 1204/1349/3117 1509/1350/3118 1510/1348/3119
s 143
f 1224/1351/3120 1225/1352/3121 1508/1353/3122 1499/1354/3123
s 144
f 1225/1352/3124 1226/1355/3125 1507/1356/3126 1508/1353/3127
s 145
f 1226/1355/3128 1227/1357/3129 1506/1358/3130 1507/1356/3131
s 146
f 1227/1357/3132 1228/1359/3133 1505/1360/3134 1506/1358/3135
s 147
f 1228/1359/3136 1229/1361/3137 1504/1362/3138 1505/1360/3139
s 148
f 1229/1361/3140 1230/1363/3141 1503/1364/3142 1504/1362/3143
s 149
f 1230/1363/3144 1231/1365/3145 1502/1366/3146 1503/1364/3147
s 150
f 1231/1365/3148 1232/1367/3149 1501/1368/3150 1502/1366/3151
s 151
f 1232/1367/3152 1233/1369/3153 1500/1370/3154 1501/1368/3155
s 152
f 1233/1369/3156 1224/1371/3157 1499/1372/3158 1500/1370/3159
s off
f 1244/1373/3160 1245/1374/3161 1456/1789/3162 1447/1790/3163
f 1245/1374/3164 1246/1377/3165 1455/1791/3166 1456/1789/3167
f 1246/1377/3168 1247/1379/3169 1454/1781/3170 1455/1791/3171
f 1247/1379/3172 1248/1381/3173 1453/1782/3174 1454/1781/3175
f 1248/1381/3176 1249/1383/3177 1452/1783/3178 1453/1782/3179
f 1249/1383/3180 1250/1385/3181 1451/1784/3182 1452/1783/3183
f 1250/1385/3184 1251/1387/3185 1450/1785/3186 1451/1784/3187
f 1251/1387/3188 1252/1389/3189 1449/1786/3190 1450/1785/3191
f 1252/1389/3192 1253/1391/3193 1448/1787/3194 1449/1786/3195
f 1253/1391/3196 1244/1393/3197 1447/1788/3198 1448/1787/3199
f 1264/1394/3200 1265/1395/3201 1446/1792/3202 1437/1793/3203
f 1265/1395/3204 1266/1396/3205 1445/1795/3206 1446/1792/3207
f 1266/1396/3208 1267/1397/3209 1444/1796/3210 1445/1795/3211
f 1267/1397/3212 1268/1398/3213 1443/1797/3214 1444/1796/3215
f 1268/1398/3216 1269/1399/3217 1442/1798/3218 1443/1797/3219
f 1269/1399/3220 1270/1400/3221 1441/1799/3222 1442/1798/3223
f 1270/1400/3224 1271/1401/3225 1440/1800/3226 1441/1799/3227
f 1271/1401/3228 1272/1402/3229 1439/1801/3230 1440/1800/3231
f 1272/1402/3232 1273/1403/3233 1438/1802/3234 1439/1801/3235
f 1273/1403/3236 1264/1404/3237 1437/1794/3238 1438/1802/3239
s 153
f 1284/1405/3240 1285/1406/3241 1538/1407/3242 1529/1408/3243
s 154
f 1285/1406/3244 1286/1409/3245 1537/1410/3246 1538/1407/3247
s 155
f 1286/1409/3248 1287/1411/3249 1536/1412/3250 1537/1410/3251
s 156
f 1287/1411/3252 1288/1413/3253 1535/1414/3254 1536/1412/3255
s 157
f 1288/1413/3256 1289/1415/3257 1534/1416/3258 1535/1414/3259
s 158
f 1289/1415/3260 1290/1417/3261 1533/1418/3262 1534/1416/3263
s 159
f 1290/1417/3264 1291/1419/3265 1532/1420/3266 1533/1418/3267
s 160
f 1291/1419/3268 1292/1421/3269 1531/1422/3270 1532/1420/3271
s 161
f 1292/1421/3272 1293/1423/3273 1530/1424/3274 1531/1422/3275
s 162
f 1293/1423/3276 1284/1425/3277 1529/1426/3278 1530/1424/3279
s 163
f 1340/2054/3280 1341/2064/3281 1342/1427/3282
f 1341/2064/3281 1343/2063/3283 1342/1427/3282
f 1343/2063/3283 1344/2062/3284 1342/1427/3282
f 1344/2062/3284 1345/2061/3285 1342/1427/3282
f 1345/2061/3285 1346/2060/3286 1342/1427/3282
f 1346/2060/3286 1347/2059/3287 1342/1427/3282
f 1347/2059/3287 1348/2058/3288 1342/1427/3282
f 1348/2058/3288 1349/2057/3289 1342/1427/3282
f 1349/2057/3289 1350/2056/3290 1342/1427/3282
f 1350/2056/3290 1351/2055/3291 1342/1427/3282
f 1351/2055/3291 1352/2053/3292 1342/1427/3282
f 1352/2053/3292 1340/2054/3280 1342/1427/3282
s off
f 1304/2177/3293 1305/2181/3294 1317/2182/3295 1316/2178/3296
f 1305/2181/3297 1306/2183/3298 1318/2184/3299 1317/2182/3300
f 1306/2183/3301 1307/2169/3302 1319/2170/3303 1318/2184/3304
f 1307/2169/3305 1308/2163/3306 1320/2166/3307 1319/2170/3308
f 1308/2163/3309 1309/2164/3310 1321/2165/3311 1320/2166/3312
f 1309/2164/3313 1310/2167/3314 1322/2168/3315 1321/2165/3316
f 1310/2167/3317 1311/2171/3318 1323/2172/3319 1322/2168/3320
f 1311/2171/3321 1312/2185/3322 1324/2186/3323 1323/2172/3324
f 1312/2185/3325 1313/2187/3326 1325/2188/3327 1324/2186/3328
f 1313/2179/3329 1314/2173/3330 1326/2176/3331 1325/2180/3332
f 1314/2173/3333 1315/2174/3334 1327/2175/3335 1326/2176/3336
f 1315/2174/3337 1304/2177/3338 1316/2178/3339 1327/2175/3340
f 1316/2425/3341 1317/2426/3342 1329/2427/3343 1328/2428/3344
f 1317/2426/3345 1318/2429/3346 1330/2430/3347 1329/2427/3348
f 1318/2429/3349 1319/2433/3350 1331/2434/3351 1330/2430/3352
f 1319/2433/3353 1320/2437/3354 1332/2438/3355 1331/2434/3356
f 1320/2437/3357 1321/2441/3358 1333/2442/3359 1332/2438/3360
f 1321/2441/3361 1322/2445/3362 1334/2446/3363 1333/2442/3364
f 1322/2445/3365 1323/2447/3366 1335/2448/3367 1334/2446/3368
f 1323/2447/3369 1324/2443/3370 1336/2444/3371 1335/2448/3372
f 1324/2443/3373 1325/2439/3374 1337/2440/3375 1336/2444/3376
f 1325/2439/3377 1326/2435/3378 1338/2436/3379 1337/2440/3380
f 1326/2435/3381 1327/2534/3382 1339/2533/3383 1338/2436/3384
f 1327/2431/3385 1316/2425/3386 1328/2428/3387 1339/2432/3388
f 1328/2299/3389 1329/2303/3390 1364/2304/3391 1353/2300/3392
f 1329/2303/3393 1330/2515/3394 1363/2516/3395 1364/2304/3396
f 1330/2515/3397 1331/2291/3398 1362/2292/3399 1363/2516/3400
f 1331/2291/3401 1332/2285/3402 1361/2288/3403 1362/2292/3404
f 1332/2285/3405 1333/2286/3406 1360/2287/3407 1361/2288/3408
f 1333/2286/3409 1334/2289/3410 1359/2290/3411 1360/2287/3412
f 1334/2289/3413 1335/2548/3414 1358/2547/3415 1359/2290/3416
f 1335/2293/3417 1336/2517/3418 1357/2518/3419 1358/2294/3420
f 1336/2517/3421 1337/2301/3422 1356/2302/3423 1357/2518/3424
f 1337/2301/3425 1338/2295/3426 1355/2298/3427 1356/2302/3428
f 1338/2295/3429 1339/2296/3430 1354/2297/3431 1355/2298/3432
f 1339/2296/3433 1328/2299/3434 1353/2300/3435 1354/2297/3436
f 1378/2305/3437 1377/2306/3438 1379/2307/3439 1380/2308/3440
f 1381/2311/3441 1378/2305/3442 1380/2308/3443 1382/2312/3444
f 1383/2313/3445 1381/2311/3446 1382/2312/3447 1384/2314/3448
f 1385/2519/3449 1383/2313/3450 1384/2314/3451 1386/2520/3452
f 1387/2319/3453 1385/2519/3454 1386/2520/3455 1388/2320/3456
f 1389/2316/3457 1387/2319/3458 1388/2320/3459 1390/2317/3460
f 1391/2315/3461 1389/2316/3462 1390/2317/3463 1392/2318/3464
f 1393/2321/3465 1391/2315/3466 1392/2318/3467 1394/2322/3468
f 1395/2544/3469 1393/2321/3470 1394/2322/3471 1396/2324/3472
f 1397/2521/3473 1395/2323/3474 1396/2543/3475 1398/2522/3476
f 1399/2309/3477 1397/2521/3478 1398/2522/3479 1400/2310/3480
f 1377/2306/3481 1399/2309/3482 1400/2310/3483 1379/2307/3484
f 1366/2325/3485 1365/2326/3486 1340/2327/3487 1352/2328/3488
f 1367/2331/3489 1366/2325/3490 1352/2328/3491 1351/2332/3492
f 1368/2333/3493 1367/2331/3494 1351/2332/3495 1350/2334/3496
f 1369/2523/3497 1368/2333/3498 1350/2334/3499 1349/2524/3500
f 1370/2339/3501 1369/2523/3502 1349/2524/3503 1348/2340/3504
f 1371/2336/3505 1370/2339/3506 1348/2340/3507 1347/2337/3508
f 1372/2335/3509 1371/2336/3510 1347/2337/3511 1346/2338/3512
f 1373/2545/3513 1372/2335/3514 1346/2338/3515 1345/2546/3516
f 1374/2343/3517 1373/2341/3518 1345/2342/3519 1344/2344/3520
f 1375/2525/3521 1374/2343/3522 1344/2344/3523 1343/2526/3524
f 1376/2329/3525 1375/2525/3526 1343/2526/3527 1341/2330/3528
f 1365/2326/3529 1376/2329/3530 1341/2330/3531 1340/2327/3532
f 1354/2449/3533 1353/2450/3534 1377/2451/3535 1378/2452/3536
f 1365/2473/3537 1366/2474/3538 1380/2475/3539 1379/2476/3540
f 1355/2455/3541 1354/2449/3542 1378/2452/3543 1381/2456/3544
f 1366/2474/3545 1367/2477/3546 1382/2478/3547 1380/2475/3548
f 1356/2459/3549 1355/2455/3550 1381/2456/3551 1383/2460/3552
f 1367/2477/3553 1368/2481/3554 1384/2482/3555 1382/2478/3556
f 1357/2463/3557 1356/2459/3558 1383/2460/3559 1385/2464/3560
f 1368/2481/3561 1369/2532/3562 1386/2531/3563 1384/2482/3564
f 1358/2467/3565 1357/2463/3566 1385/2464/3567 1387/2468/3568
f 1369/2485/3569 1370/2489/3570 1388/2490/3571 1386/2486/3572
f 1359/2471/3573 1358/2467/3574 1387/2468/3575 1389/2472/3576
f 1370/2489/3577 1371/2493/3578 1390/2494/3579 1388/2490/3580
f 1360/2469/3581 1359/2471/3582 1389/2472/3583 1391/2470/3584
f 1371/2493/3585 1372/2495/3586 1392/2496/3587 1390/2494/3588
f 1361/2465/3589 1360/2469/3590 1391/2470/3591 1393/2466/3592
f 1372/2495/3593 1373/2491/3594 1394/2492/3595 1392/2496/3596
f 1362/2461/3597 1361/2465/3598 1393/2466/3599 1395/2462/3600
f 1373/2491/3601 1374/2487/3602 1396/2488/3603 1394/2492/3604
f 1363/2457/3605 1362/2461/3606 1395/2462/3607 1397/2458/3608
f 1374/2487/3609 1375/2483/3610 1398/2484/3611 1396/2488/3612
f 1364/2453/3613 1363/2528/3614 1397/2527/3615 1399/2454/3616
f 1375/2483/3617 1376/2479/3618 1400/2480/3619 1398/2484/3620
f 1353/2450/3621 1364/2453/3622 1399/2454/3623 1377/2451/3624
f 1376/2479/3625 1365/2473/3626 1379/2476/3627 1400/2480/3628
f 1401/1428/3629 1402/1429/3630 1414/1430/3631 1413/1431/3632
f 1402/1429/3633 1403/1432/3634 1415/1433/3635 1414/1430/3636
f 1403/1432/3637 1404/1434/3638 1416/1435/3639 1415/1433/3640
f 1404/1434/3641 1405/1436/3642 1417/1437/3643 1416/1435/3644
f 1405/1436/3645 1406/1438/3646 1418/1439/3647 1417/1437/3648
f 1406/1438/3649 1407/1440/3650 1419/1441/3651 1418/1439/3652
f 1407/1440/3653 1408/1442/3654 1420/1443/3655 1419/1441/3656
f 1408/1442/3657 1409/1444/3658 1421/1445/3659 1420/1443/3660
f 1409/1444/3661 1410/1446/3662 1422/1447/3663 1421/1445/3664
f 1410/1446/3665 1411/1448/3666 1423/1449/3667 1422/1447/3668
f 1411/1448/3669 1412/1450/3670 1424/1451/3671 1423/1449/3672
f 1412/1450/3673 1401/1452/3674 1413/1453/3675 1424/1451/3676
s 164
f 1402/1454/3677 1401/1455/3678 1425/1456/3679
f 1403/1457/3680 1402/1454/3677 1425/1456/3679
f 1404/1458/3681 1403/1457/3680 1425/1456/3679
f 1405/1459/3682 1404/1458/3681 1425/1456/3679
f 1406/1460/3683 1405/1459/3682 1425/1456/3679
f 1407/1461/3684 1406/1460/3683 1425/1456/3679
f 1408/1462/3685 1407/1461/3684 1425/1456/3679
f 1409/1463/3686 1408/1462/3685 1425/1456/3679
f 1410/1464/3687 1409/1463/3686 1425/1456/3679
f 1411/1465/3688 1410/1464/3687 1425/1456/3679
f 1412/1466/3689 1411/1465/3688 1425/1456/3679
f 1401/1455/3678 1412/1466/3689 1425/1456/3679
s 165
f 1413/1467/3690 1414/1468/3691 1426/1469/3692
f 1414/1468/3691 1415/1470/3693 1426/1469/3692
f 1415/1470/3693 1416/1471/3694 1426/1469/3692
f 1416/1471/3694 1417/1472/3695 1426/1469/3692
f 1417/1472/3695 1418/1473/3696 1426/1469/3692
f 1418/1473/3696 1419/1474/3697 1426/1469/3692
f 1419/1474/3697 1420/1475/3698 1426/1469/3692
f 1420/1475/3698 1421/1476/3699 1426/1469/3692
f 1421/1476/3699 1422/1477/3700 1426/1469/3692
f 1422/1477/3700 1423/1478/3701 1426/1469/3692
f 1423/1478/3701 1424/1479/3702 1426/1469/3692
f 1424/1479/3702 1413/1467/3690 1426/1469/3692
s off
f 1428/1813/3703 1427/1804/3704 1274/1482/3705 1283/1483/3706
f 1429/1812/3707 1428/1813/3708 1283/1483/3709 1282/1485/3710
f 1430/1811/3711 1429/1812/3712 1282/1485/3713 1281/1487/3714
f 1431/1810/3715 1430/1811/3716 1281/1487/3717 1280/1489/3718
f 1432/1809/3719 1431/1810/3720 1280/1489/3721 1279/1491/3722
f 1433/1808/3723 1432/1809/3724 1279/1491/3725 1278/1493/3726
f 1434/1807/3727 1433/1808/3728 1278/1493/3729 1277/1495/3730
f 1435/1806/3731 1434/1807/3732 1277/1495/3733 1276/1497/3734
f 1436/1803/3735 1435/1806/3736 1276/1497/3737 1275/1499/3738
f 1427/1805/3739 1436/1803/3740 1275/1499/3741 1274/1500/3742
f 1458/1780/3743 1457/1771/3744 1254/1501/3745 1263/1502/3746
f 1459/1779/3747 1458/1780/3748 1263/1502/3749 1262/1503/3750
f 1460/1778/3751 1459/1779/3752 1262/1503/3753 1261/1504/3754
f 1461/1777/3755 1460/1778/3756 1261/1504/3757 1260/1505/3758
f 1462/1776/3759 1461/1777/3760 1260/1505/3761 1259/1506/3762
f 1463/1775/3763 1462/1776/3764 1259/1506/3765 1258/1507/3766
f 1464/1774/3767 1463/1775/3768 1258/1507/3769 1257/1508/3770
f 1465/1773/3771 1464/1774/3772 1257/1508/3773 1256/1509/3774
f 1466/1770/3775 1465/1773/3776 1256/1509/3777 1255/1510/3778
f 1457/1772/3779 1466/1770/3780 1255/1510/3781 1254/1511/3782
s 166
f 1449/1390/3783 1448/1392/3784 1481/1512/3785 1482/1513/3786
s 167
f 1448/1392/3787 1447/1376/3788 1481/1512/3789
s 168
f 1456/1375/3790 1475/1514/3791 1447/1376/3792
s 169
f 1450/1388/3793 1449/1390/3794 1482/1513/3795
s 170
f 1451/1386/3796 1450/1388/3797 1478/1515/3798
s 171
f 1467/1848/3799 1468/1852/3800 1443/1853/3801 1442/1850/3802
s 172
f 1444/1854/3803 1443/1853/3804 1468/1852/3805
s 173
f 1441/1845/3806 1467/1848/3807 1442/1850/3808
s 174
f 1440/1843/3809 1471/1844/3810 1441/1845/3811
s 175
f 1445/1859/3812 1444/1854/3813 1474/1856/3814
s 173
f 1471/1844/3815 1472/1847/3816 1467/1848/3807 1441/1845/3806
s 171
f 1472/1847/3817 1473/1855/3818 1468/1852/3800 1467/1848/3799
s 172
f 1444/1854/3803 1468/1852/3805 1473/1855/3819 1474/1856/3820
s 173
f 1439/1846/3821 1438/1851/3822 1469/1849/3823
s 171
f 1438/1851/3824 1437/1860/3825 1470/1857/3826 1469/1849/3827
s 172
f 1446/1858/3828 1470/1857/3829 1437/1860/3830
s 174
f 1440/1843/3809 1439/1846/3831 1471/1844/3810
s 173
f 1439/1846/3821 1469/1849/3823 1472/1847/3816 1471/1844/3815
s 171
f 1469/1849/3827 1470/1857/3826 1473/1855/3818 1472/1847/3817
s 172
f 1474/1856/3820 1473/1855/3819 1470/1857/3829 1446/1858/3828
s 175
f 1445/1859/3812 1474/1856/3814 1446/1858/3832
s 168
f 1456/1375/3790 1455/1378/3833 1475/1514/3791
s 167
f 1476/1516/3834 1475/1514/3835 1455/1378/3836 1479/1517/3837
s 166
f 1477/1518/3838 1476/1516/3839 1479/1517/3840 1480/1519/3841
s 169
f 1478/1515/3842 1477/1518/3843 1480/1519/3844 1452/1384/3845
s 170
f 1451/1386/3796 1478/1515/3798 1452/1384/3846
s 167
f 1479/1517/3837 1455/1378/3836 1454/1380/3847
s 166
f 1480/1519/3841 1479/1517/3840 1454/1380/3848 1453/1382/3849
s 169
f 1452/1384/3845 1480/1519/3844 1453/1382/3850
s 167
f 1481/1512/3789 1447/1376/3788 1475/1514/3835 1476/1516/3834
s 166
f 1482/1513/3786 1481/1512/3785 1476/1516/3839 1477/1518/3838
s 169
f 1450/1388/3793 1482/1513/3795 1477/1518/3843 1478/1515/3842
s 176
f 1493/1520/3851 1494/1521/3852 1432/1490/3853 1433/1492/3854
s 177
f 1433/1492/3855 1434/1494/3856 1493/1520/3857
s 178
f 1435/1496/3858 1495/1522/3859 1434/1494/3860
s 179
f 1494/1521/3861 1431/1488/3862 1432/1490/3863
s 180
f 1430/1486/3864 1431/1488/3865 1498/1523/3866
s 181
f 1489/1829/3867 1490/1834/3868 1462/1837/3869 1463/1832/3870
s 182
f 1490/1834/3871 1461/1839/3872 1462/1837/3873
s 183
f 1463/1832/3874 1464/1827/3875 1489/1829/3876
s 184
f 1465/1825/3877 1483/1826/3878 1464/1827/3879
s 185
f 1460/1842/3880 1461/1839/3881 1486/1838/3882
s 184
f 1465/1825/3877 1466/1828/3883 1483/1826/3878
s 183
f 1484/1830/3884 1483/1826/3885 1466/1828/3886 1487/1831/3887
s 181
f 1487/1831/3888 1488/1836/3889 1485/1833/3890 1484/1830/3891
s 182
f 1488/1836/3892 1459/1841/3893 1486/1838/3894 1485/1833/3895
s 185
f 1460/1842/3880 1486/1838/3882 1459/1841/3896
s 183
f 1487/1831/3887 1466/1828/3886 1457/1835/3897
s 181
f 1457/1835/3898 1458/1840/3899 1488/1836/3889 1487/1831/3888
s 182
f 1458/1840/3900 1459/1841/3893 1488/1836/3892
s 183
f 1489/1829/3876 1464/1827/3875 1483/1826/3885 1484/1830/3884
s 181
f 1484/1830/3891 1485/1833/3890 1490/1834/3868 1489/1829/3867
s 182
f 1485/1833/3895 1486/1838/3894 1461/1839/3872 1490/1834/3871
s 177
f 1491/1524/3901 1436/1498/3902 1427/1481/3903
s 176
f 1427/1481/3904 1428/1480/3905 1492/1525/3906 1491/1524/3907
s 179
f 1428/1480/3908 1429/1484/3909 1492/1525/3910
s 177
f 1493/1520/3857 1434/1494/3856 1495/1522/3911 1496/1526/3912
s 176
f 1496/1526/3913 1497/1527/3914 1494/1521/3852 1493/1520/3851
s 179
f 1497/1527/3915 1498/1523/3916 1431/1488/3862 1494/1521/3861
s 178
f 1435/1496/3858 1436/1498/3917 1495/1522/3859
s 177
f 1496/1526/3912 1495/1522/3911 1436/1498/3902 1491/1524/3901
s 176
f 1491/1524/3907 1492/1525/3906 1497/1527/3914 1496/1526/3913
s 179
f 1492/1525/3910 1429/1484/3909 1498/1523/3916 1497/1527/3915
s 180
f 1430/1486/3864 1498/1523/3866 1429/1484/3918
s 152
f 1500/1370/3159 1499/1372/3158 1549/1528/3919 1550/1529/3920
s 151
f 1501/1368/3155 1500/1370/3154 1550/1529/3921 1551/1530/3922
s 150
f 1502/1366/3151 1501/1368/3150 1551/1530/3923 1552/1531/3924
s 149
f 1503/1364/3147 1502/1366/3146 1552/1531/3925 1553/1532/3926
s 148
f 1504/1362/3143 1503/1364/3142 1553/1532/3927 1554/1533/3928
s 147
f 1505/1360/3139 1504/1362/3138 1554/1533/3929 1555/1534/3930
s 146
f 1506/1358/3135 1505/1360/3134 1555/1534/3931 1556/1535/3932
s 145
f 1507/1356/3131 1506/1358/3130 1556/1535/3933 1557/1536/3934
s 144
f 1508/1353/3127 1507/1356/3126 1557/1536/3935 1558/1537/3936
s 143
f 1499/1354/3123 1508/1353/3122 1558/1537/3937 1549/1538/3938
s 142
f 1510/1348/3119 1509/1350/3118 1539/1539/3939 1540/1540/3940
s 141
f 1511/1346/3115 1510/1348/3114 1540/1540/3941 1541/1541/3942
s 140
f 1512/1344/3111 1511/1346/3110 1541/1541/3943 1542/1542/3944
s 139
f 1513/1342/3107 1512/1344/3106 1542/1542/3945 1543/1543/3946
s 138
f 1514/1340/3103 1513/1342/3102 1543/1543/3947 1544/1544/3948
s 137
f 1515/1338/3099 1514/1340/3098 1544/1544/3949 1545/1545/3950
s 136
f 1516/1336/3095 1515/1338/3094 1545/1545/3951 1546/1546/3952
s 135
f 1517/1334/3091 1516/1336/3090 1546/1546/3953 1547/1547/3954
s 134
f 1518/1331/3087 1517/1334/3086 1547/1547/3955 1548/1548/3956
s 133
f 1509/1332/3083 1518/1331/3082 1548/1548/3957 1539/1549/3958
s 162
f 1520/1550/3959 1519/1551/3960 1294/1552/3961 1303/1553/3962
s 161
f 1521/1554/3963 1520/1550/3964 1303/1553/3965 1302/1555/3966
s 160
f 1522/1556/3967 1521/1554/3968 1302/1555/3969 1301/1557/3970
s 159
f 1523/1558/3971 1522/1556/3972 1301/1557/3973 1300/1559/3974
s 158
f 1524/1560/3975 1523/1558/3976 1300/1559/3977 1299/1561/3978
s 157
f 1525/1562/3979 1524/1560/3980 1299/1561/3981 1298/1563/3982
s 156
f 1526/1564/3983 1525/1562/3984 1298/1563/3985 1297/1565/3986
s 155
f 1527/1566/3987 1526/1564/3988 1297/1565/3989 1296/1567/3990
s 154
f 1528/1568/3991 1527/1566/3992 1296/1567/3993 1295/1569/3994
s 153
f 1519/1570/3995 1528/1568/3996 1295/1569/3997 1294/1571/3998
s 162
f 1530/1424/3279 1529/1426/3278 1519/1551/3960 1520/1550/3959
s 161
f 1531/1422/3275 1530/1424/3274 1520/1550/3964 1521/1554/3963
s 160
f 1532/1420/3271 1531/1422/3270 1521/1554/3968 1522/1556/3967
s 159
f 1533/1418/3267 1532/1420/3266 1522/1556/3972 1523/1558/3971
s 158
f 1534/1416/3263 1533/1418/3262 1523/1558/3976 1524/1560/3975
s 157
f 1535/1414/3259 1534/1416/3258 1524/1560/3980 1525/1562/3979
s 156
f 1536/1412/3255 1535/1414/3254 1525/1562/3984 1526/1564/3983
s 155
f 1537/1410/3251 1536/1412/3250 1526/1564/3988 1527/1566/3987
s 154
f 1538/1407/3247 1537/1410/3246 1527/1566/3992 1528/1568/3991
s 153
f 1529/1408/3243 1538/1407/3242 1528/1568/3996 1519/1570/3995
s 142
f 1540/1540/3940 1539/1539/3939 1214/1572/3999 1223/1573/4000
s 141
f 1541/1541/3942 1540/1540/3941 1223/1573/4001 1222/1574/4002
s 140
f 1542/1542/3944 1541/1541/3943 1222/1574/4003 1221/1575/4004
s 139
f 1543/1543/3946 1542/1542/3945 1221/1575/4005 1220/1576/4006
s 138
f 1544/1544/3948 1543/1543/3947 1220/1576/4007 1219/1577/4008
s 137
f 1545/1545/3950 1544/1544/3949 1219/1577/4009 1218/1578/4010
s 136
f 1546/1546/3952 1545/1545/3951 1218/1578/4011 1217/1579/4012
s 135
f 1547/1547/3954 1546/1546/3953 1217/1579/4013 1216/1580/4014
s 134
f 1548/1548/3956 1547/1547/3955 1216/1580/4015 1215/1581/4016
s 133
f 1539/1549/3958 1548/1548/3957 1215/1581/4017 1214/1582/4018
s 152
f 1550/1529/3920 1549/1528/3919 1234/1583/4019 1243/1584/4020
s 151
f 1551/1530/3922 1550/1529/3921 1243/1584/4021 1242/1585/4022
s 150
f 1552/1531/3924 1551/1530/3923 1242/1585/4023 1241/1586/4024
s 149
f 1553/1532/3926 1552/1531/3925 1241/1586/4025 1240/1587/4026
s 148
f 1554/1533/3928 1553/1532/3927 1240/1587/4027 1239/1588/4028
s 147
f 1555/1534/3930 1554/1533/3929 1239/1588/4029 1238/1589/4030
s 146
f 1556/1535/3932 1555/1534/3931 1238/1589/4031 1237/1590/4032
s 145
f 1557/1536/3934 1556/1535/3933 1237/1590/4033 1236/1591/4034
s 144
f 1558/1537/3936 1557/1536/3935 1236/1591/4035 1235/1592/4036
s 143
f 1549/1538/3938 1558/1537/3937 1235/1592/4037 1234/1593/4038
s 36
f 1560/1881/1621 1559/1879/1620 634/620/4039 643/618/4040
s 35
f 1561/1882/1617 1560/1881/1616 643/618/4041 642/616/4042
s 34
f 1562/1883/1613 1561/1882/1612 642/616/4043 641/614/4044
s 33
f 1563/1884/1609 1562/1883/1608 641/614/4045 640/612/4046
s 32
f 1564/1885/1605 1563/1884/1604 640/612/4047 639/609/4048
s 31
f 1565/1886/1601 1564/1885/1600 639/609/4049 638/610/4050
s 37
f 637/606/4051 1566/1887/1623 1565/1886/1622 638/610/4052
s 30
f 1567/1888/1597 1566/1887/1596 637/606/4053 636/604/4054
s 29
f 1568/1889/1593 1567/1888/1592 636/604/4055 635/601/4056
s 28
f 1559/1880/1589 1568/1889/1588 635/601/4057 634/602/4058
s 27
f 1570/1892/1545 1569/1890/1544 594/576/4059 603/574/4060
s 26
f 1571/1893/1541 1570/1892/1540 603/574/4061 602/572/4062
s 25
f 1572/1894/1537 1571/1893/1536 602/572/4063 601/570/4064
s 24
f 1573/1895/1533 1572/1894/1532 601/570/4065 600/568/4066
s 23
f 1574/1896/1529 1573/1895/1528 600/568/4067 599/566/4068
s 22
f 1575/1897/1525 1574/1896/1524 599/566/4069 598/564/4070
s 21
f 1576/1898/1521 1575/1897/1520 598/564/4071 597/562/4072
s 20
f 1577/1899/1517 1576/1898/1516 597/562/4073 596/560/4074
s 19
f 1578/1900/1513 1577/1899/1512 596/560/4075 595/557/4076
s 18
f 1569/1891/1509 1578/1900/1508 595/557/4077 594/558/4078
s off
f 1053/1078/4079 1043/1077/4080 1042/1080/4081 1052/1079/4082
f 1029/1054/4083 1019/1053/4084 1018/1056/4085 1028/1055/4086
f 1052/1079/4087 1037/1083/4088 1039/1084/4089 1053/1078/4090
f 1028/1055/4091 1013/1059/4092 1015/1060/4093 1029/1054/4094
